"id","topic","value","info_url"
"12289","behaviour","<p>Males were reported to call 0.3-4.0m up, in shrubs along the banks of small hill-streams. At Mulu, males were heard calling in the interioir of dense river-bank vegetation, close to a pool at the edge of a dried river bank, moving progressively closer over the course of an hour.Calls are a series of five or six soft &#39;pink&#39; or &#39;quink&#39; notes, evidently well tuned and frequency-modulated. </p>","https://bio.acousti.ca/node/12289"
"12292","behaviour","<p>Males of <em>Philautus ingeri</em> called at night, one to five metres above ground, and within 10-20m. of teh stream bed. Calls are a series of about five soft &#39;quoink&#39; notes, similar to those of <em>hosei</em>. </p>","https://bio.acousti.ca/node/12292"
"12294","behaviour","<p>Males called at night, 0.7-4.0m. up in the shrub layer, widely dispersed over hillsides, and sometimes in single species choruses with inter-individual distances of ten meters or more.... I heard the shrill calls of <em>acutus</em> in tall montane forest in a ravine at the pinnacles site on Gunung Api, 1200m. I could not reach the chorus and confirm the identification. </p>
<p>Philautus acutus, BM 1978.277 and 1978.1765, latter recorded at 17.0&deg;C air temperature. Intervals between call series are 25-52 sec. Call series are of 5-11 calls in 6.0-9.0 sec., usually nine calls in 7.50-8.75 sec. (mean 7.90 sec.). Intervals between calls are 0.68-0.85 sec. (mean 0.82 sec.). The call consists of a series of 8-9 pulses (duration 0.10 sec.) followed by an unpulsed section (duration 0.05 sec.). Amplitude modulation is distinct. Frequency modulation is moderate; the dominant (fundamental) frequency of the poorly-tuned call is spread over the range 2.6-3.6 khz., rising from 2.6-3.2 to 3.4-3.6 khz. during the call. There is a strong first harmonic, rising from 6.0 to 6.8 khz., and a trace of a second harmonic. </p>","https://bio.acousti.ca/node/12294"
"12295","behaviour","<p>Philautus kerangae, BM 1978.1771, recorded at 24.5&deg;C air temperature. An interval between call series is 24 sec. One complete call series is of 80 calls in 29 sec. Intervals between calls are 0.12-0.14 sec. The call consists of a series of 8-9 pulses (duration 0.06-0.065 sec.) followed by an unpulsed section (duration 0.02-0.025 sec.). Amplitude modulation is distinct. Frequency modulation is weak or absent; the dominant (fundamental) frequency of the poorly-tuned call is spread over the range 1.6-3.0 khz., most strongly at 2.2-2.5 khz.. 16 khz. sonograms show that there are at least six harmonics of the narrower fundamental. </p>
<p>At Mulu, males called at night, often high in trees but sometimes only one or two metres up, by plants of Nepenthes bicalcarata, a robust large-pitchered species which reaches heights of five or six metres when supported by other vegetation. Calls are rapid long series of harsh notes (described above). Eggs are laid in water in slightly senescent bicalcarata pitchers, and are well adapted for development in the light. I collected a clutch and a calling male within hours at a felled pitcher-plant, and suspect that males associate with their developing clutches by day. </p>","https://bio.acousti.ca/node/12295"
"12296","behaviour","<p>Philautus aermiculatus, BM 1974.4805, temperature unknown, recorded at 1280 m., Gunung Lawit, Malaya. An apparently complete call series includes 14 calls in 4.75 sec. Intervals between calls are 0.15-0.21 sec. The call consists of an indistinctly pulsed section (duration 0.03 sec.), a series of seven pulses (duration 0.04-0.05 sec.), and an unpulsed section (duration 0.01-0.015 sec.). Amplitude modulation is distinct. Fre- quency modulation is weak or absent: the dominant (fundamental) frequency is 1.8-2.6 khz., and there are harmonics at least at 3.6-4.2 and 5.4-5.8 khz. </p>","https://bio.acousti.ca/node/12296"
"12297","behaviour","<p>The three calls are basically similar. Distinctive features of the acutus vocalisation are the slow call series, rather high fundamental, and distinct frequency modulation; the call can be described as a series of shrill `gree&#39; notes (acutus means shrill of voice). Calls of kerangae are harsh &#39;krrek&#39; notes in distinctively rapid long series. Calls of ver- miculatus are in shorter series, but are structurally much like those of kerangae, and can be described as &#39;krrak&#39; or &#39;quack&#39; notes. </p>","https://bio.acousti.ca/node/12297"
"12298","behaviour","<p>I did not identify the call of this species, but did hear soft gwe&#39; and brief &#39;tchchek&#39; calls while collecting (tectus means secret, obscure, cautious). </p>","https://bio.acousti.ca/node/12298"
"12304","behaviour","<p>Three distinctive call types were heard in differnet areas; type one calls, each a brief &#39;gek&#39;, from the base of the oak-laurel forest at 1100-1200 m to a ridgetop site near <a href=""http://bio.acousti.ca/content/asia-malaysia-sarawak-mulu-national-park-rgs-camp-iv"">camp four</a> at c. 1700; type two calls, each a longer &#39;gegger&#39;, around <a href=""http://bio.acousti.ca/content/asia-malaysia-sarawak-mulu-national-park-rgs-camp-iv"">camp four</a> at 1800-1930 m; and type three calls (not recorded)., each abrief &#39;gan&#39;, at a dense chorus on the summit knoll at c. 2200 m. Type one and two calls are described below. They differ in dominant frequency, duration, pulse rate and number of pulses. Some of the differences may be temperature effects (decrease in temperature usually decreases frequency and pulse rate, increases duration), some may also be due to differences in body size (small frogs usually have high calls), but it also seems likely that a degree of genetic divergence has taken place between local populations (see variation).</p>
<p>Type One Call: BM 1978.1618, air temperature 20<sup>o</sup>C. The call is a single note 0.08 sec in duration, compsoed of about ten pulses, at a rate of c. 130 pulses per second. Dominant frequency is 2.8-3.4khz, there is less intense sound energy flanking the dominant at 4.4-4.1khz. A weak fundamental frequency ranges from 80-1200 hz. A distinct harmonic is at 6.0-6.6 khz, dropping to 5.8-6.4 khz. Weak frequency modulation is evident in the harmonic and may be presumed present in the dominant (fig. 2 d, e).</p>
<p>Type two call,<a href=""http://bio.acousti.ca/content/bioacoustica-dring-1""> specimen escaped</a> (BM 1978.97, a&nbsp; female, collected at site), estimated air temperature 17-18<sup>o</sup>C. The call is a single note 0.58 sec in duration, composed of 51 pulses, at a rate of 93 pulses per second. Dominant frequency is 1.8-2.8 khz, flanked by less intense energy bands as 1.3-1.7khz and 3.0-3.4khz. A weak fundamental is present at 80-600 hz. A distinct harmonic is at 4.3-5.0 khz and another at 6.6-7.0 khz. Weak frequency modulation is ebident in the harmonic.&nbsp; </p>","https://bio.acousti.ca/node/12304"
"12317","behaviour","<p>BM 1978.1553 was recorded in the field at 15.5<sup>o</sup>C air temperature. Calls are metallic ticking notes in &#39;continuous&#39; or very long series (fig. 2a). When calling strongly, elements are repeated witha period of 0.13-0.18 sec (mean 0.15). Each call is composed of a strong, poorly tined notes, 0.03 sec in duration, followed by two or three very weak notes (which may be passively produced by vibration in the larynx), to form series 0.06-0.09sec in duration. Dominant frequency is at 5-6khz, with energy of the poorly tuned notes spread over the range 4.2-7.0khx. Frequency modulation and, with the exception of the &#39;passive&#39; notes, amplitude modulation are absent. </p>","https://bio.acousti.ca/node/12317"
"12365","behaviour","<p>The calls recorded at Khao Chong on 17 January 1997, at air temperatures of 23.0-24.4<sup>o</sup>C, consisted of one to seven (usually one) notes and lasted up to 2087 msec (Fig 6.). A note was composed of many unclear pulses and lasted from 109-230 msec. In a call with two or more notes, each note was emitted successively, with the note gap ranging from 279-477 msec and the note repition rate 2.87-3.92 pwer sec. The dominant frequency wa sin the 750-1600 hz range, and was more exactly about 950 and 1500 hz. There were weak harmonics at about 3000-4200 and 5800-7200 hz ranges. Slight frequency modulation and strong intensity modulation were present.&nbsp; </p>","https://bio.acousti.ca/node/12365"
"15181","behaviour","<p>Calling song fundamental frequency 3512 +/- 107 Hz, n = 33, pulse length 6-8 msec., pulse interval 30 msec. at 9oC. to 14 msec at 14oC. but also dependent on time after start of singing period (fig. 3D and 3E). Song a continuous trill of musical note A7 ASA. Intensity of song 2 to 10 x W.m.-a (83 to 90dB) at 1 m. vertically above mouths of burrow.</p>
<p><br />
	Singing burrow with two openings each 30 mm. diarn., separated by a distance, centre to centre, of 40mm. Passages leading to surface merge about 45 mm. below surface. The common passage runs horizontally for about 40mm. and then opens into a spherical chamber about 30 mm. diam.. from which a tunnel about I5 mm. diam. communicates with rest of burrow. Burrow flares exponen- tially out from spherical chamber, its cross sectional area doubling about every I5rnm. of its length (fig. 4D, E and F).</p>","https://bio.acousti.ca/node/15181"
"15285","behaviour","<p>The calling song of the male of E. lobulatum consists of short double-clicks (&ldquo;zic-zic&rdquo;) of together about 280 &ndash; 352 ms (mean 308.65 ms &plusmn; 22.63 ms (s.d.), median 309 ms, n = 26). The time from the beginning of the first to the beginning of the second click was rather constant, between 160 &ndash; 169 ms (mean 163.96 ms &plusmn; 2.07 ms, median 164 ms (s.d.), n = 26). The song is rather loud even to the human ear, with a peak frequency between 6.5 and 8.5 kHz and a second quieter maximum between 13.5 and 14.5 kHz (Fig. 4A&ndash;D). </p>","https://bio.acousti.ca/node/15285"
"16412","behaviour","<p>Song. Short loud chirps produced irregularly with long gaps of silence during night hours </p>","https://bio.acousti.ca/node/16412"
"17159","behaviour","<p>The faint calling song of the male, produced mainly in the evening and at night, consists of isolated syllables, often separated by irreguular intervals but sometimes repeated more regularly at intervals of about 1-4s. Occasionally, well-defined echemes are also produced, each composed of about 8-20 syllables repeated at the rate of about 6-10/s. Each syllable in such an echeme lasts for about 50-100ms, but isolated syllables are often shorter than 50ms. Heller (1998) has shown that Phaneroptera is most unusual among Tettigoniidae in producing sound only during the opening strokes of the fore wings, so that all the song components are opening hemisyllables. </p>","https://bio.acousti.ca/node/17159"
"17160","behaviour","<p>The male calling song, heard mainly at dusk and during the night, is very similar to that of <em>P. falcata</em>, consisting of isolated syllables repeated, often quite irregularly, at intervals within the range 1-3s. Each syllable lasts for about 50-150ms and usually consists of 2-7 tooth impacts. Heller (1998) has shown that, as in <em>P. falcata</em>, the sound is produced entirely by the opening stroke of the fore wings.</p>
<p>We have not heard this species produce the clearly-defined echemes that seem to be a normal component of the calling song of <em>P. falcata</em>.</p>","https://bio.acousti.ca/node/17160"
"17163","behaviour","<p>The male calling song usually consists of short echemes of about 2-5 &#39;tick&#39;-like syllables. The syllables in each echeme are separated by untervals of about 300-700ms and the echemes are repeated at rather irregular and much longer intervals, usually between 10 and 70s. Each syllable is very short-lived, usually lasting less than 10ms, and seems to consist of only a few tooth impacts, usually 3-6 but occassionally up to 10 or more. Sometimes one or more (most often the first) of the syallables in an echeme lasts rather longer, up to 100ms, with the component sounds more widely spaced.</p>
<p>One Corsican male studied produced (in darkness) long sequences of ungrouped syllables repeated at intervals of about 1-2s. Each syllable lasted 50-70ms.</p>","https://bio.acousti.ca/node/17163"
"17165","behaviour","<p>In warm conditions the male calling song, heard most often in the evening and at night, is a dense echeme of diplosyllables followed immediately by a characteristic &#39;click&#39;. The echeme usually lasts between 1s and 3s, but at very high temperatrures can be as short as 0.5s. The sylllables are repeated at the rate of about 30-50/s,ally accelerating slightly and becoming louder duringthe course of the echeme. In the songs studied the number of syllables in one echeme varied from 20 to 90. The echemes are sometimes repeated at irregular intervals, but can be repeated more regularly for short periods.</p>
<p>Oscillographic analysis shows that there are opening and closing hemisyllables, sometimes of equal loudness and duration (especially towards the end of the echeme), but more often (at least in the earlier part of the echeme) the opening hemisyllables are slightly louder and longer than the closing ones. Each diplosyllable usually lasts 20-30ms, but in hot conditions can be a little shorter than this. The main echeme usually ends in a slightly prolonged closing hemisyllable; there is then a very brioef interval (about 20-80ms) followed by a further, &#39;click-like&#39;, closing hemisyllable, usually lasting 15-50ms. Heller (1998) has shown that the fore wings are vibrated in a relatively open position during the main echeme and that the final &#39;click&#39;; is produced when they return to a closed position.</p>
<p>Willemse (1979: 136), referring to <em>AcrometopaI in general</em>, gives the duration of an echeme as 5-10ms. Our own experience suggests that <em>A. servillea</em> would produce such long echemes only in very cool conditions.</p>","https://bio.acousti.ca/node/17165"
"17166","behaviour","<p>P. falcatacanta soprattutto alla sera e di notte. Il canto &egrave; composto da corte&nbsp; sillabe ripetute regolarmente. La frequenza della ripetizione &egrave; al massimo di circa 1 al sec. A volte le sillabe sono raggruppate in versi ben definiti di circa 1-3 sec.</p>
<p>The song consists of series of more or less regularly repeated short &quot;zb&quot;-sounds (syllables). Repetion rate at maximum is about 1/s. The syllables are sometimes grouped in well-defined echemes of about 1-3s.</p>","https://bio.acousti.ca/node/17166"
"17278","behaviour","<p>The quiet male calling song, produced mainly in the evening and at night, is a series of syllables repoeated at the rate of about 0.6-1.5/s. The main part of each syllable lastas baout 70-120 ms and is often followed after an interval of about 80-250 ms by a very brief &#39;after-tick&#39;.</p>","https://bio.acousti.ca/node/17278"
"17280","behaviour","<p>The male calling song is similar in general pattern to that of <em>I. pyrenaea</em>, but the main part of each syllable is much longer, about 250-330 ms, and the syllables are repated more rapidly, about 2/s. &#39;After-ricks&#39; are also usually present, following the main part of the syllable after an interval of about 70-130 ms.</p>","https://bio.acousti.ca/node/17280"
"17282","behaviour","<p>The quiet and mainly nocturnal male calling song consists of sequences of &#39;itck&#39;-like syllables lasting about 3-5 s and separated by intervals of about 4 s or more. Within each sequence the syllables are grouped into a characteristic rhythym. There are usally 3-5 groups, each containing 1-4 syllables; the groups are separated by intervals of about 400-800 ms, and within each group the syllables are separated by intervals of about 60-120 ms. Each &#39;tick&#39;-like syllable is produced by a closibng stroke of the fore wings lasting about 6-10 ms.</p>","https://bio.acousti.ca/node/17282"
"17284","behaviour","<p>The male calling song is similar to that of <em>B. serricauda</em> except for the shorter duration of the sequence, usually 1-2s, and the way in which the syllables are grouped within each sequence. In <em>B. obtusus</em> most of the groups are of five or six syllables, though the last one or two groups in each sequence are of ten of only one or two. Sometimes the first syllable in one or more of the larger groups is separated from the others by a rather longer interval, so that it could be regarded as an ungrouped syllable. The intervals between groups are of about 140-270 ms and bwteen syllables within a group about 25-120 ms; each syllable is produced by a closing stroke lasting 6-13 ms.</p>","https://bio.acousti.ca/node/17284"
"17293","behaviour","<p>The advertisement call of <em>Phyllodytes megatympanum</em> is composed of a series of 10 to 19 unpulsed notes (n = 19 calls analyzed) with harmonic structure. Each note has seven visible harmonics and crescent modulation frequency. The first notes are shorter than the following ones, which are more intense. Notes show amplitude modulation from the beginning to the middle, when it decreases. The mean duration of each call is 5.913 &plusmn; 4.556 s (3.206&ndash;23.633 s; n = 19 calls) emitted in intervals of 30.904 &plusmn; 10.313 s (6.960&ndash;47.580 s; n = 15 intervals). The notes present mean duration of 0.092 &plusmn; 0.080 s (0.009&ndash;0.245 s; n = 254 notes) and are emitted at intervals of 0.305 &plusmn; 0.100 s (0.105&ndash;0.619; n = 235 intervals). The mean dominant frequency is 3.985 &plusmn; 0.136 kHz (3.562&ndash;4.125 kHz; n = 113 notes analyzed) and corresponds to the second harmonic. Due to its ascendant modulation, the frequency at the beginning of the second harmonic is lower than the frequency towards the end of it, raising a mean bandwidth of 0.8 kHz.</p>","https://bio.acousti.ca/node/17293"
"47351","behaviour","<p>Males and females produce sounds, when held in the hand. Our very preliminary sonagrams show that these sounds last up to approx. 1 s and are interrupted by breaks of various length. Sounds of males consist of rather regular syllables, each of which contains two elements. Number of syllables may vary (Fig. 3 A). In females the sounds are noisier and syllables are less regular over time (Fig. 3 B). Sounds are broadband reaching &lt; 500 Hz to about 4.5 kHz in the male (Fig. 3 A) and &lt; 500 Hz to approx. 4.0 kHz in the female (Fig. 3 B). The stridulatory apparatus is located at the bases of the overlapping tegmina (Fig. 4 A). Sounds are produced by rubbing a file of teeth ( pars stridens) on a scraper ( plectrum). These elements differ considerably in males and females. In males the pars stridens &ndash; clearly visible already at low magni fi cation (Fig. 4 B) &ndash; is a modi fi ed vein on the underside of the left tegmen base. Teeth of the fi le look like small lamellae, are very similar to each other, but become smaller towards the ends of the file (Fig. 4 D, E). The highly sclerotized scraper ( plectrum) is located on the upper surface of the right tegmen close to the so-called mirror, i. e. an area, approximately 3 mm long and 2 wide with a thin and clear cuticle surrounded by a framework of thickened, smooth veins (Fig. 4 C, F, G). In the female the upper surface of the right tegmen bears several transversal veins branching off from a longitudinal vein. The transversal veins bear rather uniform &ldquo;teeth&rdquo;; each tooth has an acute spine pointing distally (Fig. 5 C-E). The underside of the left tegmen is inconspicuously shaped showing a prominent, sclerotized vein (Fig. 5 A, B). </p>","https://bio.acousti.ca/node/47351"
"47361","behaviour","<p>The quiet male calling song, produced mainly in the evening and at night, consists of long sequences of &#39;tick&#39;-like syllables, some a little louder than others. Sometimes the oouder ones alternate with the softer ones, and often a pair of sodter ones alternates with a single louder one; sometimes the seuence is less regular. The sequernces last for up to 20 s or longer and the overall syllable repetition rate is about 6-8/s; sometimes there is a short sequence of syllables of uniform loudness repeated at about half this rate. Each syllable lasts about 10-15 ms. </p>","https://bio.acousti.ca/node/47361"
"47363","behaviour","<p>The male calling song consists of isolated faint &#39;tick&#39;-like syllables repeated at very variable intervals. Sometimes they are repeated quite regularly every few seconds for long periods (intervals of 1-5 s are commomn), but t other times the intervals may be much longer and occassionally the syllables may be grouped into short sequences during which the repetition rate may be as high as 2/s; generally the syllables are repeated more rapidly at higher temperatures. The number of tooth-impacts within each syllable also varies greatly: 4-6 is common, but as few as 1 or as many as 9 sometimes occur. Frequently the main group of impacts (which is a closing hemisyllable) is followed after a variable interval (usually between 15 and 100 ms) by another one (rarely two), probably produced by a further closure of the fore wings. A hemisyllable of 4-6 impacts usually lasts between 8 and 20 ms.</p>
<p>The song is produced both suring the day and at night, but seldom durting the first few daylight hours of the morning. </p>","https://bio.acousti.ca/node/47363"
"47365","behaviour","<p>The male calling song is extremely similar to that of <em>L. punctatissima</em> in almost every respect, although the number of tooth-impacts in each hemisyllable tends to be larger (commonly in the range 5-12). </p>","https://bio.acousti.ca/node/47365"
"47367","behaviour","<p>Very simialr to [songs] of <em>L. punctatissima</em> and <em>L. albovittata</em>. In the calling songs of the only two males we have studied, the hemisyllables were repeated every 5-10 s, lasted about 20-27 ms and were composed of about 10-17 tooth impacts. </p>","https://bio.acousti.ca/node/47367"
"47369","behaviour","<p>Similar to those of the other <em>Leptophyes</em> species studied, but the syllable structure is often more complex, so that there are sometimes up to three or more groups of tooth-impacts separated by intervals of 15-35 ms; in such cases each group is composed of 3-10 tooth-impacts and lasts about 3-10 ms. In the male studied the syllables (whether simple or of the more complex kind described above) were repeated at intervals of 1-2 s, although Scmidt (1989) gives the much higher repetition rate of 8/s. </p>","https://bio.acousti.ca/node/47369"
"47371","behaviour","<p>The calling song of the male, produced mainly in warm sunshine, is loud, rather complex and highly characteristic. Typically it consists of a prolonged buzz of rapidly repeated syllables (often produced while the male moves through the vegetation) interrupted at lon intervals (often of 1-3 minutes) by a series of loud &#39;clicks&#39;. The syllable repetiton rate is usually within the range 15-35/s for most of the buzzing phase, but for a few seconds before the clicks are proiduced the rater is increased to about double this value, ranging from 25/s to 70/s or even faster. Oscillographic analysis shows that, during at least the prolonged slower buzz, each syllable is composed of two quite distinct sounds so that it appears to be a diplosyllable. Heller (1988) has shown, however, that both sounds are produced during the closing stroke of the fore wings, the opening stroke being very rapid and silent. This dual structure of the closing hemisyllable often persists during the more rapid buzz that preceds the clicks, but sometimes these more rapidly repeated hemisyllables become almost or copletely uniform bursts of sound. The slow hemisyllables usually last about 20-50 ms and the faster ones about 10-30 ms.</p>
<p>The acceleration in syllab;e repetition rate preceeding the clicks usually begins about 5-10 s before the first click, and generally lasts no more than a second or two until the maximum rate is achieved. Sometimes there is only a single click, but more often there are a series of clicks (often 2-6, but sometimes as many as 20 or more) with the buzzing continuing between them. When there are only a few clicks, they are repeated at ever descreasing intervals (the first interval usually being about 1-2 s); each click is followed by a very brief pause (usually within the range 50-150 ms) and then the high-speed buzzing is resumed until the next click. When there are a large number of clicks, the later ones are generally repeated at a fairly constant rate (often baout 5-7/s), and the buzzing between them becomes reduced to the slower of the two rates or even slower.</p>
<p>After the last click there is sometimes a pause of several seconds before the cycle begins again with a long period of slow-rate buzzing, but more often there is only a very short interval (less than 200 ms) and sometimes, especially if there are a large number of clicks, the buzzing follows immediately after the last click with no pause whatever. Sometimes there is a short period (usually about 1 s) of rapid buzzing after the last click before the syllable repetition rate is reduced to the slower rate.</p>
<p>Heller (1988) has shown that during the buzzing phase the fore wings are vibrated in a relatively open position, and the clicks are produced by the forewings being moved to a much more closed position, each click being a closing hemisyllable using a more proximal part of the file. </p>","https://bio.acousti.ca/node/47371"
"47372","behaviour","<p>Both pairs of wings are raised upwards until they are perpendicular to the body, and one of the hind feet is drummed on the substrate (e.g. the surface of a leaf). The other hind leg is extended backwards to act as a support. The drumming is extremely rapid and is in very short burts of less thn a second. There are usully a number of these burts, the first ones being of shorter duration than the remainder. The whole process lasts no more than a few seconds. During the drummin the abdomen also vibrates, but is held clear of the surface on which the insect is resting. </p>","https://bio.acousti.ca/node/47372"
"47373","behaviour","<p>There are some literature references to the males being able to produce a soft stridulation, but it seems that the main mode of communication is vibratory. The males issue a series of bursts of drumming on the substrate with one hind foot. </p>","https://bio.acousti.ca/node/47373"
"47375","behaviour","<p>The males drum with one hind foot, although the pattern of taps (from 3 to 7 in succession (Hawkins, 2001)) is somewhat differnet from that of the oak bush-cricket. </p>","https://bio.acousti.ca/node/47375"
"47378","behaviour","<p>The great green bush-cricket is nocturnal, but the males often sing from mid-afternoon onwards. The song is one of the loudest emitted by any British orthopteran, and cen be heard at distances of several meters (Ragge, 1965, says 200 metres, but this is presumably for those with better hearing than mine!). The tone is slightly metallic and rasping, and is produced in continuous, prolonged bursts. When singing the male appears to &#39;pump&#39; his abdomen rhythmically - presumably to anhance respiration. Even when singing the crypti ccoloration of a male perched among vegetation makes it very difficult to locate. There is some competition between males for song perches, and where the population is dense one may nip an intruder with his mandibles. The latter will usually dive down into lower vegetation. </p>","https://bio.acousti.ca/node/47378"
"47379","behaviour","<p>The male song is a prolonged, continuous buzz tthat can last for 10 minutes or more. In this respect the song reembles that of <em>M. roeselii</em>, but it is an almost pure tone of about 13 to 20 kHz (Hathway <em>et al</em>. report a somehwat higher lead frequency), and is delivered almost exclusively at night (Ragge &amp; Reynolds, 1998). </p>","https://bio.acousti.ca/node/47379"
"47381","behaviour","<p>[Dense grass] tufts are also used by the males as song perches. Unlike many bush-crickets, they sing most in the early part of the day - from mid-morning to early afternoon, and only during warm weather. The song is usually delivered from a perch on&nbsp; a grass tussock, and takes the form of prolonged bursts of repeated high-pitched clicks. The rate of repetition increases to about 10 clicks per second within a minute or so of the start of a burst. The volume of the song is quite low, and for many observers a bat detector is needed to locate it at more than a few metres distance. Males are also reported to emit short isolated chirps. </p>","https://bio.acousti.ca/node/47381"
"47383","behaviour","<p>The &#39;solo&#39; song of the male is a brief, high pitched chirp repeated at variable intervals of a few seconds. However, several males are often singing in close proximity to one another, and sometimes this results in a regular pattern of alternation between two adjacent males. When more than two males sing together, their chirps still are generally emitted separately to produce a non-synchronous &#39;chorus&#39; (Jones, 1963, 1966). The males can also emit a more prolonged chirp lasting approximately a second. This is considered to signify an aggressive interaction betweenmales, but is also occasionally emitted by males on the approach of females. In general, males do not appear to interact aggressively with one another. However, experimental work does show that the onset, termination, and timing of chirps are all affaected by the stridultion of other males (see Chapter 5). </p>","https://bio.acousti.ca/node/47383"
"47384","behaviour","<p>Le chant est plus doux et audible &agrave; 50 m. </p>","https://bio.acousti.ca/node/47384"
"47387","behaviour","<p>Le chant est fort, d&eacute;sagr&eacute;able, et audible &agrave; 200 m. </p>","https://bio.acousti.ca/node/47387"
"47391","behaviour","<p>The calling song of the male, often produced in prolonged bursts of up to a minute or more, is composed of two different kinds of sound, one quieter and one louder. The quieter sound consists of a long sequence of identical echemes following one another in quick succession of about 1-2/s., and often showing a gradual slight increase in loudness. Each echeme is is composed of about 12-30 syllables repeated at a rate of about 35-40/s and ends in a rather longer and louder syllable and a final &#39;click&#39;. Each syllable in the main part of the echeme lastas about 12-20 ms and tehfinal one, including the click, lasts about 50-80ms; there is teh a breif pause of about 50-100ms before teh next echeme begins. The whole echeme, from the beginning to the click, lasts about 0.5-1.0s.</p>
<p>The louder sound is an echeme of very variable duration (between 1 and 17 s in the songs studied), composed of syllables similar in duration to the quieter ones but repeated at the rate of 45-55/s, and usually ending in a series of about 5-8 microsyllables. This louder echeme is usually preceded and followed by quieter echeme-sequences (as in Fig. 177), but occassionally it is produced quite separately.</p>
<p>As in <em>P. denticulata</em> all the syllables seem to be closing hemisyllables, teh opening strokes of the fore wings produce little or no sound. </p>","https://bio.acousti.ca/node/47391"
"47393","behaviour","<p>The male calling song consists of faint &#39;tick&#39;-like syllables repeated at very variable intervals (most often 4-8 s). Each tick is a closing hemisyllable lasting about 20 ms. </p>","https://bio.acousti.ca/node/47393"
"47395","behaviour","<p>The male calling song is very similar to that of <em>P. ornatus</em>: single &#39;tick&#39;-like closing hemi-syllables repeated every 4-8 s, or occassionally more or less frequently than this. As in <em>P. ornatus</em> each hemisyllable lastas about 20 ms. </p>","https://bio.acousti.ca/node/47395"
"47397","behaviour","<p>The remarkable nocturanl &#39;song&#39; of this insect is not produced by stridulation but by a rapid drumming of one of the hind legs on teh substrate. It is clearly intended for conduction through the substrate and so the airborne sound produced is incidental and very quiet. To produce the sound the male raises both pairs of wings more or less perpendicularly to the body and vibrates one of the hind legs so the that its tarsus is drummed on the surface of the leaf, twig or any other substrate that the male happens to be using. The drumming is in short bursts of up to a second or slightly longerand these are almost always in sequences of up to seven bursts, separated from other such sequences by intervals of at least several seconds (3-15 s in the songs studied). Each sequence is usally composed of a combination of shorter and longer bursts, with the shorter ones preceeding the longer ones. Each shorter burst usually consists of 3-8 impacts and lasts for about 0.07-0.20s, while each longer one usually consists of 30-50 impacts and lasts for about 0.7-1.3s. The impact repetiton rate, in both shorter and longer bursts, is usually 3-40/s at temperatures up to 25&deg;C, but can be as much as 60/s or more at higher temperatures. The number of short and long bursts in a sequence is very variable: 2-3 short ones followed by 1 or 2 long ones is a common patterm, but there can be as many as 5 of either kind (though not in the same sequence) and some sequences lack short bursts completeky. The interval between successive bursts lasts about 0.2-2.0s.</p>
<p>The quality of the airborne sound depends on the substrate. Drumming on a twig is extremely faint, but if a suitable leaf is used the sound can sometimes be heard from a distance of several metres. </p>","https://bio.acousti.ca/node/47397"
"47400","behaviour","<p>The song is very quiet (audible from about 1m) and is produced particularly at dusk. The individual sounds, which can be represented roughly as &#39;tsb&#39;, are produced at irregular intervals. </p>","https://bio.acousti.ca/node/47400"
"47403","behaviour","<p>The quiet song (audible from about 1m) is produced only in the evening and at night. It is a courtship song - a longer soft and a shorter hard sound - which can be represented as &#39;s-ts&#39;. This can continue for minutes without a break. </p>","https://bio.acousti.ca/node/47403"
"47405","behaviour","<p>The song is produced at dusk and in the night. It is audible from about 1m and consists of &#39;tsp&#39;-sounds, which are grouped into a series of one to four. Three to five such series in turm form a phrase which has a total duration of 2-3 sec. and is seperatedf by a longer interval from the next one. Such a phrase can ber represented in the following way: &#39;tsptsp-tsptsptsp-tsptsp-tsp&#39;. </p>","https://bio.acousti.ca/node/47405"
"47407","behaviour","<p>The song was studied by Faber (1953). It resembles that of the Saw-tailed Bush-cricket, but has longer sequences of six to nine syllables. </p>","https://bio.acousti.ca/node/47407"
"47408","behaviour","<p>The song is so quiet that it can be heard only from about 20cm. It consists of a series of quite soft syllables (&#39;zb&#39;), which follow one another at intervals of about five to ten sseconds at room temperature. </p>","https://bio.acousti.ca/node/47408"
"47410","behaviour","<p>The song, produced in the evening and at night, is hardly louder than in <em>L. albovittata</em>; one canheear it from about 50cm. It also consists of a sequence of soft &#39;zb&#39;-sounds. The intervals bertween the syllables are, however, somewhat shorter (about 3-6 sec. at room temperasture). </p>","https://bio.acousti.ca/node/47410"
"47412","behaviour","<p>If danger threatens it remains motionless, but betrays itself by its loud song, audible from about 30-50m. The song is composed of five phases. Phase 1 consists of a long, uniform sequence of buzzing sounds, during parts of which the bush-cricket wanders around. In Phase 2 the frequency is distinctly higher and yhe insect stands still. Phase 3 is a uniform, very shrill buzz which usually lasts <em>c</em>. 10 sec. Phase 4 is characterized by a series of five to nine quite sharp &#39;tsick&#39;-sounds, which follow one another at ever-decreasing intervals. In Phase 5, a succession of &#39;stuttering&#39; syllables follows, leading back to Phase 1. </p>","https://bio.acousti.ca/node/47412"
"47415","behaviour","<p>Although the males have no stridulatory organ, they produce a very characteristic song: they drum with a hind leg on the substrate (e.g. a leaf), producing a purring sound audible from about 1m. Usually there are several such bursts of drumming in a series of short bursts followed by one to three longer ones, e.g., &#39;tr-tr--tr-trrr-trrr&#39;. </p>","https://bio.acousti.ca/node/47415"
"47419","behaviour","<p>The song is audible from about 2m. It consits of a uniform series of closely spaced sounds, which can be represented as &#39;tslittslittsli...&#39;; there about ten syllables per second and the series often continues for long periods without interruptiuon. </p>","https://bio.acousti.ca/node/47419"
"47420","behaviour","<p>In its simplest form the very faint calling song, produced both by day and night, is a series of single syllables repeated at rather irregular intervals, bbut more often it consists of a randommixture of single syllables and echemes. The number of syllables in teh echemes is very variable, usually within the range 3-9, but they are repeates within each echeme at a very constant rate, usually within the range 11-14/s. Each syllable is normally a closing hemisyllable lasting about 45-60ms, whether isolated or forming part of an echeme. In a song including echemes, teh brief pauses between successive echems or isolated syllables are usually less than a second (commonly 0.2-0.2 s), but there are sometimes longer pauses of up to 10 s or more.</p>
<p>In a common variant of this simple song there is a mixture of quieter and louder syllables; both the quieter and the louder ones may be isolated or in echems and, apart from amarked contrast in loudness, they are similar in structure and duration. In such songs there is usally a series of quiet echemes or ungrouped syllables followed immediately by a series of loud echemes or ungorued syllables; there is tehn an interval of several seconds before another such sequence begins. Sometimes the duration of a sequence of this kind is about equally divided between the quieter and louder parts, but in the most highly developed song studied (shown in Fig. 141) the quieter part of each song lasted about 13-15 s and the louder part less than 2 s. In this song, as the oscillograms show, the louder part was heralded by a pair of very quiet syllables, and at this point in the song some of the opening strokes of teh fore wings produced brief hemisyllables.</p>
<p>Sometimes soft and loud syllables are produced in pairs, as oft one being followed 1-3 s later by a loud one and then an interval of about 6-8 s before the next pair. Clealry this species has an interesting acoustic repertoire which merits a more comprehensive study. </p>","https://bio.acousti.ca/node/47420"
"47422","behaviour","<p>The calling song, produced during the day-time, consists of long echeme-sequences lasting up to 4 minutes or more. The sound is faint, with a rustling or sizzling quality. Oscillographic analysis shows the sequences to consiust of trisyllabic echemes with a highly characteristic pattern. The first two syllables of each echeme consist of short opening hemisyllables followed by longer closing hemisyllables; the first diplosyllable lasts about 12-21 ms and the second, following a very short gap of 1-3 ms, is usually very slightly shorter (11-20 ms). There is then a longer gap, usually 3-13 ms, followed by the third syllable, again usually a diplosyllable but lasting longer than the first two, about 17-30 ms. Occassionally the third syllable lacks an opening hemisyllable and may thenlast for as little as 12 ms. The whole echeme lasts about 45-80 ms and successive echemes are separated by an interval of about 10-20ms; the echeme repetition rate is about 10-16/s. The hemisyllable at the beginning of each echeme id often particularly prominent.</p>
<p>Some of the songs studied consisted only of uniform echeme-sequences of this kind (Figs 147-151), but most included short periods (usually 0.3-2.0s, rarely up to 6.0 s) of a &#39;ticking&#39; sound consisting of identical syllables repeated at the rate of about 20-30/s. These were usually diplosyllables lasting about 15-25 ms, but occassionally the opening stroke was silent, leaving a closing hemisyllable lasting about 8-20 ms. These short periods of ticking were sometimes very widely spaced so that they were hardly noticeable, but in about a third of the males studied they occurred much more frequently, someties every few seconds dutring at least part of the song. (Figs 152-154). At such times the song sounds superficially like the calling song of <em>C. dorsalis</em>, and oscillographic analysis (or speed reduction of a recorded song) is neccessary to show that the echemes in the main part of the song are trisyllabic, unlike the tetrasyllabic echemes of <em>C. dorsalis </em>[= <em>fuscus</em>]. Occassional short bursts of ticking are probably a normal component of the calling song of <em>C. discolor</em>, although such bursts are much less prevalent than in <em>C. dorsalis</em>. </p>","https://bio.acousti.ca/node/47422"
"47424","behaviour","<p>The male calling song, produced mainly during the daytime, consists of long bursts (lasting up to 2 minutes or more) of a faint sound made up of two alternating components following each other without pause. One component is an echeme-sequence with a rustling quality, composed of tetrasyllabic echemes repatead at the rate of about 11-17/s; the other is a rapid ticking sound composed of single syllables repeated at the rate of about 15-30/s, with the repetion rate often becoming slower during the period of ticking. Each echeme-sequence usually lasts between 2 and 10 s, but longer sequences of up to 30 s or more occassionally occur. The periods of ticking are on average shorter, usually lasting between 1 and 5s, but there are occassionally longer bursts (up to 20 s or more), especially at the beginning or end of a period of continuous singing.</p>
<p>Oscillographic analysis shows that each echeme of the rustling component of the song consists of four very similar diplosyllables (in contrast to the less uniform trisyllabic echemes of <em>C. discolor</em>). The first opening hemisyllable and the last closing hemisyllable of each echeme are usually slightly longer than the interveningones, each of which lasta about 10-13 ms. Within each echeme the intervals between successive syllables are about 2-3 ms and the whole echeme lasts about 50-65 ms; successive echemes are separated by an interval of about 6-15 ms.</p>
<p>The ticking component of the song is composed of diplosyllables very similar to those forming the ticking components of the song of <em>C. discolor</em>. </p>","https://bio.acousti.ca/node/47424"
"47426","behaviour","<p>The calling son, produced almost entirely at night, is a long, continuous buzz, often lasting for 10 minutes or more without pause. Oscillographic analysis shows that it consists of a uniform sequence of syllables repeated at the rate of about 70-100/s. The sound is often produced entirely by the closing strokes of the fore wings, but there are sometimes quieter opening hemisyllables; the closing hemisyllables usually last about 5-7 ms. The song is resonant, the audible sound produced being an almost pure tone of about 13-20 kHz (see Figs 186, 187). The frequency usually becomes lover during the course of each hemisyllable, beginning at about 15-20 kHz and ending at about 13-16 kHz.</p>
<p>Bellmann (1985a) describes (p. 90) and illustartes (p. 67) squeaking (&#39;quietschende&#39;) sounds occurring at intervals during the song, and these can be heard in his cassette recording (Bellmann, 1985b). Such sounds do not, however, occur in any of our recordings.</p>
<p>The song of this species is superficially similar to those of <em>Metrioptera roeselii</em> and <em>Gampsocleis glabra</em>, which also produce prolonged buzzes, However, the songs of these two species are non-resonant, comprising a broad band of frequencies, and confusion is in any case unlikely in the field as they sing mainly during the daytime.</p>
<p>Males occassionally produce short echemes lasting only a second or two, but this is almost always in reaction to other males or some other disturbance and cannot be regarded as a normal part of the calling song. <br />
	&nbsp;</p>","https://bio.acousti.ca/node/47426"
"47428","behaviour","<p>The loud calling song, produced mainly in the late afternoon and after dark, consists of sequences of closely spaced disyllabic echemes. The echeme repetition rate depends on temperature: 10-15/s is common, but in high daytime tempertaures the rate may increase to 20/s and on cool nights may be as low as 5/s. Typically the echeme sequences are interrupted at irregular intervals by very short pauses (Figs 188-190), usually of less than a second and sometimes, at high temperatures, as short as 0.2-0.3 s. Occasionally, long echeme-sequences are produced without even the briefest interruption (Figs 191, 192); the longest uninterrupted sequence we have recorded lasted 3 minutes 9 seconds.</p>
<p>Oscillographic analysis shows that nearly all the sound is produced by the closing strokes of the fore wings, although quiet opening hemisyllables are sometimes present. The duration of the two closing hemisyllables comprising each echeme again depends on temperature: 15-25 ms for each hemisyllable is common, but in hot conditions they may last 10 ms or even less and on cool nights tehy may be as long as 50 ms. The second hemisyllable in each echeme is often slightly longer tahn the first. The gap between the two hemisyllables varies from about 6 ms (warm conditions) to about 35 ms (cool conditions), and the interval between successive echemes varies from about 20 ms to about 100 ms, again depending on temperature.</p>
<p>Each closing hemisyllable is typically broken up into a very variable number of discrete pulses of sound separated by gaps of varying duration but usually of theorder of 1 ms. There are sometimes fewer than 10 of these pulses in one hemisyllable (see for example Fig. 204) and so, in such cases, they are unlikely to represent individual tooth-impacts.<em> </em></p>","https://bio.acousti.ca/node/47428"
"47430","behaviour","<p>The loud calling song is very similar in rhythmic pattern to that of <em>T. viridissima</em>, consisting of sequences of disyllabic echemes and varying with temperature in a similar way; it is also produced mainly in the afternoon and after dark. However, it has a more sibilant quality and at a given temperature the echeme repetiton rate is lower than in <em>T, viridissima</em>, varying from 2 to 10/s at temperatures ranging from 15 to 30&deg;C. The echeme-sequences are typically interrupted at irregular intervals (usually more frequently than<em> T. viridissima</em>) by very short pauses of about 0.2-1.0s, but occassionally there are much longer pauses and sometimes the sequences continue for up to a minute or more without interruption, especially at lower temperatures and at night.</p>
<p>Oscillographic analysis shows that most of the sound is produced by the closing strokes of the fore wings, but in all the songs studied there were quiet opening hemisyllables. The durationa nd structure of the closing hemisyllables and the gap between each pair are similar to those of <em>t. viridissima</em>; as in that species, the second closing hemisyllable of each pair is usually slightly longer than the first. The intervals between successive echemes are about 50-300ms, depending on the temperature. </p>","https://bio.acousti.ca/node/47430"
"47432","behaviour","<p>The loud, sibilant calling song is produced both during the day (especially afternoon) and at night, and is much influenced by temperature. In warm, sunny weather the song usually consists of echemes lasting about 1-7 s, with a marked crescendo in the early part of each echeme (Figs 209, 210). As the temperature falls in the late afternoon the echemes become longer, and the nocturnal song (Figs 211, 212) often continues without interruption for several minutes. In warm daytime conditions the syllable repetition rate is usually more than 35/s and can be as high as 55/s in hot sunny weather; on cool nights the rate drops to below 20/s and can be as low as 10/s (rarely 6/s) in cold conditions (<em>c</em> 10&deg;C).</p>
<p>OScillographic analysis shows that the sound is almost always produced only by the closing strokes of the forewings. In warm conditions the closing hemisyllables last about 12-20ms, but become longer at lower temperatures,lastingup to 70 ms or more on cool nights. The intervals between successive hemisyllables are also temperature-dependant, ranging from about 5-10 ms at high temperatures to about 30-40 ms in cool conditions. </p>","https://bio.acousti.ca/node/47432"
"47434","behaviour","<p>The song is softer than in the Long-winged conehead, and is composed of two quite different, regularly alternating sounds. A uniform buzzing alternates from time to time with a distinctly deeper, rather stuttering song: &#39;rrrrr-ttttt-rrrrr-ttttt...&#39;. </p>","https://bio.acousti.ca/node/47434"
"47436","behaviour","<p>The song is a very high-pitched loud buzzing, into which quite sharp, almost ultrasonic, &#39;squeaking&#39; sounds are inserted at regular intervals. </p>","https://bio.acousti.ca/node/47436"
"47438","behaviour","<p>The song is a loud buzzing audible from about 50m. As two syllables are coupled into a double sound, the song - in contrast to <em>T. cantans</em> - is always clearly cut up into &#39;pulses&#39; of sound. </p>","https://bio.acousti.ca/node/47438"
"47440","behaviour","<p>Its song is an even, very loud buzzing, so that individual syllables cannot be distinguised. The rate of wing-vibration is similar to that of <em>T. viridissima</em>, but the individual syllables are equally saced, so that the song seems to be a uniform buzz. Only in very cool weather is the rate of wing vibration slow enough for individual syllables to be clearly audible. </p>","https://bio.acousti.ca/node/47440"
"47441","behaviour","<p>The song consists of short bursts of buzzing, each of which begins quietly and becomes louder. It sounds distinctly softer than <em>T. cantans</em> and is audible only from about 10-20m. </p>","https://bio.acousti.ca/node/47441"
"47443","behaviour","<p>The song is a sequence of &#39;tick&#39;-sounds. These are at first hesitant, then followe each other ever more closely, but the individual syllables always remain clearly audible. </p>","https://bio.acousti.ca/node/47443"
"47445","behaviour","<p>The song is a loud buzzing and can be compared with that of <em>Tettigonia viridissima</em> or <em>Metrioptera roeselii</em>, as well as that of the bird, the Grasshopper Warbler. </p>","https://bio.acousti.ca/node/47445"
"47446","behaviour","<p>The song consists of a soft chirping, usually in groups of four syllables that merge together in warm temperatures into short chirps lasting <em>c</em>. 0.2sec. The chirps follow one another in rapid successioj, sounding rather like &#39;zizizizib&#39;. </p>","https://bio.acousti.ca/node/47446"
"47447","behaviour","<p>The song consists of chirps sounding rather like &#39;trrrrt&#39; and lasting at least 1 sec. They are seperated by pauses of about the same length. </p>","https://bio.acousti.ca/node/47447"
"47448","behaviour","<p>The song is known to me only from a record (Grein 1984). It consists of scratchy chirps of <em>c</em>. 0.2sec. dursation, sounding rather like &#39;rebb&#39; and separated by intervals of <em>c</em>. 1 sec. </p>","https://bio.acousti.ca/node/47448"
"47449","behaviour","<p>The song is a soft, high-pitched, completely uniform buzz, which is only briefly interrupted at long intervals. In comparison with the harsh buzz of <em>Tettigonia cantans</em>, the <em>M. roeselii</em> song is distinctly softer and quieter, audible from only about 10m; nevertheless a whole meadow can be filled with its song. </p>","https://bio.acousti.ca/node/47449"
"47451","behaviour","<p>The song closely resembles <em>Platycleis albopunctata</em>. There are usually three syllables grouped together into a short chirp (&#39;tsrit&#39;), produced in long sequences, audible from <em>c</em>. 2m. </p>","https://bio.acousti.ca/node/47451"
"47453","behaviour","<p>In low temperatures, one can clearly detect the indfividual syllables of the song; when it is warmer they merge into a uniform &#39;tsrirrt&#39;, which at even higher temperatures is extended to minutes in duration, only briefly interrupted. </p>","https://bio.acousti.ca/node/47453"
"47454","behaviour","<p>The song is very loud and conspicuous, audible from about 50m. It consists of a short sequence of sharp, rapidly repeated chirps and sounds rather like &#39;shishishishishi&#39;. There is often a regular alternation song between two males, in which the &#39;shi&#39; sound of one of them always falls exactly in the pause between two chirps of the other. </p>","https://bio.acousti.ca/node/47454"
"47456","behaviour","<p>The characteristic shrill song of the male can be heard through the day and into the night. It usually consists of three syllables (&#39;tsitsitso&#39;), which at higher temperstures merge completely into a sharp &#39;tsrit&#39;, audible from about 10m. As a reaction to disturbance by another male, more of these syllables are added together to form a louder sequence. The song can often be heard along forest tracks even in misty, overcast weasther and even after the first night frost, but it is not usually easy to find the songsters. </p>","https://bio.acousti.ca/node/47456"
"47459","behaviour","<p>The vigorous, shrill chirp is to be heard during the day and night. It is composed of two sounds coupled together, one sharp and quite short, and one more prolomnged following immedistely. One such double-sound can be represented as &#39;tsi-shipp&#39;. The female can also produce a similar sound and responds in this way to the male. </p>","https://bio.acousti.ca/node/47459"
"47464","behaviour","<p>The males stridulate in warm weather from in front of thre burrow entrance, often until late at night, and are audible from about 50m. The chirp sounds rather like &#39;tsri&#39; and is repeated interminably in rapid succession. The males often engage in fights, accompanied by a special &#39;whipping&#39; sound. In courting, the male produces special, soft sounds, audible only in the immediate vicinity. </p>","https://bio.acousti.ca/node/47464"
"47466","behaviour","<p>The very loud and musical song is almost always producred in the evening or at night. It is reminiscent of the Field-cricket, but softer and less regular in the duration of the chirps and the intervals between them. </p>","https://bio.acousti.ca/node/47466"
"47468","behaviour","<p>Accoring to Faber (1953) the Eastern Cricket does not have a calling song; it sings only when severasl crickets are together, or before and during mating. </p>","https://bio.acousti.ca/node/47468"
"47475","behaviour","<p>The calling son, produced during both the day and night, is very similar to the daytime song of <em>T. cantans</em>, consisting of loud, sibilant echemes lasting about 1-5 s and with a crescendo in the first half of each echeme. Other characteristics of the song, such as syllable duration and repetition rate, also resemble those of <em>T. cantans</em>, and are also dependant on temperature, but the song of <em>T, caudata</em>, unlike that of <em>T. cantans</em>, never seems to become completely continuous at night. </p>","https://bio.acousti.ca/node/47475"
"47477","behaviour","<p>The calling song is quite uniform in most of western Europe, even where there are morphological differences, e.g. f. <em>monspeliensis</em> in southern France (Figs 227, 236, 245) (perhaps now extinct) and f. <em>aprutianus</em> in the Apennines (Figs 228, 237, 246). However, <em>D. v. assiuus</em> Ingrish, Willemse &amp; Heller, which occurs in the high mountains of central Spain, has a markedly differnet song. Two separate accounts are therefore given below.</p>
<p><em>Western Europe generally</em> (Figs 224-228, 233-237, 242-246. Cd 1, track 27)<br />
	The loud calling song, produced mainly on hot sunny days, consists of a long echeme-sequence, often lasting several (up to 5 or more) minutes, the sound being reminiscent of the loud ticking sound produced by older free-wheeling bicycles. The sequence begins with well-separated echemes, but these are repeated increasing rapidly untily they merge into a dense sequence with an echeme repetiuon rate of about 8-10/s (rarely slower, down to 6/s). Oscillographic analysis shows each echeme to be quite complex, consisiting of four syllables, grouped into two pairs. The initial opening of the fore wings at the beginning of teh echeme usually produces a distinct hemisyllable, which is sometimes quite loud; the remaining hemisyllables are quiet or absent. The first closing hemisyllable is usually quiet and occassionally absent or almost so; the remaining closing&nbsp; hemisyllables usually lasts 12-20 ms (rarely up to 30 ms) with an interval of about 5-10 ms between the two pairs. The second closing hemisyllable of each pair usually follows immediately, the pause between them being no more than 3 ms at most. The whole echeme, including the initial opening hemisyllable, usually lasts about 45-80 ms, but can be as short as 30 ms if the initial opening hemisyllable is absent. The interval between successive echemes, once a constant repetition rate has been reached, is ually 50-100 ms, but can be as short as 25 ms or as long as 150 ms. Males sometimes produce completely isolated echemes, aprticularly early in the day, but these are clearly not a fully developed calling song.</p>
<p><em>D. v. assiduus</em> (Figs 229-232, 238-241, 247-250. CD 1, track 28)<br />
	The calling song is also loud and also produced in warm, sunny wather, as well as in cooler conditions. Typically it consists of long sequences of short echemes separated byvery brief pauses (Figs 229-231). The sequences begin rather like those of the more typical song of <em>D. veruccivorus</em>, with more widely spaced, short echemes of 3-6 syllables. The gaps between the syllables soon close up to about 50-100 ms and the echemes become longer, sometimes consisting of up to 30 or more syllable,s though varying greatly and often still including some short ones of 3-5 syllables. A sequence of this kind often lasts for several minutes. Sometimes, in cooler conditions, longer echemes are produced, lasting up to 20 s or more without pause (Fig. 232). The echemes differ markedly from those of typical <em>D. verrucivorous</em> in consiting of simple trains of identical, equally spaced syllables and in varying greatly in the number of syllables they contain. The syllable repetion rate is usually 30-40/s in warm sunny weather, but can be as low as 18/s in cooler conditions. Oscillographic analysis shows that opening hemisyllables are usually very quiet or absent and that the closing hemisyllables usually last about 12-15 ms in warm conditions, but up to 25 ms or more when cooler. </p>","https://bio.acousti.ca/node/47477"
"47479","behaviour","<p>The loud calling song, a common Mediterranean sound in hot, sunny weather, is a long series of click-like syllables, sometimes repeated fairly regularly at the rate of about 5-7/s, or, if less regularly, usually with a mean repetition rate within this range. Depending partly on temperature, the mean repetition rate is occassionally as low as 2/s or as high as 10/s. The interval between successive syllables is usually within the range 0.1-0.4s, but is sometimes under 0.1s and occassionally as long as 1s a little more. The song continues for indefinite periods, often of many minutes.</p>
<p>Oscillographic analysis shows thatnearly all (occassionally all) the sound is produced by the closing stroke of the fore wings, each closing hemisyllable lasting about 6-10 ms. The song is resonant, the audible sound produced being an almost pure tone of about 8-9 kHz (see Fig. 257). </p>","https://bio.acousti.ca/node/47479"
"47481","behaviour","<p>In warm sunshine the calling song consists of long sequences of echemes repeated fairly regularly at the rate of about 2-4/s and each usually consisting of 3-5 (very rarely 2 and occassionally 6) syllables. Oscillographic analysis shows that opening hemisyllables are often absent and that the closing hemisyllables usually last about 10-30 ms and are repeated within an echeme at the rate of about 25-35/s. The duration of a single echeme of four syllables is about 100-200 ms and the interval between two echemes is about 100-300 ms. In dull weather and at night the echeme repetition rate can drop to less than 1/s and the syllable repetetion rate to less than 10/s; in such conditions the closing hemisyllable sometimes lasts more than 100 ms and a four-syllable echeme more than 600 ms. The first syllable in an echeme is usually quieter than the remaining ones. Microsyllables are usually absent, but occassionally a few are added at the end of an echeme, especially the opening echeme of a sequence (see Figs 261, 267, 2730. </p>","https://bio.acousti.ca/node/47481"
"47483","behaviour","<p>The calling song consists of long sequences of echemes repeated fairly regularly at the rate of about 1-3/s and each usually consisting of 6-7 (occassionally 5 and rarely up to 10) syllables.Oscillographic analysis shows that opening hemisyllables are often absent and that the closing hemisyllables&nbsp; usually last about 10-40 ms and are repeated within an echeme at the rate of about 20-40/s. The duration of a single echeme of 6 syllables is usually baout 150-300 ms and the interval between two echemes about 150-500 ms. In dull weather and at night the repetiton rates are decreased and the duration of the syllables and echemes increased. The first syllable in an echeme is usually quieter than the remaining ones and the syllables sometimes become steadily louder through most of the echeme. Microsyllables are usually absent. </p>","https://bio.acousti.ca/node/47483"
"47485","behaviour","<p>The calling song consists of a mixture of short echemes lasting less than 1 s and usually composed of fewer then 7 macrosyllables, and longer echemes lasting 1-5 s and composed of 8-50 macrosyllables. Each echeme usually ends witha. series of 2-9 microsyllables. The echemes are often grouped into one or two short ones followed by a long one, but sometimes they follow one another quite irregularly and occassionally there is a fairly regular sequence of long echemes with few short ones. Oscillographic analysis shows that opening hemisyllables are usually absent and that the closing macrosyllables usually last about 30-110 ms and are repeated at the rate of about 10-20/s. The microsyllables usually last about 3-15 ms and are repeated at the rate of about 17-45/s; the microsyllable sequence at the end of an echeme seldom lastsmore than 0.3 s. The echemes often begin quietly and the first one or two syllables are often shorter than the remaining ones. The intervals between echemes vary greatly: long echemes often follow short echemes witha n intervalof less than a secondor with no pause at all; intervals of a few seconds are common and sometimes there are longer intervals of 30 s or more. </p>","https://bio.acousti.ca/node/47485"
"47487","behaviour","<p>The song, which can be heard well into autum, is a very melodious, purring &#39;rurr&#39;, which lasts about 0.25 to 2 sec. and is repeated for minutes at a time with an occassional short interruption. The rhythym of the song is very reminscent or Morse signals. Its direction and distance are very difficult to judge. When several insects are singing together, it is almost impossible to locate one of the singers. </p>","https://bio.acousti.ca/node/47487"
"47489","behaviour","<p>The song is shriller than in the Wood-cricket, sounding rather like &#39;zirr&#39;. The individual chirps last 1-2 sec. and are separated by pauses of similar duration. Locating the Marsh-cricket by song is also almost impossible. </p>","https://bio.acousti.ca/node/47489"
"47491","behaviour","<p>The melodious song is a very loud &#39;tsrruu&#39;, audible from about 50m and produced mainly after dark. </p>","https://bio.acousti.ca/node/47491"
"47493","behaviour","<p>The song is a long, continuous churring (&#39;rrrrr&#39;), which is mostly produced in the evenings in May/June. </p>","https://bio.acousti.ca/node/47493"
"47496","behaviour","<p>Both sexes can produce soft crackling sounds with the mandibles, e.g. when handled. During courtship the male stalks the female, making rocking movements with his body. </p>","https://bio.acousti.ca/node/47496"
"47498","behaviour","<p>Both sexes, and also the nymphs, make sounds with their mandibles. </p>","https://bio.acousti.ca/node/47498"
"47500","behaviour","<p>The males stridulate freely with their mandibles when they meet others of their kind. The sounds are audible from about 50cm and are accompanied by vigorous twitching movements of the antennae, palps and hind femora. For mating, the male approaches the female in jerks, but cautiously, making gradually quieter mandible-sounds. </p>","https://bio.acousti.ca/node/47500"
"47504","behaviour","<p>They rub a smooth stridulatory keel on the inner side of the hind femur again a raised, toothed strodulatory vein in the medial area of the fore wing. Well-defined courtship songs are absent. </p>","https://bio.acousti.ca/node/47504"
"47505","behaviour","<p>The calling song consists of a mixture of short echemes usually lasting less than 0.5 s and composed of fewer than 10 macrosyllables, and longer echemes lasting up to 3 s and composed of 15-80 macrosyllables. Each echeme usually ends with a series of p to 10 microsyllables. Oscillographic analysis shows that quiet opening hemisyllables are often present; the closing macrosyllables last aboyt 20-30 ms and are repeated at the rate of about 25-40/s. The closing microsyllables last about 2-3 ms and are repeated at the rate of about 35-50/s; the microsyllable sequence at the end of an echeme usally lasts less than 0.3 s. The echemes usuallybegin quietly and the first one or two syllables are often shorter than the reaming ones. The intervals between echemes vary from less than 1 s to more than 4 s. </p>","https://bio.acousti.ca/node/47505"
"47507","behaviour","<p>The calling song consists of a long sequence of echemes, each usually 2.0-3.5 s, composed of about 35-55 macrosyllables and normally ending with 2-6 microsyllables. The echemes do not vary greatlyt in duration within one song and are usually separated by intervals of about 5-15 s. Oscillogrpahic analysis of the song of the single male studied (in complete darkness at an air temperature of 25&deg;C showed that quiet openinghemisyllables were present in both macro- and microsyllables. The closing macrosyllables lasted about 50-60 ms and were repeated at the rate of 22-25/s. The microsyllable sequence at the end of an echeme seldom lasted more than 0.2 s. The echemes began quietly, reaching maximum intensity by the third or fourth syllable. </p>","https://bio.acousti.ca/node/47507"
"47509","behaviour","<p>The song consists of a brief chirp, repeated at a. rate of 2 to 4 times per second, and continued in prolonged bursts lasting several minutes. The sound is rather quiet, and often obscured by the sound of the wind in its exposed habitat. However, when picked up with the aid of a bat detector it is quite distinctive. Males do not congregate, as males of the dark bush-cricket do, but &#39;duets&#39; can often be heard when the osng of one male interacts with that of another. However, in laboratory experiments such alternating duets have been shown to break down after some time, and the interaction may simply function to enable the males to space themselve sout across the availbale habitat (Latimer, 1981a, 1981b). </p>","https://bio.acousti.ca/node/47509"
"47510","behaviour","<p>On sunny days the males sing in prolonged continuous bursts. Although the osng is high-pitched, like that of most bush crickets, it can be heard by most people as a distinctive &#39;buzz&#39;. In most extensive grassland habitats the males are venly spaced out, and sing from perches.&nbsp;... Where wind or rain has broken clusters of grass stems to form a rough &#39;platform&#39;, three or more males may compete to occupy the perch, often emitting short bursts of song as they move about, and briefly skirmishing on contact. </p>","https://bio.acousti.ca/node/47510"
"47512","behaviour","<p>..the males do sometimes sing while moving around over more exposed patches of scrub (see DVD).</p>
<p>The males sing throughout the day, and will often sng in overcast conditions. Their song is a short chirp, repeated at a variable rate of 2 to 6 chirps per second. It is rather quiet, and for many people a bat detector is the best way of locating the males. </p>","https://bio.acousti.ca/node/47512"
"47514","behaviour","<p>The calling song of M. medvedevi is produced continuously over several minutes (longest uninterrupted recording lasts for 13 min). During this time groups of 5 (4&ndash;6) syllables (echemes) follow each other in a dense sequence (Fig. 7A). Within an echeme, the first three syllables are soft, the last two increasing in amplitude with the last one being the loudest. The opening hemisyllables are always much shorter than the closing hemisyllables and do not increase in acoustic intensity towards the end of the echeme. At the beginning of the singing activity, some isolated echemes were observed. Then the intervals became continuously shorter, until after some time the typical rhythm [echeme repetition rate 3.7&plusmn;0.27 Hz (n=10 measurements, taken in intervals at least of 1 min) at 28oC] was reached. The animal was observed singing during daytime when it was also recorded. </p>","https://bio.acousti.ca/node/47514"
"47526","behaviour","<p>The calling song of this species is quite complicated. Two different echemes are combined to a phrase and this phrase is repeated in a fast sequence at least for a few minutes (longest uninterrupted recording 2 min). One echeme consists of three short syllables with high amplitude (syllable repetition rate ca. 60&ndash;70 Hz at 24&ndash;25oC), the other of five longer ones (syllable repetition rate ca. 20&ndash;30 Hz at 24&ndash;25oC; Fig. 7B) with lower amplitude. When an animal starts to sing, it often produces only the high-amplitude echemes, separated by longer intervals, and then added the low amplitude echemes. In a recording lasting 15 minutes the animal omitted the low-amplitude echemes several times and used only the loud ones with the corresponding silent intervals. </p>","https://bio.acousti.ca/node/47526"
"47533","behaviour","<p>Song Type I<br />
	The calling song consists of long sequences (up to 1 min recorded) of pairs of syllables (di-syllabic echemes). Occasionally several syllables follow directly one after another (Fig. 7C1).</p>
<p>Song Type 2<br />
	At night and lower temperature (20oC), the same specimen which had sang song type I during the day at 26oC,<br />
	produced a calling song consisting of regularly repeated echemes with several syllables (Fig. 7C2). </p>","https://bio.acousti.ca/node/47533"
"47535","behaviour","<p>In the calling song, pairs of syllables (di-syllabic echemes) follow each other in a dense sequence (intervals of 20 ms without wing movement between echemes; Fig. 7D). Only in the first syllable a very soft opening hemisyllable can be detected (recording of wing movement in OSF). </p>","https://bio.acousti.ca/node/47535"
"47536","behaviour","<p>Song Type I<br />
	According to the data presented by Zhantiev (1981) M. eversmanni belongs to this group. Its song consists of<br />
	long series of three-syllabic echemes. In the temporal characters, the song is quite similar to the long verses of M. stricta and M. macedonica (see below) or in general to the song of Metrioptera bicolor (see the data in Zhantiev 1981 for this species).</p>
<p>&nbsp;</p>
<p>Song Type II<br />
	In an animal recorded at night, the calling song consisted of a sequence of echemes each containing 5&ndash;7<br />
	syllables (syllable repetition rate 40 Hz), produced in short series or without interruption for at least 45 s. The echemes were separated by short intervals of about 150&ndash;200 ms (Fig. 7H) and repeated at a rate 3 Hz (Table 1). The calling songs of both songtypes of M. eversmanni (see above) are so different that either two species may be involved or it is another case of a song dimorphism as in M. decticiformis (see above and Discussion). </p>","https://bio.acousti.ca/node/47536"
"47537","behaviour","<p>The song of M. barretii differs from the other species of this group, because the short verses do not contain microsyllables. Both types of verses, short and long, are made from one type of syllables only (Fig. 8A). Short verses have durations between ca. 100&ndash;300 ms, long verses between 1.3&ndash;4.5 s. </p>","https://bio.acousti.ca/node/47537"
"47538","behaviour","<p>Typical for the group, in the calling song series of short verses alternate with one long one. While in the long verses only one type of syllables is found, the short syllables often end with microsyllables (Muñoz Alcón &amp; Crespo Martínez 2013; Fig. 8B), probably produced by fast closing movements of the tegmina as in M. macedonica (see Heller 1988). </p>","https://bio.acousti.ca/node/47538"
"47539","behaviour","<p>In the calling song, two types of verses are observed, short and long ones. The short verses start with a few (2&ndash;3) long syllables, called macrosyllables, which contain a series of impulses, and are followed by a short series of microsyllables (for details see Heller 1988). The long verses consist of a sequence of three-syllabic echemes. The first two syllables of each echeme are shorter and softer than the last one. Typically, a long verse follows immediately after a short one (Fig. 8C). </p>","https://bio.acousti.ca/node/47539"
"47540","behaviour","<p>In calling song (Fig. 8D) there is no difference to M. macedonica. </p>","https://bio.acousti.ca/node/47540"
"47541","behaviour","<p>In the calling song verses of 1&ndash;2 s duration often alternate with pauses of about 3&ndash;4 s. According to Ragge &amp; Reynolds (1998) and sound files in Roesti &amp; Keist (2009) the verses consist of sequences of disyllabic echemes with syllable repetition rates around 40 to 70 Hz and echeme repetition rates of 15 to 30 Hz (Fig. 7E1). In two other recordings the echeme structure of the song could not be identified (Table 1). However, animals from Ukraine obviously had a much lower syllable repetition rate. Their song did not show an echeme structure, but the syllable repetition rate agreed quite well with that of the echemes in the topotypical Central European populations (Fig. 7E2). The number of teeth in the stridulatory file did not differ between localities (Fig. 6B; Table 1). </p>","https://bio.acousti.ca/node/47541"
"47542","behaviour","<p>The verses in the calling song of M. daghestanica consist of di-syllabic echemes as in M. montana (topotypical Central European populations), but echeme and syllable repetition rates are much lower (Fig. 7F). </p>","https://bio.acousti.ca/node/47542"
"47543","behaviour","<p>The verses in the calling song of M. armeniaca consist of tri-(or rarely bi-) syllabic echemes (Fig. 7G). Within an echeme, the amplitudes are increasing (recording of wing movement in OSF). </p>","https://bio.acousti.ca/node/47543"
"47544","behaviour","<p>In the calling song of M. helleri, echemes with duration of 0.1 to 1.5 s are produced with intervals of about 2 s (Ciplak et al. 2006). The echemes contain 3&ndash;7 (rarely 2&ndash;8) syllables with a few microsyllables at the beginning (Fig. 7K). The syllable repetition rate of the macrosyllables is about 6 Hz, distinctly lower than in the other Montana species mentioned above. </p>","https://bio.acousti.ca/node/47544"
"47545","behaviour","<p>The calling song of M. tianshanica differs from that of all other Montana species. It consists of relatively short, polysyllabic (ca. 3&ndash;9 macrosyllables) echemes (syllable repetition rate ca. 25 Hz) separated from each other by intervals of about the same duration (Fig. 7I). Regularly some echemes contain microsyllables at the beginning and only few macrosyllables. </p>","https://bio.acousti.ca/node/47545"
"47546","behaviour","<p>The most characteristic property of the calling song of M. tomini is the extraordinarily large duration of its syllables (Fig. 7J). At 20oC the last syllable of a bi-syllabic echeme lasted about 200 ms. Only M. helleri is in the same range (150 ms at 30oC). However, both species differ considerably in the number of impulses per syllable: M. helleri has 32 impulses (and 39 teeth in the stridulatory file; Ciplak et al 2006), M. tomini ca. 80 impulses (and 108 teeth; Fig. 6C). Concerning the number of syllables per echeme, there is a surprising variability (Figs 7J1, 7J2). One animal (CH5317) showed consistently always three to six (eight) syllables per echeme (cage recording at 16oC), the others only two to four. </p>","https://bio.acousti.ca/node/47546"
"47547","behaviour","<p>Kaislahepokatin kutsulaulu on vaikeimmin kuultavissa kotimaisista lajeista. &Auml;&auml;ni on hyvin korkea ja peittyy ymp&auml;rist&ouml;n &auml;&auml;niin, ellei ole tyynt&auml; ja hiljaista. Vain todella tarkkakuuloinen kykenee kuulemann kaislahepokation 1-2 metri&auml; kauempaa ja monet eiv&auml;t ollenkaan. &Auml;&auml;nen voimakkuuden huippu on noin 35 kHz: n taajuudessa kaukana ihmisen kuuloalueen ulkopuolella.</p>
<p>Pitk&auml;kestoisessa kutsulaulussa (CD2)&nbsp; on kahdenlaisia jaksoja: hyvin tihe&auml;&auml; ja r&auml;tisev&auml;&auml; sitiyst&auml; seuraa tikitt&auml;v&auml; ja hieman hitaampi jakso. N&auml;m&auml; kaksi vaihetta vuorottelevat muutaman sekunnin v&auml;liajoin ilman taukoja niin, ett&auml; tikitt&auml;v&auml; vaihe on yleens&auml; kestoltaan lyhyempi.&nbsp; Kutsulaulun kokonaiskesto on yleens&auml; alle kaksi minuuttia.</p>
<p>Joutuessaan toistensa l&auml;hiet&auml;isyydelle koiraat saattavat k&auml;&auml;nt&auml;&auml; per&auml;p&auml;&auml;ns&auml; vastatusten ja alkaa soitta kilpaa (CD38). T&auml;m&auml;kin &auml;&auml;ni on heikko mutta kutsulaulua katkonaisempi&nbsp; ja aggressiivisempi. Laji siritt&auml;&auml; p&auml;&auml;asiassa p&auml;iv&auml;aikaan. </p>","https://bio.acousti.ca/node/47547"
"47549","behaviour","<p>The males sing in long, continuous bursts. The frequency is at the limit of human hearing, and is rather quiet, sofor most people a bat detector is thebest way of locating singing males. Heard in this way, the song resembles a persistent &#39;chugging&#39; motor. Singing males are usually evenly spread out in their habitat, although silent (&#39;satellite&#39;) males can often be seen close to songsters. The females are attrcated to the male song. </p>","https://bio.acousti.ca/node/47549"
"47550","behaviour","<p>The calling song consists of a long sequence of echemes, each usually lasting baout 1-4 s, composed of about 25-90 macrosyllables and often ending with 2-5 microsyllables. Within one song echemes are usually fairly uniform in duration and are usually separated by intervals of about 4-10 s. Oscillographic analysis shows that opening hemisyllables are usually absent and that the closing macrosyllable susually last about 20-85 ms and are repeated at the rate of about 10-30/s. The microsyllables usually last about 1-12 ms and are repeated at the rate of about 20-40/s; the microsyllable sequence at the end of an echeme seldom lasts more than 0.2s. The echemes usually begin quietky, reaching maximum intensity by the third to seventh syllable, and the first one or two syllables are usually shorter than the remianing ones. </p>","https://bio.acousti.ca/node/47550"
"47552","behaviour","<p>The calling song, produced mainly in the evening and at night, consists of long sequences of disyllabic echemes repeated fairly regularly at the rate of about 2-3/s. Oscillographic analysis shows that opening hemisyllables are usually absent and that the closing hemisyllables usually last about 40-90 ms, the second of each pair often being a little longer, and sometimes louder, than the first. The duration of each echeme is about 130-180 ms and the interval between two echemes is about 140-250 ms. Microsyllables are usually absent. </p>","https://bio.acousti.ca/node/47552"
"47554","behaviour","<p>The calling song, heard both during the dy and at night, consists of disyllabic echemes repeated at the rate of about 4-15/s (depending on temperature), often grouped into short sequences of 2-4 echemes (Fig. 317, 318) but sometimes in long sequences of indefinite duration (Fig. 319, 320). Oscillographic analysis shows that opening hemisyllables are often present (though always very quiet) and that the closing hemisyllables usually last about 10-50 ms. The duration of each echeme (excluding the first opening hemisyllable, when present) is about 45-100 ms and the intervals between the echemes (within a group or during long sequences) are usually about 60-130 ms. There are no microsyllables. </p>","https://bio.acousti.ca/node/47554"
"47556","behaviour","<p>The calling song consists of a series of quiet diplosyllables, each lasting about 80-200 ms and composed of an opening hemisyllable lasting about 12-50 ms and a closing hemisyllable lasting about 30-130 ms. The syllables are sometimes repeated regularly at the rate of about 6-8/s for long periods of a minute or more (Fig. 325), but at other times they are repeated much less frequently (about 1-4/s) and less regularly (Fig. 326). Sometimes they are grouped into rather loose echemes of very avriable duration. The intervals between syllables vary from about 30-100 ms when they are repeated regularly to about 0.1-1.0 s or more when the repetition rate is irregular. There are no microsyllables. </p>","https://bio.acousti.ca/node/47556"
"47559","behaviour","<p>The calling song consists of a series of quiet diplosyllables, each lasting about 60-80 ms and composed of an opening hemisyllable lasting about 20-25 ms and a closing hemisyllable lasting about 25-25 ms. In the song of the single male studied (in dim light at an air temperature of 26&deg;C) the syllables were grouped into loose echemes of 7-16 syllables, during which the syllable repetetion rate avaeraged about 1/s and the syllables were separated by interavls of about 0.4-1.6 s. It is likely that the study of further males under varying conditions would show that the osng varies in the same way as that of <em>P. tessellata</em> (p. 180). There are no microsyllables. </p>","https://bio.acousti.ca/node/47559"
"47561","behaviour","<p>The calling song is very similar to those of <em>P. tessellata</em> and <em>P. veyseli</em>, consisting of a series of quiet diplosyllables, often grouped into loose echemes&nbsp; of about 2-8 syllables, but sometimes repeated more regularly for long periods. Within a loose echeme the syllables are repeated at the rate of about 2-4/s and are separated by intervals of about 0.1-0.5 s. Oscillographic analysis of th eosng of the single male studied (in darkness at an air temperature of 22&deg;C) showed that the opening hemisyllables lasted about 30 ms and the closing hemisyllables about 60 ms. There are no microsyllables. </p>","https://bio.acousti.ca/node/47561"
"47563","behaviour","<p>The calling song consists of a series of quiet echemes, each lasting about 1-2 s, sometimes repeated regularly at the rate of one every 3-4 s, but at other times less frequently and more irregularly. Oscillographic analysis shows eachecheme to consist of about 60-140 alternately quieter and louder closing hemisyllables following one another at the rate of about 40-70/s. The quieter closing hemisyllables last about 4-11 ms and the louder ones about 7-17 ms; opening&nbsp; hemisyllables, always quieter than the closing hemisyllables, are often also present. The echemes are usually quieter at the beginning, reaching maximum intensity after about 10-20 syllables. Sometimes the echemes end in aseries of lous closing hemisyllables without the interposition of quieter ones (Figs 340, 342), and occassionally there are two quieter closing hemisyllables between two consecutive louder ones. There are no microsyllables. </p>","https://bio.acousti.ca/node/47563"
"47565","behaviour","<p>The fully developed calling song from a stationary male consists of short echemes interspersed with much longer ones and often continues for several minutes. There about 4-7 short echemes, repeated at intervals of about 0.3-1.2 s, between successive longer echemes; the shorter echemes last about 50-100ms and the longer ones about 1-2 s. Oscillographic analysis shows that the short echemes consist of a macrosyllable lasting about 20-30 ms followed by a series of about 3-4 microsyllables, each lasting baout 1-5 ms and repeated at the rate of about 50-55/s. The longer echemes follow immediateky after a shorte cheme of this type and consist of a dense sequence of about 90-170 macrosyllables repeated at the rate of about 60-90/s. The syllable sin these larger echemes are in groups of three (occassionally four) in which the first one is the quietest and shortest (lasing about 8-12 ms) and the last one the loudest and longest (lasting about 15-20 ms); each gorup lasts about 40-45 ms and the groups follow one another without any intervening pauses. Opening hemisyllables, always quieter than the closing hemisyllables, arte usually present in both the shorter and longer echemes (and are included in the syllable durations above). There are often small groups of microsyllables interrupting the regular flow of the longer echemes.</p>
<p>While singing males are moving they generally produce only the short echemes. </p>","https://bio.acousti.ca/node/47565"
"47567","behaviour","<p>In warm sunshine the calling song consists of long sequences of echemes repeated regularly at the rate of 4-7/s. Oscillographic analysis shows that each echeme normally consists of four syllables but, as the first syllable is usually short and often very quiet, the echemes are frequently described as being trisyllabic. Opening hemisyllables are usually present, though often quiet; the fore wings are held in an open position betweene chemes, so taht there is no opening hemisyllable before the first (quiet) closing syllable of each echeme but, most unusually for a tettigoniid song, there is usally an opening hemisyllable after the last closing hemisyllable. The closing hemisyllables usually last about 15-20 ms and are repeated within an echeme at the rate of about 35-55/s. The duration of a single echeme is about 75-120 ms and the interval between two successibve echemes is about 65-110 ms. In dull weather and at night the echeme repetiton rate can drop to as low as 2/s and the syllable repetition rate to 10/s; in such conditions the closing hemisyllables (of which the first is often louder than at higher temperatures) sometimes last as long as 90 ms and an echeme 400 ms or more. Under any conditions the echemes are very unifrom in structure and there are no microsyllables. </p>","https://bio.acousti.ca/node/47567"
"47569","behaviour","<p>Lehtohepokatilla on kova&auml;&auml;nien kutsulaulu, joka voi kuulua jopa yli sadan metrin p&auml;&auml;h&auml;n. Laji aloittaa laulunsa yleens&auml; iltap&auml;iv&auml;lla, ja mik&auml;li l&auml;mp&ouml;tila on riitt&auml;v&auml;, laulu on kiihkeimmill&auml;&auml;n illalla ja se jatkuu heikentyneen&auml; aamuun asti. Siritt&auml;&auml;kseen lehtohepokatti vaattii noin kymmenen asteen tai heiman korkeamman l&auml;mp&ouml;tilan. Kutsulaulu jatkuu l&auml;mpim&auml;ll&auml; ilmalla pitk&auml;&auml;n ilman taukoja (CD2, CD3), mutta l&auml;mp&ouml;tilan laskiessa se muuttuu katkonaiseksi (CD27). Soiton alkaessa iltap&auml;iv&auml;ll&auml; tai l&auml;mpim&auml;n&auml; p&auml;iv&auml;n&auml; jo aamup&auml;iv&auml;n puolella se on aluksi katkonaista. &Auml;&auml;nen voimakkuuden huippu on noin 10 kHz:n taajuudessa (kuva s. 34). </p>","https://bio.acousti.ca/node/47569"
"47571","behaviour","<p>The males stridulate for most of the day, with a song that superficially resembles that of the long-winged conehead. The sound is produced in prolonged, continuous bursts, but the more high-pitched &#39;chugging&#39; (described as a &#39;hiss&#39; by those who can hear it without the aid of a bat detector) alternates at irregular intervals with a lower-pitched &#39;clicking&#39; sound (see DVD). This may be produced by alternately speeding up and slowing down the rate of vibration of the tegmina. </p>","https://bio.acousti.ca/node/47571"
"47581","behaviour","<p>Typical behaviour in this species is as follows. A male begins singing the normal song; a responsive female within range will orientate towards the source of sound, and may give a short burst of response stridulation. After this, it will move towards the male, sometimes pausing to stridulate and often pausing to re- orientate. When within visual range of the male, it moves right up to the latter and when within 5 to 7 cm. stops and stridulates. The male, on seeing the female or hearing her stridulate or both, stops singing the normal song and, with or without various transitional phrases, begins the courtship song and finally leaps on the female; the genitalia being engaged, no further stridulation is made unless the female moves, or the pair is otherwise disturbed, when the male sings the copulation song (Haskell, 1957).</p>
<p>...</p>
<p>During some of these experiments, certain females stridulated in response to the male song and this stridulation was recorded and analysed. Fig. 2 (A &amp; B) shows an oscillogram and audiospectrogam of the sound. The movements of the hind femora of the female resulting in production of this sound were very similar to those of the male when the latter emits the normal song, but the movements of the female were much more jerky and the sound was emitted in short bursts.</p>","https://bio.acousti.ca/node/47581"
"47583","behaviour","<p>During these observations, several females stridulated in response to male song while in the initial stages of searching for the male. This song was recorded and Fig. 2 (C D) shows an oscillogram and audiospectrogram of the sound. This is very similar indeed to the male normal song and the movements of femora during the production of the sound seemed very like those of the male. </p>","https://bio.acousti.ca/node/47583"
"47585","behaviour","<p>Typical behaviour in this species is of two types; in the first type, the behaviour is as described for S. lineatus. The difference between this and the second type lies in the fact that in some cases when a female stridulates in response to male song, the male orientates towards the female and moves towards her. Sometimes the female moves after stridulating and sometimes it does not; in the latter case, the male eventually finds the female, but this is rare. Most often a mutual search is made, with both insects making short stops for alternate stridulation. </p>","https://bio.acousti.ca/node/47585"
"47587","behaviour","<p>Typical behaviour in this species is as follows: when a male begins to sing the normal song, females within range, who are in the responsive state, orientate to the source of sound and move towards it. Generally, while pausing during movement to re-orientate, they make the female &quot;response stridulation movements&quot; with their hind legs. These movements produce no sound since females of this species are brachyp- terous; in the descriptions of behaviour which follow the term &quot;response movements&quot;, when applied to a female, will refer to these motions of the hind femora, which appear to be identical with those of the hind femora of a male singing the normal song. When responsive females come within sight of a male, they move directly towards him and stand nearby, making response movements as a reaction to the normal song of the male. When the attention of the male is attracted to the female, he at once goes up to her, gives a short burst of courtship song and leaps on her back, copulation ensuing. It is probably more correct to regard this latter song of the male as a &quot;shout of triumph&quot; (Haskell, 1957). </p>","https://bio.acousti.ca/node/47587"
"47594","behaviour","<p>Description of the calling song<br />
	The calling song of G. baitabagus (Fig. 7) was recorded in the laboratory (24.5◦C, F1-male2, MNHN-EO-ENSIF612). Its echemes consist of short trills comprising 50 &plusmn; 8 syllables (n = 10 echemes). Each echeme has a rectangular amplitude profile and lasts for 0.9&plusmn;0.1s, with a period of 7.5&plusmn;0.4s. Syllables last 9.2&plusmn;0.8ms, with a period of 17.1 &plusmn; 1.9 ms. The spectrum (Fig. 7g) shows a clear dominant peak at 21.7 &plusmn; 0.43 kHz corresponding to the third peak of an harmonic series (peak #1 ca. 7.2 kHz; peak #2 ca. 14.4 kHz).</p>
<p>Biomechanics of the calling song<br />
	The stridulatory file of G. baitabagus has a simple structure com- prising ca. 115 simple teeth among which ca. 80 are likely to be functional according to their distribution pattern (Fig. 5). In the functional part (ca. 1.215mm), the mean inter-tooth distance is 14.46&nbsp; m (tooth density = 69 teeth/mm). Given the rather homoge- neous amplitude profile of the syllable, we assume that the closing movement of the forewings is more or less regular. Based on the measured syllable duration, the dominant frequency and inter- tooth distances, we can predict which frequency peak is generated by the tooth impacts.</p>
<p>Under the hypothesis H0 that stridulation generates the dominant peak at high frequency, the instantaneous velocity of the system would be very high (ca. 313 mm/s) and would involve ca. 190 functional teeth. This is far above the total number of teeth of the file, which invalidates this hypothesis.</p>
<p><br />
	The alternative hypothesis H1 is that stridulation generates the lower peak of the spectrum (ca. 7.2 kHz) and that the dominant, high-frequency peak, corresponds to the third harmonic of the low fundamental frequency, amplified by the resonance of the wing. Under this hypothesis, 80 functional teeth are sufficient to gener- ate this low-frequency peak, and the corresponding instantaneous velocity of the system is ca. 104 mm/s (721,000 teeth/s * 14.46&nbsp; m).</p>
<p><br />
	The global estimated speed from syllable duration is 130.76 mm/s, which matches H1 and thus supports the hypothesis that the fundamental frequency is the low-frequency peak of the spectrum, i.e., that the tooth impact generates the low frequency and not the dominant peak at higher frequency. As a consequence, one tooth impact would generate three primary waves due to the vibratory properties of the resonator. </p>","https://bio.acousti.ca/node/47594"
"47598","behaviour","<p>Females of both species showed a significantly lower re- sponse probability to a heterospecific calling song model (C. biguttulus &chi;2 1 = 62.1, p &lt; 0.001; C. mollis &chi;2 1 = 14.6, p &lt; 0.001). The difference between the average response rate to the conspecific and heterospecific test stimulus was sub- stantial with 55.7% for C. biguttulus and 49.2% for C. mollis responding to the respective conspecific stimuli and with 2.4 and 6.9%, respectively, to the heterospecific test stimuli. Thus, the calling song preference of females has a strong impact on the reproductive isolation between the two species in both crossing directions (RI = 0.92 for C. biguttulus &times; C. mollis and RI = 0.75 for C. mollis &times; C. biguttulus, respectively, Table 1).</p>
<p>...</p>
<p>The first barrier in the sequence of reproductive barriers was female preference for male acoustic signals. This prezygotic barrier acts first in long-range mate attraction, and females showed strong preferences for the conspecific male song models, resulting in high RI values (0.92 and 0.75, Table 1). In general, these results are in line with previous reports claiming that female preference profiles do not overlap between the two species and that acoustic signals are a strong component of reproductive isolation (von Helversen and von Helversen 1975a, b). Similar findings have also been reported for other gomphocerine species (Mayer et al. 2010; von Helversen 1997; von Helversen and von Helversen 1994). However, in many grasshopper species, the reproductive be- havior of females is characterized by phases of passive recep- tiveness, which means that female response stridulation is not essential for a successful mating (Riede 1983; Butlin and Hewitt 1986; Wirmer et al. 2010). Butlin and Hewitt (1986) argued that in dense populations, most matings under natural conditions result from chance encounters; this view is support- ed by the finding that intact and mute C. biguttulus males had the same frequency of chance encounters in a mixed popula- tion (Kriegbaum and von Helversen 1992). In these cases, acoustic signals might be less important for mate recognition and additional communication signals, for example, chemical cues or visual signals, must be involved in the prevention of heterospecific matings (Butlin et al. 1985; Ritchie 1990; Kriegbaum and von Helversen 1992; Butlin 1998). However, we considered female preferences for acoustic sig- nals as the first reproductive barrier since long-range mate attraction and localization via acoustic signaling are probably important at low population densities or for the colonization of new habitats. </p>","https://bio.acousti.ca/node/47598"
"47599","behaviour","<p>The calling song of L. najtae n. sp. (Fig. 8) was recorded in the laboratory (Table 2). At 25&deg;C (FO-male2), the song echeme is made of 20-25 syllables (m = 22.3 &plusmn; 1.4) and lasts for 300 &plusmn; 25 ms, for an echeme period of 2.44 &plusmn; 0.34 s (duty cycle = 12.2%). Most echemes show an irregular beginning comprising 2-3 syllables (m = 2.1 &plusmn; 0.3, n = 12), separated by a pause of 54 &plusmn; 10 ms from a more regular trill comprising 18- 23 syllables (trill duration = 215 &plusmn; 31 ms). Syllables are short (duration = 8.8 &plusmn; 0.1 ms; period = 11.5 &plusmn; 3.4 ms) and show a slightly indented amplitude pro le.&nbsp; e spectrum shows a clear dominant peak at 18.54 &plusmn; 0.29 kHz corresponding to the third harmonic of a lower fundamental frequency (c. 6.2 kHz).</p>
<p>Compared to that of L. fuscus (Robillard et al. 2015; table 2), the song of L. najtae n. sp. has a similar echeme structure, but shows a longer irregular beginning and a slightly lower dominant frequency (19.73 kHz in L. fuscus). Syllables have a similar duration in both species, with a shorter syllable period in L. najtae n. sp. Song&nbsp; les of two recorded specimens (MNHN-EO-ENSIF4165 and MNHN-EO-ENSIF4167) have been deposited in the MNHN Sound Library with the following inventory numbers, MNHN-SO-2017-32 and MNHN-SO-2017-33 respectively. </p>","https://bio.acousti.ca/node/47599"
"47603","behaviour","<p>Acoustic analysis agrees with previously reported results for the calling song of C. monstrosa (Fig. 2) (Morris and Gwynne, 1978; Spooner, 1973; Morris et al., 2002). Mean peak frequency of the call is 13.08&plusmn;0.1 kHz (N=5). These calls are highly resonant, with the mean Q of the calling song being 57.3&plusmn;18.39 (Fig. 2). Scanning laser vibrometry experiments to reveal the vibration-compliant areas of the forewings of C. monstrosa were successfully achieved in five specimens, and we hereby present an initial treatment of wing mechanics in this species. Vibrations in response to sound stimulus (at a band around the calling frequency) are limited to the mirror and also the areas herein termed the neck, the pre-mirror and the anterior portion of the harp (Fig. 3). Vibrations of the mirror and adjacent area occur in phase (&lsquo;as-one&rsquo; vibrations; Fig. 4), in a basic mode corresponding to the dominant resonant frequency. Although the mirror and adjacent areas are weakly delimited, the vibrating surface is confined within the surrounding veins. This vibration pattern was observed in both wings of all specimens scanned (N=5) and further symmetry of wing function is exhibited. Peak vibration amplitudes are observed on the mirror area (Fig. 4) with the average vibration amplitude of the mirror (as calculated by averaging all scan points on the mirror in displacement) being 182.4&plusmn;77.5 nm Pa&minus;1 for the left wing and 138.4&plusmn;52.8 nm Pa&minus;1 for the right wing, and this difference was not significant (paired t-test, t=0.874, d.f.=4, P=0.432). Mean resonant frequency of the mirror was 14.2&plusmn; 1.08 kHz (N=5) for the right wing and 14.6&plusmn;2.2 kHz (N=5) for the left wing (Fig. 3), and this difference was also not significant (paired t-test, t=0.618, d.f.=4, P=0.569). High coherence of vibration of the mirror shows that the observed response is reliable, with coherence approaching one around the frequencies of resonance (Fig. 3). Thus the mirrors exhibit a natural tuning at frequencies close to the calling song (Fig. 5) and this matching suggests the natural frequency of the wings is functionally tuned to a specific frequency, which is in turn being exploited for efficient, resonant sound production. The areas adjacent to the mirror (pre- mirror, neck and h1) vibrate at a lower amplitude than the mirror, and exhibit no sharp resonance (Fig. 6). The Q of the mirror&rsquo;s resonance, measured from the peak on the spectra, is much lower than that of the calling song, with Q of the mirror area being 27.8&plusmn; 24.8 for left wing and 12.7&plusmn;3.7 for the right wing (this difference being not significant: Wilcoxon, Z=&minus;0.674, P=0.5). </p>","https://bio.acousti.ca/node/47603"
"47612","behaviour","<p>The grasshopper Ch. bornhalmi sings in an up and down waving manner using its hind legs, producing long ver- ses of 4&ndash;5 s duration. The two-leg system further allows for complex rhythmic patterns, because the legs can be used independently on the opposite sides of the body. Males of Ch. bornhalmi produce songs with rising sound amplitude levels over time, along with a ramp-shaped increase of the frequency range over the first second of the verse. The sound energy is radiated in the frequencies between 5 and 30 kHz, with most energy in the sonic range (Fig. 4). </p>","https://bio.acousti.ca/node/47612"
"47614","behaviour","<p>Poecilimon propinquus produce songs by a single closing movement of the wings. The resulting verses are short, lasting 60&ndash;140 ms in length. They are regularly repeated to form long-lasting series of up to 109 syllables per minute. Compared to the grass- hopper song, there is little modulation in either amplitude or in the frequency domain. The frequency ranges between 16 and 35 kHz, and most energy lies in the ultrasonic range (Fig. 5).</p>
<p>...</p>
<p>P. propinquus is vocal strictly during the night, with an onset of singing twenty minutes after darkness. The acoustic activity increases steadily over the next 70 min and reaches a steady plateau after that time (Fig. 6).</p>","https://bio.acousti.ca/node/47614"
"47617","behaviour","<p>Typically, the males produce their calling song in the evening and at night. In the re- corded males, the calling song consists of a long series of echemes, each echeme lasting for 426&ndash;583 ms (mean &plusmn; SD 503.87 &plusmn; 46.81 ms) and containing 8&ndash;10 syllables (mean &plusmn; SD 8.49 &plusmn; 0.52) (Fig. 4).&nbsp; e recurrence rate is fairly 20&ndash;30 / minute, the echeme repetition period being 2122&ndash;2760 ms (mean &plusmn; SD 2408.28 &plusmn; 197.71 ms). Syllables are quite short (39&ndash;54 ms, mean &plusmn; SD 47.28 &plusmn; 4.1 ms) and consist of two distinct parts: a shorter, lower amplitude opening hemisyllable (15&ndash;20 ms, mean &plusmn; SD 17.55 &plusmn; 1.64 ms) and a longer, higher amplitude closing hemisyllable (20&ndash;39 ms, mean &plusmn; SD 29.73 &plusmn; 4.49 ms). Acoustic signal amplitude modulation pattern is increasing and decreasing in both the opening and closing hemisyllables.&nbsp; The detailed descriptive statis- tics of the song characters are presented in Table 1.&nbsp; e calling song has the dominant frequency components between 7 kHz and up to more than 45 kHz (45 kHz being the upper limit of microphone frequency response in our recordings), with a main peak at about 12 kHz in both opening and closing hemisyllables (Fig. 5). </p>","https://bio.acousti.ca/node/47617"
"47620","behaviour","<p>A putative stridulatory apparatus on the mouth- parts of cylindrachetids was described and figured by G ̧nther (1992) and Rentz (1996). It consists of a field of microscopic tubercles arranged in rows on the ventral surface of each mandible and a single row of about seven short ridges on the opposing dorsal surface of the basal segment of each maxillary palpus. G ̧nther noted this apparatus in both sexes. It is now clear that it occurs in all nymphal instars as well. Thus, it is unlikely that the apparatus plays a part in mate-attraction, if in fact it produces sound at all. I detected no stridulatory sounds from sandgropers, even when holding them close to my ear. </p>","https://bio.acousti.ca/node/47620"
"47622","behaviour","<p>Der hochfrequente Gesang wird tags&uuml;ber und vor allem am Abend vorgetragen. Es handelt sich dabei um einzelne Zipp-Laute, die gelegentlich ohnw erkennbaren Rhythmus&nbsp; bis zu 15-mal versartig aneinandergereiht werden.&nbsp; Sie lassen sich gut mit einem Bat-Detektor h&ouml;rbar machen. Das Frequenzmaximum liegt zwischen 17 und 28 kHz.</p>","https://bio.acousti.ca/node/47622"
"47649","behaviour","<p>Groups of singing males (three or more) distant by ca. 50 cm to one meter, are commonly found during afternoon on large tree trunks above three meters high (Fig. 2). They sit on the bark surface and sometimes in crevices of the bark or of epiphytes. Songs were not heard during night, even when habitats with singing males heard during the day were visited after sunset. It could indicate that the species is diurnal or crepuscular and that the formed couples hide at night for mating.</p>
<p>...</p>
<p>The calling song of C. muiri (Fig. 4) consists of only one long syllable. The song bouts are rather irregular, which disqualifies them as echemes. At 26 &deg;C (MNHN-EO-ENSIF4405, measurement of 28 syllables) the call duration is 38 &plusmn; 11.4 ms (mean &plusmn; SD), with a period of 4.78 s &plusmn; 3.83 s, giving a syllable duty cycle of 8%. The dominant frequency is 11.98 &plusmn; 0.24 kHz, which is rather low for the genus and corresponds to the third peak of the frequency spectrum, the two first peaks being little marked. </p>","https://bio.acousti.ca/node/47649"
"47654","behaviour","<p>The species is best located by listening for its song. It has a very distinctive call which has been described as the sound emitted from under a high tension electricity pylon in the rain! However weather conditions need to be still and hot to hear the song. </p>","https://bio.acousti.ca/node/47654"
"47655","behaviour","<p>Males fly with a loud rattling sound, which is produced by the hind wings. Together with the strikingly bright red wings, this may serve to startle potential enemies. It also has a function in courtship. In cooler weather and after repeated disturbance, the insects fly quietly. The females can rattle while sitting or jumping. </p>","https://bio.acousti.ca/node/47655"
"47657","behaviour","<p>Sound-production is of no great importance in this species. The male produces quite short, soft sounds immediately before mating. </p>","https://bio.acousti.ca/node/47657"
"47659","behaviour","<p>Disturbed males fly effortlessly for 50m, producing, at the same time, a melodious whirring sound, much softer than in <em>Psophus stridulus. </em>The females also fly with a whirring sound, but only for short distances. The insects can also fly silently. During courtship the whirring male flies around the stationary female. </p>","https://bio.acousti.ca/node/47659"
"47661","behaviour","<p>The males are visually attracted to flying females. When several males are together they produce short, trilling sounds. </p>","https://bio.acousti.ca/node/47661"
"47663","behaviour","<p>The males produce snapping sounds audible from about 10m. To do this they lift one hind leg (sometimes both) and flick the tibia backards. In this way the apical spines of the hind tibia are struck against the fore wing. These tibial &#39;flick-sounds&#39; are produced in an irregular series as the calling song, and also by both sexes, when disturbed, as a defensive sound. </p>","https://bio.acousti.ca/node/47663"
"47665","behaviour","<p>The stridulatory apparatus consists of a smooth vein on the fore wing and a keel with fine pegs on the inner side of the hind femur. The songs are very varied and characteristic. In most species there are differnt types of song, the principal ones being the calling song (to attract the female), rivalry song (when males meet) and courtship song (in pairing). It is sometimers very difficult to identofy the species, but studying the songs makes it much easier even in difficult cases. </p>","https://bio.acousti.ca/node/47665"
"47666","behaviour","<p>The males, which are proficient fliers, produce a rattling sound in flight, which is softer than <em>Psophus</em> and <em>Bryodema</em>. On landing they ofyten produce a lod, rasping &#39;re&#39; by a single, short stroke of the hind femora against the fore wings. The same sound is produced together with a whirring sound in the calling song, roughly &#39;re-chshsh-re-re&#39;. </p>","https://bio.acousti.ca/node/47666"
"47668","behaviour","<p>The song consists of short chirps <em>c.</em> 0.5-1 sec. long, which follow one another at intervals of about 5-10 sec. A single chirp is composed of three to nine syllables and can be represented as &#39;zizizizizi&#39;. </p>","https://bio.acousti.ca/node/47668"
"47670","behaviour","<p>The song is very soft, audible from about 3m, and consisting of quite short chirps with four to six syllables, which merge at higher temperatures into a short &#39;zrrr&#39;. </p>","https://bio.acousti.ca/node/47670"
"47679","behaviour","<p>Der Gesang ist leise bis m&auml;&szlig;ig laut und besteht aus Reihen von Einzelsilben, die in Anst&auml;nden von 0,2-3s vorgetragen werden. Die L&auml;nge der Silben ist unterschiedlich und l&auml;nger als bei Phaneroptera falcata. Das Maximum der Lautst&auml;rke liegt bei 14-22kHz und somit &uuml;berwiegend im h&ouml;rbaren Bereich. Der Gesang wird vom sp&auml;ten Nachmittag bis zur Morgend&auml;mmerung vorgetragen; bei bedecktem Himmel singt die Art auch am Tag. </p>","https://bio.acousti.ca/node/47679"
"47681","behaviour","<p>Id&auml;nhepokatin &auml;&auml;ntely muistuttaa suuresti lehtohepokattia, mutta se ei ole kaksi-iskuista, vaan sirahdukset toistuvat tasajakoisesti (CD6) (kuva s. 69). Toinen selke&auml; ero on p&auml;iv&auml;ajan &auml;&auml;ness&auml;, joka ei ole yht&auml;jaksoista, vaan koostuu &auml;&auml;nenvoimakkuudeltaan kasvavista, yleens&auml; 1-7 sekuntia pitkist&auml; sirahdussarjoista (CD 5). Id&auml;nhepokatin &auml;&auml;ni on hieman matalamppa kuin lehtohepokatin, &auml;&auml;nenvoimakkuuden huippu on noin 8 kHz:n taajuudessa (toinen vaimeampi huippu on noin 16 kHz:n taajuudessa).</p>
<p>Sirahdusten m&auml;&auml;ra on l&auml;mp&ouml;tilasta riippuen yleens&auml; 10-50 sekunnissa.Hyvin l&auml;mpim&auml;ll&auml; s&auml;&auml;ll&auml; sirahdukset voivat sulautua yht&auml;jaksoiselta kuulostavaksi &quot;huudoksi&quot;. Laji voi siritt&auml;&auml; viela v&auml;h&auml;n alle kymmenen asteen l&auml;mp&ouml;tilassa. Hyviss&auml; olosuhteissa id&auml;nhepokatin &auml;&auml;ni kuuluu yli sadan metrin p&auml;&auml;h&auml;n.</p>
<p>Lehtohepokatin tavoin id&auml;nhepokatti aloitta siritt&auml;misen yleens&auml; iltap&auml;iv&auml;n, mutta l&auml;mpim&auml;n&auml; p&auml;iv&auml;n&auml; jo aamup&auml;iv&auml;n puolella. Siritys jaktuu aamuy&ouml;h&ouml;n, jos l&auml;mp&ouml;tila ei laske liikaa. Koiraat siritt&auml;v&auml;t tyypillisesti kasvien ylemmiss&auml; osiisa, ja jos yksil&ouml;it&auml; on paljon, niill&auml; on taipumus j&auml;rjest&auml;yty&auml; siritt&auml;m&auml;&auml;n tasaet&auml;isyydelle toisistaan, esimerkiksi 3-5 metrin v&auml;lein. Naaras l&ouml;yt&auml;&auml; koiraan luo sirityksen ja sirityksest&auml; aiheutuvan kasvin v&auml;r&auml;htelyn perusteella. Tieteellinen lajinimi cantans (lat.) tarkoittaa &#39;laulavaa&#39;. </p>","https://bio.acousti.ca/node/47681"
"47702","behaviour","<p>The calling song is one of the most characteristic grasshopper songs. It consists of a buzzing sound lasting 10-20 sec. regularly rising and falling in pitch (comparable to a siren). It is rather soft and hesitant at the start, but soon reaches full intensity (when it is audible from about 5m). The start can be represented as &#39;zi-zi-zuizuizuizui...&#39;. During the song one hind femur is drawnacross the fore wings slightly in advance of the other, so that they are temporarily displaced (see upper illustration). The courtship song in frontof the female is quite different: in its first phase consiting of short, sharp sounds (&#39;tsitsitsitsi&#39;); in its second, like the calling song. </p>","https://bio.acousti.ca/node/47702"
"47709","behaviour","<p>Vocalisations of Boophis ankarafensis sp. n. were recorded on thirteen occasions between October 2011 and January 2012. No males were found in calling activity between January and February 2013 (later in the wet season). Calls were detected from just 8 of the 37 locations monitored on the peninsula (Fig. 4). All eight of these locations were along the banks of a single stream in Ankarafa Forest. Vocalisations were detected within 3978 minutes of acoustic recordings and averaged 306 &plusmn; 181 minutes per night (n = 13). A total of 59.8% of these minutes contained vocalisations emitted by a single male caller, with the remainder emitted as a chorus of two or more callers. Total activity equalled 5576 minutes and average per night activity amounted to 429 &plusmn; 273 minutes (n = 13). Levels of calling fluctuated throughout the night (Fig. 5); there was a peak in activity just after dusk, followed by a slow decline until dawn, when the fewest vocalisations were detected (y = 0.019e-0.015x; R2 = 0.582).</p>
<p>The acoustic repertoire consists of two note types: a multi-pulsed trill (type 1; Fig. 6A) and a 1-3 pulsed click (type 2; Fig. 6B). Only 11 of the 13 occasions produced recordings of a sufficient audio quality to perform spectral analysis. Measurements were taken from five representative notes of each call type per night, thus a total of 55 trill notes and 55 click notes were measured (Table 3). From a subset of five trill notes, acoustic parameters were measured for ten sequential broadband pulses and ten sequential narrowband pulses per note. The environmental temperature of the recorded trill notes ranged between 25.2 and 30.3 &deg;C (27.4 &plusmn; 1.08 &deg;C, n = 55) and of the click notes between 22.9 and 29.7 &deg;C (26.7 &plusmn; 1.41 &deg;C, n = 55).</p>
<p>The trill note measured 4.29 &plusmn; 1.29 s (1.614&ndash;8.091 s, n = 55) and is composed of alternating broadband and narrowband pulses. These notes had a broadband pulse rate of 15.0 &plusmn; 1.19 pulses/s (11.7&ndash;17.3 pulses/s, n = 25) and peak frequency of 4.14 &plusmn; 0.131 kHz (3.69&ndash;4.48 kHz, n = 55). Broadband pulses measured 3.47 &plusmn; 0.485 ms (2.50&ndash;5.06 ms, n = 50) whereas narrowband pulses were slightly longer at 17.9 &plusmn; 2.56 ms (11.2&ndash;25.1 m; n = 50). The broadband pulse had a peak frequency of 4.19 &plusmn; 0.122 kHz (3.91&ndash;4.34 kHz; n = 50), whereas the narrowband pulse measured 4.15 &plusmn; 0.108 kHz (4.00&ndash;4.31 kHz, n = 50). Bandwidths were 0.288 &plusmn; 0.169 kHz (0.120&ndash;0.780 kHz, n = 50) for the broadband pulse compared to just 0.155 &plusmn; 0.036 kHz (0.129&ndash;0.280 kHz, n = 50) for the narrowband pulse when measured at a -10 dB threshold. The majority of click notes consisted of two pulses, although singular and triple pulses were also observed. Click notes had a total duration of 52.9 &plusmn; 5.20 ms (40.0&ndash;68.7 ms; n = 55) and peak frequency of 3.95 &plusmn; 0.162 kHz (3.57&ndash;4.30 kHz; n = 50). Bandwidth of the click note measured 0.538 &plusmn; 0.234 kHz (0.120&ndash;0.143 kHz) at a -10 dB threshold.</p>
<p>The advertisement call of Boophis ankarafensis sp. n. sounds similar to that of the morphologically similar Boophis bottae; with both species possessing a trill note and a click note in their acoustic repertoires (Vences et al. 2006; Rosa et al. 2011). However, a number of differences can be used to distinguish them. In our comparison with Boophis bottae we selected only those notes recorded at a similar ambient temperature, and we have also distinguished the two pulse types of the trill by their relative differences in bandwidth, rather than duration as used by Vences and Glaw (2002); the broadband pulse and narrowband pulse of Boophis ankarafensis sp. n. are equivalent to the shorter and longer duration pulses of Boophis bottae respectively.</p>
<p>The trill note (type 1) of Boophis ankarafensis has a faster broadband pulse rate than the trill of Boophis bottae (13.4&ndash;13.5 pulses/s, 25.2 &deg;C versus 8.12&ndash;11.6 pulses/s, 23.0 &deg;C). The click note (type 2) of Boophis ankarafensis sp. n. usually contains just two pulses, and only rarely consists of three, in contrast the click notes of Boophis bottae are usually three-pulsed. Although only slightly divergent, it is discernable that the spectral frequency of the click note is lower in Boophis ankarafensis sp. n than in Boophis bottae (3.75&ndash;3.84 kHz, 22.9 &deg;C versus 4.23&ndash;4.42 kHz, 23 &deg;C). The trill note of Boophis ankarafensis shows a slightly lower broadband pulse peak frequency (4.10&ndash;4.24 kHz, 25.2 &deg;C versus 4.30&ndash;4.64 kHz, 23 &deg;C) but a similar narrowband pulse peak frequency (4.18&ndash;4.31 kHz, 25.2 &deg;C versus 4.23&ndash;4.42 kHz, 23 &deg;C) in comparison to Boophis bottae. </p>","https://bio.acousti.ca/node/47709"
"47735","behaviour","<p>Data available for E. surinamensis and E. guyanensis only: these are diurnal species, living in open areas of rain forests (along roads, in natural or man-made clearings). Both sexes are found near the ground, in the leaf litter or some- times on low plants, from where males sing. </p>","https://bio.acousti.ca/node/47735"
"47736","behaviour","<p>Calling song. &ndash; Continuous trill with broad amplitude modulation (Robillard 2004). </p>","https://bio.acousti.ca/node/47736"
"47737","behaviour","<p>Calling song. &ndash; Long, continuous trill with alternately low pitched (LP) and high pitched (HP) bouts (Desutter-Grandcolas 1998; Robillard and Desutter-Grandcolas 2004b). LP and HP song parts very regular in duration and frequency: LP, mean duration 262 ms, dominant frequency 4.4 kHz; HP, mean duration 179 ms, dominant frequency 14 kHz. </p>","https://bio.acousti.ca/node/47737"
"47738","behaviour","<p>A typical verse of L. fuscus calling song is a short, irregular chirp made of discrete sound syllables (mean syllable number&plusmn; SD = 30&plusmn; 2) (Fig. 30a, Table 1). It typically begins by a group of 1-2 syllables and is accelerated at the end. The syllable duration is almost constant (8&plusmn;1ms), whereas the syllable period is highly variable (19&plusmn; 8ms). Mean fundamental frequency of the song is 6.0-6.3 kHz (Fig. 30b), with no significant difference between the whole chirps and single syllables. </p>","https://bio.acousti.ca/node/47738"
"47740","behaviour","<p>As in L. fuscus, the calling song of L. linharensis (Fig. 31a) is a short, irregular chirp beginning with 1-2 isolated syllables and accelerated at the end. The mean number of chirps per minute, syllable number, chirps duration, syllable duration and number in accelerated part are not significantly different from that of L. fuscus (Table 1). However, mean syllable period (33&plusmn; 18 ms) and time separating the first 2 syllables from the rest of the chirp (132&plusmn; 32 ms) are most variable within L. linharensis song and most significantly different from L. fuscus characteristics. Median fundamental frequencies of both chirp and sylla- bles equal to 5.9 kHz (Fig. 31b), which is slightly lower than in L. fuscus. </p>","https://bio.acousti.ca/node/47740"
"47743","behaviour","<p>Several hypotheses were previously proposed about the evolution of acoustic devices and signals, using the phylogeny previously reconstructed with the morphological char- acters only (Robillard and Desutter-Grandcolas, 2004a,b,c).</p>
<p><br />
	In molecular and combined analyses, the mute species Swezwilderia bryani and Paranisitra longipes are never sister clades; despite the unstable position of Swezwilderia, the hypothesis of multiple and independent losses of acoustic communication (Alexander, 1962; Otte, 1992) is corroborated here in Eneopterinae. These losses however appear as direct evolutionary events, involving no intermediate state between functional acoustic devices and their loss. These results thus partly invalidate previous hypotheses about the loss of acoustic communication in crickets, generally considered as a sequential, regressive process (Alexander, 1962; Otte, 1992).</p>
<p><br />
	The analysis of the patterns of evolution of male fore-wing venation revealed that the diversiWcation of acoustic devices originates from two processes, a continuous and regular modification process, responsible for slight venation changes; and an irregular, more intense punctuated process, allowing the emergence of divergent venations in Lebinthini, Nisitrus, Salmanites and in the clade (Ponca&ndash;Ligypterus). Among these clades, Lebinthini, Nisitrus and (Ponca&ndash;Ligypterus) are clearly supported by molecular and/or combined analyses. As mentioned above, the monophyly of Salmanites is not clearly recovered by combined analysis, though it is unambiguous on morphological basis and in the separate analyses of 12S, 16S and cytb. All the clades characterised by massive changes of venation and supporting the punctuated evolution hypothesis are well supported by our results. Previous conclusions on the evo- lution of acoustic devices in Eneopterinae are thus corroborated.</p>
<p><br />
	Concerning acoustic signals, a hypothesis of adaptive radiation for high-frequency calling in Lebinthini has been derived from the analysis of spectral characteristic of call- ing songs (Robillard and Desutter-Grandcolas, 2004b). This hypothesis is supported by our results: Lebinthini species are always grouped together, and even if Swezwilderia may jump into this clade, it would not invalidate the radia- tion hypothesis, because it is mute.</p>
<p><br />
	Further analyses of spectral components of the calling song also revealed a case of convergence involving three diVerent ways to produce high frequencies (Robillard and Desutter-Grandcolas, submit.), which occur independently in Eneoptera guyanensis, Cardiodactylus and (Agnotecous&ndash; Lebinthus). The topologies obtained here support the inde- pendent origins of these acoustic novelties: despite its unstable position in the tree, Eneoptera is never the sister group of Lebinthini, and Cardiodactylus and (Agnotecous&ndash; Lebinthus) are most often monophyletic and sister clades, as in the morphological phylogeny. </p>","https://bio.acousti.ca/node/47743"
"47746","behaviour","<p>The teeth of stridulatory file are arranged linearly and inclined from the outer to the inner side of the tegmen (Fig. 1). Each tooth is shell-shaped (Figs. 2, 3); the larger ones are distributed in the medium region of the file, with a gradual reduction in size towards the extremities.</p>
<p>The smaller teeth located at the outer (Fig. 4) and inner (Fig. 5) ends of the file show an asymmetric morphology, irregular alignment and intermittent distribution. Parallel to the anterior side of the file occurs a dense accumulation of microtrichias, forming a strip that is broadest where the biggest teeth are located (Figs. 1, 4, 5). There is a gradual reduction in the accumulation of microtrichias following the decrease in teeth size towards the file endings. There are no microtrichias where the smaller, asymmetric and intermittent teeth are located (Figs. 2, 3).</p>
<p>Close to the outer end of the file (postcubital area) there is a hair plate (Fig. 1).</p>
<p>Specimens from Foz do Iguaçu have a file with 82 &plusmn; 9.8 teeth, including the minor and asymmetric ones, with the length of the file equal to 1.89 mm &plusmn; 0.15, which is equivalent to 43.76 &plusmn; 5.94 teeth per mm. The population from Rio Claro presents a file with 87 &plusmn; 9.81 teeth, with 1.96 &plusmn; 0.19 mm of length, and 44.52 &plusmn; 4.61 teeth per mm. Statistical test had disclosed that the differences found between the two populations are not significant (p&gt;0,05).</p>
<p>The specimens from both places had been observed stridulating during the first hours of the morning, at nightfall and during the night. The calling song is a trill that alternates two distinct sets of notes, one of them (section a) with 0.6 s and the other one (section b) with 1.4 s (Fig. 6).</p>
<p>The section a includes 46 &plusmn; 3.74 (42 - 52, n=5) notes, each note with a duration of 0.009 s; the elapsed time between notes is 0.004 s (Fig. 7). The section b includes 80.8 &plusmn; 2.79 (77 - 85, n = 6) notes, with 0.012 s and the elapsed time between them of 0.007 s (Fig. 8).</p>
<p>In the section a, each note is composed of 24 pulses and in the section b, of 31 pulses (Figs. 9, 10, respectively). The minimum frequency of the calling song of specimens from Foz do Iguaçu is 2,706.7 &plusmn; 97.9 Hz (2497 &ndash; 2756, n=7) and the maximum frequency is 3,284.1 &plusmn; 153.5 Hz (3,014 &ndash; 3,445, n=7).</p>
<p>The minimum frequency of the specimen from Rio Claro is 2,325 Hz and the maximum frequency is 3,186 Hz. </p>","https://bio.acousti.ca/node/47746"
"47756","behaviour","<p>The song consists of groups of 8-16 syllables, each followed shortly by an isolated syllable (Fig. 3 a, b). </p>","https://bio.acousti.ca/node/47756"
"47759","behaviour","<p>This subspecies was recently described from NE Romania and differs from the nominal form (Central Europe) mainly in acoustics and less in morphology. Males from the Moldavian populations sing shorter syllables, formed of 30-58 impulses and lasting for about 89-200 ms, while males of the nominal subspecies produce longer syllables, formed of 80-125 impulses and lasting for about 250-443 ms. The stridulatory&nbsp; le is shorter (195-229 pegs) in I. kraussii moldavica, compared with 260-305 pegs in I. kraussii kraussii (Iorgu &amp; Heller, 2013). </p>","https://bio.acousti.ca/node/47759"
"47762","behaviour","<p>The species sings at dusk and during the night, the calling song consisting of a temporal variable series of syllables, each formed of 74-118 impulses and lasting for 182-319 ms (Fig. 3 e, f). </p>","https://bio.acousti.ca/node/47762"
"47764","behaviour","<p>Bioacoustics: the calling song consists of a long series of echemes, each echeme formed of a group of 4-6 macrosyllables (containing 44-68 impulses and lasting for 28-40 ms), always followed by 2-4 microsyllables (formed of 2-7 impulses and lasting for 5-11 ms) (Fig. 3 g, h). </p>","https://bio.acousti.ca/node/47764"
"47766","behaviour","<p>Bioacoustics: the song consists of a long series of trisyllabic groups. Syllable length varies between 18 - 31 ms, the last one with highest sound amplitude (Figs 3 i, j; 4 b). </p>","https://bio.acousti.ca/node/47766"
"47787","behaviour","<p>The songs, obtaining several echemes, sound like electricity but discontinue (Fig. 7A). Echemes possess interval (0.842 &plusmn; 0.279 s) and each of them is constructed by six or seven elements (Fig. 7A; Table 2). These elements are constituted by one, four, or five syllables and the elements are separated by some intervals (0.061 &plusmn; 0.011 s) (Fig. 7B; Table 2). Echemes last for 0.330 &plusmn; 0.054 s (Table 2). The frequency ranges are mostly between 4.875 kHz and 8.625 kHz (the maximum could be 9.75 kHz sometimes) with peak frequency 6.072 &plusmn; 0.134 kHz (Table 2). Regarding spectro-temporal variation (Fig. 7B), the first harmonics in one element are almost continuing and each of them is slightly bent at median. The second harmonics bent and become thicker distally. The third harmonics are weak and similar to the second ones. </p>","https://bio.acousti.ca/node/47787"
"47793","diagnostic","<p>Gryllus campestris (Linné, 1758) (Figs. 1; 8; 15; 22) - has one of the most known songs in the animal kingdom. This calling song is composed of echemes of 3 (rarely 4-5) hemisyllables, each echeme having 0,2 seconds. The song is in crescendo from the first to the last hemisyllable. The gaps between echemes are variable between 0.1 and 0.3 second at 20-22oC. It stridulates from May to June, mostly in the evening and at night. The stridulation is very intense being heard from over 90-100 meters. The pars stridens has approximately 4.6 mm (the area with stridulatory pegs) and a number of 150 pegs. </p>","https://bio.acousti.ca/node/47793"
"47796","behaviour","<p>Acheta domestica (Linné, 1758) (Figs. 2; 9; 16) - the calling song is composed from echemes of 2-3 hemisyllables, each echeme having 0.2 seconds. Gaps between echemes are variable between 0.8 and 1 second at 27oC. The species stridulates especially in the summer, though adults can be found all year long. It stridulates at night and the stridulation can be heared from over 10-15 meters. The pars stridens has approximately 3.1 mm (area with stridulatory pegs) and 171 pegs. </p>","https://bio.acousti.ca/node/47796"
"47797","behaviour","<p>Melanogryllus desertus (Pallas, 1771) (Figs. 3; 10; 17) - the species stridulates from June to September, in the evening and at night. The calling song is composed from echemes of 12-13 hemisyllables and the gaps between echemes are very variable, from 0.1 and 0.5 second at 30oC and sometimes more than 1 second at a temperature below 20oC. An echeme has 0.2 &ndash; 0.3 seconds.</p>
<p>he stridulation begins in the afternoon and lasts until late at night; it can be heared from more than 15 meters. The pars stridens has approximately 2,5 mm (the area with stridulatory pegs) and 136 pegs. </p>","https://bio.acousti.ca/node/47797"
"47799","behaviour","<p>Modicogryllus frontalis (Fieber, 1845) (Figs. 4; 11; 18) - males can be heared stridulating from early July until late September. The echemes are composed of 18-20 hemisyllables and the gaps between those echemes are variable between 0.1 and 3 seconds, depending on the temperature. For example, at 29oC those gaps are 0.2-1.5 seconds. The echeme has 0.2-0.3 seconds. Modicogryllus frontalis begins its stridulation in the afternoon and at night, but not rarely we can hear this species singing at day time (especially in sunny days). Pars stridens is approximately 1,2 mm long (area with stridulatory pegs) and has 139 pegs. </p>","https://bio.acousti.ca/node/47799"
"47801","behaviour","<p>Song characteristics: echemes have 0.7-1 second; gaps between 2 consequent echemes: 0.2- 2seconds; number of hemisyllables of an echeme: 5-6. This species stridulates between late June and late September, in the afternoon and at night. The song can be easily distinguished from the Modicogryllus frontalis stridulation, as the oscillogram shows. Both species stridulation can be heared from more than 20 meters, mentioning that the Modicogryllus truncatus song is a little louder. The stridulatory pegs area of the pars stridens has approximately 1,4 mm and 122 pegs. </p>","https://bio.acousti.ca/node/47801"
"47803","behaviour","<p>Pteronemobius heydenii (Fischer, 1853) (Figs. 6; 13; 20) - this species stridulates from May to July; stridulation being emitted all day long and sometimes at night. It can be heard from maximum 30 meters, but the individuals can hardly be located. The echeme has 1.5-3 seconds and each echeme is composed from more than 50-60 hemisyllables. Gaps between echemes can be from 1 to 5 seconds long, depending on the temperature: as higher the temperature, as shorter the gap is. The pars stridens has approximately 0.9 mm (the area with stridulatory pegs) and a number of 105 pegs. </p>","https://bio.acousti.ca/node/47803"
"47805","behaviour","<p>Oecanthus pellucens (Scopoli, 1763) (Figs. 7; 14; 21) - this species calling song is very common and well known because it can be heard everywhere with exception of the mountains. The species stridulates at night and very rarely we can hear it singing during day time, usually in late autumn. Each echeme has a number of 25-40 hemisyllables and a 0.8-1.2 seconds length. Gaps between two successive echemes are 0.4-1 second long. In the warm nights, the gaps have a very small lenght, meanwhile in the colder autumn nights the gaps have a bigger length, sometimes up to more minutes. The pars stridens has approximately 1.5 mm (area with stridulatory pegs) and only 46 pegs. </p>","https://bio.acousti.ca/node/47805"
"47810","behaviour","<p>The calling song of male G. integer consists of chirps with two or three sound pulses each (carrier frequency of approximately 4.2 kHz). Males call in trains of chirps, defined as bouts, comprising a period of calling with no pause greater than 100 ms (Fig. 1A) (Hedrick, 1988). A male&rsquo;s calling bout length is heri- table, and females preferentially approach sources of calls with long bouts versus those with short bouts (Hedrick, 1986, 1988). By contrast to calling song, courtship song in G. integer consists of 4.2 kHz sound pulses interspersed with higher amplitude, higher frequency (13 kHz) single sound pulses (Fig. 1B). </p>","https://bio.acousti.ca/node/47810"
"47818","behaviour","<p>The calling song of males of E. bordigalensis from Novosedly consists of long, uninterrupted sequence of syllables which lasts several minutes. The normal duration of syllables were 0.122-0.149 s (r=0.132 s) and they are were consisted of 11-13 impulses (Fig. 5); among the normal syllables the shorter syllables were irregularly inserted (duration 0.023-0.088 s; 1-7 impulses) (Fig. 5). The intervals between the syllables were 0.120-0.530 s (r=0.300 s). The carrier frequency of the song shows a band between 4.6-15.5 KHz (Figs. 5 and 6). The song has low intensity (e.g. in comparison with Gryllus campestris LINNÉ, 1758) and it could not be usually heard from the distance longer than 10m. Crickets have night stridulating activity. First males started to sing at the late afternoon (at 7 p.m. 15.07.2005) and regularly stridulated from the sunset to the midnight which corresponds with field observation.</p>
<p>The oscillograms of the song of E. bordigalensis was previously published and commented by RAGGE and REYNOLDS (1998). The song of E. bordigalensis from France and Italy described by these authors slightly differs from our results. The authors found calling song consists of syllables repeated at the rate of about 2.5-4.0s and each composed of about 14-20 impulses. Each syllable lasted about 0.150-0.270s. The frequency of the carrier wave was 3.5-5 kHz. The differences can show to little local differences in song structure. For the comparison it is required to have material from more parts of the distributional area. The divergence of songs can be also caused by recording in lower temperature, when these authors used recordings in temperatures of 15&deg;C and 22&deg;C.</p>
<p>RAGGE and REYNOLDS (1998) also summarised older references to song of E. bordigalensis. More recently, the song was briefly described also by VAN ELST &amp; SCHULTE (1995) and BENNET-CLARK and BAILEY (2002). VAN ELST and SCHULTE (1995) mentioned that the song is regular and consists of 2 syllables/s at 17 &deg;C and 1 syllable/s at 12 &deg;C. BENNET-CLARK and BAILEY (2002) described the song as short trills with dominant song frequency at 5 kHz. </p>","https://bio.acousti.ca/node/47818"
"47822","behaviour","<p>The song of the male found in Montemor-o-Novo ( g. 2) differs from that of the males collected in italy (schmidt 1996a, abb. 12). The loud calling song consisted of a series of very short syllables, sometimes repeated fairly regularly, at a rate of about 16/s at relatively high temper- atures. The interval between successive syllables was very short (about 30-110 ms). The song continued for inde nite periods, often for many minutes. The oscillographic analysis showed that diplosyllables were emitted. The opening stroke is always faint and clear, but the audible sound is produced by the closing stroke of the elytra. The loud part of the hemisyllable lasts for about 5 ms. Ragge &amp; Reynolds (1998) also report- ed some differences in the songs of males collected in france. </p>","https://bio.acousti.ca/node/47822"
"47824","behaviour","<p>The calling song of two males was recorded (one viewed in&nbsp; g. 2). It consists of a long sequence of echemes (chirps) lasting several seconds (5-6 s), comprising about 32-43 macrosyllables and often ending with 5- 6 microsyllables. within one echeme the syllables are fairly uniform in duration and are repeated at the rate of about 30 ms. The analysis of the oscillogram shows that opening hemisyllables are absent, as reported by Ragge &amp; Reynolds (1998) for males from southern France. The closing macrosyllables lasted for 105-110 ms and the microsyllables 5-10 ms at 19&deg;c, at night (22oo).The macrosyllables were repeated at an ascend- ing rate from 45 to 60 ms. The microsyllable sequence, at the end of an echeme, lasted for 0.6 s at the most. The echemes began quietly, reaching a maximum, and remaining at this intensity, after four to eight syllables, until the call ended. almost all macrosyllables ended with one, or two, strong strokes. The song shows some similarities with that of P. af nis (see Schmidt &amp; Schach 1978). </p>","https://bio.acousti.ca/node/47824"
"47826","behaviour","<p>The male calling song was recorded at a relatively low temperature (17&deg;C), after moulting to the adult stage at Hannover, and was some- what irregular ( g. 2). The quiet diplosyllables, each lasting for about 165-175 ms, are composed of an opening hemisyllable lasting for about 40 ms and a little louder closing hemisyllable, lasting for 100-120 ms, separated by a short interval of about 10 ms. The rate of repetition of the syllables was irregular, occuring at about 1-2/s, for long periods. The male calling songs recorded in france and spain reported by Ragge (1990) differ somewhat from those presented by schmidt (1989) for Italian individuals. </p>","https://bio.acousti.ca/node/47826"
"47828","behaviour","<p>Ragge &amp; Reynolds (1998) recorded male calling songs, produced during sunny days, consisting of very brief echemes. The specimens were collected in Spain (León, Orense). In Portugal (Serra do Alvão), males were sampled which produced either short echemes (with 6-7 or 9-11 syl- lables) or echemes with 14-16 syllables ( g. 5). This calling behaviour was individual-speci c and temperature dependant, occuring only around noon. The echemes were repeated at intervals of 6-8s. The oscillograph- ic analysis showed that each echeme begins with increasingly loud and short syllables (opening hemisyllables). Only the last 2-3 were diplosyl- lables, with very brief closing hemisyllables followed immediately by a longer diplosyllable, in which the closing stroke is three times longer than the opening stroke. in all cases, only the long echemes were fol- lowed by one, or two, diplosyllables after short intervals of about 0.5-1 s. </p>","https://bio.acousti.ca/node/47828"
"47830","behaviour","<p>The male calling song was presented by Ragge (1986) and is shown in&nbsp; g. 10 (two echemes). The calling song of a male is an echeme last- ing for about 1.0-1.5/s and constisting of about 20-22 syllables repeated at a rate of about 18-20/s ( g. 11). Each echeme begins quietly, rapidly increasing in intensity. The öscillographic analysis shows that the down- stroke hemisyllables have a characteristic pattern of gaps, which often become obscured towards the end of the echeme. The echemes are often produced singly and repeated at irregular intervals, as Ragge &amp; Reynolds (1998) reported. </p>","https://bio.acousti.ca/node/47830"
"47832","behaviour","<p>Ragge (1986) and schmidt (1999) reported the male calling song of this species from different sites where it was collected, either in spain or portugal.</p>
<p><br />
	The different song types are shown in&nbsp; gs. 11 and 12. The male call- ing song is an echeme lasting for about 1.0-1.5/s and consisting of 28- 35 syllables repeated at the rate of about 20 syllables/s, at 30&deg;C. Each echeme begins quietly, some times starting with a loud syllable and soon reaching maximum intensity. at the beginning some incomplete hemi- syllables were produced, after which syllable repeatition was similar dur- ing the course of the echeme.</p>
<p><br />
	The courtship song is quite different. sitting obliquely head-to-head the male stridulates intensively producing a quiet sound of a long mono- tone echeme, lasting for up to 6 s, and which is probably in uenced by temperature. At 17&deg;C, 11 syllables/s were produced. In total, up to 74 syllables per echeme could be counted. its structure was similar to that of the calling song. </p>","https://bio.acousti.ca/node/47832"
"47834","behaviour","<p>The song of the males of this species presented large variations, par- ticulary when compared with those recorded for males caught near ma- drid (Ragge &amp; Reynolds 1998) and&nbsp; g. 11. However, in both cases, the male calling song consists of a series of echemes, lasting for about 1.0- 1.7 s each, at 30&deg;C, made up of about 29-31 syllables repeated for un- de ned periods, at a rate of 15-17/s. In contrast to the males from Ma- drid, each echeme begins at a low pitch reaching maximum intensity af- ter about 1/3 of its duration. The oscillographic analysis showed that the sound consists of both upstroke and downstroke syllables, the later being longer and louder and lasting for 35 ms. The upstroke lasted for 20 ms and could always be recognized. p</p>","https://bio.acousti.ca/node/47834"
"47836","behaviour","<p>The male calling song and taxonomic measurements were presented by Ragge &amp; Reynolds (1988), showing that the species is closely related to C. (G.) brunneus which is distributed in central europe beyond the pyr- enees and in italy, as a special form. fig. 10 presents some echemes of the portuguese males. The male calling song is a sequence of usually 5-8 short echemes, each lasting for about 0.5s. The echemes usually consist of 5 syllables without recognisable intervals, but a short gap appears before the ending of the downstroke. up- and downstrokes are not clearly sepa- rated ( g. 10), as found in indivuals from Sierra Nevada (Schmidt 1999).<br />
	similarly to what happens between the related species, C. (G.) brun- neus, and C. (G.) jacobsi, which are sympatric in the Pyrenees, rival- ry singing between two males often takes place, as shown in&nbsp; g. 11. In such songs the echemes are shorter than in the male calling songs. in the present case, the males alternatedf at intervals of 1 s. </p>","https://bio.acousti.ca/node/47836"
"47843","behaviour","<p>The song of Hexacentrus unicolor consists of short chirps (approximately 50&mdash;100ms long) presented in a rhythm of about 2Hz (1.6-3.3 Hz). One chirp consists of a crescendoing group of pulses, which follow one another with a frequency of 320-415 Hz. The variation is principally due to different ambient temperatures (22.5-28.5&deg;C). The frequency spectrum shows two narrow maxima at 11 and 33 kHz and two submaxima at 22 and 44 kHz.</p>
<p>Data known from studies of other bushcrickets (e.g. Busnel, Busnel &amp; Dumortier, 1956) suggest that during one opening and closing sequence one chirp, comprising a group of pulses, is produced. However, recordings of the wing movements show that this is not the case in this species: with each cycle of movement only one pulse is created. Accordingly the frequency of the wing movements is very high (320-415 Hz, see above). The course of the stridulatory movement is shown in Fig. 2. Fig. 2A shows a long recording of the song, Fig. 2B gives a more detailed account of the generation of a chirp. Some time before the generation of sound, the elytra are moved with very high frequency; only after a short period of &#39;introductory swinging&#39; does the crescendoing tone start. The pulses always emerge during the second half of the closing movement of the wings (Fig. 2C). At the end of a pulse group the wings remain in an opened position for some time. During the successive closure of the wings an isolated sound pulse is created.</p>
<p>Throughout the song the animal is positioned in such a manner that its slightly opened elytra render the alae visible (see fig. 6 of Heller, 1983). The amplitude of the movement is very small and only a vibration is perceptible with the naked eye. An identical wing vibration can be recorded before the song. At this stage the movement is soundless, with almost the same rhythm, frequency and amplitude. The only difference from singing - except for the missing sound production - is that in most cases the elytra spring back without delay to the neutral position at the end of a chirp.</p>
<p>The frequency of the wing beat during flight is, as expected, far lower: 22-23 Hz (also measured opto-electronically on two females at 26 &deg;C). </p>","https://bio.acousti.ca/node/47843"
"47846","behaviour","<p>Males of G. australis produce a loud calling song from specialized burrows similar to those constructed by G.vineae (Bennet-Clark, 1970). The calling song of G. australis is a loud trill produced for 20&mdash;30min at dusk on summer nights, when the soil temperature is above 15&deg;C. At 23&deg;C the call has a carrier frequency of 2-54 kHz and a pulse repetition frequency of about 70 Hz. </p>","https://bio.acousti.ca/node/47846"
"47848","behaviour","<p>Males of T. commodus produce a complex calling song that contains two types of chirps, as described previously (Leroy, 1966; Hill, Loftus-Hills &amp; Gartside, 1972). For the purposes of the present study, the call of T. commodus at 23 &deg;C is assumed to consist of one complex chirp of five high-amplitude pulses with a repetition frequency of 15 Hz, and 12 smaller pulses at 25 Hz followed by a simple chirp of 12 small pulses, also at 25 Hz. This sequence of two chirps is repeated for the duration of the call at a rate of 30min<sup>-1</sup>. The carrier frequency of the call is 3-8 kHz at 23&deg;C (Hill, 1974). </p>","https://bio.acousti.ca/node/47848"
"47855","behaviour","<p>To the human ear, the song uttered by S. (T.) natalia can be distinguished from that of S. (T.) caliendrum. It is shorter, raspy, less intense and less musical than in S. (T.) caliendrum. In Fig. 5, we depict waveforms and spectrograms. Sciobia (T.) caliendrum shows a more continuous singing activity than S. (T.) natalia. Chirps are quite different between species. Chirps are 100ms in length with an uniform, low amplitude decay of 100-200 ms long (Fig. 5C) and are composed of 6-9 syllables of regular amplitude with the first to third increasing progressively and maintaining this maxi- mum to the end (Fig. 3E). The syllable presents ampli- tude modulation (Fig. 5G) at 6 and 5 KHz respectively (Fig. 5I) related with a trill-type sound effect. On the contrary, S. (T.) natalia chirp is longer (250-350 ms) (Fig. 5D) with an average of 25 syllables per chirp (range 23-28) and a progressive amplitude with sharp end (Fig. 5F). The syllable presents an only compo- nent at 7 Khz (Fig. 5H).</p>
<p>....</p>
<p>According to our field observations, we believe that an important reason for S. (T.) natalia going unnoticed is the coexistence in mosaic areas of appropriate microhabitats with S. (T.) caliendrum, a more conspicuous relative species. In the appropriate dates, S. (T.) caliendrum is extraordinary noisy and visible in areas where S. (T.) natalia can also be pres- ent. Sciobia (T.) caliendrum may be present at high densities in certain plots where choruses are heard everywhere with a louder and ubiquitous song, mask- ing the presence of S. (T.) natalia, even if recognized by ear. Under the same situation, most of the visual contacts are for S. (T.) caliendrum that is easier to find in plots with bare ground or with short or sparse vegetation. A shallow evaluation probably result in S. natalia going unnoticed, which may be the case in some of the many areas in which we found S. (T.) caliendrum. (3) The lack of researchers devoted to studies of classical taxonomy, species discovery, descriptive work on faunistics of arthropods and prone to combine museum with field research. This is a serious problem for biodiversity assessment and respond to the low promotion value and poor fund- ing of these kind of studies, particularly neglected for many decades (e.g. Wheeler et al., 2004).</p>
<p>...</p>
<p>The crowd courtship of Sciobia (T) crickets, sing- ing and moving in large numbers in certain plots of the Cádiz province, is an entomological phenomenon worth preserving for Europe. </p>","https://bio.acousti.ca/node/47855"
"47883","behaviour","<p>Temporal pattern<br />
	A trill sounds like a faint buzzing that increases in volume and ends abruptly (maximum intensity 30 dB SPL at 1 m). The trill is composed of a train of pulses (syllables) produced at a uniform rate but continuously increasing in amplitude (Fig. 2).<br />
	The intervals between successive trills are variable. According to the general principle of cricket stridulation, every pulse is produced by the interaction between the file and plectrum during a single closing of the wings. The wingstroke rate therefore determines the pulse rate, whereas the tooth-strike rate, in interaction with the vibration of the sound radiator, determines the carrier frequency (Bennet-Clark, 1989). At 27&nbsp; ̊C, trill durations of 2.1&plusmn;0.3 s (mean &plusmn; S.D.) were measured (8 individuals, 10 trills each). Each trill was composed of 261&plusmn;39 pulses, which gives a mean pulse rate of 124 pulses s 1 (mean pulse period 8 ms). The pulse duration (pd), the number of cycles of the carrier frequency per pulse and the pulse amplitude (pa) increase continuously during a trill (pd from about 1 to 7 ms; number of cycles from about 9 to 30; pa, 10 dB rise ratio). Carrier frequency (see below) and pulse period (pp) remain constant.</p>
<p><br />
	Carrier frequency<br />
	The file-and-plectrum mechanism and tuned sound radiator (see below) emit tone pulses of a nearly pure frequency. Because of its predominant character, the fundamental frequency can easily be calculated by counting the cycles from an oscillogram (film speed 8ms 1). For five animals, every successive tenth pulse within a trill (recorded at 27 ̊C) was analysed in this way. The pulses may differ in amplitude (Fig. 2A) but their frequency does not. Nevertheless, each individual had its own characteristic frequency within the range 5.7&plusmn;0.1kHz (N=25 pulses) to 6.1&plusmn;0.2kHz (N=27 pulses). </p>","https://bio.acousti.ca/node/47883"
"47887","behaviour","<p>Calling song (Figs 15&ndash;17). Field recorded in 19.iii.2011, at 19h30, ambient temperature at 14oC; trill with dominant frequency of 2422 Hz, pulse period of 0.037s, and pulse rate of 28 pulses/second. </p>","https://bio.acousti.ca/node/47887"
"47963","behaviour","<p>The stridulation of Atlanticus testaceus has been described in the literature (Cantrall, 1943, Davis, 1893, et al), so its general character is well known. Other apsects of the stridulation and associated behavior are not as well known. The pitch of the call is altered under cool conditions and becomes a short, sputtery creak rather than its usual zzzzp-zzzzp-zzzzp-zzzzp expressed again and again. It appears that more than one kind of call characterizes the species. There may possibly a distinct mating sound, for a mature female approaching a calling male may elicit a change in his even trill to a slower, interuppted clatter. There is sometimes an alarm call. Atlanticus males, when picked up or otherwise disturbed, sometimes emit a single loud zik, often in association with escape behavior. </p>","https://bio.acousti.ca/node/47963"
"47965","behaviour","<p>A male (SDBDU 2015.3070, from Manipal) of Fejervarya rufescens produced a single type of call with pulsatile temporal structure (Figs. 8A&ndash;C). Calls were not delivered in groups and had uniform intervals. A typical advertisement call (Fig. 8B) had a duration of 233.7 ms with 52 pulses delivered at a rate of 227.1 pulses per second. Call had a rise time of 221.9 ms and a short fall time of 11.2 ms. The spectrum was characterized by two broad peaks with a dominant frequency of 2.9 KHz (Fig. 8D). The animal was recorded on 13 July 2015, around 20:00 hours. Air temperature at the time of recording: dry bulb 27◦C, wet bulb 26.5◦C. For comparison with the call of Fejervarya manoharani sp. nov. see &lsquo;vocalization&rsquo; of that species. </p>","https://bio.acousti.ca/node/47965"
"47966","behaviour","<p>A male (ZSI/WGRC/V/A/950, from Chathankod-Bonnacaud) of Fejervarya manoharani sp. nov. produced a single type of call with a pulsatile temporal structure (Figs. 8E&ndash;G). Calls were not delivered in groups and had uniform intervals. A typical advertisement call (Fig. 8F) had a duration of 260.1 ms with 76 pulses delivered at rate of 301.5 pulses per second. Call had a rise time of 127.2 ms and a short fall time of 11.7 ms. The spectrum was characterized by two broad peaks with the overall dominant frequency of 2.6 KHz (Fig. 8H). The animal was recorded on 24 June 2015, between 19:00&ndash;21:00 hours. Air temperature at the time of recording: dry bulb 25◦C, wet bulb 24◦C.</p>
<p>In comparison to Fejervarya rufescens, the call of F. manoharani had a higher number of pulses, 76 pulses (vs. 52 pulses in F. rufescens) and was delivered at a faster rate, 301.5 pulses per second (vs. 227.1 pulses per second in F. rufescens). The overall dominant frequency of F. rufescens call (2.9 KHz) was higher compared to F. manoharani (2.6 KHz). The call rise time was also higher in F. rufescens, 221.9 ms (vs. 127.2 ms in F. manoharani), making the calls of both these species considerably distinct from each other (Figs. 8B, 8F). </p>","https://bio.acousti.ca/node/47966"
"47982","behaviour","<p>Song.&mdash; Time-amplitude-pattern. In Ectadia diuturna sp. n. one song unit typically lasted about 30 to 60 s (all data for 25&deg;C ex- cept otherwise mentioned; up to 80 s in the&nbsp; eld at 18&deg;C). It was followed by the next unit after a silent interval as short as some seconds, but also as long as some minutes. The shortest intervals were observed when males and females were in acoustical con- tact. Each unit contained four phrases each of which consisted of a different combination of micro- and macrosyllables. A simple and clear example is shown in Fig. 10A. However, often the differ- ent phrases were connected by transitional phrases. A song unit started with a series of tick-like microsyllables, separated by inter- vals of about 150 ms (phrase A; see Fig. 11 for details). Sometimes the intervals between the ticks were larger and more irregular. Be- tween these loud syllables (occasionally?) short and soft sounds were observed. At the end of a phrase typically two tick sounds fol- lowed each other quite closely (10 ms interval) a few times. Such phrases were also heard isolated outside complete song units, possibly representing unsuccessful attempts to start a song unit. After this phrase a series of macrosyllables followed (phrase B), in which always two types of impulse groups alternated, a long series (ca. 70 impulses; duration 120 ms), sometimes split into two or more by one or several unusually large intervals, and a short series (ca. 55 densely packed impulses; duration 30-40 ms). Both groups differed distinctly in carrier frequency (see below). In amplitude, this phrase was always lower than the loud phrase A. Its duration was the most variable of all phrases, from nearly missing up to ten seconds. Phrase C consisted of a long series of stereotypic ele- ments (period about 500 ms), each containing two pairs of im- pulse groups as seen in phrase B. These pairs were separated from the next pair by an interval of about 200 ms. During this interval one (or two) loud microsyllables were produced and addition- ally a series of softer isolated impulses. While in Fig. 10 an abrupt change from phrase B to C can be seen, in many other recordings there is a long transition with phrase C elements appearing more and more frequently (see e.g. Fig. 12). Phrase D&nbsp; nally consisted of several repetitions of the impulse series from phrase C (period about 400 ms) without macrosyllables.</p>
<p><br />
	The females responded near the end of a song unit (Fig. 12). They answered mostly not only once, but several to many times (1&ndash;25 responses per song unit). The responses occurred nearly al- ways during phrase D, and often also additionally at the end of phrase C. Very rarely they were heard during phrase A, in this case the females possibly assuming a late phrase D from the previous song unit. In many phaneropterine species, the females respond with a species-speci c delay after the male song or some parts of it (e.g. Heller and Helversen 1986). This is probably also the case in E. diuturna sp. n., but the response delay is dif cult to measure exactly, because often several possible trigger events are closely to- gether, and the response consists of several loud impulses distrib- uted over more than 100 ms. The delay is obvious in the range of 150&ndash;250 ms. In any case, often very soft impulses (more than 20 dB softer than the main response) were observed that occurred much faster (70&ndash;80 ms) than the loud impulses.</p>
<p><br />
	Carrier frequency.&mdash; During one song unit, parts with quite different spectral composition were observed. The short, tick-like elements of which phase A and D consisted and which occurred also in phase C, had always a quite similar spectrum. Its peak was situated at about 20 kHz, in the lower half with strong components starting abruptly at about 5 kHz, in the higher half continuously decreas- ing in power until 40 kHz (Fig. 13). Also the softer and shorter impulse groups found in phase B and C were similar to this pattern presenting a relatively narrow peak at 20 kHz and a side-peak at 40 kHz. However, the longer and often louder impulse groups from phase B and C differed distinctly. Their spectrum contained two clearly separated peaks. Besides a high and narrow peak at 10 kHz it showed a broad maximum at 60 kHz (Fig. 13). These impulse groups alternated with the shorter and softer impulse groups (see&nbsp; g. 5 in Heller et al. 2015). The female response had its maximum between 10 and 20 kHz (recorded in audible range only). </p>","https://bio.acousti.ca/node/47982"
"47983","behaviour","<p>Song.&mdash; Time-amplitude-pattern. The male calling song consisted of song units each lasting about 1.5 s repeated after an interval of about 4 s (Fig. 16A). Each was made of a series of microsyllables (about 15), repeated with 20 Hz, followed by a long series of impulses with decreasing intervals. This song unit is produced by opening the tegmina very widely, then closing and opening them several times only in part, resulting in the microsyllables. The microsyllables are not tick-like sounds as in E. diuturna sp. n., but consist of compact series each with a few impulses. Then the male closed the tegmina completely and very slowly. The contact of the scraper with the&nbsp; ne basal part of the&nbsp; le produced a long series of heavily damped im- pulses (Fig. 16; see also&nbsp; g. 7 in Heller et al. 2014).</p>
<p>The female responded immediately after the end of the male impulse series (Fig. 16), typically with one or a few impulses, oc- casionally with one or a small series up to a few hundred ms later in addition. Sometimes responses were observed even before the male series had ended.</p>
<p><br />
	Carrier frequency.&mdash; Both parts of the song unit had a quite similar spectral composition with two peaks (Fig. 17). Besides a narrow low-frequent peak around 10 kHz there was a broad maximum at about 50-60 kHz. The female response showed a peak at 20 kHz, in width and placement intermediate between the two male peaks.</p>
<p>Besides the acoustical signals soundless vibratory body move- ments were observed in both sexes.</p>","https://bio.acousti.ca/node/47983"
"47985","behaviour","<p>The stridulation (sound production) mechanism within Pamphagidae is very diverse because of the secondary adaptation of some structures for its function (Garc&iacute;a et al. 2014). Almost all cases of sound production in this family have been documented from females as part of the mating behavior. Sound production in males has very rarely been observed (L&oacute;pez et al. 2008). Our observations in the field, a product of good luck, for the first time document that the males of P. chopardi stridulate. As far as we know, no other record of stridulation within that particular genus exists.</p>
<p>The purpose of stridulation and the behavior of the males while producing the sounds is intriguing. No female was in sight. The two individuals were very active, moving along parallel paths, within less than a meter away from each other. An unresolved issue is whether the two males were stridulating as part of aggression behavior towards each other, or because of the disturbance caused by our presence, and not as part of an attempt to attract females for mating. &Uuml;nal (2007) reached similar results for the pamphagid genus Glyphotmethis, documenting that members of this genus produce sounds through Krauss&rsquo;s organ not to attract the different sex but for defense reasons.</p>
<p>The sound produced consisted of &lsquo;clicks&rsquo; easily audible from several meters away. We observed that they used a rubbing method, involving the movement of the hind &ldquo;feet&rdquo; (it is uncertain whether tarsi or femora are involved), up and down on the vertical axis. Paranocarodes species are extremely squamipterous, with only traces of tegmina found, so the emission of sounds by the males was not achieved by means of rubbing the tegmina against parts of the hind leg, but through a different way, involving most probably parts of the hind legs and the sides of abdomen. &Uuml;nal (2007), in his research on Glyphotmethis, observed that the sound was produced by rubbing the hind femur on Krauss&rsquo;s organ.</p>
<p>Massa (2012) studied a large number of Pamphagidae genera for their ability to produce sounds. Krauss&rsquo;s organ is a small plate situated on both sides of the second abdominal tergite in most pamphagids, and is supposed to have a stridulatory function by rubbing hind femurs against it. This method of sound production is considered most primitive. The species of genus Paranocarodes Bolivar, 1916 have only a just visible Krauss&rsquo;s organ and no specialized hind femur (Massa 2012), thus have probably abandoned this mechanism, and have secondarily adapted a more evolved method of sound production (Garc&iacute;a et al. 2014). The tympanum, a structure placed also on both sides of the abdominal tergites, although normally used for hearing only, in this case amplifies the emitted sounds. According to Massa (2012), members of Paranocarodes have a wide tympanum. Paranocarodes chopardi however does not seem to fit that rule as it has a very small tympanum (&Uuml;nal pers. comm. 2017). </p>","https://bio.acousti.ca/node/47985"
"47988","behaviour","<p>Description of structures involved in sound production<br />
	The structures involved in sound production are tegmina and wings. The tegmen is a lobe form, like a spatula, narrow and uniformly coloured. Its upper (dorsal) edge is almost straight and its apex is more or less rounded. On its inner side, there is a marked longitudinal ridge, located approximately in the proximal third (Figure 1). The wing is rudimentary (Figure 1), formed by an irregular rectangular lobe (1.8 &times; 0.6 mm in a living specimen) attached to the corpse by its inner margin and with its costal edge free, ventrally directed when in rest. The wing can be raised out of the body to a nearly horizontal plane.</p>
<p>Sound production<br />
	Sound produced by females when isolated from males has been the only registered sound under natural conditions. Females started to sing about 10&ndash;15 days after the last moult. Males never produced song, despite the fact that their tegmen and wing structure are similar to that of females, and when handled it is able to produce sounds that are similar to those of females.<br />
	Concerning sound production, it was observed that just before beginning of a song, the specimen contracts its body and then moves the tegmina away from and near to the body, without displacing them in the plane. This movement caused by the tegmina appears to hit the abdomen laterally. When the tap- ping finished, the abdomen relaxed.</p>
<p>Sound description<br />
	The song is composed of isolated echemes produced sporadically. No periodicity was observed. Echemes lasted 0.50 &plusmn; 0.12 s and were formed by seven syllables as a mean (min. four, max. 13). Syllables, lasting 0.008 &plusmn; 0.002 s, were emitted at a rate of 14.26 &plusmn; 4.76 syl/s.<br />
	In 55% of the recorded songs, the echeme is formed by single syllables (Figure 2). In 40%, sylla- bles are composed of two hemisyllables (Figure 3), both weak and loud, with the weakest one usually losing intensity as the echeme progresses. Echemes can start with either one weak hemisyllable (46.7%) or not (53.3%), thus making the starting syllable either double or single. In about 5% of the recorded songs, there were single and double syllables mixed, in addition to the starting syllable.<br />
	In 47% of the recorded songs, both loud and weak asynchronies in the syllables produced were observed (Figure 3). This is most likely due to imperfect synchronization in the movement of the tegmina during the song, as in Glauia durieui (Bolívar, 1878) (Johnsen 1972). Asynchronies are more evident and frequent in the first syllables of an echeme. In only one case, the echeme started synchronically and finished with asynchronic<br />
	Figure 2. Spontaneous song of Acinipe segurensis. a: with double syllables; b: with single syllables.<br />
	syllables. About 94% of asynchronic songs are com- posed of double syllables.<br />
	As concerns the frequency domain, the results show that the sound occupies a relatively wide band (8200 &plusmn; 2300 Hz), with the minimum frequency being around 2000 Hz and the maximum frequency at around 10,200 Hz. The frequency spectrum shows a &ldquo;double wave&rdquo; appearance, with the main peak at around 4000 Hz and a second one close to 8000 Hz (Figure 4a). When loud and weak hemisyllables are analyzed separately, the frequency spectrum offers similar results. However, the main peak shows differ- ences because while the main peak of the loud syllable matches the first one (around 4000 Hz), the main peak of the weak syllable matches the second one (around 8000 Kz) (Figure 4b and c).<br />
	As indicated in the Materials and methods, two different experiments were carried out to verify the structures involved in sound production by artificial handling of the wing and tegmen. Although the record- ings that were obtained did not usually offer a very good signal/noise ratio, they could be studied in the frequency domain. The resultant frequency spectrum was comparable to that of the spontaneous songs in the two different experiments (Figure 5a and b). When two hemisyllables were produced (Figure 6a), the main peak of frequency spectra of the loud and weak ones fit that of spontaneous loud and weak syllables, respec- tively (Figure 6b and c), thus suggesting that all sounds were produced by the same structures. In summary, the relation of tegmen and wing in sound production appears clear. </p>","https://bio.acousti.ca/node/47988"
"47990","behaviour","<p>The song consists of a trail of chirps produced approximately one each second (in males singing alone; in laternating males the chirp rate is slower). Each chirp consists of two parts - the first half consists of pulses with a period of approximately 20 ms, the second half contains chirps witha&nbsp; period of approximately 40 ms; during the second half the pulse period becomes steadily longer. The carrier frequency of pulses is about 4.5kHz betwen 20&deg;C and 24&deg;C.</p>
<p>Males may alternate in their chirping such that one male places his chirps halfway between two successive chirps of a neighbouring male. In these periods of alternation there may also be longer bouts of sychronized, i.e., simultaneous chirping. In alternating males teh chirp rate is slower (Fig. 2). </p>","https://bio.acousti.ca/node/47990"
"48014","behaviour","<p>Calling song (Figs 17&ndash;18). Recorded in laboratory, 18oC, 7 a.m., 08.xii.2016; calling song alternating chirps (section A) and trills (section B); section A: period, 0.14 &plusmn; 0.01s (0.124&ndash;0.17, n = 30); chirp rate, 8 chirps/s; 5 to 8 pulses per chirp, being 1.4% with five pulses, 15.5% with six pulses, 73.2% with seven pulses, and 9.86% with eight pulses; section B: pulse rate, 76 pulses/s. Dominant frequency, 7640Hz.</p>
<p>Paratype MW03, recorded in laboratory, 21oC, 6 a.m., 29.xii.2016; section A: chirp period, 0.14 &plusmn; 0.229s (0.109&ndash;0.221, n = 30); chirp rate, 7.9 chirps/s; 5 to 8 pulses per chirp, being 14.5% of chirps with five pulses, 27.3% with six pulses, 34.5% with seven pulses, and 23.6% with eight pulses; section B, pulse rate 79 pulses/s; dominant frequency, 7127Hz. </p>","https://bio.acousti.ca/node/48014"
"48015","behaviour","<p>Calling song (Figs 19&ndash;20, Tab. 1). Calling song emitted only in chirps; 4 to 6 pulses per chirp (percentage in the Table 1); chirp rate, 4.8 &plusmn; 0.65s (3.9&ndash;6, n = 30); chirp period, 0.20 &plusmn; 0.026s (0.17&ndash;0.25, n = 30); inter-chirp interval, 0.13 &plusmn; 0.03s (0.09&ndash;0.17, n = 30); dominant frequency 5910 &plusmn; 188Hz (5618&ndash;6134, n = 30); temperature from 17 to 25&deg;C. </p>","https://bio.acousti.ca/node/48015"
"48155","behaviour","<p>Stridulatory row in 2 studied specimens is about 2.9 mm long, 0.08 mm wide in middle, bearing about 100 (98 and 99) densely distributed teeth (Fig. 3B). Stridulatory row length, teeth number and distribution in I. pavelii and the other studied representatives of the Isophya rectipennis group are compared in Ta- ble 1. Female stridulatory apparatus is shown on Fig. 3C.</p>
<p>Song (Fig. 4) description (song terminology follows RAGGE &amp; REYNOLDS 1998 and HELLER et al. 2004). Male calling song consists of sequences (echeme-sequen- ces) of 5-13 syllables (mean 8.2 &plusmn;1.8, n=21), repeated in an interval of 9-15(26) s by actively singing males, especially when few males duetting; sometimes the interval is prolonged to more than half a minute. Each sequence starts with a slightly shorter syllable with lower amplitude; while the amlitude fastly reach max- imum in the next 1-2 syllables. The syllables are compact, decrescending, con- sisting of about 30-45 impulses. The length of sequences, syllables and syllables interval (here measured as the syllable and the following interval to the first im- pulse of next syllable) are influenced by the body temperature. At 25 &deg;C the re- spective duration was: sequences 3.7-7.3 s (mean 5.6 &plusmn;1.2, n=6) with number of syllables 6-10 (mean 7.5 &plusmn;1.4, n=6); first syllable interval 432-596 ms (mean 520 &plusmn;57, n=6), next syllable intervals 675-2000 ms (mean 960 &plusmn;321, n=34); first syllable ~40-50 ms, next syllables 89-112 (mean 102 &plusmn;9, n=5). At 27 &deg;C the dura- tion was: sequences 2.3.-5.5 s (mean 4.7 &plusmn;1.2, n=15) with number of syllables 6- 13 (mean 8.5 &plusmn;1.9, n=15); syllable intervals 428-846 ms (mean 588 &plusmn;107, n=37) (first syllable interval here does not differ much that the others); first syllable 26- 43 ms (mean 35 &plusmn;8, n=6), next syllables 54-95 (mean 68 &plusmn;11, n=34).</p>
<p>The frequency spectrum (Fig. 5) of the song lies between 10 and 20 kHz with a maximum at 13 kHz.</p>
<p>Generally the song much resembles those of I nervosa and I. ilkazi (as partly described in HELLER 1990), though good diagnosis is still difficult. On the contrary, the song of I. pavelii well differs from the song of I. rectipennis (see Fig. 5), which consists of echeme-sequences of more syllables (about 30), with a much higher repetition rate. The frequency spectrum is wider and higher &ndash; main part between 12 and 32 kHz, with a maximum at about 20 kHz. This is another evidence of the subgrouping within this species group. </p>","https://bio.acousti.ca/node/48155"
"50512","behaviour","<p>Nine different records were analysed to describe the male calling song of Caledopsalta ouitchamboensis sp. nov. The male calling song (Fig. 6) is composed of phrases between 3.4 to 3.9 s in du- ration and separated by intervals of 7.6 to 11.9 s (A); each phrase is composed by echemes emitted at a rate of 80 per second (B, C, D, E). The frequency content ranges from 6500 to 21 000 Hz. The main power (i.e. the frequency range de fi ning the majority of the call) is located between 12 500 and 16 000 Hz and a maximum frequency (i.e. the highest spike in power) of around 15 000 Hz.</p>","https://bio.acousti.ca/node/50512"
"50513","behaviour","<p>Seven different records were analysed to described the male call- ing song of Caledopsalta canteminvantum sp. nov. The male calling song (Fig. 11) is composed of two types of phrases: a long one, lasting between 3.5 to 4 s, and a short one, lasting between 0.45 and 0.75 s. The long phrase is a succession of echemes emitted at a rate of 18 per second; each echeme is formed by three groups of pulses. The short phrases are composed of 9 to 17 echemes emitted at a rate of 22 groups per second; each echeme is formed by two groups of pulses. The two phrases do not differ in their frequency content ranging from 9000 to 19 000 Hz with main power between 13 300 and 15 000 Hz and a maximum power at 14 000 Hz.</p>","https://bio.acousti.ca/node/50513"
"50514","behaviour","<p>
	Four different records where analysed to described the male calling of Caledopsalta sciaphila sp. nov. The male calling song (Fig. 16) is composed of sequences with a duration of 4.8 to 12.5 s and separated from one another by 7.1 to 8.8 s of silence. Each sequence is introduced by a short phrase composed of 1 to 5 groups of pulses, followed by a long phrase composed of 21 to 64 echemes. Each echeme is composed of 6 to 9 groups of pulses. Frequency ranges from 5500 to &gt; 22 500 Hz. The main power is located between 15 000 and 18 000 Hz, and the maximum power is located around 16 000 Hz.</p>","https://bio.acousti.ca/node/50514"
"50515","behaviour","<p>Three different records where analysed to described the male calling of Caledopsalta garrula sp. nov. The male calling song (Fig. 22) is composed of sequences lasting about 6 to 7 s and separated from each other by between 6.8 and 8 s (or more) of si- lence. A sequence is introduced by a short phrase where 3 or 4 echemes are emitted with progressive acceleration; the second phrase is a regular succession of groups of pulses emitted at a rate of 66 groups per second. The frequency ranges from 8000 to &gt; 25 000 Hz. The main power is located between 15 000 to 21 000 Hz, and the maximum of energy is located around 17 000 Hz.</p>","https://bio.acousti.ca/node/50515"
"50516","behaviour","<p>Seven different records where analysed to described the male calling of Caledopsalta johanae comb. nov. The male calling song (Fig. 25) is composed of a succession of long sequences, spanning approximately 9 to 10 s in duration and each separated by silence of 10 to 17 s. A sequence is formed by four phrases: the duration of the fi rst phrase varies from 1.5 to 1.9 s and is com- posed of short echemes lasting 0.02 s, each formed by two groups of pulses; the duration of the second phrase is shorter (0.6 s) and is formed by two types of echeme (one short, com- prising four groups of pulses, and one long, spanning 12 groups of pulses); the duration of the third phrase varies between 3 and 3.8 s and is composed of long echemes lasting 0.24 to 0.26 s and formed by 19 to 21 groups of pulses; the duration of the fourth phrase has the same basic structure as the second phrase but dif- fers in duration (from 3.0 to 3.7 s). The frequency ranges from 8000 to &gt; 22 000 Hz. The main power is located between 13 000 and 15 500 Hz, and the maximum power is located around 14 500 Hz.</p>","https://bio.acousti.ca/node/50516"
"50517","behaviour","<p>Five different records were analysed to describe the male calling of Caledopsalta judithae comb. nov. The male calling song (Fig. 28) is composed of a succession of sequences between 3 and 12 s in duration and separated by intervals of 4 to 8 s. Sequences are formed by a regular succession of short echemes, each containing two groups of pulses, and emitted at a rate of 22 echemes per second. The frequency ranges from 10 000 to &gt; 20 000 Hz. The main power is located between 13 500 and 16 500 Hz, with maximum power at around 14 500 kHz.</p>","https://bio.acousti.ca/node/50517"
"50519","behaviour","<p>The calling song of A. longipes males (Fig ure 2A) was produced in the late evening. The males were persistent singers, often singing for severa l minutes without any interruptions. Most stayed in one place, usually elevated, while singing, but some walked around without stopping to sing. The sound pressure level reached about 87 dB SPL in a distance of 10 cm caudal ( n = 4). The calling song cons isted of a sequence of verses that were separated into two pulses by a pause of about 16 ms (Fig ure s 2A, 2 C). These two pulses consisted of 2 to 7 impulses, which differed between the tested males (Fig ure 3), but all males had fewer impulse s in the first p ulse than in the second pulse. In one of the six males (M2 in Fig ure 3) the second pulse more than doubled the number of impulses in the first pulse. The impulse interval (3.5 ms, n = 2811; SD = 0.68) was similar in the first and the second pulse s (Fig ure 2C), which were separated by an interpulse interval of about 16 ms. The verse interval was about 50 ms. The mean verse duration was 40 ms (Fig ure 4A), and the mean number of impulses per verse was 8.53 pulses (Fig ure 4B). Disturbance stridulation (Fig ure 2B) could be more easily elicited during the day than during the night and from resting insects than from walking insects. For two males, recordings from both types of sounds were compared (Fig ure 4). The disturbance sound showed three characteristic diff erences to the calling song. First, the disturbance stridulation lasted only a few seconds. Second, the disturbance stridulation consisted of verses with only one pulse. Third, the pulses consisted of about 13 or 14 impulses per verse in contrast to the ma ximum number of 10 impulses per verse in the calling song (Fig ure 4A). The mean number of impulses per verse between the calling song and the disturbance stridulation was significant ly different (Fig ure 4; unpaired t - test; p &lt; 0.0001; t = 45.45; df = 1495; calling song: n = 1262; disturbance sound: n = 235) in both males. However, the duration of the verses of both sounds was not different (Fig ure 4B). The sound pattern resulted in two groups of interval durations (Fig ure 2D). The verse interval wa s rather variable (mean = 98 ms; n = 220; SD = 62.50), but the impulse interval (2.9 ms; n = 2028; SD = 0.78) was invariant and significant ly different from that of the calling song ( p &lt; 0.0001, unpaired T - test, dft = 26.13, df = 4837). Both types of song s had similar frequency spectra within the investigated range with a peak around 15 kHz and a steady decrease in the ultrasonic range (Figure 5).</p>","https://bio.acousti.ca/node/50519"
"50525","behaviour","<p><strong>Calling song</strong> (Figs 22&ndash;23, 28&ndash;29) The calling song of Ch. albomarginatus lasts for about 0.45&ndash;0.65 s. As a rule, a male produces 3&ndash;4, rarely up to 8 calling songs separated by intervals of 2&ndash;3 s. In albomarginatus, the legs vibrate synchro- nously in the very beginning of the calling song, whereas during the main part of the song, they move alternately, each leg at a rate of about 40/s. All the leg movements of the main part of the calling song are regular and of about equal amplitude. The sound pulses are produced during either up and down leg movements. Thus, the sound pulses follow rather regularly at a rate of about 70&ndash;80/s, separating by distinct gaps. Quite often, one loud pulse produced in the beginning of the song is separated from the following pulses. The calling song of albomarginatus may be distinguished from the song of all other spe- cies of this group by the lower pulse rate and the presence of distinct gaps between pulses.<br />
	<br />
	<strong>Courtship song </strong>(Figs 50&ndash;55, App. 2) Among all European species of the group, Ch. albomarginatus produces the simplest song regarding the number of the song elements and other features of the courtship behaviour. The courtship song of albomarginatus starts with an alternation of two elements, the A and B elements. The A elements are produced with legs vibrating rapidly (at 52&ndash;54/s) in a high position, the B elements are produced with legs held in a lower position and vibrating much more slowly (at 20&ndash;22/s). The A and B elements contain the pulses repeated at a rate of the corresponding leg vibration. About 15&ndash;30 s after the beginning of the courtship, a third C element appears. The last B ele- ment (B1), preceding the C element, has always a pause at about half of its duration. The element C is produced while the legs are in an extra-high position vibrating in a complex pattern: the low-amplitude vibrations alternate with the high-amplitude ones. Element C contains three-throw pulses; each middle pulse is often louder than the other two. In the very beginning of the C element, one louder and longer pulse is produced, called the C1 element. After the end of the C element, the A and B elements alter- nate again. In a fully developed courtship, each C element follows after 3&ndash;7 pairs of A/B elements. During A and B elements, the two legs are moved synchronously. In the very beginning of the C ele- ment, the legs are moved synchronously as well, but in the main part of the C element, the legs are moved alternately. In the beginning of courtship, A and B elements are almost of the same loudness (Helversen 1986), however, in the fully developed courtship, A elements are louder than B elements. There is some geographical variability in the number of A/B pairs between C elements and in the degree of the loudness increase of A elements during each cycle (compare Figs 50&ndash;52). Relative loudness of pulses in the C element slightly varies as well. </p>","https://bio.acousti.ca/node/50525"
"50526","behaviour","<p><strong>Calling song</strong> (Figs 24&ndash;27, 30&ndash;33) The calling song of Chorthippus oschei pusztaensis is different from the albomarginatus song by a higher rate of the leg movements (50/s) and a higher pulse rate (90&ndash;110/s). The legs in the nominate subspe- cies move even more frequently, at a rate of 60&ndash;65/s, and besides, these movements are modulated by a lower frequency of about 8/s. Oscillographic anal- ysis shows that the gaps between pulses are some- times distinct in the songs of pusztaensis, however, these gaps are completely absent from the songs of the nominate subspecies. In the latter subspecies, the sound is sometimes modulated in the ampli- tude. Other parameters of the calling song, like the number and duration of songs, are similar to those in albomarginatus.<br />
	<br />
	<strong>Courtship song</strong> (Figs 56&ndash;59, App. 2) Similarly to Ch. albomarginatus, the courtship song of oschei also starts with alternation of A and B ele- ments. The rate of the leg vibrations during A and B elements, as well as the leg-movement pattern producing A elements, in oschei are quite similar to that in albomarginatus. However, the leg movement pattern producing B elements is more complex than in albomarginatus. The rate of sound pulses in A and B elements is similar to that in Ch. albomarginatus: about 59&ndash;62/s in the A element and about 22&ndash;24/s in the B element. However in Ch. oschei, B elements are always of a higher intensity than A elements. After about 20&ndash;30 alternations of A/B pairs, a complex of B1-A1-C elements follows. In Ch. o. pusztaensis, an amplitude of the leg movements during the B1 element gradually increases and the sound loud- ness essentially increases as well (3&ndash;4 times higher in comparison to the loudness of B element). The B1 element lasts for 2 s on average. During the up movement, the legs produce a low-amplitude pulse, during the down movement &ndash; a high amplitude pulse. The high amplitude pulses of the B1 element follow each other rather regularly at a rate of about 20&ndash;30/s. After that, a rapid leg vibration at a rate of about 75&ndash;80/s produces a very short (about 0.18 s) element A1 that contains the pulses following at the same rate. The complex element C starts with lifting of the abdomen at a maximal angle of 50&deg;, accompa- nied with a fast movement of the legs into an extra- high position and a very characteristic stroke with the tibiae. The maximal angle between the tibia and femur is 100&ndash;130&deg;; the tibial stroke lasts for 0.2&ndash;0.4 s. During the up-stroke, the C1 element is produced. Then the tibiae come again to their normal position and the legs vibrate in a complex pattern. In two sub- species, B1 and C elements are different. In the B1 element of the nominate subspecies, the pulses fol- low regularly only in the first third of the duration of B1 element; then the pulse rate starts abruptly to be very low (5/s). The B1 element is shorter, lasting for 0.8&ndash;1 s. When producing the C element, after fin- ishing the tibiae stroke, the legs vibrate in a different pattern in the two subspecies. In Ch. o. pusztaensis the legs vibrate at a rate of 60&ndash;70/s modulated by the frequency of 15&ndash;20/s, whereas in Ch. o. oschei they vibrate at a similar rate of 55&ndash;60/s, however, this vibration rate is modulated by much lower frequency of 4&ndash;5/s. As a result, an amplitude-modulated hissing sound is produced in the nominate subspecies and a quieter sound without modulation of an amplitude is generated by Ch. o. pusztaensis. </p>","https://bio.acousti.ca/node/50526"
"50527","behaviour","<p><strong>Calling song</strong> (Figs 34&ndash;39) When producing the calling song, the male of karelini vibrates with the legs in a relatively simple pattern similar to the one of albomarginatus and oschei pusztanesis. During the main part of a song, the legs move alternately, each leg at a rate of about 45&ndash;60/s in k. karelini and at a rate of 70/s in karelini bruttius. In k. karelini, a first loud pulse and several subsequent quiet pulses are sometimes separated from the following pulses of a song by a pause. However, this feature may vary individually. The sound pulses of the main part of each song follow at a rate of 90&ndash;120/s in the nominate subspecies and at a higher rate of 130&ndash;140/s in k. bruttius.<br />
	<br />
	<strong>Courtship song</strong> (Figs 60&ndash;71, App. 2) The courtship song of Ch. k. karelini was analyzed on the basis of recordings from Ukraine (Askania- Nova), Russia (Volgograd region) and Turkey (Erzu- rum). The leg-movement pattern producing A and B elements in the nominate subspecies is quite different from that in Ch. albomarginatus and oschei. During B element, the legs vibrate at a rate of about 25&ndash;35/s in a complex pattern: every two up and down leg- movements are coupled in a characteristic way (Figs 64&ndash;66). During the A element, the legs vibrate at a much lower rate of 12&ndash;15/s and in a simple way. During the A element, the two legs vibrate syn- chronously, whereas during the B element, the legs vibrate with a phase shift. Oscillographic analysis shows that the sound elements A consist of the well- pronounced pulses repeated at a rate of 16&ndash;32/s, whereas the sound elements B contain the dense pulses following without gaps. After 30&ndash;50 alterna- tions of A/B pairs, a complex of B1-A1-C elements follows. The B1 element of k. karelini is remarkably long, reaching 5&ndash;8 s in duration. As a rule, the dura- tion of B elements increases from about 150 ms in the beginning of the cycle to about 1.15 s in the end of the cycle. After the long B1 element, a rather short (0.3&ndash;0.5 s) A1 element follows; it is produced by the leg vibrations at a rate of about 40/s. The following C element is quite characteristic: it is accompanied by two fast strokes of the legs (Figs 68&ndash;71). During the first stroke, a male does not lift its abdomen, and the tibiae are remaining in their normal position; the second stroke, however, is accompanied with lifting of abdomen at an angle of 30&deg; and is produced with the tibiae, similarly to the stroke of oschei. However, in contrast to oschei, the maximal angle between tibia and femur is 30&deg; in k. karelini, and after the second stroke, the legs vibrate in relatively simple patterns. During the first up-stroke, a short (0.1 s) sound pulse is generated, and after the first down-stroke, as a result of high-frequency leg vibrations, an element lasting for 0.1&ndash;0.2 s is produced. We distinguish a C1 element produced by the first up-stroke. During the second up-stroke, a short loud pulse is produced, and afterwards, an element lasting for 0.2&ndash;0.3 s fol- lows. The first C element is followed by B element, and the A1/C pair is repeated. Sometimes, the third B-A1-C complex may follow, and then A/B pairs alternate again. When a male produces the complex of B1-A1-C elements, the legs always vibrate alter- nately or with a phase-shift; the only exception is when a male produces the strokes. Both strokes are produced with synchronous movements of the two legs. All sound elements, except for A element, con- sist of dense pulses without gaps. The song of Ch. k. bruttius is basically similar to the song of the nominate subspecies. The characteristic leg-movements and sound patterns of B, B1, A1 and C elements are almost identical in the two subspecies. The main difference is the absence of A elements in the songs of k. bruttius (Fig. 67). This element is some- times also poorly pronounced in the songs of some k. karelini specimens, especially in the very begin- ning of each cycle, but it is usually present in the end of the cycle. Another difference is in the period and duration of B elements. In the song of k. bruttius, B elements are on average of shorter duration, and they are repeated at a higher rate than in the k. kare- lini song (Appendix 2). The duration of B element is less variable in k. bruttius than in k. karelini song. </p>","https://bio.acousti.ca/node/50527"
"50528","behaviour","<p><strong>Calling song</strong> (Figs 40&ndash;41, 45&ndash;46) The male of Ch. lacustris produces 3&ndash;4 calling songs, each lasting 450&ndash;500 ms and separated by intervals of about 2 s. In contrast to other species of this group, when producing a calling song, the leg movements in lacustris are very irregular and the amplitude of the leg movements greatly varies. As a result, the ampli- tude and duration of sound pulses varies as well.</p>
<p><strong>Courtship song</strong> (Figs 72&ndash;74, App. 2) This species has the most remarkable courtship song among all members of the group because of its highly complex visual display. This conspicuous visual display was described in detail by von Helversen (1986). As usual in this group, the song starts with an alternation of A and B elements. The leg movement pattern producing A and B elements resembles that in Ch. oschei. During the A element, the legs vibrate more rapidly at a rate of about 40&ndash;45/s, during the B element, the legs are vibrated more slowly at a rate of about 14/s. Oscillographic analysis shows that sound is only produced during A elements, which consist of the pulses repeated at the rate of leg vibra- tions. After about 35&ndash;40 alternations of A and B elements, a complex of B1-A1-C elements follows. In contrast to other species of the group demonstrat- ing the visual display, lacustris starts with lifting of its abdomen already during the B1 element. Then the A1 element follows, when the legs produce extremely low-amplitude vibrations at a very high rate of about 90/s, and after that, the first stroke with the tibiae follows. Then the femora go down but the legs straighten out even more. After that, the legs are slightly folded up and produce the second stroke with the tibiae. During about 2 s, the abdomen is kept in a lifted posture. The abdomen is lifted at a maximal angle of about 70&deg;, whereas the maximal angle between femur and tibia is 140&deg; on average. After that, the tibiae come to their normal position and the legs vibrate with small amplitude at a rather high rate of 80&ndash;85/s. The B1-A1-C complex repeats 4&ndash;5 times, and A/B pairs alternate again. Oscil- lographic analysis shows that the loudest elements of the song are A1 and C elements. In general, the courtship song of lacustris is much quieter than the songs of other species of the group. </p>","https://bio.acousti.ca/node/50528"
"50529","behaviour","<p><strong>Calling song</strong> (Figs 42&ndash;44, 47&ndash;49) The male of ferdinandi produces up to 8 calling songs separated by intervals of 1.5&ndash;2 s. A song lasts for about 0.45&ndash;0.65 s. A leg-movement pattern pro- ducing a song is of a higher complexity in ferdinandi than in most species of the group: every two up- and-down leg-movements are coupled in such a way that a high-amplitude stroke alternates with a low- amplitude stroke. Oscillographic analysis shows that the sound pulses follow without gaps, and the low- amplitude pulses alternate with the higher-amplitude pulses. However, the sound pattern slightly varies in different populations and the sound pulses may be of about equal loudness.<br />
	<br />
	<strong>Courtship song</strong> (Figs 75&ndash;79, App. 2) The song starts with an alternation of A and B ele- ments, which slightly resembles the correspond- ing elements in k. karelini. In the beginning of the B element of ferdinandi, the legs move synchronously in a rather simple pattern. After the first third of B element, they start to vibrate in a more complex pattern and with a phase-shift, like in karelini, but at a higher rate of 40&ndash;50/s. The leg movements produc- ing the A element are much slower (about 5/s) and of a higher amplitude, than during the B element. The legs are moved synchronously during the A element. Oscillographic analysis shows that several louder dis- tinct pulses are sometimes visible in the beginning of the B element, and then quieter pulses without gaps follow. Each A element contains one to three loud pulses pro- duced during the down-strokes, and sometimes one to three very quiet pulses produced during the up-stroke. In contrast, in k. karelini, the leg movements produc- ing A and B elements are of about the same amplitude, and the sound pulses of A element produced by the up- and down-strokes are of equal loudness. In ferdi- nandi, the element C follows after alternating of about 18 A/B pairs. Leg movements producing the C ele- ment represent a peculiar kind of combination of the oschei and karelini leg-movement patterns. Similarly to karelini, the males of ferdinandi produce two rela- tively fast strokes. However, after the second stroke, the legs vibrate in a complex pattern similarly to the pattern of Ch. oschei pusztaensis. During the first stroke, an element of about 100ms-duration is pro- duced (C1 element). Sometimes a loud pulse follows in the beginning of the element (Fig. 78). Thereafter the legs shortly vibrate in a simple pattern at a rate of 40&ndash;45/s and produce a quiet element of about 100 ms as well. After the second stroke the legs pro- duce a longer element lasting for about 0.7&ndash;1 s and containing short distinct pulses following at a rate of 170&ndash;220/s. After one C element, the whole cycle is repeated. </p>","https://bio.acousti.ca/node/50529"
"50654","behaviour","<p>(i) Pair Formation<br />
	In the field solitary males produced ticking sounds by kicking out with the hind tibiae and striking the ends of the wings. (The sounds produced are similar to that shown in Figure 2, first sound.) Under laboratory conditions ticking was only performed by isolated males evidently not interacting with other individuals. No females were attracted to this signal. However, the context of the signal suggests that it very probably has a female-attracting function. Males alternated regularly with left and right legs in producing successive ticks; two to four ticks were produced in each series (see diagram below). But males with one leg produced ticks at the same rate with this leg, i.e. the remaining leg moved twice as fast to produce the normal species song. One-legged males usually produced two and only occasionally three ticks per song. The interval between series of ticks was fairly constant.</p>
<p>Two-legged male: rlrl, rlr, Irlr, Irl, Irl, etc. (c. 9 ticks per sec at 90&deg;F).</p>
<p>One-legged male: rr, rr, rrr, rr, etc.</p>
<p>(l and r represent ticks with left and right legs respectively; a comma indicates the end of a song.).</p>","https://bio.acousti.ca/node/50654"
"50655","behaviour","<p>(i) Pair formation<br />
	As in H. obscurella, solitary males performed ticking movements with the hind legs (Fig. 2, first sound). A series of ticks was produced with one leg, but occasionally the legs alternated briefly in producing successive ticks. The following are some typical songs of regularly delivered series of ticks, delivered at 8 per 10 sec at 90&deg;F.</p>
<p>Male 1: 111111111, 11111111.</p>
<p>Male 2: Illr, rlll, Illllrrrrrrlr, rrrrr, rrrrllrlrlrlll.</p>
<p>Male 3: 111111111111, 11111111, 11111.</p>
<p>(ii) Courtship<br />
	Two signals were performed by males approaching or responding to the presence of females: (1) Femur-tipping consisted of raising both femora simultaneously to about the verticalposition; up-anddownstrokeswereaboutthesameinduration,but occasionally the downstroke was considerably faster. Tibiae were extended to more than 90&quot; at the height of the movement. The tipping rate varied between 1.0and 1.2per sec. (2) Femur-shaking with wing-rubbing (or buzzing) consisted of shaking or vibrating the femora rapidly against the forewings (Fig. 2, second sound). Four of seven courtship displays were directed to females; one to six tips, then one to four buzzes preceded attempts to mount.</p>
<p>(iii) AgonisticBehaviour The same signals used in courtship were employed in agonistic contexts. However, buzzing (Fig. 2, second sound) appears to be the main agonistic signal employed by males, and was the only signal produced by males on four different occasions when touched by a courting male. On 15 other occasions males buzzed &#39; in immediate response to the ticking sounds of solitary males nearby.</p>","https://bio.acousti.ca/node/50655"
"50657","behaviour","<p>(i) Pair formation<br />
	C. captiva was observed in the vicinity of Townsville and along the Archer River in northern Queensland. This species possesses distinctive flight sounds or crepitation (similar to Fig. 6). One or two bursts of crepitation are produced during the last portion of flight. Crepitation flights were inconspicuous, close to the ground, and, in general, similar to those of North American species of Chortophaga, which use the display to attract females (Otte 1970, p. 27).</p>
<p>(ii) Courtship Males performed 3-14 strokes of ordinary stridulation (a sound resembling an upslurred whistle) while approaching females (Fig. 1). The repetition rate was constant at about 4.6 pulses per sec. One male approached and circled a second male, producing 14 pulses of stridulation, and then stopped courting when the second male performed agonistic signals.</p>
<p>(iii) AgonisticBehaviour Both tipping and shaking movements are performed in agonistic contexts but the movements are so closely associated with one another that they may reasonably be viewed as a single signal. The downstroke in tipping is slightly faster than the upstroke and the femora are raised to between 60&quot; and 90&quot; from the horizontal position. This jerk is probably a modified form of shaking, and is usually given immediately after femur-tipping. Typically, tipping and shaking were produced by males touching one another or by males being approached and courted by other males.</p>
<p>Females rejected courting males by fleeing. Other rejection movements were not observed. </p>","https://bio.acousti.ca/node/50657"
"50659","behaviour","<p>(i) Pair Formation<br />
	Pairs are formed through visual means at least part of the time, i.e. males observe and approach moving females. No flight displays or stridulations were observed in solitary males. The species also possesses clear hind wings, suggesting that it does not possess a flight display (see Section V). No crepitation or flight displays have been observed in European A. thalassinus (Jacobs 1953).</p>
<p>(ii) Courtship<br />
	Males produce femur-tipping and ordinary stridulation while approaching females; during three approaches males only stridulated, and during three other approaches they only tipped their femora. The upstroke of tipping is about twice as fast as the downstroke. The repetition rate of tipping varied from 1a2 to 1a6 per sec.</p>
<p>Courtship in European A. thalassinus is somewhat different; both femur-tipping and ordinary stridulation are performed, but with the addition of ticking movements, in which left and right legs alternate regularly in producing successive ticks. Tipping in the two subspecies also differs; in the Australian A. t. tamulus the upstroke is more rapid than the downstroke, whereas the reverse is true in the European A. t. thalassinus.<br />
	<br />
	(iii) Agonistic Behaviour<br />
	Femur-tipping and silent repetitive shaking are performed in agonistic contexts. No difference from courtship tipping could be detected. </p>","https://bio.acousti.ca/node/50659"
"50661","behaviour","<p>(i) Pair Formation<br />
	Males perceive females visually and approach them by walking or flying. Approaching flights are low and without sound. This method of pair formation was observed on numerous occasions and at all localities, and resembles pair formation in many North American species of Oedipodinae which live on bare ground (e.g. Trachyrhachys, Mestobregma, Heliastus, and Derotmema spp.). \</p>
<p>(ii) Courtship<br />
	Males approaching females produce femur-tipping and ordinary stridulation. In 14 courtship approaches males both tipped and stridulated. In 15 other approaches males only tipped. In no instance was only stridulation given. Femur-tipping consists of a slow upstroke (c. 1.7 sec in duration) and a fast, jerk-like downstroke (c. 0.1 sec); the tibiae are extended to more than 90&quot; from the femora during the highest portion of the movement and the femora are held about 30&quot; from the main body axis while in the resting position. Ordinary stridulation is given in bursts, each burst produced with one femur. Males sometimes alternated between right and left femur in producing successive bursts. Courtship of Townsville and Cottesloe individuals was basically similar, both tipping and stridulation or just tipping being performed during approaches. A Cottesloe male produced three bursts of ordinary stridulation, each burst containing five pulses of stridulation delivered at approxi- mately 5 per sec. Males from Alice Springs did not perform stridulatory movements but were in other regards similar to Townsville individuals. A male from near Berry seven times approached a female giving only tipping movements. He did not mount, evidently because the female jerked her femora each time he touched her. Twice another male approached a female jerking his body from side to side (c. 3 times per sec) and without tipping his femora. The significance of these movements is not understood. No other differences in behaviour were detected.</p>
<p>(iii) Agonistic Behaviour<br />
	Males tip and shake when courted or touched by other males (seen about 10 times). Femur-tipping is similar to tipping given in courtship, and shaking may be silent.</p>
<p>Females rejected males by tipping and also by jerking their femora upwards from the horizontal position. </p>","https://bio.acousti.ca/node/50661"
"50663","behaviour","<p>(i) Pair Formation<br />
	Males usually achieve pair formation by observing and approaching moving females. The hindwings of this species are coloured bright orange and probably have a signal function. Species in several North American genera (Heliastus, Derot- rnema, and others) normally approach females by flying and flashing their brightly coloured wings.</p>
<p>(ii) Courtship<br />
	I observed two courtship sequences which were initiated when females, flying from me, alighted near males. Both males approached by walking and making short hops, and performed femur tipping and ordinary stridulation. The femora were tipped together or alternately. The insides of the femora are bright orange, causing tipping movements to be very conspicuous. Up- and downstrokes are equally rapid. Ordinary stridulation consists of bursts of 2-5 pulses with a repetition rate estimated roughly at 8 pulses per sec. As in North American Trimerotropis species, one femur was used to produce each burst, but the two femora alternated to some extent in producing successive bursts. S. coerulescens from Europe also possesses coloured wings and evidently lacks a crepitation display. S, savignyi, on the other hand, utilizes three methods of sound production: rubbing the femur against the forewing, rubbing the forewing against the hindwing, and wing crepitation.</p>
<p>(iii) Agonistic Behaviour<br />
	No agonistic behaviour was observed. S, coerulescens performs femur-tipping and femur-shaking movements in these contexts. </p>","https://bio.acousti.ca/node/50663"
"50667","behaviour","<p>(i) Pair Formation<br />
	No crepitation flights were observed. However, the wings of both males and females are banded with black and yellow, which suggests that flight displays occur.</p>
<p>(ii) Courtship<br />
	Only three courtship sequences were observed (all in the laboratory). In one sequence a male performed four ticking movements while approaching the female, then, moments later, mounted and attached his genitalia. In two other sequences males performed only femur-tipping as they approached females; one male mounted and attached, the other attempted to mount but was rejected. During tipping the upstroke is slower than the downstroke and the tibiae are held tightly against the femora.</p>
<p>(iii) Agonistic Behaviour<br />
	Males tipped and shook their femora in agonistic contexts. Tipping seems to be similar to that in courtship (at least superficially). Femur-shaking with wing- rubbing was by far the most prevalent agonistic behaviour performed when males touched or were very close to one another. Sometimes agonistic interactions were prolonged with males alternating in producing bursts of femur-shaking. As in Ch, terminifera, a vibratory sound is produced (Fig. 4), but the rate of shaking is much slower than in that species. Males also jerked their femora, kicked out with their hind tibiae, and raised the femora to vertical when touched by other males.</p>
<p>Females rejected males by fleeing, tipping, shaking (both silently and with wing-striking) and jerking the femora, and by raising the femora to vertical. </p>","https://bio.acousti.ca/node/50667"
"50669","behaviour","<p>(i) Pair Formation<br />
	The most striking behaviour of this species is the loud and frequent crepitation flights. The crepitation rate (wing-stroke rate) is rapid and results in a continuous buzzing sound varying in duration from 0.5 to 5.0 sec. Flights are rapid and no more than 2 ft above the ground. The hindwings are somewhat contrastingly marked, but flights were visually inconspicuous to me.</p>
<p>A second signal which probably also serves a pair-forming function was produced bymalesbetweenflights. Shortlyafteralightingfromacrepitationflightfivedifferent males produced ticking movements delivered at approximately 8 per 10 sec. As in other species this consisted of repetitive kicking out with the hind tibiae and striking the wing. Only one hind leg was used to deliver each series. One male used the left leg after one flight and the right leg after a second flight. Except for signalling, males remained motionless between flights.</p>
<p>(ii) Agonistic Behaviour<br />
	No agonistic behaviour was observed. </p>","https://bio.acousti.ca/node/50669"
"50671","behaviour","<p>(i) Pair Formation<br />
	Like F. australis, this species performs crepitation flights, but bursts of crepita- tion are always short, lasting less than 0.5 sec. As in F. australis, flights were low to the ground and inconspicuous, at least to the human observer.</p>
<p>(ii) Courtship<br />
	Courtship behaviour is very similar to that of the North American species of Orphulella (which also produce crepitation flights). Approaches were typically as follows: a male approached a female stealthily, advancing only during the movement of the female. After moving the head and forequarters from side to side several times (presumably to gauge the distance), it jumped onto the female. Of six courtship sequences, four involved a male mounting another male. Two males jerked their femora repetitively (at c. 4 jerks per sec) as they mounted. Another male jerked his femora after failing to mount a female. Similar jerking movements are produced in North American Melanoplus spp. (subfamily Catantopinae) which also approach females stealthily.</p>
<p>(iii) Agonistic Behaviour<br />
	No stereotyped agonistic movements occurred. Males mounted by other males produced irregular jerking movements of the hind femora, kicked with the hind tibiae, and raised their femora. Unreceptive females reject males by kicking and fleeing. </p>","https://bio.acousti.ca/node/50671"
"50674","behaviour","<p>Stridulation is thought to be vel]&#39; rare in the CalIiptaminae and yet this was observed on several occasions by males and once in a subdued form by a female. The stridulatol]&#39; pattern consisted of three to seven bursts of sound at a rate of about Ii per second. Each burst started abruptly but was vel]&#39; quiet and could not be heard at more than two feet. The action creating this sound consisted of one or both rear femurs being rapidly lifted with the tibia tucked below the femur. </p>","https://bio.acousti.ca/node/50674"
"50678","behaviour","<p>The calling song of the three recorded males consisted of long, uninterrupted sequences of syllables (Fig. 9) (syllable repetition rate 45 Hz at 17 ◦ C, longest uninterrupted recording 5 min). The song could not be heard with the unaided ear, its main components being in the ultrasonic range with a peak frequency at 26 kHz (details of song in Hemp &amp; Heller in preparation). </p>","https://bio.acousti.ca/node/50678"
"50680","behaviour","<p>The calling song of the four recorded males consisted of long, uninterrupted sequences of alternating echemes and single sylables (Fig. 9). Each echeme contained 12&ndash;17 syllables (syllable repetition rate 20 Hz at 20 ◦ C). The song could not be heard with the unaided ear, its main components being in the ultrasonic range with a peak frequency at 26 kHz (details of song Hemp &amp; Heller, in prep.). </p>","https://bio.acousti.ca/node/50680"
"50682","behaviour","<p>The calling song of the eight recorded males consisted of long, uninterrupted sequences of echemes (Fig. 9), each consisting of about five syllabl es (syllable repetition rate 50 Hz, repetition rate of echemes 5 Hz at 19 ◦ C). The song could not be heard with the unaided ear, its main components being in the ultrasonic range with a peak frequency at 26 kHz (details of song Hemp &amp; Heller in prep.). </p>","https://bio.acousti.ca/node/50682"
"50684","behaviour","<p>The calling song of several males recorded in the field consisted of long, uninterrupted sequences of pairs of syllables (Fig. 6; syllable repetition rate 71.9&ndash;77.5 Hz, repetition rate of syllable pairs 22.7&ndash;26 Hz; time of recording 14:00&ndash;14:30; six males; T = 26 ◦ C; animals possibly in sun). In the laboratory the rhythm of the song was distinctly slower owing to the lower temperature (Fig. 6; syllable repetition rate 46.9 Hz, repetition rate of syllable pairs 14.7 Hz; time of recording 9:30 am; duration of recording 35 s; T = 22 ◦ C; animal in shadow). As for C. serengeti, the animals produced a short song very similar to that shown in Fig. 7 for C. serengeti. Each echeme consisted of a group of 12&ndash;15 syllables (syllable repetition rate 74&ndash;79 Hz; three males; field recordings) with quite variable intervals, mostly between 0.5 and 3 s. The song could not be heard with the unaided ear, its main components being in the ultrasonic range with a variable peak frequency between 22 and 39 kHz (four males; range 10 dB below peak from 20&ndash;27 to 25&ndash;48 kHz). </p>","https://bio.acousti.ca/node/50684"
"50686","behaviour","<p>The calling song of the recorded male consisted of a long, uninterrupted sequence of pairs of syllables (Fig. 6; syllable repetition rate 80 Hz, repetition rate of syllable pairs 29.4 Hz; time of recording 11:44 am; duration of recording 57 s; T = 27. 5 ◦ C, animal possibly in sun). The song could not be heard with the unaided ear, its main components being in the ultrasonic range with a peak frequency at 21 kHz (range 10 dB below peak 20&ndash;29 kHz). Weak sound signals were observed in the record of another species from this site, which may indicate the presence of a short-song also in C. pseudomeruensis (see C. serengeti). </p>","https://bio.acousti.ca/node/50686"
"50689","behaviour","<p>The holotype was found calling on a tree branch approximately 0.5 m above near a dry puddle in a fruit garden in Lenquan Village (Fig. 8). All other specimens were found on vegetation near the dry puddle in Lenquan Village or vegetation near a reservoir in Yangjiatian Village. Males began to call at about 19:30 when sky was getting dark and all specimens were encountered at night (20:00&ndash;22:45). Males called loudly, but no females or eggs were found. </p>","https://bio.acousti.ca/node/50689"
"50691","behaviour","<p>The calling song of the recorded male consists of long, uninterrupted sequences of pairs o f syllables (Fig. 7; syllable repetition rate 43.7 Hz, repetition rate of syllable pairs 9 Hz; T = 22 ◦ C). This type of song is produced for many minutes or even hours (longest recorded sequence 3.5 min). The syllables have durations of 12&ndash;15 ms and contain 9&ndash;13 impulses, the first syllable of each pair slightly shorter with fewer impulses than the second (Fig. 7C). This type of continuous buzzing song is also heard in the field (when using a bat detector). However, sometimes a completely different signal can be registered, called a short- song. The first time it was heard was from many animals in the field in an evening after a strong rain. It was then recorded in a captive animal after a disturbance and was followed by the continuous song re-starting. Finally, the same type of song was recorded in the evening and sporadically throughout the whole night after an animal had been placed in the laboratory in Germany. At about 9 am the animal began the continuous song, and the short-song could only be heard before the start of a long sequence (Fig. 7A). Each echeme of the short-song contained 11&ndash;13 syllables pr oduced at a homogeneous rate of 39 Hz (T = 20 ◦ C). The intervals between the echemes were quite variable (2&ndash;8 s), but sometimes two echemes followed each other without any interval. The function of this signal can only be speculated on. As in the other Chortoscirtes species, the calling song is nearly exclusively in the ultrasonic range. In a recording with a 300-kHz sampling rate (animal in a gaze cage, distance to microphone about 0.6 m) the peak frequency was 33 kHz (range 10 dB below peak 21&ndash;41 kHz, in other recordings up to 60 kHz) (Fig. 6). </p>","https://bio.acousti.ca/node/50691"
"50693","behaviour","<p>The calling song of the recorded male is composed of alternating groups of long and short syllables (Fig. 10; repetition rate of short syllables 23.4 Hz, of long syllables 8.3 Hz; duration of recording 65 s; time of recording 14: 30; T = 21 ◦ C; animal possibly in sun). Typically, 10.3 long syllables (duration of syllable 66.9 ms) were followed by a series of eight short syllables (duration 22.5 ms). </p>","https://bio.acousti.ca/node/50693"
"50696","behaviour","<p>All three recorded species produced songs containing the same two types of elements, A and B (Figs 3, 4). The simplest verse structure is found in A. hanangensis sp. nov., where almost invariably one A element and one B element were combined. These AB verses were repeated at intervals of 12.5 &plusmn; 3 s (N= 10; 18 &deg;C, estimate). Only once was an isolated element A recorded. Element A consisted of seven groups of impulses, with the last group being by far the loudest, and element B consisted of five or six single impulses or impulse groups, with the first of each group being by far the loudest (Fig. 3).</p>
<p>...</p>
<p><strong>Probable mechanism of sound production</strong><br />
	As can be recognized from the description (see also Figs 3, 4), the song has a fairly complicated structure that cannot easily be related to any pattern of stridulatory movement. However, the stridulatory file and song have some similarity to that of Acrometopa species (Heller, 1988). In these species the first part of a verse is produced by stridulatory movements using the distal part of the file only, whereas the end of the verse is produced by contact of the scraper with the large, proximal teeth (Heller, 1988: fig. 21&ndash;2). Assuming a similar sound production mechanism, possibly element A of Altihoratosphaga is produced by a fixed pattern of several opening and closing movements using the distal part of the file only, whereas the B elements may result from scraper&ndash;file contacts in the proximal part. [In this way complete syllables would never be produced, or would only be produced once per verse; instead, what may be called dista-syllables (different types) and proxi-syllables (one type) are sounded.] </p>","https://bio.acousti.ca/node/50696"
"50696.2","morphology","In all of the four species studied in detail (A. montivaga, A. nou, A. hanangensis sp. nov., and A. nomima), the stridulatory file on the lower side of the left tegmen showed a similar structure (Fig. 2). In its proximal part it bears relatively large teeth, whereas they decrease slowly in size to the end of the file at the edge of the tegmen. In A. nomima both parts are connected by a more or less continuous transition in tooth size (Fig. 2D). In the other three species the teeth gradually become larger from the articulation towards the centre of the file. Distal of the middle the teeth become abruptly smaller, and then decrease slowly in size (Fig. 2A–C).

A file structure with two distinct parts in three of the four known species of Altihoratosphaga is quite different from that observed in other species of the genus Horatosphaga(H. heteromorpha, Horatosphaga legg(Kirby, 1909), and H. parensis; K.-G. Heller, C. Hemp, unpubl. data). Differences in the number of teeth and their size, as can be seen in Figure 2, may indicate species-specific parameters, but cannot be evaluated at present because of insufficient data.","https://bio.acousti.ca/node/50696"
"50697","behaviour","<p>The simplest verse structure is found in A. hanangensis sp. nov., where almost invariably one A element and one B element were combined. These AB verses were repeated at intervals of 12.5 &plusmn; 3 s (N= 10; 18 &deg;C, estimate). Only once was an isolated element A recorded. Element A consisted of seven groups of impulses, with the last group being by far the loudest, and element B consisted of five or six single impulses or impulse groups, with the first of each group being by far the loudest (Fig. 3). </p>","https://bio.acousti.ca/node/50697"
"50698","behaviour","<p>In the acoustic repertoire of A. montivaga, the combination AB is also the most distinctive verse type. However, in our recordings it was never found to be isolated, but was always preceded by several (mostly two) A elements, with increasing amplitude (Fig. 3). This complete final verse (A + A + AB) is usually preceded by a series of often three, rarely up to 15, softer verses, consisting of A elements only or additionally with an abbreviated B element (one or two impulses only), separated from each other and from the final verse by intervals of around 10&ndash;20 s. Rarely, other final structures such as A + AB or A + A + AB + AB were observed (N= 81 final verses in 90-min recording time). The structure of both elements was the same as in A. hanangensis sp. nov., with between six and eight single impulses or impulse groups in element B. Differences in the duration of both parts may be at least partly related to temperature differences. </p>","https://bio.acousti.ca/node/50698"
"50699","behaviour","<p>The song of A. nou was also composed of the two elements A and B. However, both elements were repeated several times to build one verse. On average, a verse of A. nou started with 13 &plusmn; 1.4 A elements, followed by 5 &plusmn; 0.9 B elements (range 9&ndash;16 A, 3&ndash;7 B; N= 58). The B elements mostly consisted of several impulse groups, but in some records they also consisted of single impulses (Fig. 3). The A elements were repeated at 3.6 Hz (a period of 275 ms), whereas within the B elements the impulse group period was 27 ms, on average. </p>","https://bio.acousti.ca/node/50699"
"50702","behaviour","<p>The males were heard to stridulate when held in the hand, and the weak sound was accompanied by an up-and-down movement of the head like that often seen in longicorn beetles. </p>","https://bio.acousti.ca/node/50702"
"50704","behaviour","<p>Pnorisa squalus, which was commonest towards the end of summer, stridulates very loudly particularly during the hot mid-day hours. </p>","https://bio.acousti.ca/node/50704"
"50706","behaviour","<p>The wings of both Acrida sp. and D. chloronota also produce a noise when the grasshoppers are in flight. The wings of C. prasina, on the other hand, although appearing to vibrate very rapidly are remarkably silent and the flight resembles that of a fluttering white moth. </p>","https://bio.acousti.ca/node/50706"
"50710","behaviour","<p>Acrida turrita (Fig. 21) has a highly structured (di) with linearly spaced nodules, the larger ones of which, at regular intervals, bear stiff bristles. The ventral inner carina, however, is smooth and polished, bearing well spaced alternating long and short hairs. The insects would thus seem to be unable to stridulate or to have a very weak ability to do so. Their crepitation, however, is demonstrably powerful, as observation on a sunny afternoon in late rainy season, sahelian savanna will attest. </p>","https://bio.acousti.ca/node/50710"
"50716","behaviour","<p><strong>Songs</strong><br />
	The typical rivalry song consisted of individual syllables comprised mainly of 4 single or multiple pulses (range 2-7) (Figs. la, lb). The rivalry songs in the presence of conspecifics seemed similar to those in the presence of other species; however, the length of syllables was 0.197 s (range 0.055-0.295) when the song was the result of an interaction with conspecific male (n = 51) compared with 0.322 s (range 0.200-0.430) when the song was the result of an interaction with other species (n = 90). The main frequency spectrum showed a broadband between 5 and 16 kHz, with the main peak around 11 kHz. Fifty percent of the total energy was located around 11 kHz, and lower (25%) and upper (75%) quartiles were around 8.5 and 13 kHz, respectively (Fig. lc). The intensity of the sound was low.<br />
	<br />
	The copulation song was composed of a series (Fig. 2a) that vary in length. They can last from 7.40 to 41.20 s (mean duration 19.66 s; n = 5) and are composed of 3-21 syllables (mean = 10 syllables; n = 5), which last a mean of 0.363 s (range 0.225-0.513; n = 50). They are emitted at a rate of 0.5 syllables/s (range 0.405-0.598 syllablesls). These syllables were composed of 4-6 single, double, or even more complex pulses (Figs. 2b, 2c). The lapse between syllables was uniform, lasting about 1.5-2 s (n = 50). The main frequency spectrum showed a broadband between 4 and 16 kHz, with the main peak around 7 kHz (Fig. 24. Fifty percent of total energy was located around 8 kHz, and lower (25%) and upper (75%) quartiles were around 6 and 12 kHz, respec- tively. This sound was as low as the rivalry song.<br />
	<br />
	Field observations revealed that copulation occurred on tall grasses [e.g., Paspalurn dilatatum Poiret (Poaceae)] where the individuals live. During copulation, which lasted 2-4 h, males and females remained motionless. The sound was produced in spontane- ous series, without being provoked by either any other specimens or unusual activity of the copulating female. The songs, emitted almost continuously (about 12 series110 min; n = 10) during copulation, were interspersed only with brief pauses (7 s to 3 min). There was no apparent movement by the male during sound production.<br />
	<br />
	The crepitation song was composed of pulses of variable intensity (generally low) that were emitted irregularly (Fig. 3b). Sometimes the sound appeared composed of pulses distributed regularly during the entire song. (Fig. 3a). The whole song duration varied from 0.261 to 1.217 s (n = 1 I), with a mean value of 0.757 s. Longer songs ap- peared to be composed of two parts: the first one was irregular and the most intense, whereas the second one was more regular and weaker (Fig. 3b). The structure of shorter songs appeared similar to that of the first part of longer songs (Fig. 3a). Pulses were ei- ther single or multiple (Figs. 3c, 34. The main frequency spectrum also showed a broadband between 3 and 16 kHz, with the main peak around 5 kHz (Fig. 3e). Fifty percent of total energy was located around 6.5 kHz, and lower (25%) and upper (75%) quartiles were around 4 and 9.5 kHz, respectively.<br />
	<br />
	<strong>Sound production structures</strong><br />
	Sounds were produced by the tegmen and hind wing of males. The fore margin of male tegmen (Fig. 4a) is slightly bent downward, fitting with the enlarged area of the hind wing. The inner surface of the tegmen shows the subcostal and radial veins thick- ened all along the two basal thirds. When resting, these veins are in contact (or almost in contact) with the enlarged veins of the hind wing.<br />
	<br />
	In the fore margin of the male hind wing (Fig. 4b) there is a slightly expanded, enlarged, and sclerotisated area, involving the subcostal, radial, medial, and cubital 1 veins, appearing as keels. The vein cubital 1 is short, and it is apparently fused to the medial and radial veins to form a thick rib. For males, the cubital area, located between the cubital 1 and cubital 2 veins, is wide and consists of elongated cells. Females lack these modifications, having a typical hind wing (Fig. 5). </p>","https://bio.acousti.ca/node/50716"
"50719","behaviour","<p>Co- macris semicarinatus were also very conspicuous. Males perform courtship by rising up from high grasses with a flying sound similar to that of the European acridid Psophus stridulus (Linn&eacute;, 1758). </p>","https://bio.acousti.ca/node/50719"
"50720","behaviour","<p>The hetrodine Enyaliopsis bloyeti, restricted to coastal Tanzania (Glenn 1991), is a species of forest edge and also bushland. During the day individuals of this species are hardly obtained while during the evening and night hours males, climbing small bushes and trees to a height of 1&ndash;2 m, can be located by their loud song. </p>","https://bio.acousti.ca/node/50720"
"50723","behaviour","<p><strong>Male calling song</strong><br />
	This was a spontaneous song, which could start or finish with brief series of isolated syllables. The main sound was an echeme (fig. 1a, b) lasting 5.3 s &plusmn; 2.1 (range: 2,050-9,240; n = 21), and consisting of 34 &plusmn; 14 sylla- bles (fig. 1c) (range: 16-72; n = 21) pr oduced at a rate of 6.4 syllables per second (range: 3,9-9,5). The fr equency spectrum (fig. 2a) occupied a broad band, between 2,500 and 12,000 Hz, with a main peak at around 7,000 Hz. The lower quartile (25% of the total energy) was close to 5,000 Hz, the medium quar- tile (50% of the energy) being around 7,500 Hz and the higher quartile (75% of the energy) close to 11,000 Hz. The echeme started as an imperceptible, almost inaudible, sound and increased in intensity after several syllables had been emitted. The sound had a high acoustic intensity. Calls were performed by one male kept in a cage together with other males and females. It always sang alone at some distance (15-25 cm) from the rest of the grasshoppers, undisturbed by them. Sometimes the male sang on the cage floor, sometimes from the top of the cage, or on the vegetation, by synchronously rubbing the two hind femora against the tegminae.<br />
	<br />
	<strong>Agreement song</strong><br />
	The female&rsquo;s agreement song also consisted of an echeme (fig. 3a) lasting 8.0 s &plusmn; 4.2 (range: 2,400 &ndash; 15,196; n = 15), of 32 &plusmn; 16 syllables (fig. 3b) as a mean (range: 10- 65; n: 15) pr oduced at a rate of 4.1 syllables per second (max. 6.2; min. 3.4). he frequency spectrum (fig. 2b) occupied a band between 2,000 and 6,000 Hz, with the main peak close to 3,000 Hz. Harmonics of higher frequency reached almost 13,000 Hz. The higher quartile (75%) was close to 11,000 Hz, with the lower (25%) and medium (50%) quartiles being at 3,000-4,000 and 7,000 Hz, respectively. This song seemed more irregular and had a lower acoustic intensity than the male calling song. It was also produced by synchronously rubbing the two hind femora against the tegminae, both hind legs rising rapidly, and descending more slowly, with a swinging movement. Females produced this song in two differ- ent situations, as an answer to the male calling song or spontaneously, with no physical, acoustic or visual inter- action with other individuals.<br />
	<br />
	<strong>Disturbance song</strong><br />
	Both sexes produced these sounds when the specimens wer e near or in contact with each other. The signals were sometimes emitted in alternation. Male. &ndash; This song consisted of a series, differing in length (16.9 &plusmn; 11.3 s, range: 5,160-39,000; n = 7), consisting of single and isolated syllables (fig. 4) (27 &plusmn; 16; range: 7-47). The frequency spectrum of this song had the same characteristics as that of the male calling song, a char- acteristic noted by Dumortier (1963) for other species. Each syllable was produced by a sudden rubbing of one hind femur against the tegmina or of both femora acting synchronously. Female. &ndash; This song consisted of a series, also differ- ing in length but shorter than that of males (10.3 &plusmn; 5.9 s, range: 3,720-17,082; n = 4), composed of 30 &plusmn; 10 single and isolated syllables (range: 23-45) (fig. 5). The frequency spectrum of this song had the same characteristics as that of the female song. The sound was produced in the same way as described for males.<br />
	<br />
	<strong>Sound producing structures</strong><br />
	Along their inner surface, the hind femora of both sexes hav e a stridulator y file that is almost linear, har dly sinu - ate (figs. 6, 7). In both males and females the peg density of the file incr eases to wards the proximal end of the femur, the proximal half of the file has almost twice the pegs as the distal half. In females, the proximal end of the file has more elongated hairs than in males, and the first pegs of the distal end ar e mor e irregularly spr ead than in males. The male file (FL) is shorter than that of the female, but is longer in relation to femur length (FLx100/HFL) than that of the female. Also, it contains mor e pegs than that of the female. The peg density both in the middle zone (PDM) and on the whole file (PD) is greater in males than in females (tab. 3). The male pegs are subconical in shape and have a hardly visible short peduncle. They are inserted in the alveolus, which has a slightly raised margin (fig. 6b, c). The female pegs are more slender than those of males (fig. 7b, c). </p>","https://bio.acousti.ca/node/50723"
"50725","behaviour","<p>Larvae have a typical stridulatory apparatus, formed by two sclerified organs on the second and third leg pairs respectively. </p>","https://bio.acousti.ca/node/50725"
"50728","behaviour","<p>mandible with a ventral, oval, stridulatory area consisting of transverse ridges </p>","https://bio.acousti.ca/node/50728"
"50730","morphology","Left stridulatory file slightly sinuous, medially thickened and narrowing gradually to the apex (Fig. 3A). Basal and apical teeth small, enhancing in length and width towards medial region of the row. Total length of the row: 0.3 mm; Maximum width of the vein: 0.1 mm; Total number of teeth: 39. Right stridulatory vein curved, medially thickened and narrowing abruptly at the beginning of distal region, with same width to the apex (Fig. 3B). Total length of the row: 0.2 mm; Maximum width of the vein: 0.1 mm; Total of teeth: 21.","https://bio.acousti.ca/node/50730"
"50732","behaviour","<p>Calling song (25&deg;C; 19:30h): discontinuous and irregular trill; trill duration 3.35 &plusmn; 0.99s (2.29&ndash;5.07; n=10); interval between trill 0.7 &plusmn; 0.42s (0.35&ndash;1.56; n=10); pulse period 12.59 &plusmn; 0.035ms (12.33&ndash;12.83; n=10); pulse rate of 80p/s; dominant frequency of 5340Hz. </p>","https://bio.acousti.ca/node/50732"
"50733","behaviour","Calling song (23°C; 21:20h): continuous trill; pulse period 7.1 ± 0.07ms (7–7.3; n=10); pulse rate of 141p/s; dominant frequency of 5080Hz.","https://bio.acousti.ca/node/50733"
"50734","behaviour","Calling song (Tab. 01): discontinuous and irregular trill; first three or four pulses may have less intensity than the rest of the trill; pulse period 22.88 ± 0.49ms (22.26–23.95; n=14); pulse rate of 44 ± 1p/s (42–47; n=14); dominant frequency of 5180 ± 167Hz (4820–5420; n=14).","https://bio.acousti.ca/node/50734"
"50736","behaviour","<p>Short loud raspy chirps produced irregularly with long gaps of silence during afternoon, evening and (rarely) night hours. During some automatic song registrations over the whole night no activity registered. Chirps consisting of 14&plusmn;4 (range 9&ndash;24; n=37) echemes (echeme repetition rate 3.95 Hz; 2.2&ndash;5.2 Hz) each containing 7&plusmn;1 (6&ndash;10) syllables produced at a rate of 45.5 Hz (33.3&ndash;55.6 Hz; Fig. 10; T = 20&ndash;24oC). Syllables with opening and closing hemisyllables, the latter (assumed closing hemisyllable) much stronger than the former. The spectrum of the song broad-banded with a maximum at about 9.8&plusmn;1.6 kHz (n=2&ndash;3 per specimen; Fig. 11). </p>","https://bio.acousti.ca/node/50736"
"50737","behaviour","<p>Short loud raspy chirps produced irregularly with long gaps of silence during evening and night hours. Sound structure similar to D. amaniensis n. sp., but echeme sequence with less but longer echemes each containing more syllables (last echeme ca. 17 syllables, rate 38 Hz; Fig. 10; only one recording with echoes available). The spectrum of the song broad-banded with a maximum at about 8 kHz (Fig. 11). </p>","https://bio.acousti.ca/node/50737"
"50738","behaviour","Calling song composed by echemes following each other at relatively variable intervals of about 970±375 ms (n=30). Echemes consisting of 6±0.6 (n=32) syllables produced at a rate of 37 Hz (range 32.2–41.7 Hz; n= 32; T=22oC; Fig. 10). Echemes presented in loose sequence or in groups of 4±1 (inter group intervals 25 ± 16 s; n=15). The spectrum of the song is broad-banded with a maximum at about 14 kHz (Fig. 11).","https://bio.acousti.ca/node/50738"
"50772","behaviour","<p><strong>Advertisement call.</strong> Advertisement calls of Spinomantis beckei were recorded on 28 January 2005 at Andohahela National Park at approximately 1650 m a.s.l. at an air temperature between 15–20°C (seven calls with a total of 57 notes of one individual recorded). The recorded calls were emitted either by the holotype or the paratype (insufficient field notes taken) at apparently regular motivation. Specimens were calling in the late afternoon before dusk, during a period of very heavy rains caused by a cyclone passing. This recording was incorrectly assigned to S. bertini by Vences et al. (2006: CD2, track 57).</p>

<p>Calls (Fig. 5) have a duration of 430–1278 ms (696 + 313 ms) and consist of a series of 6–13 (8.5 + 3.1) short notes, with each note represented by one single pulse. Calls are somewhat complex in structure due to different kinds of modulation involved. Initial notes (i.e., those excluding the terminal note[s] with maximum amplitude) are very short with a duration of 5–13 ms (8.4 + 2.9 ms) and are emitted at intervals of 50–89 ms (63 + 11 ms) duration at an approximate repetition rate of 13–14 notes/second. Initial notes are followed by 1–2 terminal notes of longer duration of 20–26 ms (23.6 + 1.9 ms), which are separated from initial notes by longer inter-note intervals of 163– 195 ms (172 + 11 ms), but are generally identical to initial notes in overall structure. Terminal notes exhibit the highest amplitude of all notes of a call, with the amplitude almost constantly increasing in series of short initial notes. However, the increase in amplitude from the first to the last note is slightly irregular in some calls. In addition to the amplitude modulation present within calls, there is also slight frequency modulation among notes, with the first note exhibiting the lowest dominant frequency with 4016–4317 Hz (4095 + 124 Hz), increasing towards the last of the short initial notes with 4468–4790 Hz (4670 + 133 Hz). The longer and more powerful terminal note of each call then slightly drops in dominant frequency with 4297–4467 Hz (4379 + 54 Hz), with this frequency representing the overall dominant frequency of the entire call. The approximate prevalent bandwidth of the call is 3400–6700 Hz. Calls were emitted at an approximate rate of 30 calls/minute, with inter-call intervals ranging from 840–1690 ms. The combination of different note lengths, amplitude modulation and frequency modulation results in a very particular and easily recognizable sound of the call.</p>

<p>In comparison, calls from the type locality of S. bertini recorded at 21°C air temperature at Isaka-Ivondro, Andohahela, described and illustrated by Andreone & Randriamahazo (1997), differ by the lack of longer terminal note(s), distinctly lower note repetition rate (7.3 versus 13–14 notes/second) and absence of or less distinct frequency modulation among notes within a call. However, note duration and bandwidth seem to overlap (no recording available to us for detailed comparison).</p>

<p>Calls of an undescribed candidate species of the Spinomantis bertini complex (S. sp. Ca7; Vieites et al. 2009; Perl et al. 2014) from Mount Maharira, Ranomafana National Park (Vences et al. 2006: CD2, track 58, as Spinomantis aff. bertini), mainly differ from calls of S. beckei by a lower number of notes per call (3–4 versus 6– 13), shorter call duration (293–400 versus 430–1278 ms), notes consisting of several pulses (versus single pulse only), and a slight decrease of frequency of notes within a call (versus distinct increase of frequency).</p>","https://bio.acousti.ca/node/50772"
"50774","behaviour","<p><strong>References to song.</strong> Ragge &amp; Reynolds (1998): recordings from Western Europe; Bukhvalova &amp; Vedenina (1998): recordings from the Crimea; Savitsky (2007): recordings from the North Caucasus.</p>
<p><strong>Song.</strong> The calling song is an echeme of about 4&ndash;9 syllables following each other with a period of 0.7&ndash;1 s (Fig. 2). Each syllable consists of 4&ndash;5 very brief discrete fragments separated by gaps and following each other with a period of 8&ndash;10 ms in our recordings from Central Asia (Figs. 3&ndash;6).</p>
<p><strong>Comparative notes</strong>. The calling songs of males from Southern Kyrgyzstan are quite similar to the songs recorded from Europe, the Crimea, and the North Caucasus. </p>","https://bio.acousti.ca/node/50774"
"50775","behaviour","<p><strong>References to song. </strong>Ragge &amp; Reynolds (1998): recordings from Western Europe; Savitsky &amp; Lekarev (2007): recordings from the Lower Volga Region and Western Kazakhstan (Janybek, ca. 5 km from the Russia border); Savitsky (2009): recordings from Western Kazakhstan (Janybek, ca. 5 km from the Russia border).</p>
<p><strong>Song.</strong> The calling song is a single echeme lasting 5&ndash;7 s and consisting of about 60&ndash;70 syllables following each other with a period of 85&ndash;100 ms in our recordings (Figs. 7&ndash;8). Each echeme begins quietly and rapidly reaches maximum intensity. There are 4&ndash;5 gaps in last two thirds or one half of a syllable (Fig. 9).</p>
<p><strong>Comparative notes.</strong> The calling songs of males from the Central Tien Shan Mts. are quite similar to the songs recorded from Europe and Western Kazakhstan. </p>","https://bio.acousti.ca/node/50775"
"50776","behaviour","<p><strong>References to song.</strong> Ragge &amp; Reynolds (1998): recordings from Western Europe; Savitsky (2005): recordings from the Lower Volga Region and Western Kazakhstan (Janybek, ca. 5 km from the Russia border); Savitsky (2009): recordings from Western Kazakhstan (Janybek, ca. 5 km from the Russia border); Tishechkin &amp; Bukhvalova (2009a): recordings from Saratov Oblast, Eastern Siberia, and Primorskiy Kray; Iorgu &amp; Iorgu (2011): recordings from Romania.</p>
<p><strong>Song.</strong> The calling song is a single or regularly repeated echeme lasting about 3&ndash;4 s and consisting of syllables following each other with a period of about 35&ndash;60 ms in our recordings (Figs. 10&ndash;11). Each echeme begins quietly and reaches maximum intensity in the second half or near the end. A syllable repetition period gradually increases towards the end of an echeme (Tishechkin &amp; Bukhvalova, 2009b, fig. 83). Typically, syllables do not include distinct gaps (Fig. 12).</p>
<p><strong>Comparative notes.</strong> O. haemorrhoidalis is one of the most thoroughly studied gomphocerine species; presently, there are signal recordings from many localities in Europe including European Russia, Western Kazakhstan (Janybek, ca. 5 km from the Russia border), Siberia, and the Russian Far East. Throughout many thousands kilometres of its range the song pattern remains remarkably constant both in general structure and in a syllable repetition period (Tishechkin &amp; Bukhvalova, 2009a, b). Songs of the male from Kyrgyzstan do not differ from these of males from other regions. </p>","https://bio.acousti.ca/node/50776"
"50777","behaviour","<p><strong>References to song.</strong> Ragge &amp; Reynolds (1998): recordings from Western Europe; Bukhvalova &amp; Vedenina (1998): recordings from Eastern Siberia (Chita Oblast); Tishechkin &amp; Bukhvalova (2009b): recordings from Eastern Siberia (Buryatia).</p>
<p><strong>Song.</strong> The main part of the calling song is an echeme lasting 20&ndash;30 s. The song begins quietly and reaches maximum intensity at about one third or a half of its duration (Figs. 13&ndash;15). A syllable repetition period averages 160&ndash;260 ms at 31&ndash;36 oC, the first two thirds or one half of a syllable usually includes 4&ndash;6 gaps (Figs. 16&ndash;19 and 24&ndash;27). At the end of an echeme, syllables of lower intensity repeated at a lower rate can follow (Figs. 20&ndash;23). Duration of this part and the shape of syllables vary greatly; sometimes it is almost reduced and includes only several low-amplitude syllables (Fig. 13).</p>
<p><strong>Comparative notes.</strong> Despite the fact that the mountains of Central Asia represent an isolated part of the range of G. sibiricus, the songs of the male from the Central Tien Shan Mts. do not differ from these of males from different localities in Siberia. The photographs of head, pronotum and antennae of the male from the Central Tien Shan Mts., which signals were studied are given on Figs. 28&ndash;30. </p>","https://bio.acousti.ca/node/50777"
"50778","behaviour","<p><strong>References to song.</strong> Ragge &amp; Reynolds (1998): recordings from Western Europe; Vedenina &amp; Bukhvalova (2001): recordings from the North Caucasus, South Kazakhstan, and Altai Mountains; Tishechkin &amp; Bukhvalova (2009a): recordings from Saratov Oblast and Eastern Siberia.</p>
<p><strong>Song.</strong> The song is a loud echeme-sequence lasting 10&ndash;30 s (Figs. 31&ndash;32). Each echeme consists of two parts: about 7&ndash;10 short syllables are followed by 8&ndash;14 longer ones (Figs. 33&ndash;34). Echeme repetition period averages 650 ms in our recordings from Central Asia. Quite often, male produces a succession of low-amplitude syllables at the beginning or end of the song. Duration of this additional part can vary greatly.</p>
<p><strong>Comparative notes.</strong> S. scalaris is a mesophilous species living in more or less dense grass. For this reason, the mountains of Central Asia represent an isolated part of its range, similarly to G. sibiricus. Nevertheless, the songs of males from the Central Tien Shan Mts. do not differ from the songs recorded in Europe, the Caucasus, and Siberia. </p>","https://bio.acousti.ca/node/50778"
"50779","behaviour","<p><strong>References to song.</strong> Bukhvalova (1993): recordings from the North Caucasus, North Ossetia; Ragge &amp; Reynolds (1998): recordings from Western Europe; Benediktov (2005): recordings from South Siberia, Tyva; Tishechkin &amp; Bukhvalova (2009b): recordings from the northern part of Saratov Oblast; Savitsky &amp; Lekarev (2007): recordings from the Lower Volga Region and Western Kazakhstan (Janybek, ca. 5 km from the Russia border); Savitsky (2009): recordings from Western Kazakhstan (Janybek, ca. 5 km from the Russia border); Willemse et al. (2009): recordings from Greece.</p>
<p><strong>Song.</strong> The calling song is an echeme sequence, beginning quietly and reaching maximum intensity in the second half or near the end (Figs. 35&ndash;38). Song duration in males from Central Asia ranges from 5 to 8 s. Each echeme consists of an abrupt high-amplitude &ldquo;click&rdquo; and a succession of syllables (Figs. 39&ndash;46). Echeme repetition period averages 320&ndash;450 ms in our recordings.</p>
<p><strong>Comparative notes.</strong> In males from Central Asia the songs are shorter than in West European ones (5&ndash;8 s and 15&ndash;30 s, respectively). Also, the songs of males from Central Asia end abruptly, whereas in European males echemes in the end of a song usually (but not always!) become more spaced out and progressively quieter (Ragge &amp; Reynolds, 1998). In males from semideserts and deserts of the Lower Volga Region song duration ranges from 6 to 35.5 s and about 60% of songs end with quieter pulses without characteristic &ldquo;click&rdquo; (Savitsky &amp; Lekarev, 2007). Thus, the differences between the songs of European and Central Asiatic males are apparently the result of clinal variation and give no grounds for description of a separate subspecies.</p>
<p>G. mollis was recorded from Kazakhstan and Central Asia by many authors (Bey-Bienko &amp; Mistshenko, 1951; Harz, 1975; Ragge &amp; Reynolds, 1998, etc.), but no records from Central Asia were confirmed by signal oscillograms; thus the South-eastern border of its range was obscure. In Kyrgyzstan this species is rather common on the shores of the Issyk-Kul&rsquo; Lake (the North Tien Shan Mts.) and was found in the midlands of the Central Tien Shan Mts., but was never found in the West Tien Shan Mts., Alai and Turkestan Mtn. Ranges, and in the arid foothills and midlands on the border of Ferghana Valley. Apparently, it does not penetrate south beyond the North and Central Tien Shan Mts. </p>","https://bio.acousti.ca/node/50779"
"50780","behaviour","<p><strong>References to song.</strong> Bukhvalova (1993, 1998): recordings from the Crimea, the southern regions of European Russia, the North Caucasus, South Turkmenistan, South Kazakhstan, Amur Oblast, and Primorskiy Kray; Benediktov (2005): recordings from Irkutsk Oblast; Savitsky &amp; Lekarev (2007): recordings from the Lower Volga Region and Western Kazakhstan (Janybek, ca. 5 km from the Russia border); Savitsky (2009): recordings from Western Kazakhstan (Janybek, ca. 5 km from the Russia border); Tishechkin &amp; Bukhvalova (2009a, b): recordings from Saratov Oblast, Eastern Siberia, and Primorskiy Kray. The main part of the calling song is an echeme lasting from 3 up to 10 s.</p>
<p><strong>Song.</strong> The song begins quietly reaching maximum intensity in first 2&ndash;4 s. In 1.5&ndash;4 s after the end of the main part male usually produces 1&ndash;3 shorter echemes with more abrupt beginning (Figs. 47&ndash;50). The second half of each syllable usually has higher amplitude and includes 2&ndash;4 gaps (Figs. 51&ndash;60). A syllable repetition period averages 100&ndash;160 ms in our recordings.</p>
<p><strong>Comparative notes.</strong> G. maritimus is a most common gomphocerine species in all regions of Kyrgyzstan from the arid foothills up to about 2000 m above sea level. Signals of different males somewhat vary in an echeme duration and a syllable shape but all these differences are within the variation range observed in other regions. Thus, in acoustic traits males from the mountains of Kyrgyzstan do not differ from the ones from European Russia, South Siberia, and the Russian Far East. </p>","https://bio.acousti.ca/node/50780"
"50782","behaviour","<p><strong>References to song.</strong> Ch. apricarius apricarius (Linnaeus, 1758). Ragge &amp; Reynolds (1998): recordings from Western Europe; Vedenina &amp; Bukhvalova (2001): recordings from the Ukraine, central and southern parts of European Russia, South Kazakhstan, and Altai Mts.; Benediktov (2005): recordings from Altai Mts.; Iorgu &amp; Iorgu (2011): recordings from Romania.Ch. apricarius major Pylnov, 1914. Vedenina &amp; Bukhvalova (2001): recordings from the North Caucasus, North Ossetia.</p>
<p><strong>Song.</strong> Male calling song is a prolonged echeme-sequence lasting about 15&ndash;30 s. The song begins quietly and gradually reaches maximum intensity in the first third or half of its duration (Figs. 61&ndash;63). Typically, each echeme consists of an abrupt &ldquo;click&rdquo; followed by two syllables (Figs. 64&ndash;71). Echeme repetition period gradually decreases towards the middle of a song and more abruptly increases in last ca. 10 echemes (Tishechkin &amp; Bukhvalova, 2009b, fig. 84). In males from Kyrgyzstan echeme repetition period in the middle of a song averages 180&ndash;240 ms (Figs. 64&ndash;67). In the nominotypical subspecies, there are few if any gaps in syllables (Figs. 64&ndash;71), whereas in Ch. apricarius major typically, several gaps present in each syllable (Figs. 72&ndash;74).</p>
<p>In contrast to some other species, rhythmically repeated elements in the songs of Ch. apricarius and G. mollis are produced by several up- and downstrokes of hind legs, i. e. formally should be referred to as echemes. However, on oscillograms they look like syllables in the songs of other species (e. g. in S. fischeri, G. sibiricus, G. maritimus). For this reason, for the purposes of comparative signal analysis it is sometimes more convenient to refer such elements to as syllables despite the differences in leg movements (Tishechkin &amp; Bukhvalova, 2009b).</p>
<p><strong>Comparative notes.</strong> The Caucasian subspecies, Ch. apricarius major distinctly differs from Ch. apricarius apricarius in more complicated echeme pattern (Figs. 72&ndash;74), although is similar with it in general pattern of the song and in echeme repetition period (Vedenina &amp; Bukhvalova, 2001). On the other hand, we have not found any differences in signal patterns between Ch. apricarius from Kyrgyzstan (Figs. 64&ndash;67; Ch. apricarius asiaticus, according to Bey-Bienko &amp; Mistshenko, 1951) and from European Russia (Figs. 68&ndash;71; the nominotypical subspecies, according to Bey-Bienko &amp; Mistshenko, 1951).</p>
<p>According to original description (Bey-Bienko &amp; Mistshenko, 1951), in Ch. apricarius asiaticus cubital veins on forewing are separated throughout all the length of medial area so that cubital area is always distinct (Fig. 75, holotype, after Bey-Bienko &amp; Mistshenko, 1951) and antennae are rather thick (length to width ratio of a middle antennal segment averages 1.25&ndash;1.75). In the nominotypical subspecies cubital veins on forewing are separated only at the base (Fig. 76); occasionally, they are separated throughout all the length of medial area (Fig. 77), but in this case antennae are thin (length to width ratio of a middle antennal segment averages 2&ndash;2.25).</p>
<p>In males from Kyrgyzstan, which signals were studied, cubital veins on forewing are separated only at the base (males from the Central Tien Shan Mts., Figs. 78&ndash;79), or form distinct but very narrow cubital area (males from the West Tien Shan Mts., Figs. 80&ndash;82). Proportions of middle antennal segments vary greatly even in males from the same locality collected at the same date. Photographs of forewings and antennae of three males from Sary Chelek Nature Reserve collected one after another on the same glade are given on Figs. 80&ndash;85; signals of all males were recorded on disk. As can be seen from these photographs, two males should be attributed to the nominotypical subspecies (Figs. 80, 83 and 82, 85: combination of distinct cubital area and thin antennae), and one to Ch. apricarius asiaticus (Figs. 81 and 84: distinct cubital area but thick antennae). Thus, all diagnostic traits mentioned in original description actually cannot be used for discrimination between Ch. apricarius apricarius and Ch. apricarius asiaticus, and both forms can be found in the mountains of Kyrgyzstan. For this reason, we establish a synonymy Ch. apricarius apricarius (Linnaeus, 1758) = Ch. apricarius asiaticus Mistshenko, 1951, syn. n. </p>","https://bio.acousti.ca/node/50782"
"50783","behaviour","<p><strong>References to song.</strong> Ragge &amp; Reynolds (1998): recordings from Western Europe; Vedenina &amp; Bukhvalova (2001): recordings from several localities in the Ukraine, Rostov Oblast, Volgograd Oblast, and the South Urals; Savitsky &amp; Lekarev (2007): recordings from the Lower Volga Region and Western Kazakhstan (Janybek, ca. 5 km from the Russia border); Savitsky (2009): recordings from Western Kazakhstan (Janybek, ca. 5 km from the Russia border).</p>
<p><strong>Song.</strong> Male calling song consists of short echemes lasting 500&ndash;850 ms. Usually male produce from 2&ndash;3 to 10&ndash; 12 echemes with a period of 2&ndash;3 s (Fig. 86). Inner structure of an echeme is indistinct, there are several gaps only at its beginning (Figs. 87&ndash;90).</p>
<p><strong>Comparative notes.</strong> Our recordings of the calling song are similar to these from Europe and the South Urals. Ragge &amp; Reynolds (1998) believe that distribution of this species in Central Asia needs to be confirmed by song studies. Our data indicate that this species actually occurs in this region. </p>","https://bio.acousti.ca/node/50783"
"50784","behaviour","<p><strong>References to song.</strong> Ragge &amp; Reynolds (1998): recordings from Western Europe; Bukhvalova &amp; Vedenina (1998): recordings from the Ukraine, southern part of European Russia, the North Caucasus (North Ossetia), the South Urals, and South Kazakhstan; Savitsky &amp; Lekarev (2007): recordings from the Lower Volga Region and Western Kazakhstan (Janybek, ca. 5 km from the Russia border); Savitsky (2009): recordings from Western Kazakhstan (Janybek, ca. 5 km from the Russia border).</p>
<p><strong>Song.</strong> The calling song is an echeme-sequence lasting up to one minute and more. Echeme repetition period averages 1&ndash;2 s (Fig. 91). Each echeme begins quietly reaching maximum intensity close to its end and includes 6&ndash; 8 syllables following each other with a period of 35&ndash;60 ms in our recordings (Figs. 92&ndash;95). There are 1&ndash;4 gaps in the high-amplitude part of each syllable (Figs. 94&ndash;95).</p>
<p><strong>Comparative notes.</strong> The calling songs of males studied are similar to the songs of the nominotypical subspecies from Europe, the South Urals, and South Kazakhstan but differs from the songs of West European subspecies, Eu. pulvinatus gallicus Mařan, 1957 and Eu. pulvinatus elgantulus Zeuner, 1940 by longer echemes. </p>","https://bio.acousti.ca/node/50784"
"50820","behaviour","Described and figured under H. ?stuhlmanni in Hemp et al. 2017: “In the single recording”..available..“the animal sang continuously for about 40 seconds, increasing very slowly in amplitude. During this time two impulse groups were continuously repeated at a rate of about 7 Hz, however, slightly changing their amplitude modulation”. The song can be downloaded from BioAcoustica at http://bio.acousti.ca/node/10298.","https://bio.acousti.ca/node/50820"
"51476","behaviour","<p><strong>3.2. Bioacoustics</strong><br />
	The description of the song is based on the recording of the call of a single male specimen collected in Ucumar&iacute; Colombia, and five males from Santa Luc&iacute;a, Ecuador.</p>
<p><strong>3.2.1. Colombian specimen</strong><br />
	One male was recorded indoors at a temperature of 23 ◦ C, rather high relative to common field temperatures. This male produced&nbsp;three bouts of sibilant four-pulse calls, each comprised of two syl- lables. In T. spurioculis, each syllable consists of two pulses, one produced during the opening stroke of the wing and the other during the closing (Fig. 4A). Here, syllables are therefore equiva- lent to what other authors term phonatomes, and a call of several phonatomes is in turn equivalent to a chirp or verse (compare e.g. Jatho et al., 1994; Stumpner and Meyer, 2001; Walker and Dew, 1972). Five to six calls were given in 3&ndash;6 s with bouts separated by silence of 17&ndash;18 s. Mean call duration for this male was 95 ms (n = 13). There is a consistent pause before the concluding pulse, which usually begins more abruptly. Mean values for the dura- tion of the four high-amplitude pulses in two calls were 23.3, 17.6, 12.3, and 34.3 ms respectively. The waveform (Fig. 4C) shows the characteristic pattern of two harmonically-related subequal carrier frequencies. The call is easily heard by a human ear, being almost entirely in the audio range (Fig. 4E). There are two harmonically related spectral peaks of comparable intensity. The more intense is near 12.1 kHz while its potential fundamental, 6.8 kHz, is slightly suppressed (mean values for n = 13 calls, FFT calculated over the whole of each song).</p>
<p><strong>3.2.2. Ecuadorean specimens</strong><br />
	Five males from Ecuador were recorded at 17 ◦ C under field conditions using a portable recorder. From this group, two males were also recorded in laboratory conditions at 19 ◦ C in Santa Luc&iacute;a, Ecuador using the same device. Males of this population also pro- duced groups of calls, each group consisting of four or five calls (each call containing two syllables), and groups are separated by silent intervals of 18.2 &plusmn; 4.2 s (Mean &plusmn; SD, n = 5, average measured from six random silent intervals of one recording of each male, for a total of 30 calls, Fig. 5A). From field recordings, specimens delivered 3&ndash;4 calls in 10 s; a similar pattern was maintained under lab conditions only when more than two males interacted acous- tically. Isolated singing males produced a more sporadic pattern, sometimes producing one call per minute. The average duration of&nbsp;one call (two syllables) of the Ecuadorian males was 117.6 &plusmn; 7.1 ms (n = 5, 7 calls randomly selected from each male, and averaged, Figs. 4B and 5C). The mean pulse duration of the high amplitude pulse was 31.6 &plusmn; 3.6 ms (Figs. 4B and 5C). The waveform of the pulse also shows similar characteristics to that of the Colombian male, with two dominant frequencies harmonically related (Fig. 4D). The major syllable pulse contains 160&ndash;170 oscillations. As measured in the Colombian specimen, the call of the Ecuadorean males also shows two consistent spectral peaks of comparable intensity that are harmonically related. The most intense peak was measured at 13.9 &plusmn; 2.2 kHz (n = 5, 1 random call per male) and its fundamental occurs at 7.0 &plusmn; 1.2 kHz (Fig. 4F). Analysis of frequency in time shows an unusual frequency modulation (FM) pattern of the two pulses in each syllable. The FM occurs periodically between 6.3 and 7 kHz, and this is more pronounced in the first syllable of the group (Fig. 5).</p>
<p>Sound Pressure Level (SPL) measured across males in lab condi- tions was 98.2 &plusmn; 2.9 dB (re 20&nbsp; Pa; root mean square over recorded songs with calibrated microphone at 10 cm dorsal from the singing male).</p>
<p><strong>3.3. Wing resonances</strong><br />
	Five male specimens were used for LDV experiments. Both LW and RW were stimulated with broadband sound and wing reso- nances obtained by scanning the wing surface using LDV. These recordings show that only the right mirror plays a major role in sound radiation, while the equivalent left sound-radiating field is highly damped to vibrations (Fig. 6A&ndash;F). Within individuals the mirror shows three modes of vibration at around 6.8 &plusmn; 0.7 kHz, 13.5 &plusmn; 1.5 kHz, and 16.6 &plusmn; 1.9 (n = 5 individual averages of 120&ndash;130 scanned points in each mirror). Fig. 6G shows average FFT spectrum across the five males. The observed resonances of 11.3&ndash;16.6 kHz are within the range of carrier frequencies measured across specimens.</p>
<p>During the same experiments we also studied the resonances of the entire wings using broadband stimulation (Fig. 7). We divided&nbsp;the wings in broad regions, represented by numbers in Fig. 7A. Region 1 in the middle of the costal field, region 2 radial/middle field, region 3 wing apex, and region 4, the stridulatory field. Although regions 1&ndash;3 vibrate with lower amplitude than the right stridulatory field, both wings show components of the resonances observed in the mirror of region 4 (&sim;7, and 10 kHz, ranges observed across five individuals), as well as those frequencies observed in the calling song in these ranges. The resonant peaks are variable within this range across individuals, but all of them show a common resonant peak between at 10 and 11 kHz, as illustrated in Fig. 7E&ndash;H. </p>","https://bio.acousti.ca/node/51476"
"51482","behaviour","<p>Spectral analysis of the male calling song (Figs. 2E, S1) shows that most of the song&rsquo;s energy is contained within a relative narrow frequency band between ca. 8-11 kHz (pooled mean CF=9.2 &plusmn; 0.2 kHz, n=5; see also Table S1). Recordings under lab conditions exhibit an additional low amplitude frequency peak at 26-29 kHz that is not present in field recordings. As similar ultrasonic frequency&nbsp;components were reported by Morris &amp; Mason (Morris and Mason, 1995), we assume that the higher frequencies are present in all songs but attenuate quickly under field conditions.</p>
<p>Our results show that the production of loud calling songs in A. acuta relies not only on the use of two, but three mechanical oscillators &ndash; the wings, the pronotal chamber possessing structural resonance, and the Helmholtz resonator formed by the chamber and the animal&rsquo;s body &ndash; that are set into motion and driven at or close to resonance by the animal&rsquo;s stridulatory movements.</p>","https://bio.acousti.ca/node/51482"
"51485","behaviour","<p>L. hebardi is a common night singer at Monte Verde. Calling males occurred in groups along Senderos Chomogo and Pantanoso of the reserve and bordered the road approaching the Centro de In formacion. They were usually perched well out of reach in the pathside shrubs or canopy. Males are light green and about 3.5 cm from vertex to termini tip. Large leathery termini enclose the abdomen with a prominent costal field. The male&#39;s cubito-anal region (sound field) in both tegmina bears a conspicuous glassy an recessed mirror, bordered by robust elevated brown veins.</p>
<p>L. hebardi song is resolved by the human ear as a two-lisp chirp (kate-ee). Each chirp lasts about 150 ms and is given at intervals of 2 or more seconds. There are 10 pulse trains in each chirp (Fig. 3) contrasting with only 4 in northern P. camellifolia. A human listener perceives the first 4 and the last 4 pulse trains as elementary sounds: &#39;kate&#39; and &#39;ee&#39; respectively. The 2 low-amplitude pulse trains that intervene are not detected. The 4 pulse trains of the second lisp always attain greater amplitude than any of those in the first. If the taped L. hebardi chirp is played back at a speed reduced by a factor of 4, the listener is able to resolve all 8 major pulse trains. The effect is remarkably like a song of southern P. camellifolia: there are 2, rapidly repeated, &#39;kate-ee-she-did&#39; signals. Thus an AM pattern with a strong similarity to that of P. camellifolia is nested within the chirp of L. hebardi, though occuring at a much greater pulse train repetition rate.</p>","https://bio.acousti.ca/node/51485"
"51487","behaviour","<p>L. scabricula is a larger dark green insect with similar mor phological features. It chorused actively each night in the im mediate vicinity of the La Selva station, high in the forest canopy&nbsp;adjacent to the river bank.</p>
<p>If the taped L. hebardi chirp is played back at a speed reduced by a factor of 4, the listener is able to resolve all 8 major pulse trains.&nbsp;The effect is remarkably like a song of southern P. camellifolia: there are 2, rapidly repeated, &#39;kate-ee-she-did&#39; signals. Thus an AM&nbsp;pattern with a strong similarity to that of P. camellifolia is nested within the chirp of L. hebardi, though occuring at a much greater&nbsp;pulse train repetition rate.</p>
<p>The chirp (about 400 ms in duration) of L. scabricula seems virtually to nest this same AM pattern within itself! Each chirp is just barely resolved by the human ear into 5 or 6 very rapidly delivered lisps (&#39;kate-ee-she-did-she&#39;). Each lisp is composed of 6 pulse&nbsp;trains. Fig. 3 shows one complete lisp, preceded and followed by parts of two others from a single chirp. The 6 pulse trains show a close resemblance in amplitude envelope and temporal patterning&nbsp;to the final 6 pulse trains in the song of L. hebardi. Slowed by a factor of 8, the last 4 (high-amplitude trains) of the 6 pulse trains can be rendered &#39;kate-ee-she-did&#39;.</p>","https://bio.acousti.ca/node/51487"
"51489","behaviour","<p>The calling song of P. camellifolia is a succession of chirps (Shaw 1968). Each chirp consists of 2 or more repetitions of a characteristic pulse train group (PTG): minor plus following major pulse train. The human ear cannot discriminate major from minor pulse trains, so each PTG is perceived as a unitary sound emission. The occurrence of 3 such PTGs per chirp is the basis of the collo quial name &#39;kate-ee-did&#39; (Caudell 1906). Four such groups are rendered onomatopoetically as &#39;kate-ee-she-did&#39;. These variations in chirp length are associated with geography and with aggressive acoustic interactions between neighbouring males (Shaw 1968). P. camellifolia south of the Appalachian Mts typically produce chirps of 5-7 PTGs (Alexander 1967, see his Fig. 16). The rate of tegminal movement is much slower in P. camellifolia than in Lophaspis; compare the oscillogram records of Fig. 3 which all have the same time base.</p>
<p>P. camellifolia has a sound level of 105 dB at 5 cm, calculated from Shaw (1968) by considering only spreading loss. Our measure ments of Lophaspis are also very high: L. hebardi at 110 dB and L. scabricula at 113 dB (Table 1). However such high intensity signals are not unique among Tettigoniidae. For example Dumortier (1963) gives Tettigonia viridissima L., a common katydid of western Europe, as 90-95 dB at lm; this converts to 116-121 dB at 5 cm! </p>","https://bio.acousti.ca/node/51489"
"51490","behaviour","<p>To the unaided ear the songs of S. impressopunctatus and S. mucronatus are highly similar. Each insect produces a succession of ticks reminiscent of a watch. A tick rate of 1.4/s was measured for a 5. impressopunctatus male at 22 C; a S. mucronatus male ticked 1.2/s at 26 C. The ticks of S. mucronatus (Fig. 6) last perceptibly longer than those of S. impressopunctatus (Fig. 5) and there is a rasping quality which presumably reflects the distinct amplitude modulations within each tick. S. carinulatus song (Fig. 4), contrasts strongly, being a fluttering sustained buzz of recurring pulse train groups. The flutter, as perceived by the human ear, results from the relatively substantial silent interval interposed between PTGs. Carrier frequency analysis reveals a narrow spectral peak, at testing to the function of a high-Q resonator in sound generation. Especially is this so for S. impressopunctatus and S. mucronatus whose ticks, resolved in oscillograms (Figs. 5, 6), have a highly sinusoidal wave form. On the assumption that these are pure sine waves, one calculates a carrier frequency from the high resolution oscillogram which agrees closely with the central peak location of the analyser spectrograms. In such a calculation for S. im pressopunctatus, based on 42 successive waves from the central region of one pulse, carrier frequency was 26.9 kHz.</p>
<p>This unusually high sinusoidal carrier frequency is generated by an equally unusual wing morphology. The 4 major morphological modifications can be illustrated by comparing S. impressopunc tatus with P. camellifolia (Fig. 7). P. camellifolia emits a broad spectrum (low-Q) calling song with a low (5 kHz) carrier, via a train of rapid-decay pulses. In Scopiorinus (1) the mirror is disproportionately small. P. camellifolia has a (dorsal midline) pronotal length of 5.8 mm (n= 1), S. impressopunctatus 5.0 mm (n= 1). The longest dimen sion of the mirror frame, the cantilever length, (Morris &amp; Pipher 1967) is 4.6 mm in P. camellifolia; but in S. impressopunctatus it is only 1.4 mm! Thus while the pronotum of Scopiorinus is about 13% smaller than that of Pterophylla, its mirror is about 70% smaller. In Scopiorinus (2) the mirror membranes of right and left tegmina are thick and leathery. This constrasts with the thin transparent membranes of P. camellifolia. A scanning photo shows a very bright region in Scopiorinus&#39; mirror centre (Fig. 7c). This is apparently the result of increased emission from an effectively doubled gold coating, i.e. the membrane is thin enough in the mir ror centre that the coatings of the two sides of the specimen lie close together and behave as a single thickened coat. Compare this cir cumscribed thin region to the more extensive bright area of P. camellifolia (Fig. 7b). In Scopiorinus (3) the veins that support the file and scraper are massive (Fig. 7c, d, e), suggesting the development of exceedingly strong forces during stridulation. To each side of the tail of Scopiorinus* file, the tegmen is deeply incised so that this portion of the forewing projects &#39;handle-like&#39; across the midline (Fig. 7a). There has been an elevation of the mirror upward, away from the plane of the dorsum, giving more volume to the air chamber beneath the tegmina. This chamber is bounded anteriorly by the immensely swollen file. An abruptly terminated bar has been formed from vein Cu 2, providing a lateral wall for this chamber. In Scopiorinus (4) the teeth of the file are much broadened and appear to be recessed into the file buttress at their edges (Fig. 7f). This would perhaps secure the scraper more firmly between two file teeth, keeping it aligned parallel to the long dimension of the tooth, minimizing scraper twisting. Broadened teeth of this sort occur in Metrioptera sphagnorum F. Walker, a decticine endemic to Canada, and coincide with the half of the file used by this insect to generate a 33 kHz sinusoidal sound (Morris &amp; Pipher 1972).</p>
<p>The sound level measured for a specimen of S. impresso punctatus is surprisingly low at 84 dB (6 cm) (Table 1). The two Monte Verde species at 88 and 96 dB (5 cm) are more typical of Tet tigoniidae. A remarkable feature of Scopiorinus is its low song-to-silence ratio, i.e. the high proportion of its singing time spent not broad casting. A S. impressopunctatus tick lasts about 21 ms, including low-amplitude portions preceding and following the intense emis sion. At the aforementioned tick rate of 1.4/s, the song period = 714 ms. For each 21 ms tick there is 693 ms of silence. In other words the singer signals for about 3% of the available time. To put this in perspective consider another emitter of sinusoidal pulses, and one which adds to its down time by chirping rather than trilling: Gryllus campest ris L. At a calling song chirp rate of 3.5/s (Eisner &amp; Popov 1978), and with each chirp composed of 3, 18 ms duration, pulses (Huber 1963), in 1 s G. campestris produces 3.5 X 3 X 18 = 189 ms of signal. This is a duty cycle ratio of 189/811 = 23%. Scopiorinus spp. were never detected stridulating in the field. Although these insects emit by far their greatest energy in the ultrasonic range they do possess a faint audible song component. One might have expected to make some use of sound in stalking and capturing specimens, the normal practice of those who hunt katydids. In fact specimens were only detected visually, in the beam of the flashlight. Later in the laboratory, after long isolation from their normal surroundings, these specimens produced their calling songs. Singing in these species is subject to a very low disturbance threshold.</p>
<p></p>","https://bio.acousti.ca/node/51490"
"51494","behaviour","<p>Though several were taken on under story vegetation both at La Selva and Monte Verde, they did not survive transportation. Information on calling song is derived&nbsp;from a field recording made at Monte Verde with the Uher equip ment. This was on 30 August 1976 in the early part of the night.&nbsp;Because of the audio-limited equipment the possibility of sound&nbsp;energy beyond 20 kHz cannot be ruled out.</p>
<p><br />
	The song of a predominantly brown-winged male (Fig. 8) was a&nbsp;succession of prolonged high-Q pulses, each pulse about 31 ms in duration. These song bursts lasted about 3 s or so. The carrier fre quency of the sinusoidal wave calculated from an oscillogram is&nbsp;13.6 kHz in mid-pulse. The spectrum analyser shows a principal peak centred on 14 kHz. The absence of energy between 15 and 20 kHz suggests that there is no ultrasonic component to this animal&#39;s emission. To the human ear at 16 C the song is a series of ethereal&nbsp;squeaks as if some tiny machine was running short of oil.<br />
	The pulses are paired in time and at 16 C, the recording temperature, this double-pulse is just resolvable with the unaided&nbsp;human ear. The pulses in a pair are separated by about 76 ms (up per trace Fig. 8) and the successive pairs by about 170 ms. Pulse pairs occurred in groupings of 4-8, with groups of 6 most common&nbsp;(n= 13 groups). </p>","https://bio.acousti.ca/node/51494"
"51496","behaviour","<p>La Pacifica has a relatively dry climate and A. circumdatus was the only nocturnal katydid taken there. But it was abundant, sing ing from the foliage of trees near the cabenas. Specimens were located by their singing and could sometimes be reached from the ground. In a nearby forest these same insects were discovered tak ing diurnal refuge in axils of the spiny leaves of large (2m high) terrestrial bromeliads. The frons of both sexes is marked turquoise-green and this darker colour may help to conceal the in sect as it faces skyward within the shadow of the leaf base. The male is 3-4 cm in length; females are slightly larger. The ovipositor is prominent and shaped like a bayonet. The body is broadly cream yellow marked with much brown. Dark brown veins contrast against the cream-white archedictyon of the tegmina. The song is a series of longish ticks. At 22 C in the laboratory one male employed a tick rate of 8/s. What the human ear discerns as a mere tick is actually a very elaborate AM pattern (Fig. 9). Both sinusoidal and complex wave pulses are tick components. By calculation from high speed AM traces, the sinusoidal pulses are seen to be responsible for the pronounced spectral peak near 32 kHz (Fig. 2). A longer somewhat incoherent train of rapid-decay pulses begins each tick. This is followed by 3 trains of the 32 kHz sinusoidal pulses, each train interspersed with a rapid-decay pulse train. </p>","https://bio.acousti.ca/node/51496"
"51498","behaviour","<p> single male of C. deciduus was field-recorded then collected as it sang from a tree branch along the road to the Monte Verde
Preserve. The venter of this specimen's abdomen is a startling light green and the rest of the body is mottled in caramel-yellow and brown, producing a bark-like effect. There is some faint green in
the archedictyon of the tegmina. The body is deep and about 3.4 cm long.
Analysis was confined to the field tape. At 16 C the male repeated his four-part songs every 2-3 s; his song rate was about 5 in 10 s. This calling song has some of the same features as those of
Lophaspis and Pterophylla: the human ear perceives a rapid sibilant 'kate-ee-she-did'. Each of the four sounds is seen on an
oscillogram (Fig. 10) to be a pair of pulse trains. At higher temperatures it is likely that these pulse trains would be unre solvable. The song is notably lower in intensity and less raucous than that of L. hebardi. Both species sang intermingled along the
path to the preserve, but C. deciduus was not heard in the preserve itself.</p>

<p>The pulses are rapid-decay and are poorly separated in time. Since the field recording was made with audio-limited equipment, ultrasonic frequencies are still a possibility. The audio spectrum is low-Q and has two energy peaks, one near 13 kHz and the other
near 16 kHz. There is no energy below 10 kHz.</p>","https://bio.acousti.ca/node/51498"
"51500","behaviour","<p>The song at 15 C is a steady sequence of short sharp ticks (Fig. 11). The tick rate is slightly greater than 2 per 10 s. Analysis was from audio-limited field recordings. A broad frequency peak cen tres on 10 kHz. Calculation of frequency from the waveform of the initial sinusoidal tick portion agrees roughly with the 10 kHz peak. The spectrum of Fig. 2 was obtained by storing successive ticks, and the gaps, e.g. 9 kHz + or ? 0.5 kHz, are artefacts of the sampling time course. </p>","https://bio.acousti.ca/node/51500"
"51502","behaviour","<p>M. powellorum is a recently described species (Rentz 1975) of Monte Verde. Its song at 24 C in the laboratory was a sequence of raspy triple-train chirps, given at a chirp rate of 2/s (Fig. 12). The silent interval between the first and second train is substantially longer than that between the second and third. The pulses are sinusoidal and their frequency, calculated from the wave form, corresponds to the high-Q 25 kHz spectral peak revealed by the analyser.</p>
<p>The songs of M. powellorum and A. circumdatus show an in teresting convergence with that of M. sphagnorum, the Canadian decticine mentioned above. M. sphagnorum also produces short trains of 10-15 wave, ultrasonic pure tone pulses (Morris 1970). The carrier frequencies of these pulses are very similar in A. circum datus and M. sphagnorum, 32 and 33 kHz respectively; the carrier of M. powellorum, 25 kHz, is at least of the same order. The time relationship of these pulses suggests that each train is generated during a single tegminal closure. The stridulation of M. sphagnorum has been analysed using flash photography to cor relate song elements with tegminal displacement (Morris &amp; Pipher 1972). A mechanism proposed for the decticine may plausibly be invoked for the two pseudophyllines: during a single run down the file, the scraper lodges at intervals behind a tooth, then drives at high speed over the next 10-15 teeth before lodging again. In this way elastic energy stored in the tegminal cuticle (scraper lobe) is made the basis of generating an ultrasonic high-Q sound.</p>
<p>Tremulation is a body-oscillating behaviour which generates vibrations in plant substrate. It has been described in the neotropical katydid Copiphora rhinoceros (Morris 1980). M. powellorum was observed to tremulate in the laboratory. It under went bouts of rapid body-shaking, each bout sustained through 20 or more oscillations. This was performed with the insect perched both vertically, on the side of a glass-walled cage, and horizontally on a metal screen. The movements were not as stereotyped as in C. rhinoceros.</p>","https://bio.acousti.ca/node/51502"
"51504","behaviour","<p>The song is a steady sequence of paired lisps (Fig. 13). At 16 C 16 lisp pairs are repeated in 10 s. The oscilloscope resolves each lisp into a very faint minor pulse train followed by a much longer in tense major pulse train. This PTG remains the same for both lisps of the pair. The complex-wave pulses of the trains tend to run together toward the concluding half of the major pulse train. The spectrum (Fig. 2) has a very tall sharp peak near 11 kHz and a broader higher frequency peak centred on 27 kHz.</p>
<p>It is possible to confuse the song of S. femorata with the two-lisp call of L. hebardi, but S. femorata appears to have a higher song rate for any temperature and there are quality differences e.g. a quavering quality to Lophaspis due to the greater number of pulse trains per lisp; the double lisp of S. femorata thus sounds &#39;crisper&#39;.</p>","https://bio.acousti.ca/node/51504"
"51506","behaviour","<p>ese colours deteriorated greatly with death. Two brief calling song buzzes were recorded in the laboratory. The sound is sibilant and quavering. A PTG of two train types is repeated at a rate of 29-30/s at 24 C. The trains have very different amplitude envelopes and very similar durations (Fig. 14). Rapid decay pulses make up the trains. Several spectra were obtained from the living insect but with much aspect variation: the animal walked and turned incessantly in the analysis cage. This is a good example of a low-Q sound generating system. Energy occurs across a wide band, 20-70 kHz, with the strongest peak near 30-34 kHz. A smaller peak is evident in the high audio range but this is not a consistent feature of all spectrograms.</p>","https://bio.acousti.ca/node/51506"
"51508","behaviour","<p>Recently Jacqueline Belwood of the Univ. of Florida (pers. comm.) has shown that an insectivorous bat, Tonatia sylvicola, can exploit orthopteran calling songs. Working in Panama, she attracted bats of this and other foliage-gleaning species to crude stridulatory imitations (sounds generated with combs and zippers) and to recordings of an unknown tettigoniid species. T. sylvicola responded positively to recorded prey sounds in a flight cage. </p>","https://bio.acousti.ca/node/51508"
"51510","behaviour","<p><em>N. sierranus</em> has a bimodal (two-part) song. A specimen recorded in the field at 16&deg;C repeated its song at a rate of about song per second. The human ear resolves the song as a few brief stuttering ticks, leading without pause into a buzz (Fig 2A). The buzz is a single pulse train (Fig 2B). A specimen with 170 file teeth produced 107 pulses ine ach buzz pulse train)averaged over 10 consecutive songs). The tick mode consists of a PTG repeated (usually) 3 or 4 times as the song is initiated. Each group is comprsed of a low-rate pulse train preceding a sharp-fronted, more intense, high-rate pule strain (Fig 2B).</p>
<p>The most intense carrier frequencies of both species li near 20kHz (Fig 3A, B).&nbsp;<em>N. macneilli</em> has a main intensity peak netween 15 and 22kHz with a lesser perak centres on 35kHz. The dominat peak of&nbsp;<em>N. sierranus</em>&nbsp;occurs within the range 16-23kHz and is particulalry pronounced at 19kHz. These frequencies exceed the response cpaability of most tape recorders and microphones; thus sonograms, such as that given by Rentz and Birchim (1968) for&nbsp;N. macneilli, may present only a small fraction of the sound energy actually produced by the animal.</p>
<p>In both species teh temina are mirror images of each other. Swollenlateral and mesal veins diverge form the wing base (A and B of Fig 4) and subtend a plateau of transparent cells, comprised of relatively stiff, thin cuticle. A membranous (flexible) skirt (C) hangs ventrally from the lateral vein. The medial margin of each tegmen functions as a scraper (D). The file (E) lies toward the midline between the massive veins and is only weakly attached to them. This stridulatory apparatus encloses a chamber of air on the dorsum of teh insect. The floor of this chamber is the terga of tehmeso- and metathorax and the first few abdominal segments. Each tegmen contributes the region bounded by the two large veins as half of the chamber roof. The skirt reaches and trails out upon the insect&#39;s back, delimiting the sides of the chamber and closing it off posteriorly. Tegminal structure is essentially teh same in both species; tehy differ only in teh far greater number of teeth ocurring on the file of&nbsp;<em>N. sierranus</em>.</p>","https://bio.acousti.ca/node/51510"
"51515","behaviour","<p>The stridulation of&nbsp;<em>C. arizonensis</em> is so nealry identicl to that of<i>&nbsp;C. occidentalis</i>&nbsp;that it is almost impossible to separate the two in the field. It is interesting to note that three species of the genus&nbsp;<em> C. arizonensis</em>,&nbsp;<em>C. fulginosus</em>,&nbsp;<em>C. occidentalis</em>, were all collected at the Lone Pine, California, locality.</p>","https://bio.acousti.ca/node/51515"
"51516","behaviour","<p>The stridulation is somewhat similar to that of&nbsp;<em>C. occidentaliis</em>.</p>","https://bio.acousti.ca/node/51516"
"51517","behaviour","<p>The song of&nbsp;<em>C. fuliginosus</em> is low and vascillating. </p>","https://bio.acousti.ca/node/51517"
"51518","behaviour","<p>The song of&nbsp;<em>N. macneill</em>&nbsp;is of the &quot;zwee-zwee-zwee&quot; type and readily identified as similar to that of other members of this subgenus.</p>","https://bio.acousti.ca/node/51518"
"51519","behaviour","<p>The stridulation was of teh raspy &quot;chu-chu-chu&quot; variety, not the &quot;zwee-zwee-zwee&quot; of&nbsp;<em>N. macneilli&nbsp;</em>or&nbsp;<em>N. convexa</em>.</p>","https://bio.acousti.ca/node/51519"
"51520","behaviour","<p>The stridulation of the species is of the &quot;zwee-zwee-zwee&quot; type differnet from the &quot;chu-chu-chu&quot; sound made by&nbsp;<em>N. carinata</em>.</p>","https://bio.acousti.ca/node/51520"
"51521","behaviour","<p>The call of the male of this species is of the &quot;zwee-zwee-zwee&quot; type.</p>","https://bio.acousti.ca/node/51521"
"51522","behaviour","<p>It was found in dense chaparral where it stridulated at night making a low, short buzz followed by a long pause.</p>","https://bio.acousti.ca/node/51522"
"51524","behaviour","<p>Tinkham (1944) confused this species with&nbsp;<em>N. ovata</em>&nbsp;and his remarks for that species apply here. He described the song of this species as &quot;a strong zip-zip broken by a pause of several seconds and quite distinct from the zic-zic-zic of&nbsp;<em>segnis</em>&quot; (here considered&nbsp;<em>N. o. gigantea</em>). Tinkham also stated the call could be heard for a distance of about 100 feet.</p>","https://bio.acousti.ca/node/51524"
"51526","behaviour","<p>Specimens could be heard at night in July...</p>
<p>Males stridulate with a loud zwick (Fig 37A). This race has the loudest call of any of the subspecies heard by the authors. The call can easily be heard from a moving automobile. Stridulation usually ceased by midnight as the coolness of night approached.</p>","https://bio.acousti.ca/node/51526"
"51529","behaviour","<p>Rehn and Hebard state its stridulation &quot;is much like that of&nbsp;<em>Scudderia</em>&quot; This indicates that the song might be quite different from other races of this species.</p>","https://bio.acousti.ca/node/51529"
"51530","behaviour","<p>Quite possibly&nbsp;<em>Cyrtophyllicus</em> is the loudest sounding decticine in the Nearctic Region. Its call can be heard from nearly 1/4 mile distance.</p>","https://bio.acousti.ca/node/51530"
"51532","behaviour","<p>Males sit high (3-4 feet from the ground) in bushes, which they resemble in coloration, and stridulate loudly with a continuous buzz audible from 1/8 to 1/4 mile distant.</p>","https://bio.acousti.ca/node/51532"
"51534","behaviour","<p>Males stridulate loudly only during the late morning and are extremely wary and stop at the slightest disturbance.</p>","https://bio.acousti.ca/node/51534"
"51536","behaviour","<p>The call is a low continuous &quot;zee-zee-zee&quot;.</p>","https://bio.acousti.ca/node/51536"
"51537","behaviour","<p>At night they would move out on the wall and sing.</p>","https://bio.acousti.ca/node/51537"
"51539","behaviour","<p>The calling song is a low &quot;zee-zee-zee-zee&quot;.</p>","https://bio.acousti.ca/node/51539"
"51540","behaviour","<p>The calling song of the male described by Tinkham is a continuous &quot;zeee-zeee-zeee&quot; audible for a distance of from ten to fifteen feet.</p>","https://bio.acousti.ca/node/51540"
"51542","behaviour","<p>The song described by Tinkham isa. loud, rapid &quot;zee-zee&quot; at approximately 180 per minute.</p>","https://bio.acousti.ca/node/51542"
"51644","general","<p>Advertisement call: Call descriptions are based on the calls of one paratype (AMS R177677) and two unvouchered individuals. Advertisement calls were recorded at 21.0&ndash;22.9 oC ambient temperature. Calls were an average of 73.3 ms (62&ndash;85 ms) in duration (Table 4; Fig. 6). Calls of unvouchered individual (b) contained an average of 23.05 pulses (19&ndash;25), whereas the calls of AMS R177677 and another unvouchered individual (a) were not distinctly pulsed. The average dominant frequency of calls was 3.3 kHz (3.2&ndash;3.4 kHz). Calls were repeated at a rate of approximately 3.25 (3.05&ndash;3.37) calls per second, and had an average intercall interval of 221.3 ms (190&ndash;261 ms). The number of calls within each call group ranged from 16&ndash;51, with an average of 38.7. Most call groups began at a relatively low amplitude, increasing with each call up to approximately a quarter to a third of the duration, after which amplitude remained relatively constant (Fig. 6A i&ndash;ii &amp; B i&ndash;ii). Individual calls either began with a medium relative amplitude and peaked near the middle before declining towards the end (Fig. 6A iii), or peaked at the beginning, steadily declining throughout (Fig. 6B iii). </p>","https://bio.acousti.ca/node/51644"
"52249","behaviour","<p>Bioacoustically, the new species differs from all species in Duboimantis by advertisement call structure. Most species in this subgenus emit regularly repeated calls, each of which consists of a single, typically pulsed or pulsatile note (G. granulatus, G. cornutus, G. leucomaculatus, G. moseri, G. redimitus, G. schilfi, G. tschenki, G. tandroka, G. plicifer, G. zavona). In many of these species, notes can also be more irregularly arranged in short series, but calls do not consist of a regular number of 7&ndash;10 short and rapidly repeated notes as in G. tohatra sp. nov. This characteristic is particularly helpful in its distinction from the sympatrically occurring and morphologically similar G. schilfi, which emits a single, densely pulsed note. Gephyromantis sculpturatus and G. luteus emit a fast series of squeaking, unpulsed notes that are very distinct from the call of G. tohatra. The only other Duboimantis with a surprisingly similar call structure to the new species is G. salegy, which however differs by a substantially larger body size of 45&ndash;48 mm in adult males and by a larger number of granules in femoral glands (36&ndash;38 vs. 10&ndash; 21)..</p>","https://bio.acousti.ca/node/52249"
"52512","behaviour","<p>Calling song (Figs 5, 6). The calling song contains a set of continuously repeated phrases of variable duration. Each phrase contains 2&ndash;10 (typically 3 or 4) single macrosyllables, each 0.054&ndash;0.080 s duration and separated by gaps of 0.048&ndash;0.093 s duration (all statistics, n =10 recordings). The gaps are typically punctuated by 1 or 2 syllables, which occur immediately before production of the next macrosyllable. Sometimes the first macrosyllable of each phrase is also preceded by 1&ndash;2 syllables. Each phrase ends with a double macrosyllable. This is composed of an initial macrosyllable of 0.050&ndash;0.066 s duration, a gap of 0.015&ndash;0.025 s duration, and a second shorter macrosyllable of 0.029&ndash;0.045 s duration. A gap of 0.084&ndash;0.123 s duration separates each phrase. It is anticipated that females respond during the gap following the short macrosyllable at the end of each phrase, although there are presently no observations to support this expectation (see Marshall and Hill (2009) for an explanation on female response to male calling songs in the tribe Cicadettini).</p>
<p>This species calls during the day and is not known to sing at dusk. The calling song maintains an even frequency distribution throughout, with a high amplitude plateau of 10.4&ndash;15.2 kHz and a dominant frequency between 11.0 and 14.2 kHz. </p>","https://bio.acousti.ca/node/52512"
"52513","behaviour","<p>Calling song (Figs 7, 8). The calling song contains a set of repeated phrases. At the onset of calling, each phrase begins with a long echeme (0.646&ndash;1.702 s duration), followed by a 0.023&ndash;0.045 s gap, a short echeme or macrosyllable (0.02&ndash;0.097 s duration) and a 0.196&ndash;1.767 s gap (all statistics, n =8 recordings). Close inspection of the beginning of the long echemes in each phrase reveals a series of discrete syllables that coalesce and increase up to 3x in amplitude during production of the echeme. After production of several successive echemes, males typically start to lengthen the introduction of each phrase with the addition of a long sequence of syllables (each 0.005&ndash;0.013 s duration), separated by gaps of 0.042&ndash;0.092 s duration. The gaps between these syllables noticeably decrease towards the end of a sequence, shortening down to 0.011 s immediately prior the production of the long echeme. These introductory sequences range in duration between 1.204 and 2.277 s, with the longest examples shortening the gap at the end of the preceding phrase down to 0.030 s on occasion. Field observations indicate that the female responds during the gap following the short echeme or macrosyllable at the end of each phrase.</p>
<p>This species calls during the day and is not known to sing at dusk. The calling song maintains an even frequency distribution throughout, with a high amplitude plateau of 9.7&ndash;13.2 kHz and a dominant frequency between 10.2 and 12.0 kHz. </p>","https://bio.acousti.ca/node/52513"
"52514","behaviour","<p>Calling song (Figs 9, 10). The song of this species contains simple, repetitive buzzing phrases, each beginning softly then rising sharply to a constant amplitude for the remainder. Each phrase commences with a long echeme of 0.800&ndash;6.150 s duration, followed by a brief gap (0.008&ndash;0.040 s) and a syllable or macrosyllable of 0.006&ndash;0.028 s duration (all statistics, n= 49 recordings). Occasionally, an additional syllable or macrosyllable is produced at the end of the phrase. Each phrase concludes with a gap of 0.021&ndash;0.191 s duration. When short gaps occur, the phrases often appear to follow on continuously. In the absence of direct observations, it is presumed that the female would respond with a wing flick during longer gaps at the end of each phrase. Close inspection of the structure within the long echeme at the start of each phrase often reveals that the beginning of this echeme contains a series of discrete syllables, although in some cases these syllables at the beginning of each long echeme may be entirely coalesced. Indeed, there is a progression from isolated short syllables to isolated longer syllables, to coalesced syllables.</p>
<p>The calling song typically exhibits a highest amplitude frequency plateau between 12.0 and 18.6 kHz. There appears to be no dramatic modulation in frequency during production of the calling song. </p>","https://bio.acousti.ca/node/52514"
"52515","behaviour","<p>Calling song (Fig. 12). A single recording has been obtained for this species (from Myall Park near Glenmorgan). The calling song contains regular long echemes (2.036&ndash;2.086 s duration), which are sometimes separated with at least one or two short echemes (each 0.055&ndash;0.097 s duration). The long and short echemes are separated by gaps of 0.362&ndash;0.726 s duration. Notably, the short echemes and the initial 0.087&ndash;0.101 s of the long echeme are produced at the same amplitude. However, the remainder of the long echeme drops abruptly in amplitude to one half to two thirds of the amplitude, as shown in Figure 12. Whilst the song contains apparent modulation it amplitude, it maintains a constant frequency plateau, which spans approximately 12.1&ndash;16.6 kHz.</p>
<p>It is anticipated that the female would produce a wing-flick response in the gaps after each short echeme; however no observations male-female courtship behaviour have been made for this species. </p>","https://bio.acousti.ca/node/52515"
"52516","behaviour","<p>Calling song (Figs 13, 14). The song of this species contains repetitive buzzing phrases, each with a brief inflection in amplitude and frequency towards the middle. Each phrase commences with a long echeme, typically with a duration of 2.018&ndash;3.954 s, followed by a brief gap (0.004&ndash;0.021 s) and a syllable or macrosyllable of 0.011&ndash; 0.029 s duration (all statistics, n= 17 recordings). Close inspection of the structure within the long echeme sometimes reveals that the beginning contains a series of discrete syllables, or alternatively it may be entirely coalesced. The inflection occurs in the long echeme, typically half way to two thirds into its overall duration. The highest point of inflection can reach up to four times the amplitude of the beginning of the echeme and may be sustained at this increased volume for up to 0.6 s. Observations indicate that the inflection is cause by a marked upward contraction of the abdomen, followed by partial relaxation. Generally, the amplitude remains slightly higher relative to the beginning of the echeme for the remainder of the echeme following the inflection.</p>
<p>Prior and following to the inflection, the calling song typically exhibits a highest amplitude frequency plateau between 11.2 and 18.4 kHz. This increases to 13.0&ndash;19.5 kHz, or slightly higher, during the inflection. Some geographic variation is evident in calling song, with larger specimens from central New South Wales exhibiting slightly extended long echeme (up to 5.91 s) and lower frequency plateaus (8.7&ndash;15.2 kHz before inflection and 11.4&ndash;17.0 kHz at inflection). In addition, in recordings from Cravens Peak at the western edge of the species&rsquo; distribution, produce slightly shorter long echemes (1.417&ndash;1.510 s) and the inflection is produced earlier than in other examples (Fig. 14A). </p>","https://bio.acousti.ca/node/52516"
"52517","behaviour","<p>Calling song (Figs 15, 16). This species produces repeated phrases, each containing successive echemes with notable amplitude modulation, giving the song a &lsquo;wavering&rsquo; quality. Each phrase commences with a quiet syllable sequence (each syllable 0.008&ndash;0.011 s, separated by gaps of 0.008&ndash;0.052 s, total duration 0.240&ndash;0.478 s) followed by a series of 10&ndash;16 echemes (each 0.209&ndash;0.276 s duration), each punctuated by brief gaps (0.011&ndash;0.017 s), and then a shorter echeme (0.101&ndash;0.139 s) followed by a detectable gap (0.029&ndash;0.041) and a macrosyllable (0.015&ndash; 0.027 s) (all statistics, n =18 recordings). A longer gap of 0.155&ndash;0.280 s duration separates each phrase. It is expected that the female would respond during the long gap at the end of each phrase, following the second shorter echeme; however this interaction has not yet been observed in this species. A characteristic of the song is that the introductory syllable sequence and initial two echemes are 2&ndash;4 times quieter than the echemes that follow.</p>
<p>The calling song maintains an even frequency distribution throughout, exhibiting a high amplitude plateau of 9.5&ndash;13.1 kHz, or 9.8&ndash;14.4 kHz in smaller males. </p>","https://bio.acousti.ca/node/52517"
"52518","behaviour","<p>Calling song (Figs 18&ndash;20). This species is atypical in the genus Myopsalta because it produces slightly different song structures in the day and at dusk. The day calling song contains a set of monotonously repeated phrases. Each phrase begins with a single syllable or doublet (0.006&ndash;0.025 s) followed by 1&ndash;2 additional syllables or doublets and typically 1&ndash;2 macrosyllables (0.035&ndash;0.081 s) and then a series of 3&ndash;13 (usually 5&ndash;10) echemes of 0.056&ndash;0.308 s duration separated by short gaps of 0.009&ndash;0.040 s (all statistics, n =50 recordings; Figs 18, 19). With the exception of the first few (introductory) phrases, each phrase ends with two shorter echemes 0.036&ndash;0.105 s duration, separated by a gap of 0.044&ndash;0.091 s. The phrase ends with a final long gap of 0.277 s to 1.071 s. It is expected that the female would respond during the long gap at the end of each phrase, following the second shorter echeme; however this interactions has never been recorded in this species. A characteristic of the song is that the first introductory (macro)syllable(s) are 2&ndash;3 times quieter than the series of echemes that follow.</p>
<p>Some variation is evident in the number and duration of macrosyllables within each phrase of the day calling song across the geographical distribution of this species (Fig. 19). In central Queensland, the number of echemes in each phrase is typically fewer (3&ndash;5) and their duration is longer (0.250&ndash;0.308 s). In southern Queensland and New South Wales, the number of echemes is greater (6&ndash;13), with number increasing broadly with latitude, and their duration is also shorter (0.056&ndash;0.193 s). Further recordings from areas of southern Queensland closer to the Tropic of Capricorn would be required to determine whether the southern and northern song types overlap or coalesce in structure. Based on current data, M. mackinlayi has the potential to be a cryptic species complex.</p>
<p>Despite the apparent variation in the temporal structure of the day calling song, the calls maintain a relatively even frequency distribution throughout, exhibiting a high amplitude plateau of 9.7&ndash;14.1 kHz, occasionally reaching 17.7 kHz.</p>
<p>The dusk calling song is effectively a monotonously repeated varation of the day calling song. It commences with a series of soft syllables or macrosyllables, then builds into a monotonous series of echemes (0.105&ndash;0.270 s duration), separated by gaps of 0.021&ndash;0.037 s duration (all statistics, n =2 recordings; Fig. 20). The dusk song has been observed in populations from south-east Queensland and New South Wales. Whether populations in central Queensland produce the dusk song remains unknown. </p>","https://bio.acousti.ca/node/52518"
"52519","behaviour","<p>Calling song (Fig. 23). The calling song contains a set of repeated phrases of variable duration. Each phrase contains 4&ndash;10 (typically 4&ndash;7) long echemes, each 0.326&ndash;0.411 s duration and separated by gaps of 0.041&ndash;0.081 s duration (all statistics, n =3 recordings). Each phrase ends with a slightly shorter echeme (0.278&ndash;0.306 s duration), short gap (0.020&ndash;0.026 s duration), a macrosyllable (0.047&ndash;0.064 s duration) and a longer gap (0.153&ndash;0.172 s duration). It is anticipated that females respond during the gap following the macrosyllable at the end of each phrase, although there are presently no observations to support this prediction.</p>
<p>This species calls during the day and is not known to sing at dusk. The calling song maintains an even frequency distribution throughout, with a high amplitude plateau of 9.7&ndash;14.2 kHz and a dominant frequency of approximately 10.2 kHz. </p>","https://bio.acousti.ca/node/52519"
"52520","behaviour","<p>Calling song (Figs 24, 25). When calling, males produce a rapid and fairly constant emission of short macrosyllables (0.012&ndash;0.021 s duration), evenly spaced by gaps (0.027&ndash;0.041 s duration), giving an overall rate of repetition of 18&ndash;24 macrosyllables per second. Close examination of the calling song reveals that the bursts of macrosyllables are occasionally interrupted by a longer gap of 0.05&ndash;0.11 s duration. It is postulated that the female would respond with a wing-flick during the longest examples of these gaps, which are typically preceded by a single isolated macrosyllable (e.g. Fig. 25f).</p>
<p>This species calls during the day and it is not known whether it also sings at dusk. The calling song maintains an even frequency distribution throughout, with a high amplitude plateau of 9.6&ndash;15.1 kHz and a dominant frequency of approximately 11.2&ndash;13.9 kHz. </p>","https://bio.acousti.ca/node/52520"
"52521","behaviour","<p>Calling song (Fig. 26). Examination of the calling song of M. parvula n. sp. reveals the phrase durations to be quite variable, often prolonged. From a small sample of available recordings ( n =2), phrase durations ranged from 3.7 s to &gt;47 s and this variation was a consequence of the number of smaller subphrases incorporated into each phrase. Each subphrase comprises a long macrosyllable (0.05&ndash;0.08 s duration; sometimes preceded by a syllable and gap of 0.007&ndash;0.008 s and 0.008&ndash;0.017 s duration, respectively), a gap of 0.020&ndash;0.025 s duration and a syllable sequence (0.12&ndash;0.19 s duration, containing 5&ndash;7 syllables separated by gaps of 0.020&ndash;0.025 s duration). Each phrase concludes with a drawn out syllable sequence (0.5&ndash;1.0 s duration, containing 18&ndash;35 syllables), followed by a gap (0.039&ndash;0.042 s duration), a short macrosyllable (0.017&ndash;0.022 s duration) and a longer gap (0.10&ndash;0.12 s duration). Based upon the observations of the calling behaviour in other Myopsalta species, it is considered likely that the female would respond with a wing-flick signal during the long gap at the end of each phrase.</p>
<p>The calling song maintains an even frequency distribution throughout, with a high amplitude plateau of 12.9&ndash; 19.3 kHz and a dominant frequency between 13.1 and 17.7 kHz. </p>","https://bio.acousti.ca/node/52521"
"52522","behaviour","<p>Calling song (Fig. 27). Males produce a sequence of long macrosyllables or short echemes (0.07&ndash;0.12 s duration), evenly spaced by gaps (0.11&ndash;0.13 s duration), giving an overall rate of repetition of 4&ndash;6 macrosyllables per second (all statistics, n =4 recordings). At sporadic intervals these macrosyllables or echemes are interrupted by a much shorter macrosyllable (0.02&ndash;0.03 s duration) followed by a slightly longer gap (0.13&ndash;0.14 s duration). It is considered likely that the female would respond with a wing-flick during these longer gaps.</p>
<p>This species calls during the day and it is not known whether it also sings at dusk. The calling song maintains an even frequency distribution throughout, with a high amplitude plateau of 11.6&ndash;15.7 kHz and a dominant frequency of approximately 12.8 kHz. </p>","https://bio.acousti.ca/node/52522"
"52523","behaviour","<p>Calling song (Fig. 29). To the ear, the song of M. riverina appears to contain monotonously repeated long echemes, each increasing slightly in amplitude throughout and each separated by short sequences of macrosyllables. Detailed examination of three available recordings reveals that the echemes are organised collectively into phrases of quite variable duration. Indeed each phrase contains 2 to 60 (or more) echemes (1.0&ndash;1.5 s duration), each separated by gaps (0.17&ndash;0.38 s duration). The gaps are typically not silent, instead containing 3&ndash;7 macrosyllables (0.02&ndash;0.06 s duration, 2&ndash;4 syllables, with the syllables themselves not coalesced). The end of the phrase is signified by a short gap of approximately 0.04 s duration followed by a long macrosyllable (0.07&ndash;0.09 s duration) and a longer gap (0.10&ndash;0.12 s duration) (all statistics, n= 17 recordings). Following the stereotypical structure of male-female communication in this group, it is anticipated that the female would respond with a wing- flick during the long gap at the end of each phrase.</p>
<p>This species has been observed calling during the day and it is not known whether it also sings at dusk. The calling song maintains an even frequency distribution throughout, with a high amplitude plateau of 12.2&ndash;18.5 kHz and a dominant frequency of 14.2&ndash;14.7 kHz. </p>","https://bio.acousti.ca/node/52523"
"52524","behaviour","<p>Calling song (Figs 30, 31). The calling song of M. septa has a reeling or sweeping quality. This is due to the presence of slightly varying arrangements of syllable sequences, echemes and silent gaps. Close examination of song structure reveals that there are two subphrase types: a single echeme subphrase and a double echeme subphrase. These appear to interchange freely (and often unpredictably) during song production. The single echeme subphrases each comprise a sequence of 4&ndash;&gt;10 syllables (syllables 0.01 s duration, gaps &lt;0.01&ndash;0.08 s duration, decreasing successively; total duration of 0.09&ndash;0.43 s), followed by a long echeme (0.24&ndash;0.39 s) and a long gap (0.15&ndash;0.53 s duration) (all statistics, n = 19 recordings). Within each single echeme subphrase, the amplitude increased markedly during production of the echeme to a multiple of up to 3x the amplitude of the preceding syllable sequence. The double echeme subphrase commences in the same way as the single echeme subphrase except that following the long echeme there is a second, longer and higher amplitude, syllable sequence (with gaps between syllables initially 0.005&ndash;0.015 s duration, extending up to 0.03&ndash;0.07 s duration in mid sequence, then decreasing again towards the end of the sequence; 0.6&ndash;1.1 s total duration), followed by another echeme (0.25&ndash;0.43 s duration) and a long gap (typically 0.14&ndash;0.24 s duration). It is suspected that females would respond with a wing-flick signal to a calling male during the long gaps; however it is not known whether they respond at the end of each single echeme subphrase or each double echeme subphrase, or both.</p>
<p>This species calls during the day in warm, sunny conditions. The calling song maintains an even frequency distribution throughout, with a high amplitude plateau betwen 9.8 and 14.7 kHz and a dominant frequency of 10.5&ndash; 13.0 kHz. </p>","https://bio.acousti.ca/node/52524"
"52525","behaviour","<p>Calling song (Figs 32, 33). The song contains a set of repeated phrases. At the onset of calling, each phrase begins with a long echeme (0.509&ndash;1.199 s duration), followed by a 0.035&ndash;0.046 s gap, a short echeme or macrosyllable (0.034&ndash;0.060 s duration) and a 0.376&ndash;2.701 s gap (all statistics, n =9 recordings). Close inspection of the beginning of the long echemes in each phrase reveals a series of discrete syllables that coalesce and increase of at least 4x in amplitude during production of the echeme. After production of several successive echemes, males typically start to lengthen the introduction of each phrase with the addition of a long sequence of syllables (each 0.007&ndash;0.011 s duration), separated by gaps of 0.030&ndash;0.080 s duration. These introductory sequences range in duration between 1.12 and 1.59 s, with the longest examples typically coinciding with particularly short gaps at the end of the preceding phrase. Field observations indicate that the female responds during the gap following the short echeme or macrosyllable at the end of each phrase.</p>
<p>This species calls during the day and it is not known whether it also calls at dusk. The calling song maintains an even pitch throughout, with a highest amplitude frequency plateau of 10.3&ndash;16.0 kHz and a dominant frequency between 12.2 and 15.1 kHz. It is near identical to the call of M. bassiana, but differs in the greater degree of amplitude modulation in the production of each long echeme. </p>","https://bio.acousti.ca/node/52525"
"52526","behaviour","<p>Calling song (Figs 34, 35). This species exhibits a high-pitched, &lsquo;reeling&rsquo; song, with a distinct build-up and variable phrase duration. Each phrase is composed of an introductory syllable or syllable sequence followed by a series of 2&ndash;10 subphrases (all statistics, n =62 recordings). On infrequent occasions only a single subphrase is produced. The introductory syllable sequence contains a series of 1&ndash;10 (rarely up to 18) syllables (0.005&ndash;0.011 s duration) separated by successively decreasing gaps (0.005&ndash;0.057 s duration), with a total duration of 0.014&ndash;0.354 s. In some instances, the introductory syllable sequence is omitted and the phrase commences abruptly the first subphrase. Each subphrase comprises a long echeme (0.043&ndash;0.152 s) followed by a long syllable sequence with gaps of 0.004&ndash;0.017 s between each syllable and a total duration of 0.080&ndash;0.695 s. The final subphrase of each phrase typically exhibits a more condensed syllable sequence, with gaps between each syllable of 0.002&ndash;0.020 s and an extended total duration of 0.096&ndash;2.559 s. This is followed by a gap of 0.012&ndash;0.041 s, a short echeme of 0.019&ndash;0.052 s and a longer gap of 0.023&ndash;0.161 s duration. It is expected that the female would respond during the long gap following the short echeme; however this interactions has not yet been recorded in this species. Occasionally, the gap at the end of the final subphrase is interrupted by an additional syllable.</p>
<p>The calling song is produced with a persistent level of amplitude throughout. It also maintains an even frequency distribution, without apparent modulation, exhibiting a high amplitude plateau within the bounds of 11.6 and 17.8 kHz, typically 12.1&ndash;16.2 kHz.</p>
<p>The song recordings of this species show remarkably consistent structure considering the widespread distribution of this cicada, a phenomenon noted for some other arid zone cicadas including Arenopsaltria nubivena (Walker) (Ewart et al., 2015a) and Simona erema Ewart, Popple and Marshall (Ewart et al., 2015b). The most notable anomaly is present in the recordings from near Alice Springs, which differ in that the syllable sequences within each subphrase exhibit successively decreasing gaps between each syllable. This trait is not present in the recordings from populations further to the east. </p>","https://bio.acousti.ca/node/52526"
"52582","behaviour","<p>The males give off a brief muffled stridulation which produces a humming sound that can be heard from quite a distance. </p>","https://bio.acousti.ca/node/52582"
"52681","diagnostic","<p>
	Stridulatory file bearing 62&ndash;64 teeth. Measured from the anal side of the file, inter-tooth spacing rapidly and consistently increases in the first third of file length from ca. 14&mu;m to 40&mu;m, decreases during the second third from ca. 40&mu;m to 10 &mu;m, and slowly decreases from 10&mu;m to 5 &mu;m in the last third (Fig. 4C). </p>","https://bio.acousti.ca/node/52681"
"52691","behaviour","<p>(3 males recorded) Specimens were found an hour after midnight (22&deg;C) in a pasture, calling form lichen and moss-covered lower limbs of an old lime tree. The song is readily audible. A few callers were just within reach overhead, others up to several metres above. One male was later recorded extensively in Canada with ultrasonic capable equipment at two different temperatures, 19&deg;C and 27&deg;C.</p>
<p>The following mean measures are of the lab recorded male at 27&deg;C. He produced a succession of notes (calls) witha. period of 4.6s (range 3.5-5.5 s). Slowed by a factor of 8, each note is a musical warble, and consists of a train of prolonged pulses (Fig. 30A). The first few pulses are lower ina mplitude and shorter in duration, then increment to become each about 10ms in duration. The final pulse (Fig. 30B) is somewhat longer (average: 13.5 ms). Each note lasted 166 ms. Pulse period was 15.2 ms.</p>
<p>Some call component durations of this insect increased at the lower temperature (19&deg;C): note to 216 ms; final pulse to 17.7 ms; penultiumate pulse to 13.1 ms (from 10.2 ms); pulse period to 20.2 ms.</p>
<p>This insect produces no ultrasonic sound. The very uniform single audio frequency waveform is is shown in Fig. 30C. The spectrum is one exceptionally high-Q, narrow peak at 14.6kHz (Fig. 30D). At the lower temperature this frequency and teh number of pules per call, changed very little: carrier frequency became 14.4kHz; mean pulses per note went from 10.7 to 11.3.</p>
<p>Two field recorded animals exhibited the following averages: call note period ~ 10s; note duration 290 ms, 12 pulses / note, final pulse in train 22 ms, penultimate pulse 17.6 ms, pulse period 25 ms. The average carrier for the two field males was 13.5 kHz. </p>","https://bio.acousti.ca/node/52691"
"52694","behaviour","<p>(1 male recorded) We successfully recorded the singing of one specimen at 28&deg;C. This male&#39;s duty cycle was extremely low: in making a succession of seven call he sang for about 1/3 of 1% of the time available. Each call was a zip lasting 106.7 ms (c.v. = 1.6%). One complete zip is shown in Fig. 31 A. Average down time between calls was 35.8 s (n=9).</p>
<p>The amplitude modulation of the call is complex and a little variable; it incorporates trains of rapid-decay pulses of low amplitude as well as trains of higher amplitude prolonged pulses (Fig. 31B); within the trains these latter tend to increment in duration. The maximum prolonged pulse duration achieved was in the final train (Fig. 31B,C): 2.1 ms.</p>
<p>The call always begins with a pair of low-amplitude rapid-decay pulse pulse trains. Then there are a few short sinusoidal pulses at higher amplitude and finally a short succession of the rather variable (presumed) phonatomes, each comprised of a minor low amplitude train preceding a major train of several maximally sustained pure tone pulses (Fig. 31 A,B).</p>
<p>Though this insect&#39;s song includes so many low amplitude rapid-decay pulse trains, its spectrum is is nevertheless dominated by a single relatively high-Q peak of unusual symmetry (Fig. 31 D,E). At any signficant distance from a singer a female would only perceive this dominant carrier. The peak is the product of the higher intensity pulses which involve one dominant frequency: 29.3 kHz (c.v1.3%). Though not obvious in all spectra there are also very low harmonic peaks. There is a fundamental at 14.5 kHz &gt;37 dB down. The principal carrier is thus the first harmonic of this suppressed fundamental. Other low harmonic peaks occur, 2&#39;nd, 3&#39;rd, 5th, all &gt;30 dB below the dominant peak. One prolonged pulse is shown (Fig. 31C) at a resolution that reveals the pure-tone sinusoid; the power spectrum of this particular time sample is shown in Fig. 31 E. </p>","https://bio.acousti.ca/node/52694"
"52695","behaviour","<p>(2 males recorded) Songs of two males were recorded in the lab at 21&deg;C. For one of these we had also obtained an earlier field recording at 11&deg;C. The call is a rattle comprised of short sinusoidal pulses, paired in time, the pairs repeated over minutes without interruption (Fig. 32A). It evokes the sound of a minature one-stroke engine. Each pulse is only a few ms in duration (Fig. 32B) and never reaches an amplitude plateau.</p>
<p>In the lab a male (96-2) gave a pair rate of 8.5/s; his pair period was 117 ms with a pulse period of 27 ms. The other male (96-3) repeated pairs at 7.8/s; his pair period was 128.5 ms, pulse period 26 ms. In the field as a cold singer this same male (96-3) had a pair rate of only 3.3/s, the second pulse following the first (pulse period) by 55 ms.</p>
<p>At 21&deg;C the pairs, but not the pulses, are resolved by human hearing. But at low temperatures each pulse becomes discriminable to the human ear and their paired nature very apparent.</p>
<p>The amplitude of a pulse rises quickly to form 7-14 intense waves with little or no plateau (Fig. 32B) and then there is some amplitude variation in a long decay. Possibly each pair constitutes a phonatome, i.e. the two correspond to one cycle of wing movement. But this notion is difficult to reconcile with the large number of teeth on the file (110, n = 1) (Fig. 20A). Alternatively several pulse pairs may be produced during one file run.</p>
<p>The spectrum is dominated by a single moderately narrow peak near 17kHz (Fig. 32C). Weak harmonics are present, a 2&#39;nd and 3&#39;rd but are more than 20dB below the top energy of the fundamental and hence not shown in Fig. 32 C.One of the males (96-2) produced its carrier at 17.5kHz (range 17.0-17.7). The other (96-3) was slightly lower at 16.3kHz (range 16.3-16.4). The mean principal carrier for 96-3 in teh field was 16.3kHz, exactly the same at both 11 and 21&deg;C. </p>","https://bio.acousti.ca/node/52695"
"52696","behaviour","<p>(1 male recorded) The song of this species has been given in detail previously for a specimen from Ecuador (erroneously as Eubliastes ferrugineus, see above (Morris et al 1989: p. 225, Fig. 3E, F, G). A Song of this male is reproduced here (Fig. 33A). We recorded 4 songs of a male from Bajo Calima, Colombia (Fig. 33B), and since its call parameters departed somewhat from that of the Ecuadorean specimen an analysis is given below.</p>
<p>The songs of the two insects agree reasonably well in carrier. The energy in the call is almost entirely ultrasonic with the quite symmetrical peak of the principal carrier at 25.4 kHz (29.1 kHz in the Ecuadorean specimen) (Fig. 33 CE). Diminishing harmonics of this 25 kHz fundamental, from a 2nd to a 5th, were evident in spectra, but the most intense of these, the 2nd, was 29 dB below the fundamental.</p>
<p>The call incidence of the Colombian specimen at 23&deg;C was determined with a stopwatch: songs were separated on average by 1.8 min (n = 13 successive calls) with the shortest call intervals 40-45s. The temperature was about the same as for the Ecuador male, 22&deg;C, but that male called at intervals of -20 s, a much higher duty cycle.</p>
<p>For both specimens there was a soft audible zip comprised of three prolonged (major) high-amplitude pulse trains (Fig. 33 A,B); along with these intense pulses are low intensity, lengthy complex wave trains, &ldquo;pulses&#39; with illdefined starts and stops. In songs of both males major pulse &#39;trains&quot; may sometimes consist of but one prolonged pulse. But more often they show variably timed amplitude modulations. quite inconsistent in occurrence between calls of the same male, though there is a tendency to produce more lengthy prolonged pulses later in any given train.</p>
<p>For the Colombian specimen pulse duration of the first two major trains was 4-7 ms with the final always longer at 9.7 ms. Measuring between major pulse train endings, the males differ in pulse train period. In the Ecuadorean male 18 ms separate the first and second trains and 12 ms the second and third. So there is a noticable temporal grouping of the last two trains. In the Colombian male 21 ms and 20 ms are the equivalent periods: the three trains are almost equally spaced.</p>
<p>Call (zip) durations of the two males were comparable 62 ms (Ecuador) Vs 75 ms (Colombia) and the Ecuadorean insect also initiated its call with a major pulse/pulse train (Fig. 33A) instead of the low intensity (opening?) sound seen in the Colombian. </p>","https://bio.acousti.ca/node/52696"
"52697","behaviour","<p>(1 male recorded) Only one male was successfully recorded (at 21&deg;C, in Canada) though this species is abundant at Baeza and many were captured. Other casually monitored specimens did not sing in captivity. The singer produced a succession of calls readily audible to the unaided ear. The calls are zips, Sounds shorter than 1s that create the impression of infrastructure. The average for zip intervals measured at 21.5&deg;C was 28s, giving this species a very low duty cycle.</p>
<p>Pulses are rapid-decay and transient, &lt;2 ms in duration. Each zip (Fig. 34A) is a ragged series of 4-5 pulse trains comprised of only 2 or 3 pulses/train until the call ends in a last and much longer train of 7-8 pulses (Fig. 34B). The pulses of the final train are slightly more sustained than those earlier, though still quite short (-2 ms). The record of Fig. 34 B is from a different call of this male than that shown in Fig.<br />
	4 A.<br />
	The power spectrum is a band of energy 8-40 kHz wide with a strong peak near 12 kHz and another, marginally more intense, at about 25-27 kHz (Fig. 34 C,D). An appreciable amount of this insect&#39;s sound lies within the range of human hearing but its ultrasonic energy predominates. </p>","https://bio.acousti.ca/node/52697"
"52698","behaviour","<p>(2 males recorded) Two specimens were recorded, both at 23&deg;C, both showing remarkable constancy in note interval. For one male (96-1), based on a sample of 24 successive calls from a longer sequence, the average call interval was 2.95 s with a coefficient of variation (ev) of only 2.4%. Each call of this male averaged 22 ms in duration. For the second male (96-2) mean call interval (n=19 successive calls) was 3.0 s (cv 2.7%). Each call (n=10) of 96-2 averaged 18.8 ms in duration.</p>
<p>Each call is one note: a single sustained pulse of about 20 ms duration (Fig. 35A), its waveform indicating one puretone frequency (Fig. 35B), its musicality readily apparent to the human ear if slowed on a tape recorder. In real time one hears an instantaneous &#39;pop&#39;. But with tape speed reduced by a factor of 8, this signal ressembles the call of a common north american frog, the spring peeper.</p>
<p>The number of teeth on the file (96-1), 253 in a length of 2 mm, falls well short of the number of waves, about 400, observed in the uniform amplitude portion of the pulse. So it is impossible for the pulse to be generated on a single tooth per wave basis. Successive tooth-scraper mechanical interactions must maintain an exact phase to the ongoing resonant system to give rise to such a flat amplitude envelope.</p>
<p>The principal peak was the same for both recorded males: high-Qat 22.5 kHz (Fig. 35C). Second and third harmonics of this occur but both are &gt;20 dB below the fundamental. There is a slight 600 Hz frequency modulation (FM) during the pulse. The principal peak begins at 23.1, drops to 22.5 by mid-pulse and then returns to above 23 again. </p>","https://bio.acousti.ca/node/52698"
"52699","behaviour","<p>(5 males recorded) Five ales of&nbsp;<em>T. fasciatus</em> were recorded. Four specimens were from Misahualli and one from Primavera. The species has a very low duty cycle. A male in the lab (88-2) was timed with a stopwatch over 50 consecutive calls and showed an average between-call down time of 34.5 s. The average song interval of another caged male (20&deg;C, 88-1) was similar: 37.4 s (n = 15 consecutive calls). Eight recorded calls of this second male (88-1) had a mean duration of 54.2 ms, on the basis of which we calculate a call duty cycle of only 0.15 %. Pooling available records of all five males gave an average song duration of 58 ms.</p>
<p>In real time little is detected by the human ear, just a faint tick, without any apparent infrastructure (Fig. 36A). Slowed by a factor of 2, the tick sounds musical and is heard as a chirp. Within each tick are three ragged pulse trains each pulse having a very sinsusoidal waveform (Fig. 36 B,C).</p>
<p>Averaging for the 5 males, despite the rather wide range of recording temperatures (18-24&deg;C), the successive trains have incrementing mean durations of 6.3.6.8 and 9.6 ms. The final train was always clearly longer than the others for all<br />
	males. In four of five singers there was an increment in peak amplitude of successive trains. For the male incorporating the most lengthy (prolonged) pulse (Fig. 36E) there was a uniform maximum amplitude for all 3 pulse trains of his tick. Coincident with the highest temperature (24&deg;C) the trains had their longest durations: 7, 10, 13 ms.</p>
<p>Variable pulse duration is a feature of this species. Shorter initial pulses grow longer and eventually become more sustained. These pulses are not consistent in number per train, or in duration between individuals, but there is some similarity within the same individuals. Comparison of Fig36 B, E, F illustrates this AM variation using the final pulse from a call of each of three different males. The male of Fig. 36 E achieved the most sustained output, consistently producing a final pulse lasting &gt;6 MS at a stable high amplitude.</p>
<p>Little variation occurred between the five males in the high-Q, carrier frequency. A narrow peak is at 24 kHz (mean 24.1 kHz, range 23.2-25.0 kHz) (Fig. 36D). No energy within 30 dB of the principal peak occurs beyond 30 kHz. We detected a very slight upward frequency modulation (FM): the peak moves slightly upward over the three pulses: from 23 to 24 kHz. </p>","https://bio.acousti.ca/node/52699"
"52700","behaviour","<p>(1 male recorded) The song of the holotype male was recorded at 24&deg;C. With the unaided ear his call was audible as a quick zip, less than 1 second in duration, too high pitched to suggest musicality, but not noisy: one can detect a pulse infrastructure. The pure tone nature of the pulse becomes apparent during slowing on a tape recorder and is of course evident in the waveform (Fig. 37C).</p>
<p>This male made 51 chirps (calls) in about 2 min 20 s:a chirp period of about 2.8 s. Chirps were given in groups of 24, most commonly 3. Chirp period within bouts was 0.65 s.</p>
<p>There are always five major pulses in a chirp. (ignoring the odd short break). Sometimes a very brief low amplitude short (sixth) pulse precedes. There is a characteristic lengthened silent interval with a mean duration of 22.6 ms between the first 3 and the last two pulses (Fig. 37 A,B). Pulses are about 8-9 ms long with a period near 17 ms.</p>
<p>The sound spectrum is a narrow peak centered at 21.9 kHz; it is extremely high-Q (Fig. 37D). There is no significant sound energy from 25 kHz to 100 kHz. The nearest sound energy is more than 30 dB down from the carrier peak. But among other low harmonies there is a peak consistently at 11 kHz, (Fig. 37D), suggesting that the carrier of this insect is the first harmonic of an 11 kHz fundamental. </p>","https://bio.acousti.ca/node/52700"
"52701","behaviour","<p>(2 males recorded) Two males were recorded with high frequency capable equipment. Since they were at different temperatures (96-1, 19.8&deg;C; 97-1, 25.5&deg;C) most song measures are given separately.</p>
<p>Songs were mostly a double zip (Fig. 38B), but sometimes a single or rarely 3 zips (Fig. 38A). For 14 consecutive calls of 96-1 (9 double-zip, 5 single-zip) mean call period was 8.3 s (range: 2.6-18.6 s). Top song rate observed in this male was about 8/min. Single zips often began his calling bout, changing to doubles later on. For double zips one can determine a mean zip period: this was longer for the colder singer than for the warmer: (96-1), 180 ms, range 128-246 (n = 9 calls): (97-1) 126 ms, range 115-146 (n = 8 calls).</p>
<p>Each zip is a train of 7-14 temporally discrete transient pulses, the train lasting about 50 ms (Fig. 38B). The average number of pulses per train was 7.9 (96-1); 13.4 (97-1). Mean pulse train duration was (first zip of 2-zip calls): 50.5 ms (961); 49.5 ms (97-1). The mean pulse rate, measured per 2 consecutive pulses early in the train, was: 212/s, (range 173230), 96-1; 286/s. (range 271-314), 97-1; but pulse periods are quite variable within individuals.</p>
<p>The song is easily audible and in keeping with this, much spectral energy is in the audio range (Fig. 38D). The pulse waveform (Fig. 38C) is complex, creating a band spectrum that extends from 5-30 kHz. Mean band width per 20 dB down was 4.3-29.0 kHz (96-1) and 5.6-31.9 kHz (97-1). One male had its most intense peak in the audio at 9.8 kHz (96-1) while the other was most intense at 20 kHz. But these maximum peak differences, though consistent, were only marginally greater than other spectral components over the same individual&#39;s band.</p>
<p>This species was also observed producing bouts of calling tremulation while caged in the laboratory, bouts that alternated with intervals of acoustic calling. </p>","https://bio.acousti.ca/node/52701"
"52702","behaviour","<p>(1 male recorded) This species was abundant at night in Ueumari on low understory vegetation beside the trails in undisturbed forest. But only one male&#39;s calls were recorded this back in Canada and inadvertently, in the background of a recording of Typophyllum (see below). For this reason microphone allignment and distance are not known. This male produced several songs, each lasting a bit less than 2 s. Mean duration of songs (n = 4) was 1.8 s. In each call he produced 6 phonatomes in succession (Fig. 39A). The first minor train of this sequence was distinctive, comprised of &gt;40 pulses, peak pulse amplitudes incrementing linearly throughout the train to a maximum typical of later minor trains (Fig. 39A). The male was apparently inhibited from singing until the completion of calling bouts of the Typophyllum. On another occasion he produced only 3 phonatomes, taking 0.9 s, perhaps due to interference from the Typophyllum. The song can be described as a short rattle, faint to all but young ears.</p>
<p>In the call proper all pulses are rapid-decay, each phonatome (Fig. 39B) a minor (lower amplitude) train combining with a more intense major train. The resulting low-Q spectrum contains a coherent band of carrier frequencies between 16 and 34 kHz (Fig. 39 C,D). The energy is distributed rather uniformly over this band so there is no identifiable peak frequency. And there is no appreciable difference between the spectra of the two train types (putative opening and closing movements) (compare Fig. 39 C,D).</p>
<p>The phonatome period of S. exarmata is 272 ms. The phonatome rate at about 20 &deg;C was 3.2/s. There are 42 pulses in the minor train delivered at a rate of 420/s, while there are 32 pulses in the major train occurring at a rate of 220/s.<br />
	Notable in this species is the unusual coherence and temporal separation of the pulses of the minor pulse train and its rather long duration, about 100 ms. The teeth of the file, upon a low buttress, are remarkably uniform in width and spacing (Fig. 25 A,B). Perhaps this file morphology relates to the clearer separation of pulses in time. The train duration is very long in comparison to other non-resonance singers (e.g- Conocephalus spp.). </p>","https://bio.acousti.ca/node/52702"
"52703","behaviour","<p>(2 males recorded) We recorded two males from El Ensueno. To a human ear the song is a succession of zips delivered with engine-like regularity (Fig. 40A), each with a particulate, beady quality at any temperature. Singing is interrupted irregularly after several seconds. For one male recorded in the lab with high frequency equipment (96-2, 18&deg;C) zip (train) period was 244 ms (c.v.4.1%); each zip had 22-24 short sinusoidal pulses (Fig. 40 A,B). The number of pulses for the other male (96-1, 24&deg;C) was only 13-16. It is these short pulses that give the zip its particulate quality. The insect&#39;s spectrum contains but one peak (Fig. 40 C,E) at 15-16 kHz (96-1, 15.3 kHz, C.v. 1.0%; 96-2, 16.2 kHz, c.v1.7%). In spite of the brevity of the pulses this is still a rather narrow peak and this insect produces a moderately musical song (Fig. 40 C,E).</p>
<p>Male 96-1 was recorded at two temperatures with audiolimited equipment in the field at 12&deg;C and later in a hotel room in Cali at 24&deg;C using the S25 bat detector. In the field this male sang head down on an understory shrub about<br />
	waist height at the spot where a pair of this species had been observed mating the night previous. The pulse train period in the field was 484 ms at 12&deg;C, but at 24Cit shortened to 178 ms. Trains in the field had a duration of 53.8 ms with about 16 pulses per train. At the higher temperature trains were much shorter, 30.5 ms, but with about the same number of pulses (15). Wide changes in pulse and train rates occur with temperature.</p>
<p>Pulse durations are typically less than 1 ms, becoming slightly longer toward the end of the train. The mean duration of the penultimate pulse (96-2) was 1.2 ms (c.v 9.3%). This male&#39;s last pulse (2.9 ms, C.v. 4.8%) ended consistently with a uniformly slow-falling amplitude envelope (Fig. 40D). </p>","https://bio.acousti.ca/node/52703"
"52704","behaviour","<p>(2 males recorded) Full-range recordings were made of a caged singer (86-1) at 15cm distance, at dorsal and ventral aspectes (18-19&deg;C). From this male we obtained 5 calls. One song of a second male (86-2). caged separately, was recorded in the background. The two insects influenced the incidence of each other&#39;s calling. For both males acoustic output was interspersed several times with bouts of calling tremulations (see below):</p>
<p>Pooled average song period (n=3) for 86-1 was 3.4s. Average duration of the songs of 86-1 was 1079 ms; the single recorded song of 86-2 lasted 1110 ms. Fig. 41 A shows two successive songs of 86-1.<br />
	In real time a human listener hears a short trill, musical with detectable infrastructure. The latter is due to a train of sinusoidal pulses which comprises each song (Fig. 41B). Each phona tome in this species apparently corresponds to a single sinusoidal pulse (Fig. 41C). On average a train contained 19.5 prolonged pulses (range 13-25). given at a quite uniform pulse rate. Mean number of pulses per call was 18.8 for 86-1; male 86-2 in his single song had 23 pulses. Pulse peak amplitude increased during the call to a maximum about 2/3 of the way through, then declined somewhat.</p>
<p>Pulse amplitude envelopes were very variable (Fig. 41C). rising very gradually from onset to become a plateau (Fig41D) and then sometimes taking on the appearance of beats (Fig. 41E). Mean pulse duration was 26.9 ms and mean pulse period was 53.9 ms, calculated on the basis of all pulses in all available calls for both males. The waveform is highly sinusoidal (Fig. 41D).</p>
<p>The power spectrum is high-Q, dominated by a single narrow peak in the middle audio range (Fig. 41 H). For 86-1 the average carrier was 13.6 kHz (c.v.5.1%) and the width of the peak 18 dB down was 3 kHz (12.5-15.4 kHz). The other<br />
	male had a carrier of 14.0 kHz. The occurrence of beats (compare Fig. 41 D and E, taken from the pulse regions indicated by the arrows) suggests the existence on the generator of two non-harmonically related frequency sources (12.5 and 14.5 kHz). These are not always active at the same time, so that as in Fig. 41. D, E, a level-amplitude wave corresponds to a single very high-Q peak at 12.5 kHz. When the waveform is amplitude modulated as a series of beats (Fig. 41E) one sees two peaks 12.9 and 14.5 kHz (Fig. 41G).</p>
<p>Both recorded males of this species were also observed engaging in calling tremulation. They oscillated their body vertically at a uniform rate for about 3s, paused about 7 Seconds, then repeated. After several vibration bouts they reverted to calling with airborne sound.</p>
<p>The pressure difference ear of tettigoniids conducts Sound from a permanently open acoustic stigma adjacent to the first thoracic spiracle, along the acoustic trachea, traversing the foreleg to the rear of the tympana. The unusual length of the limbs of M. macromelos has implications for the function of its auditory system: the extreme lengthening of the foreleg must affect the phase of externally and internally arriving Sound waves. And the tympana, being farther apart bilaterally, will subtend a larger than typical angle to the sound source. </p>","https://bio.acousti.ca/node/52704"
"52705","behaviour","<p>(1 male recorded) We collected only one specimen, a male. The callof this insect is a quiet sibilant given at intervals of about 30s (mean for 5 call intervals at 23&deg;C). The infrastructure perceived by the human ear arises from the four constituent phonatomes (Fig. 42A). Like Scopioricus spatulatus (see below) this species produces two successive trains of transient pulses that are not drastically different in duration and amplitude. One of these putative phonatomes is shown (Fig. 42B) at high resolution. Excepting the first train of each call, the duration is always about 70 ms for each phonatome. The phonatome period for the final three is about 100 ms. Both trains of a phonatome have about the Same number of pulses, between 50 and 60, with the second train, slightly longer and higher in amplitude, presenting them at a slower rate (1600/s for first; 1700/s for second).</p>
<p>A band spectrum (Fig. 420) extends from 17 to 37 kHz and is unusually symmetrical. Its peak centers at about 28 kHz. </p>","https://bio.acousti.ca/node/52705"
"52706","behaviour","<p>(4 males recorded) S. spatulatus is a conspicuous acoustic presence in disturbed forest near the Refugio Turistico La Pastora, Ucumari. Its calls are loud, easily audible and the males soon sing readily in captivity. (This is especially true in transit.)</p>
<p>Callers engage in bouts of singing activity separated by substantial silent periods. For one male (96-2) at 19&deg;C we measured a mean interval between calling bouts of 70s. Each bout is comprised of a number of zips; the aforementioned male had an average of zips per bout of 11 (range 9-16). Each Zip is either 4 or 5 phonatomes and each phonatome a pair of rapid-decay pulse trains. Fig. 43 A shows a single zip of 5 phonatomes or 10 pulse trains. The pulses are transient and discrete, each with an nearly complete-to-background exponential decay before the next pulse occurs.</p>
<p>The following AM parameters are pooled averages for two males both recorded at 19&deg;C: zip duration 401 ms, 1.4 s intervening between zips; 5 phonatomes/zip; phonatome period 76ms; first train of the phonatome 33 ms, second train 35 ms; first train with 40 pulses, second with 41: pulse rate 1225/s first train, 1175 second train.</p>
<p>One of the above males and another were recorded at 12&deg;C, a typical field temperature for this species; their pooled averages for most of the same measures are: zip duration 619 ms, 3.6 s intervening between zips: 4 or 5 phonatomes/zip: phonatome period 129 ms; first train of the phonatome 58 ms, second train 65 ms.</p>
<p>This species has a bimodal band spectrum (n = 2 males) with a very marginally more intense ultrasonic peak at 22.9 kHz and an audio peak at 8.3 kHz (Fig. 43C). The two peaks are consistent features of a broad band of frequencies extending from 6 to 34 kHz if one considers only energy within 20 dB of the maximum peak. The direction of stroke makes no difference in the spectrum: the spectra of Figs 43 C, E are identical.</p>
<p>The approximate equality in amplitude and duration of successively distinctive pulse trains is an uncommon AM feature for a katydid song. It is common for non-resonant generating species eg: Conocephalus to exhibit a markedly shorter and lower intensity train preceding a longer and much more intense train. But here the two alternating types are virtually equal in both duration and amplitude. A listener receives the impression that the singer changes direction with each successive train as in the sounds of to and frostrokes made when sawing wood. Displacements of the tegmina during the zip were readily followed witht he human eye and so direct observation could confirm the occurrence of apprixmately equal sound-effective strokes in opposite directions. There is some similarlity int he file structure of this species (Fig. 29) and that of&nbsp;<em>S. exarmata</em> (Fig. 25). </p>","https://bio.acousti.ca/node/52706"
"52707","behaviour","<p>(1 male recorded) The single male was recorded at 1920&deg;C. At his most active and undisturbed, calling bouts came separated by about 5s of silence (5.75, n = 4). Each bout incorporated 4-11 calls. Call period was relatively variable: on average for 9 recorded bouts it was 1.8 s. But periods ranged between 0.9-2.8s.</p>
<p>A call always consisted of two phonatomes (Fig. 44A). For 10 successive calls at 19&deg;Caverage call duration was 295 ms (c.v. 1.0%). Each phonatome had a minor pulse (44 ms) followed after -5 ms by a higher amplitude major pulse (63 ms) (Fig. 44B). These measured means are identical for both phonatomes of a pair. The period of the phonatome was 176 ms (c.v. 1.0%). Downtime between phonatomes was almost identical to the duration of a major pulse: 64 ms.</p>
<p>Call energy is confined to a single high-Q peak at 19.7 kHz (c.v. 0.5%) (Fig. 44C). This value was obtained by averaging maximum peak values for the FFTs of ten successive calls, each spectrum calculated upon one complete call. The highly sinusoidal waveform of part of a high amplitude pulse is shown in Fig. 44D and its power spectrum in Fig. 44E. The principal carrier appears to be the first harmonic of a suppressed fundamental (Fig. 44E). The spectral peak here is very close to that of a species of Typophyllum from Ecuador, T. nr trapeziforme (23.2 kHz, Morris et al. 1989). But the number of phonatome repetitions in T. nr trapeziforme are three per call, whereas here they were always two. Also the major pulse in T. zingara at 62 ms lasts more than twice as long: compare with 26 ms in T. nr trapeziforme. </p>","https://bio.acousti.ca/node/52707"
"52718","behaviour","<p>SONG DESCRIPTION: Analysis based on recordings of seven males. At 24 ◦C, the song of this species is an un-broken wave train (a quite short very sinusoidal pulse) of 3.78 &plusmn; 0.14 ms duration (n = 7), produced by a single continuous closing stroke (Figs 17a&ndash;d). At 23.5 ◦C the calls are given at a rate of 7.6 &plusmn; 0.21 per minute (range 4&ndash;9 calls/min, n = 7, seven sound recordings of 2 minutes each were used for analysis). This low call rate equates to some 0.10&ndash;0.15 calls/s. Calls are all given in slow sequence&nbsp;distributed over 30 s, insects then pause for another 30 s and begin calling again (Fig. 17a). The mean sound level of the call of seven specimens was 92.70 &plusmn; 0.71 dB (SPL meter operating in fast impulse mode) as recorded at 10 cm with the microphone directed at the dorsal field of the tegmina. In one specimen the level was measured with the SPL meter operating in impulse hold mode giving an average level of 101.82 &plusmn; 0.10 dB (SPL). The spectrum peaks very narrowly at 40.6 &plusmn; 0.21 kHz (n = 7, range 40.3&ndash;40.8 kHz; Fig. 17e). Even at 30 dB below peak maximum no harmonic com- ponents of the fundamental frequency are apparent. This is among the most pure-tone of tettigoniid songs we have ever recorded (Table 2). There is only the single pulse with each cycle of wing movement; emission never occurs as a train of shorter pulses; the envelope of the pulse rises and falls over the &sim;4 ms symmetrically in time. The call&rsquo;s remarkable tonality is reflected in a very high-Q value, cal- culated from sound pulses to be 42.6 &plusmn; 1.3 (n = 7). In the lab, males interacted acoustically alternating calls, and the song of one evoked an acoustic response in others. But a male could be initiated in his calling by the sound (rich in ultrasonics) of a human back-sucking saliva through the teeth. </p>","https://bio.acousti.ca/node/52718"
"52720","behaviour","<p>SONG DESCRIPTION: Analysis based on seven males recorded. The song of A. tinae is a pulse train (8.12 &plusmn; 0.52 ms, n = 7), with 3 to 5 pulses increasing slightly in intensity, these resulting from a discontinuous closing stroke (i.e. both wing and scraper pause during closing) (Figs 18b, 20b). This infrastructure of course has an effect on the central tendency of the spectral peak, reducing (in relation to that of A. artius) the Q value of song resonance to37.9&plusmn;4.1(n=7).At23.5◦C,callsaregivenatarateof 2.1 per second (n = 7, for every specimen a 1-minute song recording was used to determine call rate). Males of this species call continuously for a few minutes (usually 3&ndash;6), and calls occur at regular intervals (0.50&ndash;0.52 s, Fig. 18a). This pulse rate is high compared with that used by the other two species of the genus, and is one of the critical call parameters to distinguish this species from A. captivus. Call intensity was 97.5 &plusmn; 0.86 dB (SPL meter operating in fast impulse mode) measured with the microphone directed from 10 cm at the dorsal field of the tegmina (n = 7). The spectrum shows only a single frequency peak at 37.82 &plusmn; 0.82 kHz (n = 7, range 36.6&ndash;38.4; Fig. 18e). No harmonic components were found as far up the spectrum as 150 kHz.</p>
<p>As described for A. artius, in the laboratory males inter- acted acoustically and also alternate calls: the song of one evoking an acoustic response from others. Singing males of A. tinae were put together in a cage (30 &times; 20 &times; 20 cm) with females of A. captivus and were monitored for 9 consecutive days using a camcorder. The females of A. captivus were not receptive to those males. The same A. captivus females were quickly attracted (first night) only to conspecific males placed in the same cage. two females of A. tinae and four males of A. captivus were also monitored ina. similar arena for 7 days, but no compatability was observed. More data of mating behaviour will help to cooroborate that the call is indeed an effective prezygotic isolating barier between these species. </p>","https://bio.acousti.ca/node/52720"
"52722","behaviour","<p>Analysis based on nine males recorded. Males of this species produce a continuous clos- ing stroke with periodic pauses, which generates a train of 7&ndash;12 sinusoidal ultrasonic pulses, incrementing in peak amplitude, lasting 12.8 &plusmn; 1.7 ms (n = 9) (Figs 19b&ndash;d, 20c). This pulse infrastructure has an effect on spectral sharpness, gently reducing (in comparison with that of A. artius) its Q value to 39.3 &plusmn; 1.6 (n = 9). Sound level was 90.56 &plusmn; 1.42 dB (SPL meter operating in fast impulse mode) as recorded at 9 cm with the microphone directed at the dorsal field of the tegmina (n = 9). The spectrum peaks at a single frequency 43.1 &plusmn; 1.6 kHz (23.5 ◦C, n = 9, range 41.2&ndash;44.7.0 kHz; Fig. 19e). No harmonics are seen within 30 dB of the carrier peak. At 23.5 ◦C, calls are given at a rate of 14.44 &plusmn; 2.13 calls/min (= 0.24 calls/s). Within intervals of one minute, call timings were more or less random for all animals recorded, i.e. no particular call organization was observed (Fig. 19a).</p>
<p>Males interact acoustically with alternating calls, and the song of one male evokes an acoustic response from other males. Females are easily attracted to calling males and obtaining offspring is relatively easy. In the laboratory, we randomly observed for nearly 2 months (monitoring with a camcorder overnight) five females all responding to the call of seven different conspecific males. Four of these females&nbsp;were promiscuous and copulated with various males on different days. </p>","https://bio.acousti.ca/node/52722"
"52725","behaviour","<p><strong>Calling-song Analysis</strong><br />
	The calling song is a rapid succession of short buzzes, each about 0.5 to 1.0 s in duration, given at a highly variable rate of 40 to 50/rain. At 5 cm distance, dorsal aspect, the sound pressure level of 76-3, measured with the meter on linear response, just exceeded 100 dB (re 20 laPa). Measurement of 76-2 at the same distance and aspect gave a maximum attained level of 92.6 dB during each of three buzzes.</p>
<p>On an oscilloscope the buzz can be resolved to a series of phonatomes. (&#39;Phonatome&#39; is defined as all of the sound produced during one cycle of wing movement (Morris &amp; Walker 1976); it coincides with the term &#39;syllable&#39; (Broughton 1963).) Each phonatome is presumed here (Fig. 1) to consist of a pulse train of incompletely dis- crete, lower-amplitude, rapid-decay pulses (see Morris &amp; Pipher 1972 for terminology). This minor train is about 14 ms in duration and is followed by a single prolonged (major) pulse of much higher amplitude, lasting about twice as long. Specimen 76--3 exhibited a phonatome rate of 14/s at 24 C. The phonatome rate is low enough at temperatures near 20 C to impart a quavering quality to the song.</p>
<p>C. rhinoceros&quot; frequency spectrum (Plate I, Fig. 2, 76-2) has a maximally intense energy peak at 8.7 kHz with pronounced second and third harmonics (17.4 and 26.1 kHz). A spectro- gram of 76-3 (Fig. 3A), which is also the cumula- tive product of many phonatomes, has the same features. When the two phonatome components are analysed separately, one obtains distinctive spectrograms (Fig. 3B, C, D). The spectrogram of the minor pulse train (Fig. 3B) contains sound energy across a wide band (14 to 23 kHz); the 8.7 kHz fundamental is absent. The minor pulse train has a much lower amplitude than the major pulse and the gain was greatly increased in obtaining the spectrogram of Fig. 3B; hence, although the frequencies of the minor trains are present in the spectrogram of Fig. 3A, they are at such a low intensity relative to the major peaks as almost to escape notice.</p>
<p>Fig. 3C is a spectrogram from the middle portion of a single major pulse. The 8.7 kHz fundamental is present and likewise its two harmonics; these peak more narrowly than in the cumulative spectrograms of Figs. 2 and 3A. The second and third overtones are manifest in the departure of the waveform from a simple sinusoidal shape, i.e. in the &#39;shoulders&#39; of a high resolution trace taken from the middle region of a major pulse (Fig. 3E). The same complex waveform can be seen in the trace of Fig. 3C. Toward the final third of the major pulse, this waveform becomes increasingly simple, the shoulders less in evidence (see the trace of Fig. 3D). Coincidentally there is a dropping away of the harmonics. The second harmonic, for example, which is almost half as intense as the fundamental in mid-pulse (Fig. 3C), is reduced to less than one-fifth the intensity of the fundamental by pulse end (Fig. 3D).</p>
<p>From the sinusoidal waveform of its major&nbsp;pulse, C. rhinoceros appears to possess a high Q, narrowly tuned, resonant system (Sales &amp; Pye 1974). The existence of a strong second harmonic in such a system is interpreted by Sales &amp; Pye as follows: the fundamental frequency corresponds to the tooth-scraper contact rate; the resonator or &#39;filter&#39; (the modified lattice of veins and tegminal cells) is tuned to twice this contact rate; two resonator oscillations are interposed between each successive tooth-scraper interaction during the generation of a pulse.</p>
<p>By an extension of the above explanation, the 26-kHz third harmonic of C. rhinoceros may be supposed to result from an interposition of three waves between each tooth-scraper engage- ment. In other words, the teeth are contacted at a rate of 8700/s during the major pulse and the resonator is tuned to three times this contact rate, i.e. about 26 kHz.</p>
<p>Other copiphorines also exhibit prolonged &#39;grylloid&#39; pulses, e.g.N, melanorhinus (Walker 1975) and Neoconocephalus ensiger (Harris) (Gwynne 1977).</p>
<p><strong>Calling Display</strong><br />
	The calling display of male C. rhinoceros incorporates both tremulation and stridulation. Every few minutes (sometimes more frequently) the caller changes from one modality to the other; thus a time interval containing repeated tremulation bouts, interspersed with silence, is alternated with an interval of successive buzzes. Stridulation and tremulation do not occur simultaneously. Several lone C. rhinoceros males were seen signalling in this manner, each on a plant that was apparently Philodendron; they were perched on the leaf underside near the prominent mid-rib, about 0.5 m above the ground. (Tremulation is also executed from the upper surfaces of leaves.)</p>
<p>The tremulations are stereotyped. Each con- sists of three oscillations that are just possible to discriminate with the human eye. The plane of elevation about which the body oscillates appears to be farther removed from the substrate than that which obtains during the non-tremulating stance. That is, the insect seems first to lift its body away from the plant (the distance between the abdomen and the substrate increases by about 0.5 cm and the abdomen seems to be slightly more raised than the anterior end of the body) and then, continuing smoothly, to execute the oscillations about this more elevated stance. Such behaviour increases the moment of the forces imparted to the substrate.</p>
<p>C. rhinoceros produces tremulations in bouts of two to five. Three tremulations per bout is common; four tremulations per bout occur but substantially less often; two and five tremula- tions per bout are rare. Often the first tremula- tion in a bout is less pronounced. Each tremula- tion is presumed to produce in the plant a pulse of substrate-borne vibration, i.e. the behaviour generates a transverse wave in the plant tissue. A tremulation bout thus produces a pulse train of substrate vibrations.</p>
<p>One male, his display measured extensively in the field, produced an average of 3.1 tremula- tions per bout (33 bouts). He had an average bout duration of 2.4 s (7 bouts). From these figures one can calculate a rate of 1.3 tremula- tions/s. The recurrence of tremulation bouts is variable and can be much affected by acoustic interaction with nearby conspecific singers. A male, relatively undisturbed in this sense, was observed to produce tremulation bouts every 15 to 20 s.<br />
	One male tremulated repeatedly in the labora- tory within the tiny cylindrical analysis cage. That this behaviour can take place in the absence of any evoking conspecifics attests further to a rhetorical calling function under endogenous control. </p>","https://bio.acousti.ca/node/52725"
"52735","behaviour","<p>Males of all three species produce a succession of short musical trills, beginning in late evening and continuing well past midnight if weather permits. C. buckelli invariably sing near the ground from low shrubs (knee-height), the bases of tree trunks or on the forest floor itself. The same is true of C. strepitans. Only C. monstrosa climb high into the trees as the night&#39;s signalling progresses. At Monck Park singing heights in excess of 5 rn were common and an hour after sunset collection without climbing trees becomes impossible.</p>
<p>The calling songs are generated by tegrninal stridulation. As in Gryllidae the tegmina are morphological mirror-images, both left and right bearing a functional file and scraper. Unlike gryllids however, which maintain a characteristic &#39;right above&#39; forewing overlap, the overlap of a Cyphoderris male may change during his lifetime and both files take part in his stridulation.</p>
<p>Certain Tettigoniidae also have mirror-image tegrnina and two functional files: Megatympanon speculaturn Piza (Listroscelinae) (Riek, 1976), Neduba macneilli Rentz &amp; Birchirn, Neduba sierranus Rehn &amp; Hebard (Decticinae) (Morris et al., 1975). Most tettigoniids have structurally distinct left and right forewings and overlap them &#39;left above&#39;. In the Neduba species some individuals show left above, some right above. Unlike Cyphoderris they appear to maintain their particular overlap as individuals through life. Both overlaps were represented by Riek&#39;s two (pinned) specimens of M. speculaturn.</p>
<p>Spooner (1973) analysed the calling song of C. rnonstrosa and describes it as a trill of grylloid (sinusoidal) pulses at a carrier frequency of 13 kHz. He noted substantial variation in the intensity and frequency of pulses and suggested that these changes &quot;reflect irregular switching of tegrnina from top to bottom position&quot;. He refers to this habit as &quot;switch-wing singing&quot; and regards it as occurring several to many times in the course of a single trill.</p>
<p>Overlap at rest (i.e. between singing bouts) is very infrequently changed in C. buckelli. The overlap of 16individually-caged males was monitored by examining them once a day during almost 2 weeks. Of 141 checks, only 4 reversals from the immediately previous overlap were observed; the incidence of resting overlap reversal was less than 3%. Thirteen of these males never showed an overlap reversal.</p>
<p>Four C. monstrosa males checked over 5 days, gave similar results: two were never found with reversed overlap (checked respectively 5 and 6 times), one was reversed once in 5 checks and one twice in 6 checks. If Cyphoderris alter overlap several times within a single trill, it is strange that individuals end up so consistently at the same overlap with which they began.</p>
<p>We recorded the calling song of a C. monstrosa specimen (Figure 6, 75-6) before and after damaging with a scalpel, several teeth in the central region of his right tegrnen file. In oscillograrns of post- mutilation recorded song, his use of the damaged file (i.e. right above overlap) was apparent as a drastic mid-pulse drop in arnpli- tude. In one oscillograrn, a portion of which makes up Figure 6 (second trace from bottom), 20 pulses in succession were &#39;right above&#39;.</p>
<p>Switch-wing singing as suggested by distinctive pulse envelopes within the same trill was only evident in our records on one occasion. A male of C. monstrosa had been released in the immediate vicinity (i.e. within antenna1 range) of a mature female on the observer&#39;s hand. He began to sing while walking about on the hand and directing his attention toward the female. His song was recorded and on analysis found to be a trill in which every other pulse was identical in envelope and distinctly different from the intervening pulse i.e. there were two pulse types occurring in alternation without break in the sequence of the trill (Figure 6, bottom trace). This was apparently a courtship song.</p>
<p>It is clear that pulse envelopes are highly variable in the genus, though usually quite consistent for a particular recording session of a particular individual. Switch-wing stridulation is probably not an everyday feature of C. monstrosa calling song but it may occur under special circumstances such as courtship.</p>
<p>Oscillograrns of normal calling songs are given in Figure 6. The pulses of C. strepitans and C. buckelli are apparently indistinguish- able. They are usually wedge-shaped: each begins with a steep rise to maximum amplitude, then falls steadily to the pulse&#39;s end. The pulses of C. monstrosa also have a steep onset but are usually of longer duration. They are drawn out in an uneven envelope near their maximum amplitude before dropping away to silence.</p>
<p>Carrier frequency spectra of all three species are highly similar. Specimens were analysed &#39;live&#39; (i.e. without tape-recording) by directing the output of a Bruel &amp; Kjaer sound level meter (2204) fitted with a Gffmicrophone (4135) into a Tektronix 3L5 spectrum analyser. This system will detect ultrasonic frequencies up to 100 kHz. No substantial sound energy exists in the ultrasonic range for any of the Cyphoderris species. The sinusoidal nature of the waveform is apparent in the narrowness of the dominant frequency peak, suggesting the operation of a sharply-tuned (high Q) tegrninal resonator (Sales &amp; Pye, 1974).</p>
<p>In the figured C. strepitans male (Figure 7), the dominant peak centers on 12.7 kHz and there are very weak second and third harmonics near 25 and 38 respectively. The C. buckelli specimen has its principal peak near 13.3 kHz and a lesser peak occupies the range 28-30 kHz. Like Spooner (1973) we obtained 13 kHz as the dominant carrier frequency of C. monstrosa.</p>
<p>Sound level measurements were obtained with the &#39;/^microphone and the 2204 meter, the latter on &#39;linear, fast&#39; setting. At 5 crn dorsal aspect, the sound level of C. strepitans (76-7) was between 100.5 and 101.0 dB. A specimen of C. buckelli (76-3) was 102k 2 dB at 6.5 crn dorsal.</p>
<p>Pulse rate varies linearly with temperature (Figure 8) as in other acoustic Ensifera (Walker 1962, 1975). Both field and laboratory recordings of calling song contributed to the regression lines. One C. monstrosa plotted point is from Spooner (1973) (S in Figure 8); 5 different males provide the other 6 points. C. buckelli&#39;s regression is based on 12 different individuals, 3 at two different temperatures each. Each of the 13 C. strepitans pulse rates derives from a different individual; all those at temperatures of 8OC and below are field recordings. Pulse rates were calculated from an oscilloscope display in which a single beam sweep embraced 3-13 pulses. Successive, single-sweep samples (3-6), were averaged to obtain each plotted value. The coefficients of determination indicate a very good fit to the calculated regression lines. Although the C. monstrosa regres- sion line is different from the strepitans and buckelli lines the slopes and Y intercepts of the latter two species are not significantly different.</p>
<p>C. strepitans males stridulate at very low temperatures. Previous reports cite minimal singing temperatures for acoustic Orthoptera of about 7OC [e.g. Fulton (1925) for the tree cricket Oecanthus fultoni (under the name of 0. niveus) and Frings and Frings (1957) for the katydid Neoconocephalus ensiger]. On May 17, 1977, at the holotypic site, one of us (D.T.G.) heard three of four males singing from branches and logs near the ground when the air temperature at waist level was -0.5&#39; C. On June 4 and 5, 1978, tape recordings were made of males singing at temperatures as low as 2OC (see Figure 8). Following the recording the thermometer bulb was placed close to the singing male&#39;s perch. There is a suggestion in the plotted rates in Figure 8 of a departure from linearity at very low temperatures.</p>
<p>In conclusion, the song of C. monstrosa differs from the other two species in both the shape of the pulse amplitude envelope and in pulse rate, both these parameters being useful diagnostic features. C. buckelli and C. strepitans, however, have virtually identical calling songs: song intensities, carrier frequencies, and pulse arnpli- tude envelopes provide no basis for human discrimination; the pulse rates, especially, are indistinguishable at any given temperature.</p>
<p>It is interesting to note that Alexander (1969) has questioned the traditional interpretation that reproductive isolating mechanisms evolved to prevent &quot;mating mistakes&quot; between species. He suggested (citing evidence from acoustical insects) that species differences have most likely arisen as a result of the different selection pressures operating on populations while they are in allopatry. He reasoned that if this is so, among other things, we should rarely find identical pair forming signals among allopatric or allochronic species. C. strepitans and C. buckelli are allopatric (Figure 5) and by the above&nbsp;reasoning their songs should have diverged yet this is not the case. Any difference between these two species (including the above mentioned habitat differences) apparently have not affected their pair forming signals. </p>","https://bio.acousti.ca/node/52735"
"52738","behaviour","<p>Immediately after sunset the males began to sing, a faint elusive note repeated much like that of&nbsp;<em>Scudderia</em> but far less harsh and of a decidely higher pitch, in timbre suggesting that of&nbsp;<em>Oecanthus</em>. This song continued only until the evening chill (decided in this environment) commenced. So ventriloquistic was the song and so numerous the singers that indivudals were exceedingly difficult to locate and but one specimen was taken at that time, stridulating on the ground and becoming silent when approached, but not moving except to draw up its legs closely and roll over. </p>","https://bio.acousti.ca/node/52738"
"52752","behaviour","<p>stridulatory file of left tegmen with 187 teeth and file of right tegmen with 111 teeth </p>","https://bio.acousti.ca/node/52752"
"52760","behaviour","<p>Male B. membracioides produce an advertisement call consisting of five short introductory syllables followed by a final, longer, resonant syllable with a carrier frequency of approximately 1.7 kHz (Figure 1). The call of B. intermedia (Figure 1) is very similar to that of B. membracioides, but has an additional short syllable at the start of the call and a slightly higher carrier frequency of 1.8 kHz. B. serrata produces a notably shorter call, with only two very brief introductory syllables preceding the final resonant syllable, and a carrier frequency of around 2.0 kHz (Figure 1). Females of B. membracioides reply to male songs with a broadband signal of between 4 and 10 kHz (Figure 1), with the number of syllables produced per response varying from one to ten. </p>","https://bio.acousti.ca/node/52760"
"52767","behaviour","<p>Stridulatory structuires are not present in this species; a clicking noise is producedwith the mandibles. </p>","https://bio.acousti.ca/node/52767"
"52770","behaviour","<p>The genus is characterized by highly modified wings and the shape of the pronotum. The teg- mina are strongly inflated to form an acoustical chamber, closed by the alae completing the chamber ventrally. Species of northern Tanzania and Kenya are smaller in body size with an acoustical chamber not larger than 1.5 cm while A. megaloptera Hemp, 2013, described from coastal forest near Dar es Salaam, has an acoustical chamber of about 2.5 cm in length. The latter species was described on a discoloured male specimen found in the spirit collection of the Natural History Museum Copenhagen, Denmark. Later, when further specimens of A. megaloptera were collected more information, also on the female, became available and was published in Hemp (2017). </p>","https://bio.acousti.ca/node/52770"
"52771","behaviour","<p>1. Morphology of the stridulatory file and tegmina<br />
	The stridulatory file is found on the underside of the left tegmen as it is typical for tettigonioids. On the corresponding vein in the right tegmen no indications of teeth were found (the same situation as in A. kilimandjarica and A. shengenae). In A. vociferator n. sp. and A. megaloptera the file is very long, covered with regularly spaced teeth and strongly elevated (seen from below) above the lower surface of the tegmen. However, both species differ distinctly in file length, tooth number and density (Figure 3; Table 1). The inter-tooth- intervals are largest in the middle part and become slightly smaller towards the ends. There is only a weak basal hump as observed in a much more distinct form in Hexacentrus (see e.g. Heller 1986) and the Hexacentrini-species Nepheliphila raptor (Hugel 2010) (and also in Phlugiolopsis Zeuner, 1940 (Bian et al. 2013)). At the anal/distal end such a small hump can also be recognized, but even weaker than the basal one. The teeth of the file seem to be uniform and do not look like &ldquo;fused in the middle&rdquo; (Heller 1995) as in some Pseudophyllinae (see also Montealegre-Z and Morris 1999), although there is a dark band near the middle of the file possibly indicating a change of properties of the cuticula (see Figure 3B, D)).</p>
<p>In the stridulatory area of the right tegmen, several relatively large cells can be seen, all quite similar in shape between both species (compare Figures 2 and 4). However, none of these cells is unusually large or has a very transparent (glossy) cuticula (&lsquo;mirror&rsquo;) as is typical for many tettigonioid species. Instead, a large dorsal part of the left tegmen is more transparent (&lsquo;semi-transparent&rsquo;; see Figures 2 and 4) than the rest of the tegmen or the left tegmen. In the smaller Aerotegmina species there is one large, more or less circular, glossy cell (mirror), but some neighbouring areas are also very transparent (Figure 4).</p>
<p>&nbsp;</p>
<p>2. Temporal pattern (amplitude modulation) of calling songs<br />
	Both species were heard singing nearly exclusively at night. Only very occasionally males sang during the daytime, producing regular songs as well as disturbance sounds. The calling songs (Figure 5) consisted of sequences of syllables or groups of syllables with durations up to about one minute. A. megaloptera produced only single, isolated syllables with periods (interval from beginning of a syllable to the beginning of the next) of 1.35 &plusmn; 0.6 s (n = 445; median 1.23 s, minimum 0.65 s). In the song of A. vociferator n. sp., single syllables and echemes with up to five syllables were heard. Therefore, the distribution of period lengths had two peaks, one for intra-echeme intervals and one for inter-echeme and single syllable intervals. Intra-echeme periods had a mean of 0.40 &plusmn; 0.07 s (n = 338; all periods below 0.5 s), whereas the longer intervals (0.5&ndash;10 s) were on average 1.78 &plusmn; 0.91 s (n = 781; median 1.56 s). However, the two populations of A. vociferator n. sp. differed in echeme frequency. Mostly single syllables were produced in the Udzungwa population, while echemes occurred at low rate, while echemes were frequent in the Nguru population (see Figure 5). In the rare daytime songs, only single syllables were found.<br />
	Both species differed distinctly in the duration of the syllables. Syllables of A. megaloptera lasted for 105 &plusmn; 11.5 ms (n = 321), while syllables of A. vociferator n. sp. were 214 &plusmn; 28 ms (n = 1173) long. However, the values should be treated with caution, since in many record- ings it was quite difficult to define the end of a syllable. There are two main reasons for this problem. First, the amplitude modulation of the syllables is obviously quite variable and even neighbouring syllables can differ distinctly. Sometimes they started soft, distinguishable from noise nearly only in the sonogram, and ended up very loud. If the opposite occurred, echoes may have concealed the true end of syllables. Overall, and corroborated by the few clear recordings (see e.g. Figures 6 and 7), however, it seems safe to state that syllable durations of the two species differ by a factor of about two. The pulses of A. vociferator n. sp. are thus slightly longer than the longest known from crickets (182 ms in Paragryllodes campanella Desutter-Grandcolas, 1998, found also in the East Arc Mountains of Tanzania).<br />
	Like A. kilimandjarica (Heller et al. 2010), A. vociferator n. sp. produced the sound pulses only during the openingof the tegmina (see Sv1 video). This was confirmed by a frame- to-frame analysis of a video recording, documenting a slow opening and a fast closing movement, much too fast for a long sound pulse.</p>
<p>3. Spectral composition of calling songs<br />
	Both large Aerotegmina species produced narrow-banded, resonant songs not differing in carrier frequency (A. megaloptera 2031 &plusmn; 58 Hz; n = 10 measurements/4 specimens; A. vociferator n. sp. 2058 &plusmn; 83 Hz; n = 24/7). The means of individual specimens varied signif- icantly between 1972 and 2225 Hz (ANOVA; F10, 3 = 13.74; p &lt; 0.001). Upper harmonics of the fundamental frequency were present, but quite weak. Our ultrasound equipment was certainly not well-suited to compare their intensity, but also in the recordings with audio microphones the harmonics were at least 30 dB below the peak (Figure 6).</p>
<p>To characterize resonant songs, often the Q-factor (Q = quality) is used (e.g. Bennet-Clark 1989). It can be obtained by dividing the peak frequency by the width of the peak 3 dB below the peak (Q3dB). In many pulses of both large Aerotegmina species this width is still within the same spectral line (width 21.53 Hz) as the peak itself and never wider than two lines (see Methods). So Q3dB can be calculated as between &gt;103 and 46&ndash;103 (highest and lowest specimen). Within the long pulses of A. vociferator n. sp., the frequency remained not absolutely constant, but changed at maximum by one hundred Hz (5%) as seen in a cycle-by-cycle analysis (Figure 7; 40&ndash;50 ms: 2026 Hz; 160&ndash;170 ms: 2127 Hz; harmonics removed by band-pass filtering).<br />
	In recordings of the same animal at different temperatures (21 &deg;C: 2003 &plusmn; 17 Hz and 27 &deg;C: 1928 &plusmn; 21 Hz; n = 3 each) indications of increasing speed (= higher frequency) with increasing temperature were not seen.<br />
	4. Intensity<br />
	In one male of A. megaloptera, the sound intensity could be determined as 85 &plusmn; 2 dB SPL(peak) (n = 6) at 1 m distance, partly measured fronto-dorsally, partly with unknown animal orientation (measurements in Germany under laboratory conditions). In a second series of measurements (another day), the readings were always between 84 and 86 dB SPL(peak), in another orientation only 82&ndash;83 dB SPL (peak). Since these values were unex- pectedly low compared to A. kilimandjarica, we took the opportunity to make simultaneous song recordings (sound level meter not available) when again living A. vociferator and kilimandjarica could be obtained. Here, the amplitude of vociferator song had about half of that of kilimandjarica (= 6 dB lower) with both animals at the same distance. However, since below 6 kHz the decrease of the gain of the bat-detector is around 6 dB per octave (estimate by Lars Pettersson, 21.11.2017, pers. communication), both species may have had similar song intensities. The low intensities measured in Germany may have resulted from the age of the animals or other unknown factors. </p>","https://bio.acousti.ca/node/52771"
"52788","behaviour","<p><strong>Calling song and elytro-elytral stridulatory organ</strong><br />
	The calling song is produced at night by an elytro-elytral stridulatory mechanism, typi- cal of tettigonioid bushcrickets. The song con- sists of sequences of pairs (often 10-14) of syllables (Fig. 1A; the syllable duration is about 50 ms; intrapair syllable period has a meanof162ms[range115-225 ms;n = 1051; interpair syllable period has a mean of 559 ms [range 313-1,057 ms; n = 931; n = 3 males; T = 2l&deg;C-26&deg;C), separated by inter- vals of several seconds. The frequency spec- trum of the song (Fig. 2A) showed a peak at about 15 kHz (bandwidth 10 dB below peak 6.3kHz).</p>
<p>The stridulatory file on the lower side of the left elytron contains about 90 teeth (Fig. 3A,B; one male studied: 921, that are brought into contact with the scraper on the inner edge of the right elytron (Fig. 3C) for sound production.</p>
<p>&nbsp;</p>
<p><strong>Defensive stridulation and abdomino-alary stridulatory organ</strong><br />
	A completely different mechanism is used for defensive stridulation than for the calling song. If a n animal is disturbed (e.g., taken a t the pronotum), it moves its abdominal seg- ments backward and forward. During these movements, the sclerotized, broad, and finely serrated hind edges (Fig. 3D-I) of the terg- ites are brought into contact with the small ribs or teeth on several anal veins of the hind wings. The ridges on the tergites (spaced about 5 km) are the file, and the ribs are considered to be the plectra. The ribs are situated on the upper side of the wing. In a resting position, however, the wings are folded in such a way that the upper side lies above the tergites and is directed downward.</p>
<p>Since a regular change of two sounds with different amplitudes in a rhythm of about 1.6 Hz (mean; range 0.8-2.6 Hz; n = 26 move- ments, 1male; Fig. 1B)was observed, sound is probably produced during inward and out- ward abdominal movements. Sound impulses are separated by larger intervals (impulse interval 0.56 k 0.29 ms, mean 2 s.d.; n = 185) during the high-amplitude parts of the song (peak frequency 11.2 kHz, band- width 10 dB below peak 27 kHz), whereas during the low-amplitude part (peak fre- quency 11.2 kHz, bandwidth 10 dB below peak 28 kHz) they follow each other very closely (Fig. 1B). Differences between both parts were also observed in the frequency spectrum. The high-amplitude part was dis- tinctly louder in the low-frequency range (up to 50 kHz), whereas the low-amplitude part was louder in the upper frequency range (Fig. 2B). </p>","https://bio.acousti.ca/node/52788"
"52836","behaviour","<p>The male calling song consists of single, short syllables presented at intervals of several seconds. The acoustical response behaviour of the female was studied intensively by Hartley and Robinson (1976), Robinson (1980), Robinson et al. (1986) and Zimmermann et al. (1989). Robinson et al. (1986) gave detailed information about the latency times. Here we add data on the temperature dependency of this behaviour (Fig. 1; f(x)=-0.7299x+49.53; r2=0.6336) and demonstrate that the female reaction can be elicited by crude, click-like models of the male song. Females responded very reliably to fingernail snips (Fig. 2A) &ndash; acoustically an impulse of about 1 ms or less in duration with most energy in the ultrasonic range. This behaviour is well known in the laboratories working with this species. Rectan- gularly-modulated pulses of white noise with a duration of 15 ms were responded to with about the same latency, measured from the beginning of the pulse (Fig. 2B). </p>","https://bio.acousti.ca/node/52836"
"52837","behaviour","<p>The male calling song consists of single, short syllables presented at intervals of sev- eral seconds. The acoustic response behaviour of the female was first studied by Zhantiev and Korsunovskaya (1986, 1990, 2015). They showed that the female latency time is constant with reference to the beginning of the song. The females responded to song models independently of the duration of the model (tested from 10 ms up to 100 ms). Here we show that even very short signals (see L. punctatissima) are answered (Fig. 2C). It was therefore not surprising to see that calling songs of other species with the ap- propriate spectral properties were also answered (here Andreiniimon nuptialis; Fig. 2D). The female responses are produced during closing movements of the tegmina. However, during the re-opening of the tegmina soft impulses were sometimes observed (Fig. 2D). </p>","https://bio.acousti.ca/node/52837"
"52838","behaviour","<p>The male calling song of L. laticauda is more variable and the song units (see below) are produced in a much faster rhythm (Heller 1988; Ragge and Reynolds 1998) than in the two previously described species. Each song unit consisted sometimes of one short, compact syllable only. Sometimes, this part was followed by an isolated impulse (&lsquo;after-click&rsquo;; see e.g., fig. 23G in Heller 1988). In the most often observed combina- tion (echeme), one loud syllable (with or without after-click) was combined with a soft second syllable of variable internal structure (see male sound in Fig. 2E; see also Heller 1988; Fontana et al. 2002). Occasionally, several such soft syllables followed each other in short intervals (see description and figures in Roesti and Keist 2009). The females re- sponded nearly exclusively in a fixed interval after the first and loudest syllable (Fig. 1). The impulses were produced during a closing movement, but in the movement track it can be observed that the female reacted a few ms earlier with a small tegmen or body movement (Fig. 2E). The latency time is slightly longer than in L. punctatissima and similarly, it depended on temperature (f(x)=-1.8556x+93.63; r2=0.502). </p>","https://bio.acousti.ca/node/52838"
"52839","behaviour","<p>In contrast to all other European Leptophyes species, the male calling song consists not of single syllables (or very short echemes), but of a series of six up to 30 syllables (Ingrisch and Pavicevic 2012; Iorgu 2012a). The amplitude modulation of the echeme is decreasing with the loudest syllables at the beginning. The female answered after&nbsp;a fixed time interval after the beginning of the first syllable (=after beginning of an echeme). The female never answered to another syllable of an echeme, but only to the first syllable after a larger gap (interval between last syllable of previous echeme and beginning of the next, 817 &plusmn; 151 ms; n=10). </p>","https://bio.acousti.ca/node/52839"
"52840","behaviour","<p>The male calling song consists of single syllables, but these syllables are much long- er (ca. 150 ms at 20 &deg;C; Heller and Willemse 1989) than in the species mentioned above and contain three groups of impulses. The last group is the loudest and decreas- ing in amplitude. The females answered with a fixed delay of about 60 ms after the last syllable group. Judging from the female reaction to the male song it would have been difficult to determine the trigger point for the response, but all three females tested answered to click-like song models with the same latency as to the beginning of the last group of impulses in the male song. Interestingly, one of these females had a bi-modal distribution of latency times. It switched irregularly between &lsquo;normal&rsquo; response times (69&plusmn;6 ms, range 58&ndash;78 ms, n=10) and much longer ones (136&plusmn;6 ms, range 128&ndash;143 ms, n=10; see Fig. 1, open symbol). </p>","https://bio.acousti.ca/node/52840"
"52841","behaviour","<p>The male calling song consists of relatively long (Kleukers et al. 2010: 40&ndash;50 ms), crescending single syllables. The female answered 142.5&plusmn;8 ms (range 127&ndash;160 ms; n=30) after the beginning of this syllable, or 69&plusmn;7 ms (range 53&ndash;81 ms; n=30) if meas-<br />
	ured from its end. </p>","https://bio.acousti.ca/node/52841"
"52842","behaviour","<p>The male calling song consists of single, very short syllables presented at intervals of several seconds. The female response occurred only about 20 ms later (see also Heller and Helversen 1986), typically consisting of several impulses. Its peak frequency was clearly lower than that of the male song (Table 1). </p>","https://bio.acousti.ca/node/52842"
"52948","behaviour","<p>The male calling song consisted of song units, repeated in interval of many minutes as long as the female did not respond. Each song unit (163 recorded) contained two series of syllables, the first with 10.7&plusmn;1.0 syllables (mean&plusmn;SD; range 8-12; n = 21), the second only with 4.2&plusmn;0.9 (range 3-5; Fig. 6). The second series started 9.3 &plusmn; 0.7 s (range 8.3-10.7 s) after the beginning of the first and both series were separated by a silent interval of 4.2&plusmn;0.4 s (range 3.7-5.3 s). The intervals between the syllables ranged from 400 to 619 ms (487&plusmn;66 ms), measured in the second half of the first series. In amplitude modulation, both series were decrescendo or without change in loudness. The syllables were very short, less than 5 ms (Fig. 7A), consisting of few, often hardly separable impulses.</p>
<p>Like in most phaneropterines (Heller et al. 2015), the female that was ready to mate reacted to the male song with its own acoustic signals. It always answered after or at the end of the second series. The first response syllable of its response was registered 2.7&plusmn;0.6 s after the beginning of the second male series (range 1.7-4.2 s; n = 74) and 0.55&plusmn;0.33 s after a male syllable (range 0.04-2.8 s; n = 73). The female response was quite variable; the simplest answer consisted of one impulse, but she could also make two impulses at relatively large intervals, long (about 8) series of impulses with short intervals or mixtures with many impulses at varying intervals (Fig. 6B&ndash;C; see Suppl. materials 1, 2: duets 1 and 2).</p>
<p>The carrier spectrum of male and female song is relatively narrow-banded with its maximum at about 8.4&plusmn;0.7 kHz (n = 3; range 10 db below peak 7.3-10.2 kHz) in the male and 8.7&plusmn;0.2 kHz (n = 3; range 10 db below peak 6.9-10.9 kHz; Fig. 7) in the female. </p>","https://bio.acousti.ca/node/52948"
"53091","behaviour","<p><strong>Advertisement call.</strong> The calls were recorded on 14 January 2016 between 19h00 and 20h00, air temperature 24&deg;C. Males were heard calling during daytime, linked to rainy conditions, and after dark. The description is based on the call of males visually confirmed to be of this species, near the locality where the holotype was collected. The call consists of an irregular fast series of clicks, and brief trills of five to seven pulses (Fig. 4). The pulse rate is approximately 35 s-1. The fundamental frequency is 1.1 kHz, with additional harmonics. The duration of the trills varies from 0.1&ndash;0.3 s. Analysis of 93 calls from five males showed that the number of pulses varied from 1 to 8 (mean 3.7), call duration varied from 13&ndash;288 ms (mean 100), and pulse rate varied from 10.5&ndash;58.1 s-1 (mean 29.2 s- 1, n=79). The emphasised frequency varied from 1033&ndash;3531 Hz, (mean 1738 Hz).</p>
<p>In contrast, the advertisement call of P. broadleyi (n=3) (Fig. 4) consists of longer loud trills of 9&ndash;24 (mean 17) pulses, with a call duration of 0.84&ndash;2.25 s (mean 1.6 s) and pulse rate 9.6&ndash;10.2 s-1 (mean 10 s-1). The emphasised frequency varies from 1205&ndash;3531 Hz (mean 2670 Hz). The calls of other species of grass frogs consist of trills and chuckle calls. </p>","https://bio.acousti.ca/node/53091"
"53093","behaviour","<p><strong>Description of the advertisement call.</strong> Males were found vocalizing on the ground from 18:00h to 23:00h in the margins Naj&aacute; stream inside the rainforest. The advertisement call of the Rhinella gildae is composed of 5&ndash;8 single note pulsed (mean 6.3&plusmn;0.8 SD) emitted at irregular intervals from 0.15&ndash;1.3 s (mean 0.3&plusmn;0.2 SD) (Table 4; Figure 4). Two pulses compose these notes, however last note of call consist of a long duration with distinct pulse, partly fused. Duration of each note with two pulses varies from 13&ndash;42 ms (mean 20&plusmn;4 SD) emitted at irregular intervals from 7&ndash;70 ms (mean 19&plusmn;9 SD). Duration of last note of the call varies from 18&ndash;97 ms (mean 54&plusmn;21 SD). The rate of notes per second from 18&ndash;33 (mean 24.9&plusmn;2.2 SD). Duration of each call varies from 0.2&ndash;0.4 s (mean 0.25&plusmn;0.03 SD) and the rate of calls per minute from 37&ndash;170 (mean 109.9&plusmn;29.6 SD). The dominant frequency varies from 1125&ndash;1500 Hz (mean 1298.8&plusmn;115.6 SD) and the bandwidth varies from 360 Hz to 2260 Hz. There is variation in call traits between the examined specimens, with lowest variation in the dominant frequency (classified as static traits), while other analyzed call traits were classified as dynamic traits since they had highest variation (Table 5).</p>
<br />
<p><strong>Description of release call.</strong> Males produced a series of vibrations and responded to the pressure with a series of release calls (Figure 5). The release call of the Rhinella gildae is composed of a series of 3&ndash;10 notes (mean 6.3&plusmn;0.8 SD) with duration series variyng from 0.4&ndash;1.5 s (mean 0.8&plusmn;0.3 SD). Each note consists of a pulse group partly fused. Duration varies from 0.4&ndash;0.9 s (mean 0.6&plusmn;0.01 SD) emitted at irregular intervals from 0.06&ndash;0.13 s (mean 0.09&plusmn;0.01 SD), and rate of notes per second from 5&ndash;8 (mean 6.8&plusmn;0.8 SD). The dominant frequency of the note varies from 937.5&ndash;1125 Hz (mean 998.7&plusmn;88.8 SD) and the bandwidth varies from 330 Hz to 5620 Hz.</p>","https://bio.acousti.ca/node/53093"
"53095","behaviour","<p><strong>Acoustics of P. (P.) inflatus Group</strong></p>
<p>The song patterns of the species of P. inflatus group differ significantly and group specific characters are not obvious. However, the species can be separated into four groups (Figure 14). The amplitude modulations of P. inflatus and P. isopterus (song type A) as well as that of P. cretensis and P. martinae (song type B) are each quite similar, the subspecies of the P. antalyaensis show the same basic structure (song type C) and P. bilgeri (song type D) differs from all other members of the group. According to our observations the species are acoustically active at least from morning to the (late) evening.</p>
<p><strong>Amplitud</strong><strong>e modulation.</strong> The calling song of P. inflatus (song type A; Figure 15A, B) was described by Heller (2004). The recordings from many additional specimens and localities analysed here confirm these data. &ldquo;The male calling song consists of long syllable sequences of indefinite duration, lasting many seconds or minutes. Within the sequence, two types of isolated syllables change more or less regularly. One type is represented by longer, two-part syllables (l-syllables), the other by shorter, undivided syllables (s-syllables)&rdquo; (Figure 15A, B). Often long series of l-syllables are followed by a few s-syllables, then another series of l-syllables follows and so on. However, there are also recordings which are less regular. The intervals between the syllables range typically from 0.6&ndash;3 s. The basis for the different syllable structure can be found in the stridulatory movements (Figure 15A, B). &ldquo;The s- syllables (duration about 12&ndash;25 ms) are produced by a more or less continuous closing movement of the tegmina. In the l-syllables (duration about 30 ms) the amplitude of the movement is smaller. More important is, however, that the speed of the movement changes during closing. It becomes much slower after the first half, resulting in a short silent interval before the loud final part. Since the stridulatory file consists of regularly spaced teeth, the differences in movement speed must be based on neuromuscular activity&ldquo; (Heller 2004). Interestingly, when producing s-syllables the male shakes distinctly as a consequence of the abrupt movement. There are no obvious differences between P. isopterus and P. inflatus in the calling song.</p>
<p>The male calling song of P. martinae (song type B) consists, similarly in P. inflatus, of long syllable sequences of indefinite duration (detailed description in Heller 2004). Within the sequence, also two types of sound elements change more or less regularly. One type is represented by longer, multi-part syllables or possibly syllable groups (see below P. cretensis; called l-syllables) and the other by shorter, two to three-part syllables (s-syllables). Rarely also undivided syllables are observed. As in P. inflatus, a long series of l- is followed by a few s-syllables. However, in contrast to P. inflatus, the l-syllables are produced quite rapidly at a syllable repetition rate of 6&ndash;8 Hz (at 25&ndash;26&deg;C; Figure 16A). The intervals between the s-syllables are with 3 to 8 s larger than in P. inflatus. In the basic time pattern the calling song of P. cretensis is quite similar to that of P. martinae. In P. cretensis single syllables (Figure 16B) or single echemes, containing one macro- and typically two microsyllables, alternate with fast echeme sequences (Figure 14D, 16D). Within the microsyllables opening and closing hemisyllables are clearly visible, quite unusual for Poecilimon species. The alternation of the sound elements can be regular, but often long series of one element type (single echemes or series) can also be observed.</p>
<p>The amplitude modulation of the male calling song of P. antalyaensis (song type C; Figure 14E&ndash;G) showed the same basic pattern in all three subspecies of P. anatalyaensis. One loud syllable is followed by one to six softer ones (Figure 14E&ndash;G). This unit is repeated at variable intervals, from a few to many seconds (see below). However, analysing the songs in detail, clear differences between the three forms can be recognised (Figures 17, 18). The duration of the first loud syllable was quite constant in P. a. antalyaensis, but varied by about a factor of 10 between this subspecies and P. a. myrae with P. a. anemurium situated in between (Figure 18). The variation in P. a. anemurium is not based on genetics; one animal with short syllables is offspring of that with long ones. Also effects of temperature are unlikely to have a strong effect; range 22.8&ndash;25oC for short and 21&ndash;22.5oC for long syllables. The interval between first and second syllable was quite variable in the species, ranging from 300 to 700 ms in P. a. antalyaensis, and it is similar in the other subspecies concluded from the limited data (Figure 18). Another difference between the subspecies may be found in the number of soft syllables. In P. a. anatalyensis 3.9 soft syllables per song unit (range 2.0&ndash;5.0; n=14 males; n measurements see Methods) were observed, in P. a. anemurium 2.3 (range 1.5&ndash;3.5; n=4 males) and in P. a. myrae always only one (n=1 male). In two long laboratory&nbsp;recordings (42 min, 62 min) of P. a. anemurium it could be recognized that this animal produced spontaneously several times series (duration 1&ndash;2 min) of song units with short intervals (ca. 4 s) between while during the remaining time the intervals were mostly much larger (often &gt; 1 min).</p>
<p>In contrast to the other species of the group, P. bilgeri produces songs consisting mainly of only one syllable type, but these syllables have different amplitude and are combined to echemes (song type D; Figure 19). The core element of the echeme starts with 4&ndash;5 syllables increasing in amplitude, followed by an interval of about 60 ms, and is finished by a single syllable. This unit is often followed by soft syllables which are produced by irregular stridulatory movements. The last syllable of the short series has a duration of 8.6 ms, is presented with a syllable repetition rate of 47 Hz, and the central interval lasts 64 ms (n=10; 2 males; T&gt;25oC).</p>
<p><strong>Duets and female latency times.</strong> In all species of the group (except P. isopterus; not tested) the females responded to the male song with own acoustical signals. However, for most species only limited data are available which allow only a preliminary description of this behaviour. In P. inflatus the single female recorded responded to s- and l-syllables. As found in other Poecilimon species (Heller &amp; Helversen 1986), the response delay was very short, in the range of 25&ndash;30 ms at 24.5&deg;C (Figure 20; Heller 2004). A careful analysis showed that the female produced mostly a single click-like sound about 483 ms (range 237&ndash;767 ms; n=10) before it responded to the male syllable. Its acoustical response consisted of a series of impulses, about 187 ms (range 113&ndash;289 ms; n=12) long.<br />
	In P. martinae the two females recorded responded preferentially to s-syllables. They replied to isolated s- syllables as well as to the s-syllables at the beginning of the l-syllable series. In addition they also responded sometimes during an l-syllable series, but rarely. The response delay of 50&ndash;90 ms (Figure 20B; 62 &plusmn; 9 ms, n = 39; T = 25 &deg;C) was short, but nearly a factor twice larger than in P. inflatus. The response was shorter than in P. inflatus (ca. 20&ndash;50 ms). The P. cretensis female was recorded responding to three different males. It answered after isolated syllables, after the first syllable of isolated echemes (Figure 20C) and sometimes also at the beginning of (or during) an echeme sequence (Figure 20D; latency 43.2 ms, response duration 30.4 ms; n=10; T=20oC). Mostly the first (1&ndash;2) impulses were quite loud, the others soft to very soft. Rarely spontaneous responses were observed without relation to the male song pattern.</p>
<p>In P. a. antalyaensis the responses of two females were recorded. Both answered very regularly after the soft syllables in the male song (Figure 17D&ndash;F). In detail, however, the two specimens differed; latency of the female response 24.8 ms at T&gt;22oC vs. 42.9 ms at T=19oC (n=10 each); duration of the female response 63 ms (consisting of two parts with large gap between, first part louder than second) at T&gt;22oC vs. 14 ms (one part) at T=19oC (n=10 each). The response was produced mainly during the initial opening of the tegmina (and soft impulses during closing) (Figure 20E). Sometimes spontaneous responses were observed, but they occurred always at about that time the male produced its soft syllables. They were found before the male had started its series as well as after it (Figure 17E, F).</p>
<p>The recorded P. bilgeri female responded to two males, but always only immediately after the single syllable that follows the long interval in the male song (Figures 19, 20F; latency 19.9 ms, response duration 32.4 ms; n=12).</p>
<p><strong>Spectral composition.</strong> The carrier frequencies of the male songs have their maximum in the high audio and low ultrasonic range (Figure 21). Comparing the species there is a clear negative correlation with body size; the smaller the species, the higher the peak frequency (Figure 22). Only Poecilimon inflatus does not fit the trend very well. Its peak frequency is unusually low, as already noted by Heller (2004) and now confirmed by additional recordings (Figure 21, spectra from three males from three different populations not studied in 2004; one P. i. inflatus, two P. i. lyciae). In 2004 five males were analysed up to at least 40 kHz (for an example see Figure 34 in Heller 2004). P. isopterus has an unusually short pronotum and legs so its peak frequency is unexpectedly high for<br />
	its overall relatively large body size. </p>","https://bio.acousti.ca/node/53095"
"53097","morphology","<p>Stridulatory file with 50 teeth on the ventral side of left tegmen, teeth of file with rough surface, evenly spaced, gradually decreasing in size towards the distal end, file gradually narrow and sulcate towards distal end. </p>","https://bio.acousti.ca/node/53097"
"53099","morphology","<p>...stridulatory file with 44 teeth, file curved at distal end, teeth of file with smooth surface, evenly spaced, file gradually narrow at both&nbsp;ends, and sulcate in the middle. </p>","https://bio.acousti.ca/node/53099"
"53105","behaviour","<p>Males sing most actively in teh evening and night. The very loud song consists of a series of melidious &#39;kre&#39;-sounds (echemes), repeated more or less reguarly at a rate of about 1-3/s. In the vicinity of females, males produce a courtship song. It consists of a continuous rustling, mixed with loud, high-pitched ticks.</p>
<p>...calling song of the male, which can be heard from a distance of up to 30-40m. </p>","https://bio.acousti.ca/node/53105"
"53111","behaviour","<p>Both Field-cricket species have a very loud calling song. <em>Gryllus bimaculatus</em> starts singing after dusk, whereas&nbsp;<em>G. campestris</em>&nbsp;also sings during the day. The song consists of a series of melodious &#39;kre&#39;-sounds (echemes), repeated very regularly at a rate of about 1-4/s. All echemes in a series are equsl, consisting of about 4-5 syllables. In the vicinity of a female, males produce a courtship song: a continuous rustling mixed with loud, high-pitched ticks. The calling songs of both species are quite similar and it is not alwayds easy to tell them apart. </p>","https://bio.acousti.ca/node/53111"
"53234","behaviour","<p>Males sing during the day and night. The song consists of a series of melodious &#39;krrtree&#39;-sounds (echemes), repeated more or less regularluy at intervals of about 1-2 x. The echeme consosts of 12-13 syllables of which the first 8-10 are quiet and the final 2-4 are loud. A courtship song is unknown. </p>","https://bio.acousti.ca/node/53234"
"53236","behaviour","<p>The male sings in teh afternoon and during the night. The song consits of a series of loud sharp melodiou s&#39;kre&#39;-sounds (echemes), repeated fiarly regularly at a rate of about 4-5/s. All echemes in a series are equal, consisting of four syllables, repeated at arate if 50-65/s. The first syllable of the echeme is fainter than the following ones. The frequency spectrum shows a peak frequency between 5.7 and 6.4 kHz. </p>","https://bio.acousti.ca/node/53236"
"53320","behaviour","<p>Male Stridulatory file: The stridulatory file (Figs. 11&ndash;14) is long (min. 2.917&ndash; max. 3.940 mm), bearing more than 200 teeth (min. 186- max. 235, n= 6), which gradually widen towards the middle and gradually narrow towards the apex. The shape of medial teeth as in Fig. 14.</p>
<p>Bioacoustics: The songs of 10 male bush-crickets were recorded in the evening and at night. Totally, 30 syllables belonging to six males were measured. Male calling songs were produced mainly in the evening and night at laboratory (t= 25&ndash;27&deg;C) and consisted of irregular sequences of isolated syllables (Fig. 16). The syllables were repeated at about 7.075.79 (mean &plusmn;SD, min. 2.09, max. 29.67), lasted about 0.6690.062 s (min. 0.452, max. 0.740) and composed of 118.639.73 impulses. The amplitude of the impulses increased at first part (including average 66.639.08 impulses, duration: 0.3220.06) and decreased towards the end (average impulse number 48.2310.79, duration: 0.3230.067) (Figs. 17A; 18A&ndash;B). The impulses were formed in a wider range in the last part of the syllable (Fig. 17B). The peak frequencies of both crescendo and decrescendo parts of the syllable were similar (24.932.89, 24.823.19 kHz, respectively). </p>","https://bio.acousti.ca/node/53320"
"53342","behaviour","<p>ACOUSTIC SIGNAL. The signal is produced by tegmina-femoral stridulation only. The signal (Fig. 1, Table 1) shorter than 1 s, includes series of double-pulses with period of repe- tition 150&ndash;560 ms. Their amplitude is increasing from the beginning to the end of the signal. </p>","https://bio.acousti.ca/node/53342"
"53343","behaviour","<p>ACOUSTIC SIGNAL. The signal is produced by tibia-tegminal (chirps) and tegmina- femoral (pulses) stridulation. The signal (Fig. 2, Table 1) shorter than 2 s, includes very short chirps and following single-pulses. </p>","https://bio.acousti.ca/node/53343"
"53344","behaviour","<p>ACOUSTIC SIGNALS. The signal is produced by tegmina-femoral stridulation only. The signal (Fig. 3, Table 1) shorter than 2 s, includes short single-pulses. </p>","https://bio.acousti.ca/node/53344"
"53346","diagnostic","<p>Only three species of Bobilla are known from Tasmania, and only adult males can be used to separate them (Otte &amp; Alexander 1983). A compound microscope was used to perform stridulatory file counts on the forewings of 30 adult males at each site (total = 240) to confirm the identity of B. poene. </p>","https://bio.acousti.ca/node/53346"
"53380","diagnostic","<p>Stridulatory file with 32 teeth, teeth are wide in the middle, teeth are wide and thick in the middle; file gradually narrowing at distal end, abruptly narrowing with few teeth towards proximal end. </p>","https://bio.acousti.ca/node/53380"
"53382","diagnostic","<p>Stridulatory file with 46 teeth; moderately sulcate; teeth are almost of same length throughout the file except at distal end where it becomes narrow gradually, and abruptly narrow towards proximal end with few teeth. </p>","https://bio.acousti.ca/node/53382"
"53383","diagnostic","<p>Stridulatory file with 27 teeth, moderately sulcate; teeth are large at middle; file gradually narrowing at distal end, abruptly narrowing with few teeth towards proximal end. </p>","https://bio.acousti.ca/node/53383"
"53405","diagnostic","<p>pars stridents with 72 teeth </p>","https://bio.acousti.ca/node/53405"
"53429","behaviour","<p>Calling song (Figs 26&ndash;28, Tab. 1). Field recorded in 13 and 14.i.2018, individuals registered with codes R01, R02, R03, R04, R05, R06, individuals start stridulate just after dusk; temperature ranging from 19 to 19.7&deg;C; continuous trill; dominant frequency 3.46 kHz&plusmn;0.01969 (3.34&ndash;3.5); pulse rate/s; 55.18&plusmn;0.467 (54&ndash;55); pulse duration/s, 0.013&plusmn;0.001 (0.0101&ndash;0.014); interval between pulse/s, 0.0054&plusmn;0.001 (0.0038&ndash;0.0076); pulse period/s, 0.019&plusmn;0.0006 (0.0175&ndash;0.164). </p>","https://bio.acousti.ca/node/53429"
"53526","behaviour","<p>The calling song consists of a series of chirp (Fig. 6). Each chirp typically consists of 8 syllables. Average syllable period = 0.65s; average syllable duration = 0.22s. Chirp period = 0.81s. Average peak frequency = 6.08 kHz. </p>","https://bio.acousti.ca/node/53526"
"53532","behaviour","<p><strong>Advertisement calls.</strong> SVL of captured recorded males ranged between 17.6&ndash;18.5 mm (average 17.7 mm, n = 5). By inspecting the waveforms and spectrograms of calls of ten males recorded in Caraj&aacute;s, we identified four types of temporal arrangement of notes (Fig. 11). In Serra Sul, notes were emitted either grouped in discrete trills (n = 2 males) or continuously, separated by regular silent intervals (n = 1 male). At Trilha do Lago, most recorded males (n = 3) emitted isolated notes, separated by long, irregular silent intervals. In this location, two other males emitted notes continuously, but notes were separated by short, irregular silent intervals. A sixth male emitted notes grouped in trills, but turned to a continuous regular call at the end of the recording. A single male was recorded at N1 Trail while emitting notes arranged in trills.</p>
<p>Considering all recordings, notes had an average duration of 0.04 &plusmn; 0.01 s (range 0.02&ndash;0.06 s) and were emitted at an average dominant frequency of 5101.9 &plusmn; 236.1 Hz (range 4752.8&ndash;5384.9 Hz). Notes had an ascending frequency modulation (Fig. 12). Average lower frequency of notes was 4655.1 &plusmn; 199.9 Hz (range 4402.3&ndash;4937.9 Hz) and average upper frequency of notes was 5418.8 &plusmn; 232.6 Hz (range 5107.3&ndash;5742.0 Hz). In average, notes occupied a frequency bandwidth of 763.7 &plusmn; 1129 Hz (range 533.1&ndash;920.0 Hz).</p>
<p>When notes were emitted continuously (n = 5 males), silent intervals between notes was extremely variable, ranging between 0.22&ndash;3.40 s (mean 0.76 &plusmn; 0.62 s; n = 100 silent intervals). When arranged in discrete trills (n = 4 males / 23 trills), trills were formed by 4&ndash;22 notes (mode = 8 notes) and their duration ranged between 1.49&ndash;7.05 s (mean = 4.38 &plusmn; 1.61 s). Trills were emitted between irregular, generally long silent intervals, ranging between 3.03&ndash;17.95 s (mean 7.22 &plusmn; 3.60 s). Silent interval between notes within a trill ranged between 0.24&ndash;0.91 s (mean 0.40 &plusmn; 0.14 s; n = 69 silent intervals).</p>
<p><em>Comparison with advertisement calls of other species.</em><br />
	Advertisement calls of A. caeruleodactylus, A. magnussoni, A. masniger, A. nidicola, and A. subfolionidificans are formed by a single note, emitted continuously between irregular (A. caeruleodactylus, A. subfolionidificans) or regular (A. magnussoni, A. masniger, A. nidicola) inter-note silent intervals, not arranged in discrete note trills. Dominant frequency of notes in A. carajas is lower than that of notes in calls of A. caeruleodactylus (dominant frequency 5.54&ndash;6.64 kHz) (Lima &amp; Caldwell 2001). Note duration in calls of A. carajas is generally longer than that in calls of A. magnussoni (note duration 0.047&ndash; 0.104 s). Additionally, A. magnussoni frequently emits calls formed by note-pairs (Lima et al. 2014). Silent interval between notes in the continuous calls of A. nidicola and A. masniger are always regular, ranging between 0.206&ndash; 0.315 s and 0.253&ndash;0.425 s, respectively (Caldwell &amp; Lima 2003; Kaefer et al. 2012). Continuous calls of A. carajas can not be distinguished from those of A. subfolionidificans by their spectral or temporal parameters, overlapping in all measurements (Lima et al. 2007).</p>
<p>Some Allobates species alternate between two types of advertisement calls, emitting notes continuously or arranged in bouts or trills. When emitting trills of notes, silent interval between notes of A. carajas is longer than that in trills of A. marchesianus (0.12&ndash;0.21 s) (Caldwell et al. 2002b).</p>
<p>Continuous calls and note trills of A. carajas overlap in temporal parameters with those of A. olfersioides, however, notes in calls of A. olfersioides occupy a narrower frequency bandwidth (frequency bandwidth range 0.08&ndash;0.41 kHz) (Forti et al. 2017). Dominant frequency of notes in calls of A. carajas is lower than that of notes in calls of A. sumtuosus (dominant frequency 5.60&ndash;6.48 kHz) (Sim&otilde;es et al. 2013a).</p>
<p>Advertisement calls of some Allobates species are constituted exclusively by note trills. However, in comparison to A. carajas, note trills are generally longer and formed by a larger number of notes in calls of A. bacurau (call duration 6.92&ndash;11.07 s, 60&ndash;81 notes) (Sim&otilde;es 2016). Trills of A. crombiei (Morales, 2002) are formed by a larger number of notes, emitted between much shorter silent intervals (25&ndash;59 notes, interval between notes 0.045&ndash;0.069 s) (Lima et al. 2012). Note trills and silent interval between notes within a trill are shorter in calls of A. grillissimilis (trill duration 0.12&ndash;0.30 s, interval between notes 0.010&ndash;0.043) (Sim&otilde;es et al. 2013b). Minimum trill duration in A. carajas (1.49 s) only slightly overlapping with maximum trill duration in A. trilineatus (trill duration 0.97&ndash;1.55 s). Minimum interval between notes in trills of A. carajas (0.24 s) much longer than maximum interval between notes in A. trilineatus (0.07&ndash;0.09 s) (Grant &amp; Rodr&iacute;guez 2001).</p>
<p>Advertisement calls of A. flaviventris Melo-Sampaio, Souza &amp; Peloso, 2013, and A. hodli are emitted as trills of note-pairs or couplets, not as trills of single notes (Sim&otilde;es et al. 2010; Melo-Sampaio et al. 2013; Lima et al. 2014). Advertisement calls of A. femoralis (Boulenger, 1884) and A. myersi (Pyburn, 1981) are emitted as trills of three, four, six or eight notes (Am&eacute;zquita et al. 2006; Sim&otilde;es &amp; Lima 2011).<br />
	Note trills of A. carajas more closely resemble those of A. brunneus, A. goianus, A. paleovarzensis, and A. tinae, overlapping in all call parameters. However, in general, notes in trills of A. goianus are shorter and emitted between shorter silent intervals (note duration 0.030&ndash;0.051s, interval between notes 0.020&ndash;0.048 s) (Carvalho et al. 2016). Notes in trills of A. paleovarzensis are split by generally shorter silent intervals and emitted with a lower dominant frequency (interval between notes 0.065&ndash;0.266 s, dominant frequency 4.05&ndash;4.93 kHz) (Lima et al. 2010). Note trills of A. tinae are generally formed by a small number of notes (2&ndash;9 notes) (Melo-Sampaio et al. 2018). Additionally, the ability to emit continuous calls is not reported for A goianus, A. paleovarzensis or A. tinae. Continuous calls or note trills of A. brunneus can not be distinguished from those of A. carajas. However, notes emitted in continuous calls of A. brunneus are always regularly spaced, with silent intervals between notes varying between 0.35&ndash;0.42 s (Lima et al. 2014). </p>","https://bio.acousti.ca/node/53532"
"53549","behaviour","<p>No bioacoustic data are available for Aegimia species. </p>","https://bio.acousti.ca/node/53549"
"53556","behaviour","<p>The male calling song of Gomhocerus transcaucasicus is different from G. sibiricus. The differences are: syllables lasting 180-350 ms (in G. sibiricus 100 ms); at the end of the echeme, lower intensity syllables absent (in G. sibiricus present and duration of this second part greatly varies, from 2 to 11 s); a syllable consists of the two types of pulses: pulses of the higher amplitude repeated at higher rate alternate with the low-amplitude pulses repeated at lower rate. The pulses of the two types also differ in duration. Especially this quite interesting feature discriminate G. trans- caucasicus from G. sibiricus [in G. sibiricus, syllables contain pulses of only one type, produced mainly by downstroke of the femora (Ragge &amp; Reynolds 1998, Bukhvalova &amp; Vedenina 1998)].</p>
<p>Song: Calling song consists of an echeme lasting 16-20 s and composed of about 30-60 syllables (Fig. 3a). The echeme begins quietly, gradually becoming louder (crescendo) and is reached often the first 20-25 syllables to maximum intensity (Fig. 3b). Each syllable lasts 1800-350 ms and consists of 155-25 pulses (Fig. 3c). Oscillographic analysis shows that a syllable consists of the two types of pulses: pulses of the higher amplitude repeated at higher rate alternate with the low-amplitude pulses repeated at lower rate (Fig. 3d). The pulses of the two types also differ in duration. </p>","https://bio.acousti.ca/node/53556"
"53558","behaviour","<p>Song: Recorded from type locality, N 40&deg;38.697&#39; / E 39&deg;24.164&#39;, 17.VIII.2006, at 31 &deg;C. Male calling song consists of an echemes lasting 3-6 s, composed of about 13-30 syllables and it lasts 100-180 ms (Fig. 5a). Each syllable consists of two different types of pulse. In each syllable, a low-amplitude pulse precedes a series of the short, dense and higher-amplitude pulses (Fig. 5b). </p>","https://bio.acousti.ca/node/53558"
"53559","behaviour","<p>Song. Recorded from Turkey, &Ccedil;ank&yacute;r&yacute;: &Ccedil;ank&yacute;r&yacute;-Atkaracalar-Bolu yolu, 1,280 m a.s.l., 14.VII.2005, at 32 iC. The calling song consists of echeme series, repeated with intervals of about 2-4 s and containing 2-5 echemes beginning quietly but rapidly reaching maximum intensity (Fig. 7a). Each echeme lasts 1-1.5 s. The echeme consists of 6-11 repeated syllables lasting 60-150 ms (Fig. 7b). After middle of the echeme, each syllable consists of unpulsed and pulsed sound parts (Fig. 7c). </p>","https://bio.acousti.ca/node/53559"
"53564","behaviour","<p>Belwood (1990) reported effects of predation on the singing behavior of A. insectivora on Barro Colorado Island, Panama. Leaf- gleaning bats often use echolocation for general orientation but tend to locate their katydid prey passively by listening for the sounds they make. Four of the six katydid species taken by Micronycteris hirsuta on Barro Colorado Island in Panama call in the 23-27 kHz range, suggesting which prey are taken depends on whether the bat can hear their call or not (Belwood 1990).</p>
<p>The selection pressure from bats has resulted in a number of adaptations in calling behavior. Some species avoid predation by calling when bats are least active. For example, Aganacris insectivora has two active periods, one during the day and one during the night. Their mimicry of wasps protects them from daytime predators such as birds, monkeys, and lizards, but not during the night. At night, they sing in a very narrow time band between 3 and 5 AM, coinciding with a lull in feeding behavior of leaf-gleaning bats. The strategy appears to be effective because gleaning bats do not appear to take these species (Robinson and Hall 2002). It has not been demonstrated whether this singing cycle also occurs in South American species, but in northern Peru leaf-gleaning bats are pres- ent in rainforests inhabited by A. pseudosphex and are most active in the early evening (9 PM-12 AM) (Belwood, pers. observ.). </p>","https://bio.acousti.ca/node/53564"
"53570","behaviour","<p>..one forest katydid,Ischnomela pulchripenis (11), has localizable cal features. It sings from large (2m) terestrial bromeliads (Aechmea magdalanae) that are covered with long, sharp spines that could injure a bat&#39;s delicate wings. </p>","https://bio.acousti.ca/node/53570"
"57297","behaviour","<p>We recorded 15 pops emitted from three individuals with a hydrophone (see Supplemental Experimental Procedures). One pop lasted 0.41 &plusmn; 0.022 s (Figure 1E). The dominant frequency was 6912.7 &plusmn; 256.11 Hz, but frequencies extended from close to zero to over 90 kHz (Figure 1F). Sound pressure was 150.0 &plusmn; 1.41 dB re 1 &micro;Pa at 1 m (range 140.8 to 157.0). </p>","https://bio.acousti.ca/node/57297"
"57300","behaviour","<p>Call recorded by Jos&eacute; Vieira, the recording was made at 21:40 pm on July 14th, 2018 (air temperature not recorded). Adult male ZSFQ 933 (recording code: LBE-C-048). Calls are produced in series. Each series contains four to 34 calls (mean = 12.2 &plusmn; 11.5; n = 6). Time between call series is highly variable, from 6.7 to 21.8 s (mean = 13.9 &plusmn; 8.2; n = 4). The call sounds like running a thumb over a comb. Each call has a duration of 0.1&ndash;0.2 s (mean = 0.1 &plusmn; 0.01; n = 16) and is markedly pulsed (10&ndash;13 pulses per call, mean = 11.6 &plusmn; 0.8; n = 16). Each call is frequency modulated, with its dominant frequency slightly increasing through time. The dominant frequency at the beginning of each call is at 4,980&ndash;5,353 Hz (mean = 5,175.6 &plusmn; 100.2; n = 16) and at 5,661&ndash;5,771 Hz (mean = 5,723.3 &plusmn; 30.7; n = 16) at the end. In most calls, harmonics are visible; the first harmonic is at 9,865&ndash;11,475 Hz (n = 14), and the second harmonic is at 15,390&ndash;17,157 Hz (n = 13). </p>","https://bio.acousti.ca/node/57300"
"57348","behaviour","<p>The male calling songs of all investigated species in Sinocyrtaspis can only be heard during night when the temperature is slightly lower than during the daytime. The calling song (Fig. 7) consisted of isolated syllables separated from each other by irregular intervals with syllable repetition rates from 0.2 to 0.8 Hz (Table S2 in File S1). In the recordings, isolated sylla- bles can be divided into three parts: soft beginning, main and echo part. From the soft beginning, the amplitude of the elements gradually increased, followed by the main part in which the amplitude of elements rose from small to large and then to small again, and finally the echo part which has the smallest amplitude produced by echoes from surroundings. According to the oscillograms, the outgroup P. fengyang- shanensis can be distinguished easily from Sinocyrtaspis species (Fig. 7). The calling song of each species in Sinocyrtaspis had some similarities as well as differences. In S. truncata, the posterior area of the main part of the song has a special element which other songs do not possess (but see Discussion), whereas S. lushanensis had a long and small amplitude in the end which could be an echo produced by a wall. In S. cardia, some isolate syllables are without soft beginning, which suggests that this part may be unimportant in species recognition.</p>
<p>The songs of all Sinocyrtaspis species have a large proportion in the ultrasonic range, but the peak frequencies were mainly in the audible range (&lt;20 kHz) except in S. truncata (23 kHz; Table S2) whereas the peak frequency of the outgroup species P. fengyangshanensis was 27 kHz which is inaudible for people. The largest bandwidth was observed in S. spina with a second&nbsp;peak frequency at 51 kHz. The bandwidth of S. hengshanensis was close to that of S. brachycerca (Fig. 8). </p>","https://bio.acousti.ca/node/57348"
"57349","behaviour","<p>As far as is known, meconematines have two ways to communicate: some species produce substrate vibrations by a rapid drumming of one of the hind legs (Heller, 1988; Ragge &amp; Reynolds, 1998), whereas most others make sound by tegminal stridulation (Naskrecki et al., 2008; Hemp &amp; Heller, 2017). </p>","https://bio.acousti.ca/node/57349"
"57350","behaviour","<p>Putting S. truncata aside, the song structure is relatively similar throughout the genus and it is a little difficult to divide elements within isolated syllables. In the most simple cases, a tettigoniid syllable is made of heavily damped impulses, which obviously is not the case here; likewise, for crickets, a syllable is made of a long impulse, as is not the case here either. The elements within syllables in Sinocyrtaspis spp. appear to be an admixture of heavily damped and long syllables. Montealegre-Z et al. (2006) ana- lyzed a brachypterous species in Meconematinae from South America, and defined its syllable type as SSTP (short spaced tonal pulses). But the impulses in Sinocyrtaspis are slightly different; a high-amplitude impulse follows a low one, so it is a short spaced compound pulse (SSCP) instead of a tonal impulse. If species with similar songs occurred in the same area, it would be hard to perform acoustic separation (Hemp &amp; Heller, 2017). As for Sinocyrtaspis species, overlapping distribution were not found in the field. Species with similar calling songs but morphological differences suggest allopatric speciation based on genitalic differentiation in Sinocyrtaspis (see &Ccedil;ıplak et al., 2009).</p>
<p>The peak frequencies of Sinocyrtaspis species are &gt;10 kHz, and ultrasonic frequencies account for a large proportion (Fig. 8). The ultrasonic bandwidth of each species is obvi- ously different. For example, S. truncata has an unusually high peak frequency, but the recordings of this species should be re-confirmed; according to the sonogram (Fig. S4), the acous- tic signal contained elements with different frequencies, partly even more strongly frequency modulated, and thus very likely to be produced by a bat or another mammal rather than an insect.</p>
<p>Heller &amp; Hemp (2018) pointed out that large species produce sounds with lower peak frequency compared with small species. The body size of P. fengyangshanensis is smaller than the species in Sinocytraspis, and the peak frequency of the species is distinctly higher and frequency bandwidth narrower than in Sinocyrtaspis (Fig. 8).<br />
	In a study on another species with inflated pronotum, Heller (2004) suggested, based on the study of Morris &amp; Mason (1995), that the space between tegmina and inflated pronotum may act as a Helmholtz resonator. Such species have a broarder song spectrum when the inflated pronotum is removed (Jons- son et al., 2017). However, although some species have strongly inflated pronotum, their spectral bandwidth is larger than in other species. Based on that, Kaya et al. (2018) assumed that an inflated pronotum may protect tegmina. The pronotum of the male in Sinocyrtaspis is rather strikingly elevated in metazona. When recording calling songs in the field, the present authors observed that the male pronotum was lifted up, almost perpen- dicular to the body (Fig. S2), and the spectrum bandwidth was wider than in P. fengyangshanensis in which the male prono- tum is not raised in metazona. Based on these observations, it is speculated that the elevated male pronotum at metazona is used to protect tegmina. To decide whether this special pronotum acts as a Helmholtz resonator or not, further research is needed. </p>","https://bio.acousti.ca/node/57350"
"57355","behaviour","<p>Males stridulate during flights. (Probably crepitation)</p>","https://bio.acousti.ca/node/57355"
"57358","behaviour","<p>The common coqui, Eleutherodactylus coqui, produces harmonics up to approximately 12.5 kHz (Figure 2). These signals are not in the ultrasound range (&gt;20 kHz, the human ear tends to hear sounds in the range of 20 Hz, low pitches, to 20 kHz, high pitches) but they are quite high considering that E. coqui males produce vocalizations between 1.8 kHz‒3.5 kHz to communicate with females and to defend their territory. </p>","https://bio.acousti.ca/node/57358"
"57359","behaviour","<p>Eleutherodactylus antillensis, commonly known as the Red-eyed coqui, tends to be abundant in disturbed forested areas, which can facilitate data collection. This frog has two major vocalizations: (1) the two-note call &ldquo;chu-rr&iacute;&rdquo; (Figure 3); and (2) the aggressive trill call (&ldquo;ki, ki, ki...&rdquo;) (Ovaska and Caldbeck 1997). Both vocalizations have their own specific harmonics, the two-note call has a shorter frequency range up to 6.0kHz, Similarly, the trill call can go up to 13.1kHz, which is almost the same frequency E. coqui has (Figure 4). </p>","https://bio.acousti.ca/node/57359"
"57360","behaviour","<p>Eleutherodactylus brittoni, the smallest and the least studied of the three species, has the most interesting communication system of all. This tiny frog produces pulses in a specific pattern between 3.0kHz and 6.3kHz (N=10), repeating itself two to three times before starting with the two-pulse call (Figure 5). Even though R&iacute;os-L&oacute;pez and Villanueva-Rivera, 2013, showed this species spectrogram, they focused in partitioning of acoustic environment, rather than their behavioral pattern component. These patterns were not known until now and their functional significance, if any, is unknown.</p>
<p>Furthermore, males generate harmonics extending above 22.0kHz, well in the ultrasound realm (Figure 6). It is not clear what is the functional significance of these ultrahigh vocalizations. But some species use them to avoid masking by background noise (Feng et al. 2006), and some species, such as Hylarana taipehensis (Van Denburgh, 1909), formerly known as Rana taipehensis, seem to use high intensity calls also, to cope with noisy environments (Sun and Narins 2005). </p>","https://bio.acousti.ca/node/57360"
"57369","behaviour","<p>The song pattern and chirp configuration of Otomi tree cricket were instrumental in diagnosing this new Mexican oecanthine. Waveform analysis showed that each chirp was comprised of a long string of pulses with no groupings (Figs 14&ndash;16). The recordings taken in the field and in captivity by IMCG were at temperatures of 14&deg;C&ndash;19&deg;C. The carrier frequency of the calling song at 17&deg;C was slightly above 2.6 kHz (Fig. 17). One recording revealed the intermittent long chirp song of interest with a faster chirping species in the background (Fig. 18). The faster chirping was 3&ndash;4 times faster than the long chirping of this new species, affirming the slow rate of the target species while the highly regular spacing of the background singer affirmed the irregular pattern of Otomi tree cricket. The irregular chirping pattern and the ungrouped chirp configuration of this new species were compared to the patterns and configurations of four other chirping species, two intermittent trilling species, and one continuous trilling species (Fig. 19). The four chirping species in the rileyi species group display grouping of their pulses.</p>
<p>Oecanthus varicornis, from the varicornis species group, has continuous trilling with runs of pulses over several seconds, while O. mhatreae sp. nov. chirps never exceed 0.7 second. Of the three intermittent bursts of trilling species, O. niveus has a J-shaped mark on the scape (Walker 1962). The second species, O. exclamationis, has markings on the pedicel and scape that resemble an inverted exclamation mark (Fulton 1915). The third intermittent bursts of trilling species, O. leptogrammus, does have an irregular pattern similar to O. mhatreae sp. nov.; however, the coloring and antennal markings are markedly different for these two species. Oecanthus leptogrammus is very pale green (Collins et al. 2014) and has a thin black line on each pedicel and scape (Walker 1962).</p>
<p>At all temperatures, the chirping pattern of Otomi tree cricket was irregular. This sporadic rate and pattern were unlike any of the other known chirping species in North America. Fig. 20 shows the irregular rate at a variety of temperatures and includes a sample of the early evening warm up song heard most evenings. Since Otomi tree cricket has an irregular chirping pattern, a trend line graph cannot reliably be used for comparison with chirpers with regular patterns. The chirp rate at recorded temperatures was plotted for comparison to the other known songs (Walker 2019b, Cornell Lab 2019) of North American chirping species (Fig. 21, Table 1). The graph displays the general niche that each of these five species occupy.</p>","https://bio.acousti.ca/node/57369"
"57371","behaviour","<p>Vocalization. The composite advertisement call consists of two distinct types of pulsed calls. Call type A (Fig. 5A) is usually the initial call followed by a series of calls of type B (Fig. 5B), e.g. ABBBBB (see example call in Fig. 6). A composite call (A+nB) consists of one call type A followed by 1&ndash;12 calls type B (2.48&plusmn;2.27, n=114 composite calls from 9 individuals). However, call type A can be emitted solely as well.<br />
	We recorded and analysed advertisement calls of 10 individuals, including the holotype and three paratypes (MNKA 9922, SMF 88450, SMF 88490; Tab. 3). All but one emitted composite calls, resulting in 114 composite calls composed of 114 calls type A and 284 calls type B from 9 individuals. Additionally, 45 solely emitted calls type A from all 10 individuals were included in the analy- ses. In total, 5 to 30 (16.77 &plusmn; 8.53) calls type A and 0 to 64 (29.22 &plusmn; 19.48) calls type B were analysed per individual. Call duration of a composite call was 143 to 1563 ms (337ms&plusmn;276). In a composite call, intervals between calls of typeAand B or B and B were 77&ndash;119 ms (99 ms &plusmn; 9.7). The interval between a composite call (e.g., ABBB interval ABB interval ABB) or solely emitted calls of type A was 0.93&ndash;8.40 sec (3.06 sec&plusmn;1.28; n=126 in- tervals measured from 10 individuals). Numerical call parameters of call type A are as follows (range followed by mean&plusmn;standard deviation in parentheses): call du- ration 18&ndash;66 ms (42&plusmn;9; n=159); pulses per call 3&ndash;9 (5.45 &plusmn; 1.14; n = 159); pulse duration 2 &ndash; 10 ms (5 ms; &plusmn;1; n=579); pulse rate 82&ndash;167 pulses/sec (131&plusmn; 17; n = 159); dominant frequency 3531 &ndash; 4565 Hz (4135 &plusmn; 209; n=159). Numerical call parameters of call B are: call duration 4 &ndash; 23 ms (12 &plusmn; 3; n = 284); pulses/call 1&ndash;3 (1.8&plusmn;0.5; n=284); pulse duration 2&ndash;17 ms (5 ms; &plusmn; 2; n = 253); pulse rate 43 &ndash; 250 pulses/sec (154 &plusmn; 41;&nbsp;n = 284); dominant frequency 3575 &ndash; 4593 Hz (4136 &plusmn; 211; n=284). Fig. 8 shows the distribution of values in histograms. </p>","https://bio.acousti.ca/node/57371"
"57376","behaviour","<p>Totally 13 records from two males were examined. The calling song consists of phrases (Figure 1B, C), which have quite variable durations. Phrases structure is different from all other species in the genus and comprises approximately triple syllables group series. Phrase duration varies between 1.59 and 17.12 s (4.35 &plusmn; 1.86) and each phrase contains 29&ndash;121 (62.44 &plusmn; 8.7) triple syllable groups. However, phrases generally begin with double syllable group and last with quadruple syllable group. In a triple syllable group, syllable durations are quite similar, but have different amplitudes (low-middle-high amplitudes; in first, second and third syllable, respectively). Oscillographic analyses show that triple syllables group periods durations vary between 43.92 and 82.88 ms (52.81 &plusmn; 1.16). The first, second and third syllables durations in group last for 12.76&ndash;17.87 ms (15.11 &plusmn; 1.16), 13.68&ndash;18.81 ms (15.66&plusmn; 1.02) and 12.49&ndash;17.47 ms (15.67 &plusmn; 1.05), relatively. Each syllable shows almost a standard structure which is formulated as soft opening hemisyllable + loud closing hemisyllable (Figure 1D). Each closing hemisyllable begins with low amplitude, reaches the maximum level at the midpoint, and at this point it ends by decreasing. </p>","https://bio.acousti.ca/node/57376"
"57377","behaviour","<p>A total of 15 records from six males were examined. The calling song consists of phrases (Figure 2B) with irregular intervals. Phrases usually reach its maximum intensity between 1/4 and 1/3 of the phrase; however, in some of the phrases, there is often a more gradual crescendo roughly up to half of the phrase. Phrase durations vary between 2.29 and 4.18 s (3.21 &plusmn; 0.18), and the phrase comprises between 83 and 131 syllables (108.6 &plusmn; 5.56). The phrase generally begins with a characteristic isolated hemisyllable, which has variable amplitude and durations within intra and inter-populations of species (Termessos: 3&ndash;18 ms; Torbalı: 26&ndash;31 ms and Ahırlı: 15&ndash;23 ms) (Figure 2C). The isolated loud hemisyllable is followed by contiguous/ordinary syllables of phrase with a vari- able gap in duration within intra and inter-populations of species (Termessos: 25&ndash;276 ms; Torbalı: 24&ndash;28 ms and Ahırlı: 12&ndash;124 ms). Oscillographic analyses show that the syllable period duration varies between 25.01 and 46.47 ms (28.33 &plusmn; 1.83) and each syllable shows approximately a standard structure, which is formulated as soft opening hemisyllable + loud closing hemisyllable (Figure 2D). </p>","https://bio.acousti.ca/node/57377"
"57378","behaviour","<p>Six records from one male were examined. The calling song consists of phrases (Figure 3B) with irregular intervals. Phrase durations vary between 1.69 and 2.31 s (1.94 &plusmn; 0.13), and each phrase contains 71&ndash;82 syllables (74.6 &plusmn; 2.9). The phrase starts with 7&ndash;10 lower amplitudes syllables (generally corresponds to 1/7&ndash;1/8 of phrase) and continues with a crescending sequence and reach as highest amplitude at the end of this part (Figure 3C). The remaining syllables have quite similar amplitude. The phrase begins with an isolated first hemisyl- lable and is followed by a gap which last 27&ndash;58 ms (41.15 &plusmn; 9.97) between the first hemisyllable and the ordinary&nbsp;syllables in phrase. Oscillographic analyses show that the syllable periods duration varies between 20.44 and 31.81 ms (24.67 &plusmn; 1.6), and each syllable shows a standard structure, which is formulated as loud and long opening hemi- syllable + less loud and short closing hemisyllable (Figure 3D). The opening hemisyllables duration varies between 7.82&ndash;17.78 ms (13.45 &plusmn; 1.28), whereas the closing hemisyllable lasts for 8.73&ndash;15.90 ms (11.22 &plusmn; 1.09). </p>","https://bio.acousti.ca/node/57378"
"57379","behaviour","<p>Totally 12 records from two males were examined. The calling song consists of phrases (Figure 4B) with irregular intervals. Phrase durations vary between 0.93 and 1.07 s (1.01 &plusmn; 0.04), and each phrase contains 31&ndash;37 syllables (33.3 &plusmn; 1.5). The phrase generally begins with an isolated first hemisyllable and is followed by a gap which lasts for 8&ndash;19 ms (13.6&plusmn; 3.6). After the gap, the phrase continues with 2&ndash;3 higher amplitude syllable group and a 2&ndash;4 lower amplitude syllable group (generally corresponds to 1/8 of phrase), then reaches the highest amplitude after this part and goes along with ordinary syllables which have a quite similar amplitude (Fig 4C). The oscillographic analyses show that the syllable periods duration varies between 21.20 and 38.21 ms (26.35 &plusmn; 1.98), and each syllable shows a standard structure, which is formulated as soft and long opening hemisyllable + loud and short closing hemisyllable (Figure 4D). The opening hemisyllables duration varies between 7.59&ndash;21.46 ms (16.39 &plusmn; 1.82), while the closing hemisyllable lasts for 6.80&ndash;17.53 ms (9.96 &plusmn; 1.46). </p>","https://bio.acousti.ca/node/57379"
"57380","behaviour","<p>Totally, 13 records from three males were examined. The calling song consists of phrases (Figure 5B) with irregular intervals. Phrase durations vary between 0.58 and 1.16 s (1.00 &plusmn; 0.09), and each phrase contains 22&ndash;55 syllables (45.25 &plusmn; 4.16). The phrase generally begins with low amplitude first syllable, which is shorter than the ordinary syllables and lasts for 10.9&ndash;18.5 ms (13.84 &plusmn; 2.17). The phrase starts with 4&ndash;10 lower amplitudes syllables (generally corresponding to 1/4) and continues with a crescending sequence and reaches for the highest amplitude at the end of this part. The remaining syllables have quite similar amplitude (Figure 5C). The oscillographic analyses show that the ordinary syllable periods duration varies between 10.9 and 45.91 ms (21.71 &plusmn; 2.34), and each ordinary syllable shows a standard structure which is formulated as soft opening hemisyllable + loud closing hemisyllable (Figure 5D). The phrase ends with last hemisyllable, which has a longer duration than the previous syllables in phrase and its duration varies between 22.96&ndash;45.91 ms (31.17 &plusmn; 4.51). </p>","https://bio.acousti.ca/node/57380"
"57381","behaviour","<p>Totally, 28 records from six males were examined. The calling song consists of phrases (Figure 6B) with irregular intervals. Phrase durations vary between 0.15 and 0.42 s (0.21 &plusmn; 0.03) and each phrase contains 6&ndash;13 syllables (9.73 &plusmn; 1.14). The phrase begins with a characteristic and isolated first long hemisyllable, which has a longer duration and a higher amplitude according to remaining/ordinary hemisyllables in phrase. The isolated first long hemisyllable durations are variable within intra and inter-populations of species (Oltu: 14&ndash;33 ms; Ocak: 24&ndash;26 ms, Hazarbaba: 21&ndash;25 ms and &Ccedil;elikhan: 25&ndash;30 ms). After isolate first long hemisyllable, the phrase continues with 6&ndash;9 lower amplitudes syllables (generally corresponds to 2/3 of phrase) and then continues with relatively higher amplitude syllables (Figure 6C). Oscillographic analyses show that syllable periods duration varies between 14.16 and 33.89 ms (23.11 &plusmn; 1.98), and each syllable shows approximately a standard structure which is formulated as soft and long opening hemisyllable + loud and short closing hemisyllable (Figure 6D). The opening hemisyllables duration varies between 12.00&ndash;19.06 ms (14.86 &plusmn; 1.33), while closing hemisyllable lasts for 5.00&ndash;16.30 ms (9.11 &plusmn; 1.58). The phrase ends with last hemi syllable, which has longer duration than the previous hemisyllables in phrase and its duration varies between 15.44 and 24.05 ms (20.97 &plusmn; 1.51). </p>","https://bio.acousti.ca/node/57381"
"57382","behaviour","<p>Twelve records from two males were examined. The calling song consists of phrases (Figure 7B) with irregular intervals. Phrase durations vary between 0.48 and 0.61 s (0.55 &plusmn; 0.04), and each phrase contains 23&ndash;28 syllables (24.91 &plusmn; 1.67). The phrase generally begins with a first loud hemisyllable, which is lon- ger than ordinary syllables and lasts for 14.72&ndash;21.77 ms (16.84 &plusmn; 1.87). The phrase starts with lower amplitudes syllables and reaches maximum amplitude (generally corresponds to 1/2&ndash;1/3 of phrase) with low gradual increase (Figure 7C). The remaining syllables in the phrase have quite similar amplitude. The oscillographic analyses show that syllable periods duration varies between 14.00 and 32.11 ms (20.81 &plusmn; 2.19), and each syllable has a standard structure which is formulated as loud and long opening hemisyllable + soft and short closing hemisyllable (Figure 7D). The opening hemisyllables duration varies between 5.54 and 21.83 ms (11.75 &plusmn; 1.83) while closing hemisyl- lable lasts for 6.53&ndash;14.05 ms (9.09 &plusmn; 1.10). The phrase ends irregularly with last hemisyllable, which has a shorter duration and a low amplitude than the previous hemisyllables in phrase and its duration varies between 4.01and 6.03 ms (4.76 &plusmn; 0.51). </p>","https://bio.acousti.ca/node/57382"
"57383","behaviour","<p>Eleven records from two males were examined. The calling song consists of phrases (Figure 14B) with irregular intervals. Phrase durations vary between 0.28 and 0.42 s (0.34 &plusmn; 0.04) and each phrase contains 13&ndash;17 syllables (14.83 &plusmn; 1.10). The phrase generally begins with an isolated low amplitude first syllable, which is shorter than ordinary syllables and lasts for 16.82&ndash;21.62 ms (18.99 &plusmn; 1.34). The isolated first syllable is followed by contiguous/ordinary syllable series. The first syllable of the syllable series has low amplitude and is of shorter durations than the remaining syllables within the syllable series (Figure 14C). The oscillographic analyses show that the ordinary syllable periods duration varies between 10.00 and 71.62 ms (22.16 &plusmn; 11.14), and opening hemisyllable and closing hemisyllable of ordinary syllables within the phrase cannot be distinguished (Figure 14D). The phrase ends with last loud syllable, which has a longer duration than the previous syllables in phrase, and its duration vary between 53.74 and 71.62 ms (63.47 &plusmn; 4.76). </p>","https://bio.acousti.ca/node/57383"
"57385","morphology","<p><strong>Morphology</strong><br />
	Dendroctonus valens males have ridges on the ventral posterior margins of each elytron, with most ridges occurring on the left elytron (Fig. 2A,B,D). It is not understood whether one or both elytra contribute to sound production. Males also have a sclerotized protrusion on their seventh abdominal tergite, hypothesized to function as a stridulatory plectrum (Fig. 2A,C) although this has not been directly tested. These putative sound-producing structures were examined in seven males using light microscopy (Olympus SZX12, Tokyo, Japan) and scanning electron microscopy (SEM; JOEL JSM-6400). In preparation for SEM, elytra were cleaned and placed on aluminium stubs, while abdomens were prepared following the procedure outlined by Rumph and Turner (1998) and placed on separate stubs. Specimens were sputter coated with gold&ndash;palladium and examined.</p>
<p><br />
	<strong>Contributions of the file and plectrum to sound production</strong><br />
	To assess whether one or both elytra contribute to chirp production, sound recordings were conducted prior to and following ablation of the left (n=5) or the right elytron (n=6). Ablation was performed by clipping the posterior tip of either elytron, the region of the elytron containing the proposed file ridges, using dissection scissors. Sound recordings (30 s duration) were performed during disturbance trials (set-up as above) both pre- and post-ablation and recordings were analysed for the number of chirps and pulses per chirp.<br />
	To view the sound production mechanism, the right elytron was completely removed in seven males and disturbance sounds evoked as described above. Note that the elytron ablation experiment described above confirmed that the right elytron did not contribute to sound production (see Results). Stridulation was filmed at high speed using a GoPro Hero3 camera (frame rate: 240 frames s&minus;1, resolution: 848&times;480, GoPro Inc.) connected to an external microphone (ECM-MS908C, Sony) and mounted on a two- headed observation light microscope (Leica, Wild M3Z). Sounds were simultaneously recorded by an Earthworks microphone on a data recorder as described above. Audio was matched to the high- speed video using Raven Pro 1.5 by aligning several pure tone test sounds made throughout the recording.</p>
<p><strong>Mechanism of pulse production</strong><br />
	In Dendroctonus spp., each sound pulse in a chirp is proposed to result from the plectrum striking one tooth on the file. However, this has not been confirmed for any elytro-tergal stridulator. We tested this using two methods. First, we counted the number of teeth on the file measured along the file midline (see Fig. 2E) using SEMs of 15 males, and compared this with the mean number of sound pulses per chirp. Because there were more teeth than sound pulses (see Results), we then more specifically estimated the number of teeth impacted by the plectrum during chirp production. This was done by examining the location of the plectrum on the left elytron at the first and last pulse of each chirp for 10 simple chirps from the high-speed video footage of each of seven individual males (see above). The distance the plectrum travelled during the chirp was measured from higher resolution images of the stridulatory mechanism taken with a camera (Zeiss AxioCam MRc5, 1.4 megapixels, 1388&times;1040) mounted on a light microscope (Olympus SZX12) using Zeiss AxioVision digital image processing software. The number of teeth over that distance was then counted using SEMs (see above) of the left files from each male.</p>
<p><strong>Mechanics of chirp production and variability</strong><br />
	Simple chirps &ndash; that consist of continuous pulse production with regular intervals &ndash; may be produced by one of two hypothesized mechanisms: (1) an &lsquo;escapement mechanism&rsquo; type of action, whereby the plectrum and abdominal movements are tightly coupled as the plectrum passes the file; in this case, we predicted that abdominal movement would be coupled with plectrum movement and sound production; (2) spring stridulation, where the plectrum temporarily catches on a tooth of the file, is stretched and then released; in this case, we predicted that the plectrum would move independently from the abdomen. To quantify this, we measured the angle between the plectrum (on the seventh abdominal tergite) and the eighth abdominal tergite to establish whether the position of the plectrum against the abdomen was rigid or pliable. From the high-speed video recordings, we analysed each video frame during the production of five simple chirps for each of seven males and then calculated plectrum&ndash;abdomen angle measurements for each frame.</p>
<p><br />
	Interrupted chirps could result by two hypothesized mechanisms: by rapid repetition of the file&ndash;plectrum cycle or by one file&ndash;plectrum cycle that is intermittently stopped. Of the seven males with high-speed video trials, one male was observed to produce multiple interrupted chirps. We analysed each video frame during the production of the interrupted chirp and identified the point of contact of the plectrum on the elytral file for each video frame to determine plectrum movement. This was repeated for five interrupted chirps. </p>","https://bio.acousti.ca/node/57385"
"57406","behaviour","<p>The song of the new Alor Myzomela comprises two or three introductory notes followed by a main part characterized by a mean of 11.4 notes over 2 s (Fig. 4a). The pitch of the introductory notes (phonetically &lsquo;wick&rsquo;) rises from 4,800 to 6,430 Hz and then falls to 4,960 Hz, which is defined as an overslur; these introductory notes have a different struc- ture and are slightly lower-pitched than typical contact notes (Fig. 4a, c). The main part&rsquo;s elements are high-pitched at 7,640 Hz with 0.13 s between notes (Table 2).</p>
<p>The song of the Wetar Myzomela comprises a mean of 21.8 rapidly produced high-pitched twittering notes without introductory notes (Table 2; Fig. 4b). The few song record- ings available had a similar structure but were highly vari- able in the number of notes. The small sample size available for songs of Wetar Myzomela made statistical comparisons problematic, but there were significant differences between Alor and Wetar Myzomela in maximum frequency and bandwidth (Table 2).</p>
<p>There were substantial statistically significant differences between calls of the Alor and Wetar myzomelas (Table 2). The Alor Myzomela produces single, high-pitched, smooth, overslurred (with falling then rising pitch) contact notes which can be phonetically transcribed as &lsquo;tssip&rsquo; or &lsquo;vick&rsquo;. Note duration is ~ 0.1 s, beginning at 4220 Hz, ascending to 6620 Hz and then descending to 4990 Hz, with 2&ndash;2.5 s breaks between notes (Fig. 4c; Table 2). We detected some minor variation from this typical note structure which involved higher-pitched overslurs (producing a sharp inverted &lsquo;v&rsquo; shape in sonograms) given as double notes at 5940&ndash;7370 Hz, and &lsquo;N-shaped&rsquo; downslurs which initially rise to 6320 Hz, then descend to 4660 Hz and then rise slightly to 5000 Hz.</p>
<p>The Wetar Myzomela produces single, high-pitched, downslurred contact notes (first falling and then rising in pitch) which can be transcribed phonetically as &lsquo;tsieuw&rsquo; or &lsquo;teeyu&rsquo;. Note duration is ~ 0.15 s, at a frequency beginning at 8870 Hz, descending to 4350 Hz, with 2.5&ndash;3.0 s breaks between notes (Fig. 4d).</p>","https://bio.acousti.ca/node/57406"
"57424","behaviour","<p>The calling song of male P. podagrosus consists of repetitive series of chirps, each composed of four to six pulses with a mean carrier frequency of 3.8&plusmn;0.2 kHz and a pulse rate of 205&plusmn;17 Hz (Fig. 1A). The total duration of the chirp series was highly variable, lasting from a few seconds up to 2 min. The perception of the song is complicated by other cricket species calling at the same time and location in the nocturnal tropical rainforest. In the spectral analysis of such background noise (Fig. 1C), the multiple peaks in the spectrum indicate the different carrier frequencies occupied by these sympatric species. By contrast, the task of detecting the calling song of a conspecific male in a European field cricket (G. campestis) is rather easy because there is no acoustic energy within the relevant frequency range other than that of its calling song (Fig. 1B). </p>","https://bio.acousti.ca/node/57424"
"57428","behaviour","<p><em>C. iris</em> males call primarily at night; the call consists of a long, uninterrupted buzz, audible to the human ear, with most of its energy at approximately 17 kHz; frequently the first few second of the call is in the form of short series of individual syllables (Figs. 45D&ndash;F). </p>","https://bio.acousti.ca/node/57428"
"57430","behaviour","<p>Males call both during the day and early at night; the call is a continuous, wide-spectrum buzz, with most of the acoustic energy within 20&ndash;50 kHz but without a distinct frequency peak; lower frequency portion of the call is easily audible to the human ear (Figs. 45A&ndash;C). </p>","https://bio.acousti.ca/node/57430"
"57432","behaviour","<p>The call of this species is a loud, uninterrupted trill with the syllable rate of 155/sec (at 22&deg;C); mean syllable duration 0.0062 s (SD=0.00036, n=104), with the frequency peak at 13.5&ndash;25.5 kHz (Figs. 46A&ndash;C). The call is easily detectable by the human ear from a distance of a few meters. </p>","https://bio.acousti.ca/node/57432"
"57434","behaviour","<p>Males call at night, producing short series of syllables (syllable duration 0.27&ndash;0.66 s; n=3), spaced with several minutes of silence. The call is faintly audible to the human ear, with two frequency peaks at 18.5 kHz and 32.0 kHz (Figs. 46D&ndash;F). </p>","https://bio.acousti.ca/node/57434"
"57436","behaviour","<p>The call of C. pareiochlora consists of an irregular train of syllables produced at the rate of 30&ndash;34 syllables/s; mean syllable duration is 0.0291 s (SD=0.001892, n=64); the peak frequency of the call is 14.0&ndash;27.5 kHz (Figs. 46H&ndash;I).</p>","https://bio.acousti.ca/node/57436"
"57438","behaviour","<p>The call of L. annulicornis consists a series of short, two-impulse echemes (echeme duration 0.089&ndash;0.154 s; n=9), with peak frequency at 7.8 kHz, thus easily perceived by the human ear. Males also produce loud defensive stridulation if captured, similar in its characteristics to the advertisement call (Figs. 46J&ndash;L). </p>","https://bio.acousti.ca/node/57438"
"57440","behaviour","<p>The song of R. differens in the Ugandan population was described by Bailey (1976). Individuals in Gorongosa produce calls similar to those of the Ugandan population. They consist of long, uninterrupted trains of short syllables (mean syllable duration 0.00493 s, SD=0.000242; n=16) at the rate of 160 syllables/sec (at 21&deg;C), with the frequency peak at 13.4&ndash;14.6. kHz. The call is relatively loud and readily audible to an average human ear (Figs. 48A&ndash;C). </p>","https://bio.acousti.ca/node/57440"
"57442","behaviour","<p>The call of this species is exceptionally loud and can be heard from a distance of several hundred meters. Males call both during the day and at night, producing long, uninterrupted trains of syllables (mean syllable duration 0.0695 s, SD=0.0028; n=22) at the rate ranging from 11 to 12 syllables/sec (at 17&deg;C), with the frequency peak at about 9.3. kHz (Figs. 48D&ndash;F). </p>","https://bio.acousti.ca/node/57442"
"57442.2","general","<p>The dorsal surface of the stridulatory vein has nearly parallel edges, with little attenuation on both ends, with 87 teeth (Fig. 11A). </p>","https://bio.acousti.ca/node/57442"
"57444","behaviour","<p>This species starts calling early in the evening and for the first 15&ndash;30 minutes of its acoustic activ- ity produces short of echemes of 3&ndash;5 syllables separated by long periods of silence. Later at night the song changes to a more typical for Ruspolia continuous trill of uninterrupted syllables. The syllable rate is only 4.4/sec, the slow- est of all Gorongosa Ruspolia species; mean syllable duration 0.105 s (SD=0.00926, n=22), with the frequency peak at 10.5&ndash;12.3 kHz (Figs. 47A&ndash;C). </p>","https://bio.acousti.ca/node/57444"
"57446","behaviour","<p>The song of this species is a soft, uninterrupted trill with the syllable rate of 50/sec (at 26&deg;C); mean syllable duration 0.012 s (SD=0.00101, n=25), with the frequency peak at 12.3&ndash;12.9 kHz (Figs. 47D&ndash;F). The call is only detectable by the human ear from a distance of a few meters. </p>","https://bio.acousti.ca/node/57446"
"57446.2","general","<p>The morphology of the stridulatory apparatus resembles that of R. differens but the dorsal aspect of the stridulatory file is longer and not thickened in the middle, the file has 132 teeth (Fig. 11E). </p>","https://bio.acousti.ca/node/57446"
"57448","behaviour","<p>In Gorongosa this species starts singing well before sunset and continues into the night. The call is a typical for Ruspolia uninterrupted trill with the syllable rate of 112/sec (at 26&deg;C); mean syllable duration 0.012 s (SD=0.00375, n=20), with the frequency peak at 10.5&ndash;11.7 kHz (Figs. 47G&ndash;I). The call is loud and readily audible to the human ear. </p>","https://bio.acousti.ca/node/57448"
"57448.2","general","<p>The stridulatory file is short, distinctly thickened in the middle, with 88 teeth; the teeth in the proximal (closer to the wing joint) end of the file distinctly larger and more widely spaced than at the distal end. The mirror is nearly perfectly circular (Fig. 11G). </p>","https://bio.acousti.ca/node/57448"
"57450","behaviour","<p>The call is a slow trill, with syllables produced at the rate of 7.2/sec (at 26&deg;C); mean syllable duration is 0.1019 (SD=0.00704, n=25), with the frequency peak at 10.5&ndash;11.1 kHz (Figs. 47J&ndash;L). The call is loud and readily audible to the human ear. </p>","https://bio.acousti.ca/node/57450"
"57450.2","general","<p>The stridulatory file is rela- tively long and narrow, with 107 teeth; the mirror is slightly angular, with comparatively thin posterior vein of the mirror (A1 + A2) (Fig. 11I). </p>","https://bio.acousti.ca/node/57450"
"57456","behaviour","<p>The call of G. carri is entirely ultrasonic and pure tone. It consists of a long train of syllables, sometimes paired, produced at the rate of 6&ndash;15/s; mean syllable duration is 0.0407 (SD=0.00786, n=100), with a distinct and narrow frequency peak at 39.3&ndash;43.9 kHz (Figs. 49G&ndash;I). This species is one of the only two known ka- tydids in Gorongosa with the call that is entirely ultrasonic (the second one is Phaneroptera parva Ragge, 1956). </p>","https://bio.acousti.ca/node/57456"
"57456.2","general","<p>Stridulatory file weakly bent, 0.8 mm long, 0.045 mm wide, with 50 teeth (Fig. 12D). </p>","https://bio.acousti.ca/node/57456"
"57458","behaviour","<p>The call of O. abreuae consists of a long train of syllables, which are occasionally paired, pro- duced at the rate of 10&ndash;12 syllables/sec (at 20&deg;C); mean syllable duration is 0.02985 (SD=0.00344, n=62), with the frequency peak at 13.2&ndash;21.8 kHz (Figs. 49D&ndash;F). The call, produced by males only at night, is audible to the human ear from about 1&ndash;2 meters. </p>","https://bio.acousti.ca/node/57458"
"57458.2","general","<p>Stridulatory file. Stridulatory file 2.8 mm long, 0.18 mm wide, with 83 teeth (Fig. 15J). </p>","https://bio.acousti.ca/node/57458"
"57460","behaviour","<p>The call of O. incisus consists of short, 0.5&ndash;0.9 s trains of syllables produced at the rate of 20&ndash;30 syllables/sec; (at 22&deg;C); mean syllable duration is 0.01954 (SD=0.00200, n=84), with the frequency peak at 14.6&ndash;22.6 kHz (Figs. 49A&ndash;C). The call, produced by the males only at night, is soft and barely audible to the human ear. </p>","https://bio.acousti.ca/node/57460"
"57460.2","general","<p>Stridulatory file. Stridulatory file 2.2 mm long, 0.12 mm wide, with 82 teeth (Fig. 17J). </p>","https://bio.acousti.ca/node/57460"
"57462","behaviour","<p>The call of E. iaculator is a continuous train of short but distinctly separate syllables, with syl- lables produced at the rate of only 2/sec (at 26&deg;C); mean syllable duration is 0.04264 (SD=0.13340, n=790), with the frequency peak at 11.7&ndash;14.6 kHz (Figs. 49I&ndash;L); each syllable consists on average of 11 impulses (SD=2.101, n=104). The call is loud and readily audible to the human ear from several meters.</p>
<p>Males usually start calling shortly after sunset from dense bushes, often very low to the ground (from a few centimeters to about 3 meters above the ground.) While calling, the male invariably hangs upside down on a thin branch and is relatively oblivious to disturbance. Calling males appear to be territorial and are spaced regularly by at least 10 m; the same tree or bush never has more than one calling male.</p>
<p>The population in the northeastern part of the Cheringoma Plateau is unusual in that the males often sing throughout the day, including noontime. This population, however, shows no statistically significant differences from the populations elsewhere in the Gorongosa region in either the parameters of the call or their morphological characters. </p>","https://bio.acousti.ca/node/57462"
"57462.2","general","<p>stridulatory file weakly sinuous, 2.9&ndash;3.1 mm long, 0.14&ndash;0.2 mm wide, with 53&ndash;60 teeth (Fig. 19A). </p>","https://bio.acousti.ca/node/57462"
"57464","behaviour","<p>Males call at night from dense bushes, from close to the ground to about 3 m above, and are incredibly wary, jumping away at the slightest disturbance. The call is a continuous train of syllables produced at the rate of 7 syllables/s (at 25&deg;C); mean syllable duration is 0.007308 (SD=0.0009306, n=37); the call is broad spec- trum, with most energy within 16.4&ndash;37.5 kHz (Figs. 48J&ndash;L). The call, produced by males only at night, is audible to the human ear from several meters. </p>","https://bio.acousti.ca/node/57464"
"57466","behaviour","<p>Males call at night from low trees and bushes, usually several meters above the ground. They are distinctly less prone to disturbance than calling males of A. fallax. The call consists of short echemes with syllables produced at the rate of 12 syllables/ (at 25&deg;C); mean syllable duration is 0.006011 s (SD=0.0001853, n=89); the call is broad spectrum, with most energy between 8.2 and 28.1 kHz (Figs. 48G&ndash;I). The call, produced by males only at night, is quite loud and audible to the human ear from several meters. </p>","https://bio.acousti.ca/node/57466"
"57468","behaviour","<p>Males call at night from tall clumps of grass, producing a long, uninterrupted train of short sylla- bles at the rate of 15&ndash;23 syllables/s (at 26&deg;C), each syllable contains a short impulse created by the tegmina opening and a longer group of impulses produced by the tegmina closing; mean syllable duration is 0.05147 (SD=0.08954, n=89); the peak frequency of the call is 14.6&ndash;16.9 kHz (Figs. 50A&ndash;C). The call is audible to the human ear from a few meters as a very soft buzz. </p>","https://bio.acousti.ca/node/57468"
"57470","behaviour","<p>The call of C. wahlbergi is a long, ninterrupted train of syllables produced at the rate of 42&ndash;44 syllables/s (at 26&deg;C); mean syllable duration is 0.01502 s (SD=0.002084, n=83); the peak frequency of the call is 14.6&ndash;16.3 kHz (Figs. 50D&ndash;F). The call is audible to the human ear from a few meters as a rattling buzz. </p>","https://bio.acousti.ca/node/57470"
"57472","behaviour","<p>The call of A. lamellata is a long, uninterrupted train of syllables, loud enough to be heard from several hundred meters. Unfortunately, the population in Gorongosa has not been recorded but individuals in Guinea produce calls with the rate of 18 syllables/s. </p>","https://bio.acousti.ca/node/57472"
"57474","behaviour","<p>Males of Z. ophthalmicus call from high in the trees, usually at least 5 m above the ground, and are difficult to spot. Their call is a bell-like, nearly pure-tone series of short, 0.18&ndash;0.28 s echemes, each consisting of 4&ndash;6 syllables; mean syllable duration is 0.02798 s (SD=0.00454, n=52); the peak frequency of the call is 6.4&ndash;8.3 kHz (Figs. 57D&ndash;F). The call is easily audible to the human ear from at least 50 meters away. </p>","https://bio.acousti.ca/node/57474"
"57476","behaviour","<p>The call of A. exigua is a soft trill, audible from a far distance. The call is a train of short, nearly pure-tone echemes, each consisting of 4&ndash;5 syllables; mean syllable duration is 0.11327 s (SD=0.022119, n=84); the peak frequency of the call is 11.7&ndash;12.0 kHz (Figs. 57A&ndash;C). </p>","https://bio.acousti.ca/node/57476"
"57478","behaviour","<p>The call of C. denticollis is a long train of uninterrupted syllables, audible from several meters. Unfortunately, the call in the Mozambican population of this species has not been recorded. </p>","https://bio.acousti.ca/node/57478"
"57480","behaviour","<p>Males of C. spilophora produce two types of calls, which they sometimes combine. Early in the evening (and sometimes during the day) the call is usually in the form of short, 2&ndash;2.6 s bursts of syllables at the rate of 9&ndash;10 syllables/s; mean syllable duration is 0.05413 s (SD=0.005331, n=38); the peak frequency of the call is 8.7&ndash;10.8 kHz (Figs. 57G&ndash;I). Later at night the call often turns into a long, uninterrupted train of single syllables, produced at the rate of 2&ndash;3 syllables/s, with each syllable 0.1511 s long (SD=0.01996, n=28) (Fig. 57J&ndash;L). </p>","https://bio.acousti.ca/node/57480"
"57482","behaviour","<p>The call of P. sparsa consists of short, 2&ndash;3 syllable, 0.26&ndash;0.28 s long echemes; mean syllable du- ration is extremely short at 0.00433 s (SD=0.001406, n=34); the peak frequency of the call is 27.1&ndash;33.9 kHz, albeit the lower frequencies of the call are audible from a very short distance (Figs. 51J&ndash;L). </p>","https://bio.acousti.ca/node/57482"
"57484","behaviour","<p>The call of P. sparsa [literature mistake] consists of a series of single syllables produced at the rate of approximately 0.2/s; mean syllable duration is 0.10966 s (SD=0.02159, n=6); the peak frequency of the call is 42.7&ndash;50.4 kHz (Figs. 51G&ndash;I). This species is the only katydid in Gorongosa other than Gorongosa carri known to produce a purely ultrasonic call. </p>","https://bio.acousti.ca/node/57484"
"57486","behaviour","<p>E. reticulata leptomorpha has a two-part call that consists of a long, 5&ndash;8 syllable echemes, where each syllable is 0.07073 s (SD=0.00961, n=54), followed by a group of 5&ndash;15 very short, 0.002 s syllables; the peak frequency of the call is 18.1&ndash;25.2 kHz (Figs. 51D&ndash;F). </p>","https://bio.acousti.ca/node/57486"
"57486.2","general","<p>From other Eulioptera species it can be distinguished by the shape of the male cercus and the characteristics of the stridulatory file, which is 0.95 mm long, 0.05 mm wide, and has 119 closely spaced teeth (Fig. 26C). </p>","https://bio.acousti.ca/node/57486"
"57489","general","<p>stridulatory file evenly curved, 1.4 mm long, 0.05 mm wide, with 192 teeth </p>","https://bio.acousti.ca/node/57489"
"57492","behaviour","<p>The call of E. carrolli consists of series of 9&ndash;12 syllable echemes; mean syllable duration is 0.01125 s (SD=0.002013, n=45); the peak frequency of the call is 24.0&ndash;31.6 kHz (Figs. 51A&ndash;C). </p>","https://bio.acousti.ca/node/57492"
"57492.2","general","<p>stridulatory file straight, 1.3 mm long mm long, 0.045 mm wide, with 97 teeth (Fig. 27C). </p>","https://bio.acousti.ca/node/57492"
"57493","behaviour","<p>The call of M. brunneri consists of paired syllables produced at a few second intervals; mean syllable duration is 0.11103 s (SD=0.01495, n=11); the peak frequency of the call is 16.4&ndash;19.9 kHz (Figs. 53A&ndash;C). The call is audible from a few meters. </p>","https://bio.acousti.ca/node/57493"
"57495","behaviour","<p>The call of D. grandis is in the form of a series of individual syllables, spaced by at least 30 s of silence syllables; mean syllable duration is 0.042857 s (SD=0.00221, n=14); the peak frequency of the call is 22.8&ndash;36.9 kHz (Figs. 50G&ndash;I). </p>","https://bio.acousti.ca/node/57495"
"57495.2","general","<p>...and by the unique structure of the exceptionally wide stridulatory file (file 1.8 mm long, 0.47 mm wide, with 88 widely lamelliform teeth (Fig. 29C). </p>","https://bio.acousti.ca/node/57495"
"57497","behaviour","<p>The call of T. continua has not been recorded in the Mozambican population but in the popula- tion from the Western Cape Province of South Africa the call consists of series of very short, click-like syllables produced at the rate of 7 syllables/s (at 20&deg;C). </p>","https://bio.acousti.ca/node/57497"
"57499","behaviour","<p>The call of T. bilineolata is a series of single syllables, produced at the rate of about 1 syllable/s (at 23&deg;C); mean syllable duration is 0.03577 s (SD=0.004492, n=18); the peak frequency of the call is 16.4&ndash;21.6 kHz (Figs. 52J&ndash;L). </p>","https://bio.acousti.ca/node/57499"
"57501","behaviour","<p>Males call from treetops after dark and the call consists of short, 3&ndash;4 syllable echemes; mean syllable duration is 0.025 s (SD=0.0.0021, n=9); the peak frequency of the call is 15.2&ndash;16.9 kHz (Figs. 55A&ndash;C). The call is loud and easily perceived by the human ear. In addition to the advertisement call, both males and females produce loud, broad frequency release calls if captured. </p>","https://bio.acousti.ca/node/57501"
"57503","behaviour","<p>The call of A. tanzanica is similar to that of A. fasciata and consists of short, 2&ndash;3 syllable echemes; each successive syllable in an echeme is successively louder than the previous one; mean syllable duration is 0.0723 s (SD=0.0137, n=11); the peak frequency of the call is 10.5&ndash;12.9 kHz (Figs. 55D&ndash;F). The call is loud and easily perceived by the human ear. In addition to the advertisement call, both males and females produce loud, broad fre- quency release calls if captured. </p>","https://bio.acousti.ca/node/57503"
"57505","behaviour","<p>G. helleri has an interesting acoustic behavior, recently described by Heller &amp; Hemp (2017). In this species the male occasionally adds an additional, low frequency (9 kHz) syllable to his call. He does it in an apparent effort to mimic the call of the female of the same species, whose call has a similar frequency. This, presum- ably, makes it more difficult for other males to locate the female who is responding to the signal of the original caller and lowers their chances of mating. The call of this species in the Gorongosa population consists of paired syllables with the mean duration of 0.00523 (SD=0.00072, n=13) and peak frequency of 16.9&ndash;18.1 kHz (Figs. 54A&ndash;C). </p>","https://bio.acousti.ca/node/57505"
"57505.2","general","<p>From other members of the genus Gonatoxia Karsch, 1889 this species can be distinguished by the shape of the cercus and the structure of the stridulatory file, which features a prominent &ldquo;dip at its distal end (Fig. 32G). </p>","https://bio.acousti.ca/node/57505"
"57507","behaviour","<p>The call of C. aurita consists of short 3-syllable echemes; mean syllable duration is 0.0263 s (SD=0.00236, n=10); the peak frequency of the call is 12.9&ndash;15.8 kHz (Figs. 53D&ndash;F). </p>","https://bio.acousti.ca/node/57507"
"57509","behaviour","<p>The call of P. guytonae consists of a series of short, 2&ndash;5 syllable echemes and is unique in the frequency modulated aspect of the echemes; mean syllable duration is 0.0047 s (SD=0.00182, n=57) (Figs. 53G, H). Within each echeme the first syllable starts with the dominant frequency of 12.24&ndash;16.99 kHz (mean 14.88 kHz) and each successive syllable progressively increases its dominant frequency by approximately 2 kHz, with the last syl- lable reaching 18.16&ndash;22.26 kHz (mean 20.0 kHz) (Fig. 55I). It is possible that the function of such frequency shift is similar to that discussed by Heller &amp; Hemp (2017) for Gonatoxia helleri, which apparently serves to mimic the call of a female in order to make it more difficult to locate her for other conspecific males. Females of P. guytonae have well developed stridulatory files on the posterior margin of the right tegmen, which implies a call-and-response behavior in this species. Unfortunately, the female call is yet unknown. </p>","https://bio.acousti.ca/node/57509"
"57509.2","general","<p>Stridulatory file flat, weakly bent, 1.8 mm long, 0.1 mm wide, with 83 teeth (Fig. 33F) </p>","https://bio.acousti.ca/node/57509"
"57512","behaviour","<p>The call of P. abdita is a series of syllables in groups of 2&ndash;4; mean syllable duration is 0.0033 s (SD=0.002105, n=20); the peak frequency varies from 18.2 to 24.6 kHz but exhibits no consistent incremental changes that are seen in P. guytonae (Fig. 55J&ndash;L). </p>","https://bio.acousti.ca/node/57512"
"57514","behaviour","<p>O. lesnei, along with Debrona cervina Walker, 1870, are unique among known katydids in being able to stridulate in flight. This interesting behavior, its mechanism, and potential adaptive advantage will be discussed in an upcoming publication (Naskrecki, in prep.). </p>","https://bio.acousti.ca/node/57514"
"57515","behaviour","<p>The in-flight stridulation usually has a different temporal pattern than the stationary stridulation, which the males engage in later at night. While stationary on tall bushes and lower branches of trees, the males produce long series of single syllables every 0.38&ndash;0.60 s, which are occasionally followed by a short series of 2-syllable echemes; mean syllable duration is 0.067 s (SD=0.0267, n=44); the peak frequency of the call is 5.9&ndash;7.6 kHz (Figs. 54G&ndash;I), making it easily audible from a distance of several meters. </p>","https://bio.acousti.ca/node/57515"
"57517","behaviour","<p>Unlike O. lesnei, this species does not stridulate in flight and males only call from stationary posi- tions. The call consists of a series of 3-syllable echemes produced every 0.7&ndash;1.3 s; mean syllable duration is 0.0062 s (SD=0.00186, n=50); the peak frequency of the call is 10.5&ndash;14.6 kHz (Figs. 54J&ndash;L). The call is audible from a short distance as a series of faint clicks. </p>","https://bio.acousti.ca/node/57517"
"57519","behaviour","<p>The call of T. zebrata is a series of single syllables, produced at the rate of 3 syllables/s; mean syllable duration is 0.0411 s (SD=0.00975, n=39); the peak frequency of the call is 11.1&ndash;12.8 kHz (Figs. 52A&ndash;C). The call is audible from a few meters. </p>","https://bio.acousti.ca/node/57519"
"57519.2","general","<p>The stridulatory file has 43&ndash;47 teeth (Fig. 37C). </p>","https://bio.acousti.ca/node/57519"
"57521","behaviour","<p>As discussed by Hemp et al. (2010), the call of Acrometopini is often complex, making it difficult to apply the traditional terminology of syllables and echemes to describe it. For this reason, it is preferable to use the term &lsquo;element&rsquo; for a more or less fixed sequence of sound events, without attempting to distinguish the sections of the call are the products of full closing or opening of the stridulatory structures.</p>
<p>H. serrifera males call from elevated perches and every few minutes fly to another perch, usually a tall herbaceous plant, and start a new bout of calling. The call, lasting on average 1.6&ndash;3.0 seconds, is divided into two sections, each with a different frequency spectrum (Fig. 52G). The first section is a uniform train of similar, short syllables produced at the rate of 60&ndash;80/sec; mean syllable duration is 0.0094 s (SD=0.001325, n=75); the peak fre- quency of this section of the call is 4.7&ndash;9.9 kHz (Figs. 52H, I). The first section, which lasts approximately 0.1&ndash;1.0 s, is immediately followed by a more complex section with multiple elements of various duration; some elements resemble long echemes with similar peak frequency as the first section, while others are short clicks (mean duration 0.011 s) with the peak frequency of 12.9&ndash;14.0 kHz (Figs. 52H, I). </p>","https://bio.acousti.ca/node/57521"
"57525","behaviour","<p>The stationary call of D. cervina is acoustically identical to the one produced while flying and consists of a long, uninterrupted series of syllables produced every 0.9&ndash;2.0 s; mean syllable duration is 0.26 s (SD=0.0342, n=25); the peak frequency of the call is 5.9&ndash;6.4 kHz, with a strong harmonic at 11.7&ndash;12.3 kHz (Figs. 54D&ndash;F). The call is very loud and audible from a distance of at least 100 m. </p>","https://bio.acousti.ca/node/57525"
"57527","behaviour","<p>The call of E. cereris consists of 3 closely spaced syllables, followed by 4 short impulses, most likely produced by only one or few proximal teeth of the file hitting the scraper. Mean syllable duration is 0.0344 s (SD=0.00355, n=48); the peak frequency of the call is 10.0&ndash;16.4 kHz (Figs. 56G&ndash;I). The call is audible from a distance of a few meters. </p>","https://bio.acousti.ca/node/57527"
"57529","behaviour","<p>The call of E. lesnei consists of short, 3-syllable echemes, the first two syllables being noticeably shorter than the 3rd one, produced every 2&ndash;6 s. Mean duration of the 3rd syllable is 0.01055 s (SD=0.00312, n=9); the call does not have a distinct frequency peak but most energy is within 11.7&ndash;22.8 kHz (Figs. 56A&ndash;C). The call is very faint but audible from a distance of a few meters. </p>","https://bio.acousti.ca/node/57529"
"57531","behaviour","<p>The call of E. stalmansi consists of short (0.49&ndash;0.65 s), 26&ndash;34 syllable echemes followed by a pair of short impulses; mean syllable duration is 0.0095 s (SD=0.00093, n=56); the peak frequency of the call is 14.6&ndash;17.5 kHz (Figs. 56J&ndash;L). The call is readily audible from a few meters away. </p>","https://bio.acousti.ca/node/57531"
"57531.2","general","<p>stridulatory file weakly sinuous, flat, 2.2 mm long, 0.14 mm wide, with 119 teeth (Fig. 42C) </p>","https://bio.acousti.ca/node/57531"
"57533","behaviour","<p>The call of E. parkeri is divided into two distinct acoustic elements. The first part of the call is a single, prolonged syllable that is produced by dragging the nearly entire length of the stridulatory file across the scraper; the mean duration of the long syllable is 0.106 s (SD=0.0094, n=21) and the syllable contains 70&ndash;79 indi- vidual tooth strikes. The second part of the call consists of a much shorter syllable lasting on average only 0.026 s (SD=0.00236, n=88) and containing 32&ndash;44 individual tooth strikes, followed immediately by a single impulse, most likely produced by dragging only 1&ndash;3 teeth over the scraper. The peak frequency of the call is 8.7&ndash;14.0 kHz (Figs. 56D&ndash;F) and the call is easily heard from a distance of a few meters. </p>","https://bio.acousti.ca/node/57533"
"57533.2","general","<p>Right stridulatory area with large, fully developed mirror; mirror narrowly triangular (Fig. 43B); left stridulatory area coriaceous, without mirror (Fig. 43A); stridulatory file weakly sinuous, flat, 2.85 mm long, 0.15 mm wide, with 122 teeth (Fig. 43C) </p>","https://bio.acousti.ca/node/57533"
"57535","behaviour","<p>The call of P. graminea consists a series of echemes made up of two closely spaced syllables pro- duced every 3&ndash;5 s; mean syllable duration is 0.048 s (SD=0.0040, n=20); the peak frequency of the call is 9.9&ndash;11.7 kHz (Figs. 53G&ndash;I). The call is audible from a distance of a few meters. </p>","https://bio.acousti.ca/node/57535"
"57537","behaviour","<p>The call of P. satiscaerulea is very similar to that of P. graminea and consists of 2&ndash;3 syllabic echemes produced every 6&ndash;9s; mean syllable duration is 0.043 s (SD=0.0113, n=19); the peak frequency of the call is 9.3&ndash;12.3 kHz (Figs. 53J&ndash;L). The call is audible from a distance of a few meters. </p>","https://bio.acousti.ca/node/57537"
"57539","behaviour","<p>The call of C. amplectens is a series of widely spaced syllables, produced at the rate of 2 syl- lables/s; mean syllable duration is 0.0241 s (SD=0.012565, n=10); the peak frequency of the call is 22.3&ndash;25.2 kHz (Figs. 52D&ndash;F). </p>","https://bio.acousti.ca/node/57539"
"57541","behaviour","<p>The calling, courtship and aggression songs of <em>T. oceanicus</em> have distinctive temporal patterns but their spectral compositions are very similar: the carrier frequency occurs around 4.5 kHz and harmonics occur which extend above background noise level up to at least 40 kHz (Fig. 1).</p>
<p>Male <em>T. oceanicus</em> produce courtship, aggression and calling (proclamation) songs(Fig. 1). The temporal characteristicsare similar to those described by Bentley (1977).<br />
	The spectra of a number of syllablesfrom different parts of all three songs were analysed up to 40 kHz (Fig. 1D). The spectral contents and the relative intensities of the contained frequenciesare similar in all three songs. The carrier frequency (CF) of each song is 4.5 kHz - 5 kHz and harmonics extend up to at least 40 kHz. </p>
<p>&nbsp;</p>","https://bio.acousti.ca/node/57541"
"57544","behaviour","<p>The following description is based on the male holotype (MZB. Amph 31765). Calls contained two major types, one containing repeated short notes (type I) and another is containing repeated long notes (type II). Call type I contains 4&minus;22 short notes with call duration of 1.1&minus;6.5 s (mean&plusmn;SD = 3.8&plusmn;6.49, n = 3), note duration 116.2&minus;211.5 ms (mean&plusmn;SD = 137.9&plusmn;16.18, n = 50), internote duration 141.8&minus;233.8 ms (mean&plusmn;SD = 185.8&plusmn;23.53, n = 50), note period 296.4&minus;393.1 ms (mean&plusmn;SD = 324.0&plusmn;27.16, n = 50), and dominant frequency 1.8&minus;2.3 kHz (mean&plusmn;SD = 2.1&plusmn;0.15, n = 50). Call type II contains 3&minus;6 notes with call dura- tion 1.8&minus;5.8 s, note duration 268.7&minus;885.6 ms (mean&plusmn;SD = 536.9&plusmn;195.08, n = 6), internote duration 323.7&minus;535.1 ms (mean&plusmn;SD = 434.7&plusmn;75.93, n = 6), note period 679.5&minus;1363.2 ms (mean&plusmn;SD = 1009.9&plusmn;26.86, n = 6) and dominant frequency 1.9&minus;2.2 kHz (mean&plusmn;SD = 2.04&plusmn;0.1, n = 6). Most of calls contained only type I (Fig. 9A), but one call contained both types and began with a call type II followed by the type I (Fig. 9B). </p>","https://bio.acousti.ca/node/57544"
"57547","behaviour","<p>The call of the male holotype was recorded in the field and before collection. Ambient temperature at the time of recording was 17.2 oC. The call is composed of 179 highly modulated notes given 0.245 seconds apart, on average (range, 0.140&ndash;0.907 seconds, SD &plusmn; 0.148 seconds). On average, each note is 0.049 sec- onds (range, 0.24&ndash;0.93, SD &plusmn; 0.18 seconds) in length and is composed of one distinct pulse. The average fundamen- tal and dominant frequencies of the vocalization are 2474.361 (range, 2368.652&ndash;2627.051 Hz, SD &plusmn; 85.86 Hz) Hz and 4948.722 Hz (range, 4737.305&ndash;5254.102 Hz, SD &plusmn;171.7309 Hz) respectively (Fig. 7). </p>","https://bio.acousti.ca/node/57547"
"57549","behaviour","<p>Acoustic data is limited for Sigalegalephrynus species, the call of the holotype of S. gayoluesensis sp. nov., dif- fers from that of S. mandailinguensis in duration (46.448 s vs 17.27 s), total number of notes (179 vs 62), notes per second (4 vs 6&ndash;7), average note length (0.49 s vs 0.029 s), average pause length between notes (0.245 s vs 0.012 s), and dominant frequency (4948.722 Hz vs 3400 Hz) (Fig 5). </p>","https://bio.acousti.ca/node/57549"
"57554","behaviour","<p>... pug-nosed tree frogs (Smilisca sila), in which males pro- duce mating calls in near-perfect synchrony, and t&uacute;ngara frogs (Engystomops pustulosus), in which males alternate their calls. </p>","https://bio.acousti.ca/node/57554"
"57556","behaviour","<p>All t&uacute;ngara frog mating calls have a fundamental frequency that sweeps from about 900 to 400 Hz in about 300 milliseconds (Figure 5.2). The frequency sweep, or &ldquo;whine,&rdquo; has several harmonics, but about half of the call&rsquo;s energy is in the fundamental frequency. The dominant frequency is about 700 Hz. A mating call can consist of the whine only, or there can be an additional component consisting of shorter bursts of sounds, &ldquo;chucks,&rdquo; added to the end of the whine. Calls with chucks are referred to as complex calls. A chuck has a funda- mental frequency of about 220 Hz with substantial energy in each of the 15 harmonics of the fundamental. The dominant frequency of a typical chuck is about 2,500 Hz with a duration of approximately 35 milliseconds. A t&uacute;ngara frog mating call can contain from zero to seven chucks.</p>
<p>The complex call of the t&uacute;ngara frog is an unusual acoustical feat, and males accomplish this with an unusual larynx (Figure 5.3). Frogs produce calls by passing air from the lungs through the larynx, where it vibrates a pair of vocal folds and produces the pressure fluctuations that are perceived as sound. Many species of frogs have local thickenings or small fibrous masses on the vocal folds, which lower the frequency of vocal fold vibration and of the resulting&nbsp;ound. T&uacute;ngara frogs have a pair of pendulous fibrous masses that hang from the vocal folds and protrude into the passageway that connect the lungs to the larynx.</p>
<p>Male call production is socially regulated. Males calling in isolation usually produce only simple calls, while males in choruses are more likely to produce complex calls. Although males can produce calls with up to seven chucks, they rarely do so. In recordings of 85 males calling in choruses in the wild (Figure 5.4), 53 percent of the calls were simple, consisting of only a whine, while 37 percent had one chuck, 10 percent had two chucks, and 0.1 percent had had three or more chucks (Bernal, Page, et al., 2007).</p>
<p>Males tend to increase and decrease call complexity one chuck at a time and add chucks in response to calls of other males (Bernal et al., 2009). In evoked- vocalization studies using static stimuli, in which the same call is broadcast to the male at a natural calling rate, males produced more chucks in response to complex calls than to simple calls but tended not to produce more chucks in response to stimuli with more versus fewer chucks (Bernal et al., 2009). In response to dynamic playbacks, in which a computer program counted the number of chucks in the male&rsquo;s call and then responded with a specified call- ing strategy, males produced more chucks when the playback always produced one more chuck than the male (&ldquo;escalate strategy&rdquo;) than in response to a play- back that always produced one less chuck than the focal male (&ldquo;deescalate strategy&rdquo;; Goutee et al., 2010). Thus the male&rsquo;s call complexity is influenced by calling strategies of other males. In experiments using both static and dynamic playbacks the number of chucks produced is low, less than two, and as in the field is far lower than the maximum number of chucks that males are able to produce.</p>
<p>Females also influence a male&rsquo;s call complexity (Akre &amp; Ryan, 2011). In nature males tend to remain fairly stationary while calling, and females are able to approach a male unencumbered by any interference. Females choose a male by slowly moving into the male, at which time he clasps her from the top in amplexus. They remain in this state for several hours before constructing a foam nest.</p>
<p>Anecdotal observations suggested that males can detect the approach of a female, perhaps by detecting the vibrations of the female as she swims through the water, and increase the number of chucks in response. Detailed behavioral observations have shown that females possess a repertoire of behaviors in the presence of males that do not function in mate choice directly, that is,&nbsp;approaching and initiating amplexus with a male, but seem to function in dis- play manipulation. In these cases females might rapidly swim past a male, bump a male and rapidly swim away, leap over a male, or splash in his vicinity. All of these behaviors and more (seven specific behaviors were identified) result in males increasing the number of chucks he produces (Akre &amp; Ryan, 2011).</p>
<p>Sexual selection by female choice has driven the evolution of complex calls in t&uacute;ngara frogs. Even though males seem to be reluctant to produce complex calls, needing to be persuaded by male vocal competition or female manipula- tion, experiments show that females are five times more likely to choose a syn- thetic whine-chuck over a simple whine. Addressing the question more subtly, we have also shown that in 14 of 20 cases a male increases his attractiveness when he adds a chuck to his call (Baugh &amp; Ryan, 2010b). The differences among males in the potency of their chucks is due to the amplitude of the chuck. Males can vary chuck amplitude independent of whine amplitude, and they must produce a chuck that is at least the same peak amplitude of the whine for females to prefer this complex call to the simple call.</p>
<p>Not only do chucks make a call more attractive, they can also make it more memorable (Akre &amp; Ryan, 2010a). Most frogs and insects call in unison-bout choruses; that is, individuals initiate and cease calling more or less at the same time. In t&uacute;ngara frogs, choruses average about 50 seconds in duration and are separated by about 25 seconds of silence. Is the female able to remember a call over that silent interval, and if so, does call complexity influence for how long the call is remembered&mdash;what we refer to as the call&rsquo;s active time? The experi- ments to address this question were simple. A female was tested in an acoustic chamber placed equidistant between two speakers. She was restrained inside a mesh funnel so she could hear the calls but could not move toward them. First the female was exposed to a simple call broadcast from one speaker and a com- plex call from the other speaker. These broadcasts then ceased, and there was a period of silence. The broadcasts were then resumed, but a simple call now emanated from each speaker. The null hypothesis of no memory is that the female should be equally likely to approach either speaker, regardless of which one had previously been broadcasting the complex one. If the female remem- bered which speaker had been broadcasting the complex call, she should approach that one.</p>
<p>When the complex call had one chuck, there was no memory. If the com- plex call had three chucks, then the female was attracted to the speaker that had previously broadcast the three-chuck call. The female remembered the call for up to 45 seconds; after 60 seconds there was a trend in preference for the complex call suggesting perhaps some weak memory, and there was no hint of a memory trace at 120 seconds. Thus adding additional chucks, or at least three chucks, to a call is favored by sexual selection because males are more likely to be remembered by females. These studies remind us that there are subtle ways a male can make himself more likely to be chosen as a mate.</p>
<p>Female preference for more chucks versus fewer chucks is context depen- dent. Any sound decreases in amplitude with greater distance from its source. The active space of a signal is the area over which the signal is perceived by the receiver. We normally consider the active space of a signal, but we can also consider the active space of different signal components. Because signal ampli- tude varies with distance, we varied the signal amplitude to vary the perceived distance of the female from the calling male.</p>
<p>The females&rsquo; preferences for chucks varied with distance (Akre &amp; Ryan, 2010b). When the amplitude of the call at the site of the female was adjusted to mimic a call produced by a male 12 m away, females exhibited phonotaxis to the call, but they did not discriminate between a simple call and a complex call with either one or three chucks (Figure 5.5). At 3 m females preferred both complex calls (with one or three chucks) to simple calls, but they did not prefer calls with three chucks to calls with one chuck, nor did they exhibit memory for the complex calls. At 1 m females still preferred calls with one or three chucks to simple calls; they also preferred complex calls with three chucks to complex calls with one chuck; and they also exhibited memory for calls with three chucks. Thus we can think of the call having a stratified active space in which the potency of different components of the call varies with distance. </p>","https://bio.acousti.ca/node/57556"
"57572","behaviour","<p><strong>(a) Call rates</strong><br />
	The call rate of low-amplitude calls for lactating females with calves (7.13 &plusmn; 2.0 calls h&minus;1) was significantly higher than&nbsp;the call rate of high-amplitude&nbsp;GLMM odds ratio = 0.12 &plusmn; 0.06,&nbsp;The GLMM revealed no statistically significant differences compared to other age/sex classes; however, non-lactating ani- mals showed a trend of higher call rates for high-amplitude calls (3.21 &plusmn; 2.29 calls h&minus;1) and lower rates of low-amplitude calls (0.80 &plusmn; 1.15 calls h&minus;1) compared to lactating females with calves. This result is likely owing to the unbalanced data (more lactating females sampled), small sample size and skewed data owing to a small number of outliers (table 1).</p>
<p><strong>(b) Call type usage</strong><br />
	The results of the GLMM reveal that low-amplitude calls comprise a significantly larger proportion of the call reper- toire for lactating females than for non-lactating whales (table 2 and figure 2). </p>","https://bio.acousti.ca/node/57572"
"57574","behaviour","<p>Male Pithecopus rusticus vocalized from October&ndash; January, 19:00&ndash;00:00 at temperatures from 16.1&ndash;19.4&deg;C. Males emitted three types of calls: one advertisement call and two territorial calls, referred to as territorial call I and territorial call II. The advertisement call (Fig. 2, Table 1) consisted of a short note with a duration of 0.023 &plusmn; 0.002 ms (0.019&ndash;0.033 ms, n = 244), two pulses, and a dominant frequency of 2,311.028 &plusmn; 159.155 Hz (1,924.500&ndash;2,830.200 Hz, n = 244).</p>
<p>Territorial call I (Fig. 3, Table 1) was emitted dur- ing male interactions. Its duration was 0.095 &plusmn; 0.043 ms<br />
	(0.033&ndash;0.166 ms, n = 27) and dominant frequency was 2,264.904 &plusmn; 92.101 Hz (2,037.700&ndash;2,388.600 Hz, n = 27). This call consisted of two notes. The first note was 0.022 &plusmn; 0.005 ms (0.016&ndash;0.039 ms, n = 27) long and was composed of two pulses. The second note was 0.008 &plusmn; 0.002 ms (0.004&ndash;0.013 ms, n = 27) long and was composed of a single pulse. On four occasions, we ob- served the males interspersing advertisement calls with territorial call I.</p>
<p>Territorial call II (Fig. 4, Table 1) was emitted after territorial call I during interactions between male posi- tioned ca. 20 cm apart. Its duration was 0.911 &plusmn; 0.340 ms (0.504&ndash;1.346 ms, n = 9) and dominant frequency was 2,122.867 &plusmn; 139.496 Hz (1,924.500&ndash;2,274.900 Hz, n = 9). Territorial call II consisted of a single, multipulsed note.</p>
<p>The 12 recorded males measured 35.33&ndash;38.44 mm and weighed 3.0&ndash;4.6 g. Air temperature affected the duration of the advertisement call, with males decreas- ing advertisement call duration at higher temperatures (R2 = 0.53, p = 0.01; Fig. 5). There was no influence of SVL (R2 = 0.11, p = 0.28) or weight (R2 = 0.00, p = 0.86) on the dominant frequency of the advertisement calls. </p>","https://bio.acousti.ca/node/57574"
"57577","behaviour","<p><strong>Ontogenetic Development of Isolation Calls</strong><br />
	Newborn bats emitted many types of isolation calls, including DFM, AFM, UFM, short or long constant frequency (CFs and CFl), short broadband noise bursts (BNBs), and different noise burst com- binations: NB-DFM, NB-AFM, and NB-UFM. The oscillograms and spectrograms of isolation calls are shown in Fig. 1 and the duration, Fpeak, composi- tional structure, and occurrence frequency of isola- tion calls are shown in Table 2.</p>
<p>The three monosyllables (DFM, AFM, UFM) were found in the adult vocal repertoire. As pups matured, entropy and duration of DFM and AFM monosyllables did not change significantly (see Ta- ble 3 &mdash; LMMs, all P &gt; 0.05). The entropy of UFM monosyllable changed slightly but significantly, and duration decreased significantly (entropy, P &lt; 0.001, slope = 0.00030; duration, P &lt; 0.05, slope =-0.02886). Parameters associated with frequency (Fpeak, F1/4, Fcenter, F3/4, Fmin, Fmax, bandwidth) in- creased significantly for each of the three isolation call types (LMMs, P &lt; 0.001). Sex had no signifi- cant effect on any LMM (all P &gt; 0.05).</p>
<p>Euclidean distances between DFM, AFM, and UFM of pups and adults decreased during develop- ment (Fig. 2). Thus, monosyllables of isolation calls gradually changed during ontogeny, becoming more similar to the corresponding adult vocal repertoire. We found that DFM, AFM, and UFM of isolation calls remained part of the adult vocal repertoire.</p>
<p><strong>Individual Signature in Isolation Calls</strong><br />
	The DFA demonstrated that the UFM syllables encoded an individual signature which was statisti- cally significant (Fig. 3). The DFA classified 71.2% of calls to the correct individual (Table 4), which was significantly higher than expected by chance (10%; binomial test: P &lt; 0.001).<br />
	Echolocation Call Features and Development with Age</p>
<p>The first early echolocation calls were recorded four days post-partum. The Fpeak was located in the third harmonic (the third harmonic frequencies&nbsp;85.13 &plusmn; 0.67 kHz and second harmonic frequencies 57.07 &plusmn; 0.71 kHz, respectively), but transferred to the second harmonic (61.13 &plusmn; 1.26 kHz) within the first week of birth. The ontogenetic development of echolocation calls is depicted in Figure 4a (&lsquo;A&rsquo; rep- resents an adult echolocation call), with interval and duration of calls decreasing (Fig. 4b and 4c), and Fpeak and BFM increasing (Fig. 4d and 4e) with age. Significant differences existed in the echolocation calls of 40-day-old pups and adults (PMANOVA, d.f. = 1, F =15.729, P &lt; 0.01). No significant differ- ences were apparent in temporal (interval and dura- tion) call parameters between 40-day-old pups and adults (independent sample t-test, for interval, t = 1.692, P = 0.093 &gt; 0.0125; for duration, t = 1.899, P = 0.060 &gt; 0.0125, number of calls = 140), but significant differences were found in spec- tral (Fpeak and BFM) call parameters between 40-day- old pups and adults (Mann-Whitney U-test, all P = 0.000 &lt; 0.0125, number of calls = 140). </p>","https://bio.acousti.ca/node/57577"
"57581","behaviour","<p><strong>Frog-biting midge communities between seasons</strong><br />
	Sound traps broadcasting t&uacute;ngara frog calls were success- ful at attracting frog-biting midges both during the rainy and dry season (Table 1). During the rainy season, a total of 9052 corethrellids from eight species were captured using sound traps playing t&uacute;ngara frog calls. Significantly fewer midges were cap- tured using t&uacute;ngara frog calls in the dry season, a total of 3936 comprising six species (t-test, t = 3.37, P = 0.001; Table 2a). Both seasons were dominated by a single species, Corethrella ranapungens Borkent, which represented over 85% of the spec- imens identified in our samples. While the subdominant species differed between seasons [Corethrella edwardsi Lane (Lane, 1942) and Corethrella carariensis Borkent for the rainy and dry seasons, respectively], the difference between the subdominant species and the other less common species was slight in compar- ison. Only one species, C. carariensis, was more abundant in the dry season (48 collected) than in the rainy season (20 collected).</p>
<p>Both Shannon diversity and Pielou&rsquo;s evenness for frog-biting midges were slightly higher in the rainy season than in the dry season (Table 2b). The slopes of the ranked abundance curves, fitted using Zipf models (Table 2c), for the rainy and dry sea- sons were similar (Fig. 2a,b), suggesting that the relative abun- dances of the midge community are similar between seasons. Although there were two species absent from the dry season that were identified in the rainy season, Corethrella appendiculata Grabham (Grabham, 1906) and Corethrella belkini Borkent, these species were rare. Use of Beal&rsquo;s smoothing to take into consideration the midges attracted to t&uacute;ngara frog calls in both seasons revealed a high probability that both C. appendiculata (66.08%) and C. belkini (76.78%) occur in the dry season and are attracted to t&uacute;ngara frog calls.</p>
<p><strong>Frog-biting midge communities feeding on different anuran species</strong><br />
	During the dry season, significantly fewer midges were attracted to pug-nosed tree frog calls (1253 individuals from seven species) than to t&uacute;ngara frog calls (3936 individuals from six species) (t-test, t = 5.19, P &lt; 0.00001; Table 2a). Like t&uacute;n- gara frog calls, C. ranapungens was the dominant species, rep- resenting 77.43% of the specimens we identified attracted to the calls of the pug-nosed tree frog. The difference between the less common species was more pronounced, with the subdominant species in the sample, Corethrella aurita Borkent, represent- ing 16.30% of the total sample. Corethrella aurita was also the only species attracted in greater numbers to pug-nosed tree frog calls than to t&uacute;ngara frog calls during the dry season, represent- ing only 3.20% of the individuals sampled attracted to t&uacute;ngara frog call.</p>
<p>As a result of the slightly lower dominance of C. ranapungens, Shannon diversity and Pielou&rsquo;s evenness were higher for midges attracted to pug-nosed tree frog calls than for those attracted to t&uacute;ngara frog calls (Table 2b). Furthermore, three midge species in the dry season attracted to pug-nosed tree frog calls were represented by only one individual. The slope of the ranked abundance curve, fitted using a Zipf&ndash;Mandelbrot model (Table 2c), was steeper than for the dry season t&uacute;ngara frog sample; however, this steepness is probably the result of the three species with only one individual (Fig. 2c). The steep initial slope between the first three most abundant species suggests a more uniform distribution in comparison to the midges attracted to t&uacute;ngara frog calls. As with t&uacute;ngara frog calls in the dry season, C. appendiculata was not detected in the midges attracted to pug-nosed tree frogs. Similarly, using Beal&rsquo;s smoothing to take the rainy season datasets into consideration indicates that there is a high probability that C. appendiculata (67.35%) occurs in the dry season and is also attracted to pug-nosed tree frog calls. </p>","https://bio.acousti.ca/node/57581"
"57583","behaviour","<p>Song thrushes belong to a group of bird species possessing complex songs and a large repertoire [54], with a characteristic, species-specific repetition of certain syllables during song production. Such syllables can be roughly categorized into two distinct types: low-frequency loud whistles and wide-band soft twitters (Fig. 1). Based on knowledge from other species it can be expected that acoustically different syllable types are used to address various receivers and/or receivers within distinct ranges [23, 55]. Both types of syllables resemble those in the repertoire of the closely related common blackbird Turdus merula, whose song has been studied more intensively [i.e., 55, 56, 57]. Therefore, it is possible that the functions of whistle and twitter syllables are similar for both species, but this needs further testing. Loud and simple whistle syllables are adapted to long-range communication and can be heard far beyond male territory borders. On the other hand, twitter syllables are greatly limited by vegetation [4, 58] and seem to be better suited for short-range communication. Whistles and twitters are both repeated in sequences, increasing the redundancy of the song and therefore making it more detectable [5].</p>
<p><strong>Syllable frequency</strong><br />
	The song of urban males was characterized by a higher frequency of whistle syllables when compared to nonurban males (Table 1, Fig. 3). The best fitting GLM (&Delta;AICC&thinsp;&lt;&thinsp;2) included three possible model combinations for both variables (Table 2), where each model showed a significant effect of habitat type on the minimum and peak frequency of whistle syllables (Additional file 2: Table S4). Relationship between ambient noise level and whistle syllable frequency is shown in Additional file 1: Figure S2, Figure S3 and Additional file 2: Table S5. We found no significant differences in the twitter syllable minimum and peak frequency between the studied populations (Table 1).</p>
<p><strong>Repertoire size and use of whistle and twitter syllables</strong><br />
	Urban song thrushes had significantly larger overall syllable repertoires, as well as larger whistle and twitter repertoires, than their conspecifics from forest habitats (Fig. 4, Table 1). A positive correlation was found between syllable (r&thinsp;=&thinsp;0.465, p&thinsp;&lt;&thinsp;0.001, n&thinsp;=&thinsp;58; Additional file 1: Figure S4), whistle (r&thinsp;=&thinsp;0.400, p&thinsp;=&thinsp;0.002, n&thinsp;=&thinsp;58; Additional file 1: Figure S5) and twitter (r&thinsp;=&thinsp;0.393, p&thinsp;=&thinsp;0.002, n&thinsp;=&thinsp;58; Additional file 1: Figure S6) repertoires and the ambient noise level. Relationship between repertoire characteristics and ambient noise level is shown in Additional file 2: Table S5. Males produced significantly more twitters in urban populations (Fig. 5, Table 1). The best fitting GLM (&Delta;AICC&thinsp;&lt;&thinsp;2) for syllable repertoire and whistle repertoire included five possible model combinations for both syllable and whistle repertoire (Table 2), showing a significant effect of ambient noise level on both variables (Additional file 2: Table S4). A significant effect of ambient noise level, as well as the day in the season, was shown by the two best fitting GLMs. Here, the twitter repertoire decreased as the season advanced (Table 2, Additional file 2: Table S4). There were five best fitting GLMs that were shown for twitter fraction, with a significant effect of ambient noise level, day in season and habitat type for this variable (Table 2, Additional file 2: Table S4; Additional file 1: Figure S7). Estimates of ambient noise level revealed that syllable, whistle and twitter repertoires, as well as twitter fraction, were significantly higher in urban males (Additional file 2: Table S4).</p>
<p><strong>Temporal song organization</strong><br />
	Males were shown to slowly decrease syllable production rate with seasonal progression (r&thinsp;=&thinsp;&minus;&thinsp;0.268, p&thinsp;=&thinsp;0.042, n&thinsp;=&thinsp;58). The redundancy and linearity indices describe different aspects of a songs temporal organization and were not significantly correlated (r&thinsp;=&thinsp;0.200, p&thinsp;=&thinsp;0.130, n&thinsp;=&thinsp;58). The redundancy index did not differ significantly between urban and nonurban forest habitats (Table 1). However, the linearity index varied significantly between studied populations and was higher for urban males (Fig. 6, Table 1). The best fitting GLM (&Delta;AICC&thinsp;&lt;&thinsp;2) included four possible model combinations, each showing a significant effect of ambient noise level on the linearity index (Additional file 1: Figure S8; Additional file 2: Table S4). As predicted, song thrushes repeated syllable types more often before switching to another type while singing in noisy urban habitats (Additional file 2: Table S4). The linearity index was also highly correlated with repertoire size (r&thinsp;=&thinsp;0.969, p&thinsp;&lt;&thinsp;0.001, n&thinsp;=&thinsp;58) and twitter/whistle ratio (r&thinsp;=&thinsp;&minus;&thinsp;0.553, p&thinsp;&lt;&thinsp;0.001, n&thinsp;=&thinsp;58). Therefore, in urban habitats, song thrushes repeated syllable sequences more often whilst increasing the proportion of twitter elements in their songs. </p>","https://bio.acousti.ca/node/57583"
"57593","behaviour","<p>One reasonably well-understood example of a percussive mechanism involving two-body parts is found in members of the Austrlian moth genus, Hecatesi (Bailey, 1978). In these moths an area of the costae of the fore wings is modified to form small hard knobs whichhave been called castanets. These are repeatedly struck together at the top of the wing stroke to produce sounds which have given these insects the popualr name of &#39;whsitling moths&#39;. Two of the three known species have been looked at, and of these, one,&nbsp;<em>H. exultans</em>, produces the sounds while at rest, while the other.&nbsp;<em>H. thyridio</em>, does so only during a &#39;nuptial&#39; flight. The sounds are produced by the males only and are presumed to have the function of attracting potential mates. Both species produce trains of pulses at about 200s<sup>-1</sup> in&nbsp;<em>H. exultans</em>&nbsp;and 80s<sup>-1</sup> in&nbsp;<em>H. thyridion</em>. Each pulse in the former species consists of an oscillation which is lightly damped, suggesting that the sound-radiating surfaces are uncoupled from the main mass of the moth. Thin crescentic areas of clear corrugated cuticle posterior to the castanets probably have this function, the wings distal to the castanets being set into resonance (Figure 2.1).</p>
<p>A &nbsp;power spectrum of the pulses shows the maximum energy to be fairly sharply peaked at between 25 and 30kHz in&nbsp;<em>H. exultans</em>. The shape of the pulses with a gradual increase in amlitude over several cycles indicates that we are dealing witha reosnant structure which is being loaded. This could be the space between the wings, whcih apprximates a sphere of radius 5-6mm, that is, half the wavelength of teh carrier frequency of pulses.</p>
<p>In&nbsp;<em>H. thyridion</em> the individual pulses are shorter than in&nbsp;<em>H. exultans</em>. This is due to the wings being opened after each collision which has the effect of dissipating the energy. The view that the wings radiate the sound energy is reinforced by the observation that the fundamental frequency of the pulses in&nbsp;<em>H. thyridion</em> is lower at between 17 and 20 kHz and the wings are correspondingly larger. </p>","https://bio.acousti.ca/node/57593"
"57598","behaviour","<p>The screaming piha sings the loudest songs of any passerine bird previously documented [5]. However, we find that white bellbirds are &gt;9 dB louder, and thus achieve roughly triple the sound pressure levels of pihas. Mechanical constraints on amplitude, and thus limits on the reach of sexual selection, are revealed by trade-offs between maximal sound pressure and song duration. We find that song amplitude in bellbirds is context-dependent: when a female was on the display perch, a male bellbird sang only his louder song type, swiveling his body mid-song to face the female head on. We know of no other species in which such high-amplitude vocal signals are directed to receivers in such close proximity. We propose that bellbird females balance an interest&nbsp;in sampling males at close range with a need to protect themselves from hearing damage. </p>","https://bio.acousti.ca/node/57598"
"57624","behaviour","<p>Males produce prolonged loud echeme-sequence (Fig. 2) from 11 to 25 s. in length. It is completely consistent with data of other authors who registered signals of 10 s. up to 30 s. (Vedenina &amp; Bukhvalova, 2001; Tishechkin &amp; Bukhvalova, 2009). A male usually produces the discrete loud echeme-sequence right after landing. Sitting for a long time, prior to the loud echeme- sequence, a male can protractedly stridulate dis- crete echemes of syllables with unstable intervals (up to 1.5&ndash;2.0 min.), emitting the so-called &laquo;introduction&raquo; (Ragge &amp; Reynolds, 1998). According to these characteristics, no differences among all the males studied were revealed.</p>
<p>The echeme repetition period in loud echeme- sequence is the most important for acoustic identifi- cation of a sexual partner in grasshoppers as well as the number of syllables per echeme (Table 1). Loud echeme-sequence of the calling signal of Staurode- rus scalaris consists of numerous echemes. Each of them consists of two parts, formed by long and short syllables. However, at large sweep speed, it is clear that there is one more transition phase between these parts where syllables follow with shorter (in contrast to the second part) intervals and occasionally they are poorly distinguishable (Fig. 2, shown by arrows). Also, this phase can not be referred to longer sylla- bles, because at the same sweep speed their internal structure is completely indistinguishable, unlike the transition phase. This phase is the result of a change of the algorithm of leg movement during stridulation (Elsner &amp; Popov, 1978) from low to high amplitudes. It should be noted that during the calculation of num- ber of long and short syllables, the transition phase can not always be accounted.</p>
<p>The obtained results (Table 1) show that main characteristics of acoustic signals of the males from Samarskaya Luka and the Republic of Tuva fit into their variation range from different locations. Note- worthy, that repetition period of echemes and number of syllables in them vary, decreasing from the beginning to the end of a loud echeme-sequence (Table 2). Hence, a male begins to stridulate faster with shorter echemes. This feature is observed for calling signals of S. scalaris from all the locations studied.</p>
<p>Although populations of S. scalaris have a discrete distribution within its area (Sergeev, 2014), calling signals of males are more or less similar and overlap by the characteristics studied according to literature. Thus, we can talk about quite high acoustic conservatism of the species throughout the whole area. However, in our opin- ion, it is worth to pay attention to the differences between intermediate phases in echemes. The problem is that most publications are based on studies of calling signals of 1&ndash;2 males from each location. It does not allow us to draw any conclusions in regard to this characteristic at the present stage. It is also possible that this is just some individual variability.</p>
<p>Since acoustic calling signals in grasshopper communities differ by amplitude-time character- istics (Bukhvalova &amp; Zhantiev, 1993), little atten- tion is paid to studies of the frequency spectrum. It is known that the frequency spectrum is broad- band and occupies most part of the audio range, including ultrasound area. In all studied males of S. scalaris the main frequency maximum lied in the range 6&ndash;14 kHz. </p>","https://bio.acousti.ca/node/57624"
"58013","behaviour","<p>&quot;Cardiodactylus floresiensis has a mono-syllabic calling song. At 21&deg;C, the calling songs show a very indented amplitude profile. Syllables have the following characteristics: syllable duration = 84.0 &plusmn; 3.6 ms; syllable period = 2.5 &plusmn; 0.1 s; syllable duty cycle = 3.4 %. The power spectrum shows a clear harmonic pattern; the dominant frequency is 15.43 &plusmn; 0.12 kHz and corresponds to the third frequency peak.&quot; </p>","https://bio.acousti.ca/node/58013"
"58015","behaviour","<p>Cardiodactylus kondoi has a mono-syllabic calling song. At 21&deg;C, the syllables show a very indented amplitude profile with the following characteristics: syllable duration = 90.0 &plusmn; 14 ms; syllable period = 2.2 &plusmn; 0.6 s; syllable duty cycle = 4.1 %. The power spectrum shows a clear harmonic pattern; the dominant frequency is 12.81 &plusmn; 0.16 kHz and corresponds to the third frequency peak. </p>","https://bio.acousti.ca/node/58015"
"58017","behaviour","<p>Cardiodactylus kotandora has a mono-syllabic calling song. At 21&deg;C, the calling songs are emitted in irregular groups of 1&ndash;9 (m = 4.2 &plusmn; 2.0, n = 3). Each syllable shows a very indented amplitude profile and has the following characteristics: syllable duration = 129.4 &plusmn; 14 ms; syllable period = 1.48 &plusmn; 0.33 s; syllable duty cycle = 8.7 %. The power spectrum shows a clear harmonic pattern of the end of the syllable, but the spectrum has a rather wide band; the dominant frequency is 13.6 &plusmn; 0.9 kHz and corresponds to the third&nbsp;frequency peak. </p>","https://bio.acousti.ca/node/58017"
"58019","behaviour","<p>Cardiodactylus lombrinjani has a mono-syllabic calling song. At 23&deg;C, the calling songs show a very indented amplitude profile. Syllables have the following characteristics: syllable duration = 193 &plusmn; 12 ms; syllable period = 18.2 &plusmn; 11 s; syllable duty cycle = 1.6 %. The power spectrum consists of a rather broad band dominating at 13.94 &plusmn; 0.37 kHz which corresponds to the third frequency peak of the song despite harmonic pattern is unclear. </p>","https://bio.acousti.ca/node/58019"
"58021","behaviour","<p>High speed video observations at 1250 frames per second show that each calling song corresponds to only one FW closure (i.e. one syllable), the gaps within the syllables are made by the jerking closing movement of the FWs. At 20&deg;C, these mono-syllabic calling songs are emitted in irregular groups of 7&ndash;12 (m = 10.6 &plusmn; 2.2, n = 5) that lasts for 77 &plusmn; 13 s with a period of 208 +/- 50 s. Each syllable shows an indented temporal profile due to the jerking FW closures, with the following characteristics: syllable duration = 48 &plusmn; 2 ms; syllable period (within the echemes / syllable groups) = 8.0 &plusmn; 2.3 s; syllable duty cycle = 0.65 %. The dominant frequency is 13.28 &plusmn; 0.22 kHz and corresponds to the third frequency peak of the song, with a clear harmonic series. </p>","https://bio.acousti.ca/node/58021"
"58023","behaviour","<p>High speed video observations at 1250 frames per second show that each calling song of C. sumba corresponds to only one FW closure (1 syllable), the gaps within the syllables being made by the jerking movement of the FW closure. At 20.5&deg;C, these mono-syllabic calling songs have the following characteristics: syllable duration = 319 &plusmn; 29 ms; syllable period = 3.2 &plusmn; 0.8 s; syllable duty cycle = 9.9 %. The power spectrum consists of a broad band dominating at 11.74 &plusmn; 0.20 kHz with no harmonic structure, suggesting that the system is not sustained as usually in crickets. </p>","https://bio.acousti.ca/node/58023"
"58025","behaviour","<p>Cardiodactylus is as well interesting for the peculiarity of its calling song: together with the other members of the tribe Lebinthini, they occupy an important part in the acoustic diversity of Eneopterinae. Based on the analysis of the frequency spectra, previous studies showed that Cardiodactylus species use high-frequency calling songs (Robillard &amp; Desutter-Grandcolas 2004b), with a dominant frequency corresponding to the third harmonic of their song spectrum (Robillard et al. 2007), which places Cardiodactylus at the center of hypotheses of convergent evolution and phenotypic diversification toward high frequencies. </p>","https://bio.acousti.ca/node/58025"
"58029","behaviour","<p>In all Poecilimon-species only the down stroke of the wings produces a sound, the opening of the wings is sound-less. The original sound pattern in the P. pro- pinquus-group is produced by a single closing movement of the wings, which gives a mono-syllabic verse. The three members of the P. propinquus-group P. veluchianus, P. zimmeri and P. thessalicus produce a calling song consisting of single syllables separated by intervals of about one to three seconds. This type of song represents the ancestral song pattern within the P. propinquus group (LEHMANN 1998). In P. gerlindae spec. nov. exists a tendency to repeat the mono-syllabic verses quite continuously over minutes (Figure 9 top), with in mean 2.5-5.5 syllables per second, a character shared with P. propinquus. The verses are short, around 25-70 ms long at 18-24 &deg;C (Figure 9 bottom) and the pauses between the verses are longer than the verses themselves. Each syllable contains 8-10 pulses, the first 1-3 separated from the rest. The pulse number is distinctly greater in P. propinquus with in mean 10-15 pulses per verse. Corre- spondingly, the syllables were longer in P. propinquus (40-140 ms at 18-24 &deg;C). After compensating for temperature effects, these differences were statistically significant (bioacoustic data from 15 males (n=962 syllables) of P. gerlindae and 16 (n=829) of P. propinquus). Like the other species of the P. propinquus-group, P. gerlindae spec. nov. sings only at night. However, due to the high syllable repetition rate P. gerlindae spec. nov. produces much more syllables per night (about 60000) than the mono-syllabic singing P. veluchianus and P. zimmeri (less than 10000; HELLER &amp; HELVERSEN 1993 as P. propinquus) or the poly- syllabic species P. mariannae (less than 20000; LEHMANN &amp; LEHMANN 2006).&nbsp;</p>","https://bio.acousti.ca/node/58029"
"58029.2","diagnostic","<p>Stridulatory file: The stridulatory file with the general appearance as in the P. propinquus-group. In the middle section comparatively massive teeth, which are moderately reduced in size towards both ends. The teeth number is the low- est in the P. propinquus-group, with 37 teeth (see HELLER 1988, LEHMANN 1998 for comparison of the other species). This low teeth number corresponds with the low pulse number in the songs (see below). The whole stridulatory file roughly 3 mm long, with 16 teeth per millimetre in the central area. </p>","https://bio.acousti.ca/node/58029"
"58036","behaviour","<p>The advertisement call for A. panguana (Table 1, Figs. 5 &amp; 6) is a short &lsquo;peep&rsquo; repeated 1.1&ndash;1.9 times per second for several minutes. Each note is short (mean 0.23 s), with the dominant frequency from 4.9&ndash;5.5 kHz. This single-note advertisement call is given most frequently in the afternoon and evening as males chorus in small groups. We also note a second call type in A. panguana of two to three notes in quick succession (within 10 ms of each other), repeated once every 3-90 seconds. The latter call appears to function as an aggressive or territorial call and is most frequently heard in the early morning and early evening (Schl&uuml;ter 1980). </p>","https://bio.acousti.ca/node/58036"
"58038","behaviour","<p>The advertisement call for A. imasmari (Figs. 5 &amp; 6) is a short &lsquo;peep&rsquo; repeated 2.1&ndash;2.6 times per second for several minutes. Each note is short (mean of 0.17 s), with the dominant frequency from 4.3&ndash;4.5 kHz. This single-note advertisement call is given most frequently in the afternoon and evening as males chorus in small groups. We also observed a second call type in A. imasmari consisting of three to four notes, occasionally two notes in quick succession (separated by a mean of 13 ms, of silence), repeated once every 2-30 seconds. The latter call appears to function as an aggressive or territorial call and is most frequently heard in the early morning and early evening (Schl&uuml;ter 1980). </p>","https://bio.acousti.ca/node/58038"
"58042","behaviour","<p>Males of Pixibinthus sonicus emit their calling song starting from 16:30 PM until next morning at 03:00 AM, as attested by 72 hours ambient recording with SM2 Bat; this activity would characterize P. sonicus as a nocturnal species.</p>
<p>Four males were recorded under laboratory controlled condition. Each call of Pixibinthus sonicus is a trill lasting 38.2 &plusmn; 7.4 s (Fig 7A) and made of 918 &plusmn; 130 syllables, with a period of 152.8 &plusmn; 72.2 s (as recorded at 25&deg;C). Syllables last 18.4 &plusmn; 2.5 ms, with a period of 41.7 &plusmn; 16 ms, and with a duty cycle of 44.7%. The sound amplitude gradually increases during the 300 to 400 first syllables (Fig 7B), and remains twice higher and constant until the end of the trill. The dominant frequency is 27.9 &plusmn; 2.8 kHz, and corresponds to the second harmonic of the spectrum (Fig 7C and 7E), the fundamental frequency f1 being almost silent. </p>","https://bio.acousti.ca/node/58042"
"58046","diagnostic","<p>Many tridactylids have a stridulatory apparatus in the male, comprised of a scraper on the underside of the tegmen and a file on the fourth abdominal tergite. E. monticolus possesses such a structure (Fig. 7), but almost nothing is known of the nature or function of the calls they may produce. Deyrup and Eisner (1996) speculated that song could be an important isolating mechanism in tridactylids, but no attempts have been made to record the calls of any species of pygmy mole cricket. </p>","https://bio.acousti.ca/node/58046"
"58056","behaviour","<p>Solitary males radiate a high-intensity calling song that attracts receptive females. When a male senses the presence of an approaching female, he stops singing, turns around, and touches her with his antennae (38). Tree crickets and most other gryllids, once in contact with a female, switch from calling song to a lower-intensity courtship song (63). The courting male again turns away and courts the female through an elaborate series of courtship song and body vibrations termed tremulation (10).</p>
<p><strong>SONG PREFERENCES</strong><br />
	Song is the principal mode of communication in crickets. Tree cricket song is produced by a file-against-scraper mechanism on the specialized tegmina. Sound is produced as the wings are closed and each tooth of the file engages the scraper. Singing males close their wings 15&ndash;100 times a second, resulting in a series of pulses either strung together in a continuous trill, discontinued, and resumed at irregular intervals into a broken trill or broken into a regular sequence into a chirp (126).<br />
	Work on the function of cricket song has generally focused only on its use as a specific mate-recognition tool and consequently has focused on female choice at the level of differences among species. Compared with the vast amount of work that has been done on phonotactic preferences for song characters that vary at the species level, little is known about the capacity of females to discriminate between males within a population. To understand the role that sexual selection by female choice plays in structuring cricket song, we need to know whether females also choose among conspecific males, what characters they use to do so, and why they might show these preferences.</p>
<p>Orthoptera measure four physical aspects of sound: intensity (amplitude or power output), frequency, amplitude modulation (temporal changes in inten- sity), and direction of the source (41). In the following section, the song charac- ters chosen by females are reviewed. Clear evidence that calling songs contain information about species membership and that females are preferentially at- tracted to conspecific calls suggests that stabilizing female choice for average song characters may be particularly prevalent. But there is strong evidence that other forms of female choice occur. Other forms of female choice generally predict directional preferences, at least within the species-typical range. Below, the results of phonotactic preferences for the suborder Ensifera are summarized and&mdash;with the goal of identifying characters that may be subject to different&nbsp;forms of female choice&mdash;they are separated into those traits subject to stabiliz- ing preferences and those subject to directional preferences.</p>
<p><strong>Stabilizing Preferences: Species Indicators</strong><br />
	Tree crickets, like other acoustic Orthoptera, have a strong capacity to distin- guish sounds of different pulse rates and chirp rates (30, 86, 126), and like other acoustic Orthoptera, they may also be able to hear fine differences in pulse or chirp duration and duty cycle (pulse duration/pulse period) (26, 29, 33, 118). These temporal properties, particularly pulse rate in trilling species and chirp rate in chirping species, are generally the main characteristics in species-speci- fic preferences. Moreover, as Walker (126) demonstrated for eastern North American tree crickets, pulse rate tends to be the character that varies most among sympatric species (also see 81). Does this produce stabilizing sexual selection on the song characters within the population? </p>","https://bio.acousti.ca/node/58056"
"58058","behaviour","<p>Brown et al (20) tested female choice based on the peak frequency of calling song in the black-horned tree cricket, O. nigricornis. They began by testing for correlations between frequency and phenotypic correlates of male quality and viability. They found that frequency was a reliable indicator of male size, as demonstrated by its high consistency within males and its correlation with overall body size. Toms (121) tested whether frequency variability in another tree cricket, Oecanthus neosimilis, was due to the rate at which file teeth strike the scraper during song production but found no correlation between frequency and either the total number or density of file teeth. Thus, the relationship between size and frequency is probably not due to differences in the length of the file.</p>
<p>Females preferred synthetic calls with a peak frequency corresponding to that of relatively large males over the higher frequency calls corresponding to smaller males, but only if they had the opportunity to choose between calls simultaneously. Females given individual calls were highly phonotactic, but their degree of phonotaxis did not vary with frequency. Walker (126) showed that female tree crickets remained phonotactic even when frequencies were un- natural, as long as pulse rates were correct. Female preference for intraspecific variation in calling song is therefore not produced by a fixed threshold deci- sion whereby females choose only males above some fixed standard (see 61). Rather, female choice appears to be based on the relative quality of calls that can be sampled simultaneously. Females that mate with large males have higher egg production (see below) (14, 15, 20). Thus song, because of its relationship with size, is a reliable indicator of male quality, and female preference for lower frequency songs appears to be an example of choice for direct benefits. </p>","https://bio.acousti.ca/node/58058"
"58059","behaviour","<p>Females of the katydid T. cantans appear to get the best of both proximity and male body size when choosing calls. They preferentially orient to songs with high-frequency harmonics indicative of nearby males (69), but when the song are broadcast from a similar distance, they prefer calls with lower carrier frequencies produced by the larger tegminal mirror frames of relatively large males (68; see also 101). </p>","https://bio.acousti.ca/node/58059"
"58060","behaviour","<p>Males of the four-spotted tree cricket Oecanthus quadripunctatus provide calling song with an average intensity of approximately 70 dB, and&nbsp;this can be increased by about 3 dB, equivalent to double the power output, by using the surface of broad leaves as baffles (36). </p>","https://bio.acousti.ca/node/58060"
"58062","behaviour","<p>The African tree cricket, Oecanthus burmeisteri, calls from pear-shapes holes that it chews in leaves, using the leaf as a baffle that effectively extends the free edge of its tegmina by several centimeters and thus reduces destructive interference from sound waves emanating from alternate surfaces of the tegmina (35, 90). This self-made baffle increases the sound amplitude 2.5&ndash;3.5 times, which is similar to a ninefold increase in acoustical power (36). </p>","https://bio.acousti.ca/node/58062"
"58064","behaviour","<p>Bell (10) describes four discrete types of such movements in O. nigricornis, ranging from simple fluttering of the hind wings, to a type of push-up display common in court- ing gryllids, to an infrequent yet dramatic shaking of the substrate vegetation, which can cause an approximately 1-cm displacement of a leaf.<br />
	These signals can aid females in localizing males during pair formation (24, 76, 115). But often in gryllids, as in O. nigricornis, vibratory signals are produced only after the pair have made contact and thus appear to play a role in courtship. </p>","https://bio.acousti.ca/node/58064"
"58065","behaviour","<p>Wing-flicks performed during courtship by males of an African cave cricket, Phaeophilacris spectrum, appear to lull females, making them less responsive to interruptions that might prematurely end courtship (55). </p>","https://bio.acousti.ca/node/58065"
"58066","behaviour","<p>Similarly, in the Hawaiian tree cricket Leptogryllus ookala, a member of an unusual deaf-mute genus that lacks metanotal gland feeding, postcopulatory movement by mounted females increases the rate of male tremulation and cercal tapping, which, in turn, induces female quiescence (W Brown, unpublished data). </p>","https://bio.acousti.ca/node/58066"
"58069","diagnostic","<p>Cu2* modified in stridulatory file, bordering harp and basal area, with 92 teeth; harp with one medium-longitudinal vein (L), and two cross-veins (Hcv), one of them bifurcated; mirror oval, with one cross-vein (Mcv); a poor marked vein inside the larger cell of mirror; median fan (Mf) reduced. </p>","https://bio.acousti.ca/node/58069"
"58072","behaviour","<p>Both sexes of Polyancistrini katydids produce sounds. </p>","https://bio.acousti.ca/node/58072"
"58074","behaviour","<p>The sound production mechanism differs between the sexes, males have one stridulatory file located under the left tegmen made of about 80 teeth (Figs. 21&minus;22), while females have a &ldquo;stridulatory file&rdquo; located dorsally on each tegmina (Figs. 23&minus;24), consisting of a series of over 60 sclerotized pegs in each tegmina. Electron micrographs show the detailed structure of the stridulatory pegs in both sexes; those of the males are thickened and somewhat flattened teeth (Figs. 25&minus;26), while those of the females appear as small spiny denticles with differences between the left and right sides (Figs. 27&minus;28).</p>
<p>The song of male Tainacanthus can be described as three (sometimes two) short and not very loud notes that are repeated intermittently every few seconds. These songs are relatively weak though it is possible to hear them from over 30 meters away. This is different from the species of Polyancistrus, for example, P. serrulatus, which can produce very loud calls which are repeated every few seconds.</p>
<p>At night katydids persistently called from protected sites within the shrubs always perched at heights of less than two meters above the ground, becoming silent when approached. </p>","https://bio.acousti.ca/node/58074"
"58134","behaviour","<p>&quot;The bell minor bird (<em>Manorina melan</em><em>ophrys</em>) heard around Melbourne, with it&#39;s persitent bell-like ing, always sounding at approximately the same pitch (E♮-F♮-F#), gives rise to a soundscape as dense as taht created by cicadas, but different in that it maintains a certain soatial perspective; for the bird sounds issue from recognizable points, unlike the dstridulations of the cicvadas, which create a continual presence, seemingly without foreground or background.&quot; </p>","https://bio.acousti.ca/node/58134"
"58135","behaviour","<p>&quot;The call of the rufous scrubbird (<em>Atrichornis rufescens</em>) of Australia &#39;is so intense that it leaves a sensation in one&#39;s ears.&#39;&quot; </p>","https://bio.acousti.ca/node/58135"
"58162","behaviour","<p><strong>Sound characteristics</strong></p>
<p>Temporal characteristics were measured from the first three pulse trains from 10 animals. Trains ranged from 90 to 8764 ms (mean 2626&plusmn;2339 ms; median 1907 ms) in duration and contained 1&ndash;8 pulses (Fig. 1A) (n=30). Within a given trial, no significant differences were observed in the durations of the first and third trains (Mann&ndash;Whitney U, P=0.88). Pulse durations ranged between 44 and 2060 ms (mean 440&plusmn;272 ms; median 420 ms) (n=101), and the mean inter-pulse interval was 501&plusmn;282 ms (n=72). Not all pulses were the same in their spectral characteristics, and therefore we divided them into one of three categories (Fig. 1; see supplementary Movie 1 and supplementary Audio 1). Type 1 pulses (Fig. 1B) contain one or two multiharmonic series occurring near the beginning or middle of the pulse, with 16&ndash;48 harmonics per series. Type 2 pulses (Fig. 1C) were more broadband than type 1 pulses throughout the entire pulse, often (67%) having a short whistle at the very beginning or end of the pulse. Type 3 pulses (Fig. 1D) were characterized as pure whistles, with one or two harmonic series with two to five harmonics per series. There was a trend with respect to where each type occurred during a train, with all type 1 pulses occurring in the first third of a train, whereas 42.6% and 68.9% of types 2 and 3 occurred in the middle and final third of the train, respectively (n=34 trains; N=11). Characteristics of the broadband, multi-harmonic and pure whistle sounds from the various pulse types are displayed in Fig. 1B&ndash;D and Table 1. Waveforms differed between multi-harmonic, pure whistles and broadband sounds, with pure whistles having a significantly higher element-repetition rate than the other two sounds (P=0.0001; Mann&ndash;Whitney U). Multi-harmonic and more broadband sounds had more complex waveforms, with repetition rates that also differed significantly from one another (P=0.0001; Mann&ndash;Whitney U) (see Table 1).</p>
<p>Sound pressure levels of 10 pulses selected at random from five animals ranged from 69 to 82 dB SPL at 5 cm. The relative amplitude of pulses in a typical train declined from the beginning to the end, with the first being 12.9 dB greater on average than the last (N=10). </p>
<p>&nbsp;</p>","https://bio.acousti.ca/node/58162"
"58162.2","morphology","<p><strong>Sound production mechanism</strong></p>
<p>Initial investigations into the mechanism of sound production involved videotaping body movements that accompanied sound production. Sound production was always accompanied by contraction of the anterior body segments (thorax and first two abdominal segments) (Fig. 2). The contraction lasted 404&plusmn;193 ms and began 98&plusmn;111 ms before the onset of the sound (N=5). Following the contraction, it took 156&plusmn;36 ms to return to full extension.</p>
<p>Occlusion experiments were conducted to determine, first, whether spiracles were involved in sound production and then to identify which spiracles were involved. When all abdominal spiracles were obstructed, sound production was eliminated in 100% of caterpillars, but, when the spiracles were uncovered, sound production resumed in 100% of the individuals (N=5). In a second experiment, we applied latex to only the A8 spiracles, and sound production was eliminated in all trials (N=10). Once the latex was removed, sound production returned in all trials. The ability to signal was never lost in animals where another set of spiracles had been blocked (A7, N=5).</p>
<p>Laser recordings (N=5) confirmed that sound is produced by the movement of air through the A8 spiracles (Fig. 3). In all five individuals, the laser registered a large-amplitude signal when placed in front of A8 but not when placed in front of the control spiracle (A5). There was evidence of a small amount of vibration when recording over A5 (Fig. 3), but this occurred regardless of whether that spiracle was exposed or covered with latex. Therefore, we conclude that these vibrations were being picked up indirectly from sounds produced by A8.</p>
<p><strong>Spiracle anatomy</strong></p>
<p>External measurements of the spiracles in A. juglandis revealed that A8 was longer than the other seven abdominal spiracles (A8 and A7, P=0.0007; A8 and all other spiracles P&lt;0.0001) (Fig. 3A), and wider than one spiracle (A8 and A1, P=0.001; N=5). This pattern was not repeated in P. myops, where there was only a significant difference between the length and width of spiracles A8 and A1 (P=0.0007 and 0.0056, respectively; N=5). See supplementary Table S1 for spiracle measurements in both species.&nbsp;</p>","https://bio.acousti.ca/node/58162"
"58166","behaviour","<p>The sound of Ducetia japonica Thunberg consists of three stages, initial stage, low tide stage and high tide stage. In sound spectra of song, the main peak freguency of low tide stage is 1. 4 kHZ, that of high tide stage is 1. 8 kHZ. The secondary peak freguency of loW tide stage is 2. 4 kHZ, that of high tide stage is 1. 6 kHZ. </p>","https://bio.acousti.ca/node/58166"
"58177","behaviour","<p>Acoustic characteristics. The mean 6 SE of the various acoustic character- istics determined from recordings of the green and brown morphs of G. s. obscura are listed in Table 2. The calling song of the individuals was continuous, consisting of series of single pulses as shown in Fig. 2. All acoustic data were found to be distributed normally by the Shapiro&ndash;Wilk test; therefore, a t test was conducted to determine statistical differences between the green and brown morphs for each of the acoustic characteristics of the recorded songs. Based on these comparisons, the pulse duration, pulse interval, and dominant frequency differed significantly (P &lt;0.001) between the two color forms (Table 2). The highest frequency and lowest frequency, however, did not differ (Table 2). </p>","https://bio.acousti.ca/node/58177"
"58177.2","morphology","<p>Morphological traits. The teeth of the stridulatory files of both morphs were claviform, with the teeth in the middle section being wider than those located at both ends of the file. Neither the width (t 1&frasl;4 0.068; df 1&frasl;4 9; P 1&frasl;4 0.963) nor the number (t 1&frasl;4 1.269; df 1&frasl;4 9; P 1&frasl;4 0.339) of teeth on the stridulatory file differed significantly between the two morphs (Table 3). Wing length, body length, wet weight, and length of the hind femur did not differ significantly (P 1&frasl;4 0.05) between the two morphs, but the pronotum of the brown form was significantly (t 1&frasl;4 4.539; df 1&frasl;4 9; P 1&frasl;4 0.029) longer than that of the green form (Table 3). </p>","https://bio.acousti.ca/node/58177"
"58181","behaviour","<p>Vibratory Signals<br />
	Courtship signals in T. neglectus were produced in sequences of pulses, emitted with a relatively regular repetition time (Figure 3, left). The mean pulse repetition time varied significantly between individuals from 1.728 s (SD 0.253 s) to 2.673 s (SD 0.533 s; ANOVA, P,0.001; n12n14 = 9275). Exclusion of the one atypical example resulted in a significant positive regression of the pulse repetition time with respect to the SP mass (Figure 4; test values in the figure legend). The mean pulse duration also varied<br />
	significantly between individuals, from 0.546 s (SD 0.253 s) to 0.834 s (SD 0.122s; ANOVA, P,0.001; n12n14 = 12283). Pulses were amplitude-modulated, typically containing two or three amplitude peaks (Figure 3, left; Figure 5A, right). The mean value of the peak velocity of pulses was 0.184 mm/s (SD 0.149 mm/s) on bark and 0.063 mm/s (SD 0.046 mm/s) on moss. On moss, the mean velocity value was 9.3 dB (dB = 206log v1/v2) below the value measured on bark. We recorded no courtship signals above the noise level from the stone.<br />
	Post-copulation signalling of both species induced mostly simple, non-amplitude modulated pulses in the substrate (Figure 3, right), while on some locations pulses contained two main amplitude peaks (Figure 5B, right). The mean pulse duration on bark varied between individuals from 0.590 s (SD 0.098 s) to 1.024 s (SD 0.276; n12n11 = 7257) in T. neglectus and between 0.560 s (SD 198 s) and 1.105 s (SD 0.184 s; n12n8 = 4234) in T. cavicola, with no significant differences among the species (Figure 2B; test values in the figure legend). The mean value of the peak velocity of pulses was on bark 3.556 mm/s (SD 1.621 mm/s) in T. neglectus and, similarly, 2.161 mm/s (SD 1.78 mm/s) in T. cavicola. In T. neglectus the mean velocity of the post-copulation signals was 25.7 dB above the velocity of courtship signals on bark. On the stone the mean pulse duration, as recorded for T. neglectus, was 0.256 s (SD 0.024 s; n = 10) and the mean value of the peak velocity was 0.135 mm/s (SD 0.04 mm/s). The mean signal velocity on the stone was 28.4 dB below the value on bark.<br />
	Signals&rsquo; spectral properties were substrate-dependent. On the same substrate the frequency spectra were similar in both species for both signal types (Figure 5; Table 1). The spectrum was extremely narrowly banded on elm bark, with most of the energy content in the range below 150 Hz. On spruce bark and, similarly, on the stone, most spectral energy was emitted below 250-300 Hz, while on moss the frequency spectrum extended up to 600 Hz, with prominent peaks expressed in the range up to 400 Hz. The dominant frequency was expressed below 120 Hz on all substrate types. </p>","https://bio.acousti.ca/node/58181"
"58183","behaviour","<p>Bioacoustics. The song (Fig. 32, 33) of Cohnia andena comb. nov. consists of short series of paired polysyllabic echemes audible by the unaided ear. Such paired echemes are repeated 3&ndash;4 times in 3&ndash;4 sec, each pair of echemes lasts for 0.35 sec and is separated from the following by an interval of 1.9&ndash;2.4 sec. Echemes are composed by 4&ndash;8 dyplosyllables of different intensity and last for 0.03&ndash;0.05 sec. Diplosyllables consist of hemisyllables apparently equal in length (about 0.001 sec).<br />
	This song structure is different from that observed in Dichopetala s. str., confirming the generic diversity of Cohnia g. nov.<br />
	Singing activity was observed in laboratory conditions only during a restricted time in the morning, approximately between 9 and 11 a.m., with natural light. All the song emitted by males in different conditions, alone or with other male or female specimens in the same cage, were similar, therefore the presence of other individuals seems to have no effects on song.<br />
	These males were probably young singers, since some nymphs were observed in the population examined and the first song was emitted by captive males seven days after capture. </p>","https://bio.acousti.ca/node/58183"
"58186","behaviour","<p>The size of the M. scholtzi male was 2.360.1 mm (mean 6 s.d., n = 21) (Fig. 1). The song consisted of a typical sequence repeated at a rate of 0.74660.129 Hz (n = 582). Each sequence was composed of three parts differing in their temporal and amplitude parameters (Fig. 1). The first part was a repetition of 5.161.4 (n = 582) quiet echemes that lasted 84619 ms (n = 2994) and were followed by a silence of 1926 c cvv48 ms (n = 2994). The second part was a succession of 1.660.7 (n = 582) short and quiet echemes that lasted 1663 ms (n = 820) followed by a silence of 101621 ms (n = 820). The third part was a single loud echeme of a duration of 6068 ms (n = 582). The frequency spectrum extended from 5 to 22 kHz with 50% of the signal energy between 9 to 11 kHz with a dominant frequency at around 10 kHz (1st part: 10.0636 1.122 kHz (n = 2994); 2nd part: 10.34860.872 kHz (n = 820); 3rd part: 10.10960.886 kHz (n = 582)). There was no frequency modulation along the signal, the frequency content of the different parts being similar.</p>
<p>The minimal, median and maximal amplitude level of the song were respectively estimated to be 36.7 (21.5&ndash;39.9) (mean (min &ndash; max)), 78.9 (63.6&ndash;82.2) and 85.0 (69.6&ndash;88.2) dB SPL rms re 2.1025 Pa at 1 meter. Peak values were estimated to be 57.1 (43.6&ndash;88.2), 99.2 (85.7&ndash;104.6) and 105.2 (91.7&ndash;110.6) dB SPL rms re 2.102 5 Pa at 1 metre. </p>","https://bio.acousti.ca/node/58186"
"58189","behaviour","<p>The call of H. hermanni is biphasic, consisting of two chirps each made up of a ser- ies of pulses (Figure 2). These chirps correspond with the forward and backward stroke of the 7th abdominal ventrite against the pars stridens, respectively (Dettner 1997). Chirp 1 in both sexes shows amplitude modulation which appeared slightly stronger in females. The waveform also reveals that chirp 1 has a higher amplitude and is more distinctly pulsed than chirp 2 (Figure 2). Hygrobia hermanni calls show a broad frequency spectrum, but with some harmonious structure; containing a peak frequency of just over 6 kHz (Figure 2a) in both chirp 1 and chirp 2, this not differing between sexes. A second dominant peak occurs in both sexes at approxi- mately 10.9kHz. Some signal was also visible at higher frequencies, particularly in the first chirp (up to ca. 45 kHz), outside the flat response range of the hydrophone.</p>
<p>The mean duration of a complete call in H. hermanni was 0.746 (&plusmn;0.038 SE) s in males and 0.656 (&plusmn;0.035 SE) s in females, these durations not differing significantly (Table 1). Temporal variability was observed across recordings, however, males having longer calls during their final recordings, whereas females were more consist- ent (Table 1; Figure 3). Across recordings, the mean duration of chirp 1 was 0.338 (&plusmn;0.014 SE) s and 0.322 (&plusmn; 0.015 SE) s in males and females respectively, but these timings did not differ significantly (Table 1). However, within males, chirp duration did differ significantly across time of recording, being longer during the last recording interval (Table 1; Figure 3). Chirp 2 was shorter than chirp 1 (Figure 2), lasting 0.250 (&plusmn; 0.018 SE) s in males and 0.209 (&plusmn;0.018 SE) s in females, although not significantly different between sexes or recordings.</p>
<p>Interval duration differed significantly between sexes, lasting 0.158 (&plusmn;0.017 SE) s in males and 0.125 (&plusmn;0.011 SE) s in females (Table 1). Furthermore, interval duration differed over time in both sexes, increasing from first to last recording (Table 1). In females, interval duration increased from 0.112 (&plusmn;0.016 SE) s to 0.141 (&plusmn;0.020 SE) s whilst in males it more than doubled, from 0.090 (&plusmn;0.017 SE) s to 0.233 (&plusmn;0.037 SE) s (Figure 3). </p>","https://bio.acousti.ca/node/58189"
"58189.2","morphology","<p>The pars stridens of H. hermanni is located on the underside of the elytral apex, being a raised structure containing many small, flattened teeth (Figure 1b&ndash;c, f&ndash;g). In both sexes, the teeth possess a double-ridge like structure (Figure 1g); each tooth consisting of two ridges separated by a shallow furrow. Stridulatory teeth are struck using the plectrum on the last abdominal ventrite, formed from the flattened apex of the ventrite (Figure 1d&ndash;e). Despite differences in ventrite morphology between males and females, plectra appeared identical in their morphologies. The last ventrite is moved rapidly back and forth in an apical to basal direction during sound production in live animals.</p>
<p>Inter-tooth spacing increases apically down the pars stridens in both sexes (Figure 1c&ndash;d), but is relatively constant across the central portion of the file (Figure 1c&ndash;e). Ridges were the only structures whose size apparently differed between sexes. In females, these are thicker (t 1&frasl;4 2.81747.884 P1&frasl;40.023); mean width 8.43 (&plusmn;0.26 SE) mm compared to 7.34 (&plusmn;0.29 SE) mm in males. The mean width of individual teeth was 29.93 (&plusmn;0.47 SE) mm and 28.49 (&plusmn;1.06 SE) mm in males and females respectively, but these did not differ significantly. The mean length of spac- ing between teeth was 12.10 (&plusmn;0.98 SE) mm in males and 10.48 (&plusmn;0.38 SE) mm in females, but again did not differ significantly between sexes. The mean widths of furrows between the two ridges of individual teeth were 14.69 (&plusmn;0.48 SE) mm in males and 13.78 (&plusmn;0.72 SE) mm in females, again not significantly different between the sexes. </p>","https://bio.acousti.ca/node/58189"
"58194","morphology","<p>Harp, stridulatory field and stridulatory teeth present in the male and absent in the female (Fig. 1C). Male with an average of 54.41&plusmn;8.02 (47.00&ndash;71.00) stridulatory teeth. Female pronotum and hind tibia longer than male. Male fore wings greater than female (Table 1). </p>","https://bio.acousti.ca/node/58194"
"58195","morphology","<p>&quot;stridulatory length 1.44&plusmn;0.11mm, with 60.14&plusmn;10.41 of stridulatory teeth, in average 42.52&plusmn;3.93 teeth per millimeter&quot; </p>
<p>&quot;Males distinct from females by the presence of a stridulatory area, stridulatory file with more densely packed stridulatory teeth, a plectrum and a harp in the male&rsquo;s fore wings. Female fore wings with a weak stridulatory teeth, more widely spaced.&quot;&nbsp;</p>","https://bio.acousti.ca/node/58195"
"58200","behaviour","<p>The vocalizations of O. m. ruficeps differ from those of&nbsp;O. m. motmot, but the results should be interpreted with&nbsp;some caution due to the limited sample available for&nbsp;O. m. ruficeps. The main difference of the song of O. m. ruficeps when compared with O. m. motmot is the longer&nbsp;syllable duration (Fig. 3, MANOVA: Taxon F248 = 12.61, p &lt; 0.01), although the duration of each note varied among the two taxa (Appendix 3 and 4). </p>","https://bio.acousti.ca/node/58200"
"58202","behaviour","<p>We found that, in general, vocal development in Siberian Crane chicks goes similar to other studied crane species&nbsp;(Niemeier 1979; Klenova et al. 2010, 2014): in autumn, chicks produced mainly calls with the juvenile high funda- mental frequency component only (Fig. 1a; Online Resource 1), in winter or early spring they started to produce calls with both juvenile high and adult low fundamental fre- quency components (Fig. 1b&ndash;d; Online Resource 2) and in the end of spring or in summer they produced mainly calls with the adult low fundamental frequency component only (Fig. 1e; Online Resource 3). The ages of onset, culmina- tion and completion of the voice breaking varied greatly for different Siberian Crane chicks, but on the average came to 7.7 &plusmn; 1.8, 9.2 &plusmn; 1.7 and 12 &plusmn; 2 months correspondingly (Table 3). Durations of the voice breaking and its first phase were 5.3 &plusmn; 1.8 and 1.7 &plusmn; 1.5 months correspondingly. Our sample did not allow us to compare the parameters of voice breaking in males and females statistically due to the small number of females among the studied cranes; however, in general, we did not notice any signs of sexual differences in our study species (Table 3).</p>
<p>Although the chicks&rsquo; mean percentages of high and low frequency components changed considerably with age, we did not find significant differences in most comparisons (Mann&ndash;Whitney U-test, p &gt; 0.05; Fig. 3c). From 2.5 to 10.5 months, the mean percentage of the high frequency component decreased slowly, while the mean percentage of the low frequency component increased slowly (Fig. 3c). Statistically significant changes occurred only between 10.5 and 12.5 months both for mean percentages of high and low frequency components (70.2 &plusmn; 13.4% at 10.5 months,&nbsp;14.0 &plusmn; 9.6% at 12.5 months for Mean_Perc_high and 52.4 &plusmn; 12.5% at 10.5 months, 92.7 &plusmn; 7.0% at 12.5 months for Mean_Perc_low). From 12.5 to 18 months, the mean per- centage of high frequency component slowly came to zero, while the mean percentage of low frequency&mdash;to 100%, which meant the completion of voice breaking in Siberian Cranes (Fig. 3c).</p>
<p>We did not find significant correlation between onset, cul- mination, completion, duration of the voice breaking and its first phase and a chick&rsquo;s body mass at the age of 2.5, 4, 7.5 and 9.5 months and testosterone level at the age of 2.5, 5, 6.5, 7.5, 9.5 and 10.5 months (Table 2). We found only a weak negative correlation between body mass at 9.5 months and completion of voice breaking, and a weak positive correlation between body mass at 4 months and duration of the first phase of voice breaking (Table 2), but the relationship became insignificant after sequential Bon- ferroni correction. However, we found significant correla- tion between the mean deltas of the high and low frequency components between the closest recording sessions and tes- tosterone level (for &Delta;Mean_Perc_high: r = 0.29, p = 0.028, for &Delta;Mean_Perc_low: r = 0.32, p = 0.016; Spearman corre- lation); these relationships also became insignificant after sequential Bonferroni correction. Similarly, GLMM showed a significant effect of &ldquo;testosterone&rdquo; for the mean deltas of each of the components between the closest recording ses- sions (&Delta;Mean_Perc_f0 and &Delta;Mean_Perc_g0) and a signifi- cant effect of &ldquo;individual&rdquo; and of conjoint factor &ldquo;individ- ual with testosterone&rdquo; for the mean delta of low-frequency component between the closest recording sessions (&Delta;Mean_ Perc_g0; Table 4). A comparison of F-ratios showed that the effect of testosterone on voice-breaking variables was always stronger than the effect of the other factors (Table 4); these relationships remain significant after a sequential Bonferroni correction (Table 4).</p>
<p>Although we failed to find strong statistical relation between voice breaking parameters and body mass in Sibe- rian Cranes through the development, we noticed some tem- poral coincidence between them. Thus, the onset of voice breaking immediately followed the end of active body mass gain that occurred at 7.5 months (Fig. 3b). At the same time, the age of culmination of voice breaking and significant changes in mean percentages of the high and low frequency components showed an obvious relation to the change of testosterone level, which increased significantly between 9.5 and 10.5 months of life on average (Fig. 3a, c). We also observed this pattern at the individual level: for most chicks, significant changes in the mean percentages of the high and low frequency components in calls occurred along with a registered increase in testosterone levels (Fig. 4). </p>","https://bio.acousti.ca/node/58202"
"58206","behaviour","<p>The third type of display is triggered by some form of disturbance, generally directed from the front of the moth, but usually unaccompanied by a touch. The moth walks forward, flapping its wings at short intervals (this closely resembles the wing-waving displays of Blest, 1964), somewhat reminiscent of a butterfly sunning itself, the wing movements being accomp- anied by a distinctly audible rattle, which sometimes continues momentarily after the wing flapping has ceased. The patagia are raised (figs. 4-7) and the defensive fluid secreted during this display. The wing flapping not only seems to reveal the maximum amount of red colouring but also serves to disseminate the odour of the defensive secretion. It is problematical (see below) whether or not it is directly concerned with the sound production, and after this display the moth settles down to rest again and does not attempt to fly.</p>
<p>The rather worn specimen from which the recordings were made (fig. 8) was caught in a light trap at Elsfield, Oxford; on opening the trap it responded with the sound-accompanied display. After the recording shown in figure 8 was made, the moth was photographed displaying (figs. 4-7). No attempt to fly was seen during or immediately after this display, and the moth walked a distance of 9 feet, wing- flapping and rattling continuously, before settling down again to rest.</p>
<p>The recordings were made with a Telefunken AKG 19C tape-recorder, with the microphone held about 10 cm. from the moth; tape speed was 7+ i.p.s. Oscillograms were made from the recordings on a Tektronix Type 502A. The stridulation is a rattling noise, and analysis shows that it consists of repeated bursts of sound which vary in duration from 6 to Q sec. and occur with variable frequency. Each of these bursts of sound is made up of two, three or four pulses (fig. 9,each pulse lasting perhaps 3/lOO sec</p>
<p>Such pulses could be made by a tymbal mechanism, but it is unlikely that they could be produced by a frictional mechanism; it is more probable, on account of their duration, that they are generated by movements of the thorax produced by contractions of the wing muscles or of other thoracic muscles. This suggestion is supported by the observation, reported above, that the sound has occasionally been heard after the wing-flapping display has ceased.</p>
<p>The apparatus available did not allow the recording of ultrasonic frequencies, and the possibility of emission of this nature during the display must not be over- looked.<br />
	The audible noise is of relatively low intensity, and mammalian and avian predators would have to get close to the moth to hear it; but in such conditions the sound could nevertheless act as a reinforcing stimulus in a protective display. </p>","https://bio.acousti.ca/node/58206"
"58211","behaviour","<p>The song structure given here is based on the analysis of a single male, collected in December 1985 at Misahualli, Ecuador, recorded later in Canada with ultrasonic-capable equipment. From another audio-limited field tape recording of a male (not shown), we obtained some additional measures (e.g. carrier frequency and call period). Panacanthus cuspidatus calls were very common in December 1985 in the early night, arising high in the forest canopy beside the Rio Napo.</p>
<p>To the human ear, each call is a pair of short whistlelike notes: musical, each note lasting &lt;1 s and lacking any infra- structure. Notes commonly occurred paired in the field, two given about 0.1 s apart (note period ~0.1 s). Calls occur in groups, two to five calls per group with a call period of about 1.5 s; there is a variable group interval of approxi- mately one call each 17s. Laboratory recordings at 20.7<sup>o</sup>C show each note as a sustained 25 ms pulse with an extremely gradual amplitude increment from onset, becoming stable over the final third (Fig. 11A, B). This pulse at its maximum amplitude is composed of evenly sustained complex waves, each with a cusp or subcrest, a pattern indicative of two subequal harmonics (see below).</p>
<p>A slight but consistent upward frequency modulation occurred in this specimen: each pulse began just below 10 kHz and finished at about 12 kHz. The field male sing- ing at 21.8<sup>o</sup>C had its major peak between 10.2 and 10.3kHz. Therefore, we consider this species&#39; principal carrier as about 11kHz (Fig.12A). Harmonics, a very strong second with diminishing third and fourth, are read- ily apparent. The second harmonic, being within 10 dB of the fundamental, may prove of biological importance in reception. </p>","https://bio.acousti.ca/node/58211"
"58212","behaviour","<p>The calling song of this species is remark- able for a very low audio principal carrier frequency (Fig. 12). Ten specimens were recorded in the field at 18 &#39;&#39; C and their mean dominant peak, per single-note spectra, was 5.0kHz (standard error 1/4 0.6 kHz, range 4.6-6.1 kHz). High energy audio this low is unusual in tettigoniids (Heller, 1995) but is known for a few Neotropical species (i.e. Choeroparnops; Morris et al., 1994). It puts the most intense peak of the insect&#39;s carrier near our best human sensitivity and so makes the species seem very loud to human listeners. At 24&#39;&#39;C, the call of ten males measured in the laboratory (10 cm dorsal, impulse) had a mean sound level of 97.6 dB (range 94-101 dB).<br />
	Eleven males were recorded successfully and analysed with full frequency range (ultrasonic effective) equipment&nbsp;under laboratory conditions; the average values below are based on this sample. Their dominant frequency was 4.6 kHz. No significant energy was found beyond 25 kHz (Fig.12B). Although the low and consistently prominent audio principal peak is rather narrow, the spectrum may still be best regarded as low-Q. There is a second broad band of energy from 15 to 25 kHz, peaking near 21 kHz (n1/411). Each song lasted 54ms, incorporating about 203 complex waves (Fig. 11C, D).</p>
<p>The shortest time-amplitude song element of this species resolvable by the human ear is a tick (short, noisy without perceptible infrastructure). Tegminal movement is readily observed and sound emission is seen to coincide with tegminal closure. Ticks are given in bouts of one to five with a bout period of 0.24 s. Between bouts there occur silences rather vari- able in duration of 2 s to tens of seconds. A succession of bouts incorporates increasingly more ticks to a maximum of five.</p>
<p>Tremulation calling was sometimes observed in this species, alternating with the airborne signal, but not all individ- uals did this. The simplest element of tremulation display was a succession of vertical body oscillations; a &#39;quiver&#39;. Quivers were repeated at an irregular rate of five or so in a bout. The time between these tremulation bouts was 5 s to several tens of seconds. </p>","https://bio.acousti.ca/node/58212"
"58213","behaviour","<p>Calling by this species is known from the analysis of twelve males. One specimen was recorded&nbsp;indoors at La Planada (Colombia Narin &#39; o) at 18.5 &#39;&#39; C, the others were also recorded under laboratory conditions at 23 &#39;&#39; 0.5 &#39;&#39; C. The shortest time-amplitude song element of this species, resolvable by the human ear, is a zip: brief, noisy and with perceptible infrastructure (Fig. 11E, F). Zips are typically produced in groups of two to eight and each is a pulse train of approximately fifty transient pulses; each pulse is a waveform involving three to four cycles, separated from the next pulse by 0.1-0.15 ms. A zip lasts on average 0.076 s (n 1/4 5, range 0.060-0.087 s); each pulse lasts &lt;0.5 ms. Teg- minal movement is slow enough to determine, by inspection, that each zip coincides with a single tegminal closure.<br />
	The spectrum of P. gibbosus is a noisy low-Q band. Measured 20 dB below its highest peak, it extends from 5 to 35 kHz. The most intense frequency varies: sometimes it is an audio peak at 6.4 kHz (n 1/4 6) and sometimes it is ultrasonic at 27.4 kHz (n 1/4 4). Less intense peaks occur consistently at 12.5 and 19.2 kHz (n 1/4 9). All these very broad peaks may be harmonically related with a funda- mental near 6kHz. Based upon single-note spectra, the most intense ultrasonic peak occurred at 30.2kHz (n1/49, standard deviation 1/4 1.6, range 26.6-31.9 kHz, Fig. 12C). The most intense audio peak averaged 5.9 kHz (n 1/4 9, stan- dard deviation 1/4 0.1, range 5.7-6.0 kHz). The call is loud to human ears and, for one male, registered &#39;&#39;90-95 dB with the microphone 10 cm dorsal. </p>","https://bio.acousti.ca/node/58213"
"58214","behaviour","<p>A single male was successfully trans- ported to Canada, caged indoors and recorded at 22 &#39;&#39; C with ultrasonic effective equipment. The shortest time domain element of this species, resolvable by the human ear, is a musical chirp (terminology, Morris et al., 1989), lasting about 300 ms; the chirp has a suggestion of infrastructure. The chirp duty cycle is &quot;1%, being effectively immeasurable: that is, a lone chirp occurred at very long, inconsistent intervals of many minutes to 1h. Calling activity was typically noted after dark, but on one occasion a single call was noted during the day.</p>
<p>The chirp (song) is a train of eighteen pulses, increasing slightly in rate and duration (pulse rate overall 530s&#39;&#39;1). Each pulse is a complex wave train of approximately four to five major crests (Fig.11G, H) bearing three or four smaller crests. The song is remarkable for its very high intensity: a call registered 112.9dB (Impulse, hold) as recorded at 10cm with the microphone directed at the dorsal field of the tegmina.</p>
<p>In the frequency domain, the mean dominant peak was 11.7 kHz (average of n 1/4 7 calls, range 11.6-12.5 kHz; Fig. 12D); an apparent second harmonic, about 7 dB below the dominant, occurs near 23 kHz. At about 35 kHz (mean 34.8 kHz, n 1/4 7), is a stronger third harmonic, only 3dB below the dominant. The dominant peak is narrow<br />
	(11.7kHz), so that, although the pulse waveform is more complex than that of cuspidatus or pallicornis, the song of this species may still be regarded as relatively high-Q, mainly for its transient nature (Fig. 12).</p>
<p>The high intensity of P. intensus implies that individuals singing in the field may be considerably spaced apart and indeed this species is not as abundant as cloud forest spe- cies. Being so loud is perhaps dangerous, in increasing exposure to acoustically orienting (eavesdropping) preda- tors. Panacanthus intensus may trade-off loudness with a lower duty cycle. Because P. varius and P. lacrimans live in similar lowland habitat (lowlands), they may prove to have similar acoustical behaviour. </p>","https://bio.acousti.ca/node/58214"
"58224","behaviour","<p>The calls were recorded at an air temperature of 20.5 C and a water temperature of 19.0 C; because the specimen was partly sitting in shallow water, and partly on a log above the water, its body temperature can be estimated as 20 C. Calls (&#39;&#39; g. 1) were short guttural blasts emitted singly or in pairs after long, irregular intervals of 27-71 seconds (n&nbsp;&nbsp; 3), resulting in a call rate of 0.8-2.2 per minute. Calls consisted of single notes that were composed of unharmonious pulses, with a pulse rate of 21-23 per second. Temporal characteristics of the calls are summarized in table 1. The intensity and duration of notes increased during the beginning of the call and decreased again towards the end. Frequency ranged between 400 and 3100 Hz, dominant frequency was 700-1700 Hz. Between 1800- 2800 Hz very low or no signal was recorded, so that the frequency band at 2800-3100 Hz gives the impression of a harmonic (fig. 1). </p>","https://bio.acousti.ca/node/58224"
"58233","behaviour","<p>Grey gurnards emitted three sound types during competitive feeding: knocks, grunts and growls (Figs1-3). A discriminant analysis based on the measured acoustic features supported the adequacy of this classification (n = 1080, Wilks &lambda;= 139, P&lt;0.001). Single-pulse knocks were not considered in this analysis since these do not have values for the variable pulse period. More than 90% of the knocks and grunts, and 73% of the growls were correctly classified (Table I). The variables that mainly contributed to the discriminant functions were the pulse duration, the number of pulses and the pulse period (Table II).</p>
<p>Pulse duration was shorter in growls than in knocks or grunts, probably due to a shorter pulse period (TableIII). Sound duration and number of pulses increased from knock to grunt to growl. Most knocks had one or two pulses (85%), typical grunts had four to eight pulses (87%) and typical growls 10 to 40 pulses (59%). The peak frequency of all sound types was c. 500 Hz (Table III). Knock and grunt bursts typically lasted for a little over a second and usually consisted of five consecutive sounds (Table III). Knocks were the most frequent sound type [mean&#39; &plusmn; S.D. (range): 9.8&plusmn;8.6 (0-32.8) knocks min<sup>-1</sup>] during the 5min feeding bouts (n = 64). Growls occurred rarely [0.3&#39;&plusmn;0.7 (0-3.8) growls min<sup>-1</sup>], usually within or at the end of grunt bursts [4.6&plusmn;4.6 (0-21.6) grunts min<sup>-1</sup>]. Only 64 growls were recorded during this study. </p>","https://bio.acousti.ca/node/58233"
"58250","behaviour","<p>Song (n= 24 for each parameter, otherwise stated): The male calling song of type specimens (the holotype and a paratype male) was recorded in laboratory at 27.5 &deg;C (Fig. 9A&ndash;C). The calling song contains irregular long and short syllable groups. The duration of syllable groups ranges between 0.559 &ndash;15 s (mean: 2.96 s) and the syl- lable number per syllable group ranges between 15&ndash;377 (mean; 67.54). Syllable period has a length of 0.037&ndash;0.040 ms (mean 0.038) and includes a quiet opening- and a loud closing-hemisyllable, each of which consisting of two different elements (Fig 9C). The first elements of opening and closing hemisyllables are longer than the seconds and contain prominent impulses. The opening hemisyllable includes 7&ndash;10 (mean 9; n=35) inseparable impulses in a period of 0.014&ndash;0.016 ms (mean 0.015; n=35). The closing hemisyllable contains 8&ndash;16 (mean 12) impulses and lasts 0.019&ndash;0.024 ms (mean 0.021). </p>","https://bio.acousti.ca/node/58250"
"58250.2","morphology","<p>stridulatory file prominently curved at distal part, with 72&ndash;89 teeth; teeth in the medial part wider than those on&nbsp;the proximal and distal ends; distal teeth small and conical. </p>","https://bio.acousti.ca/node/58250"
"58320","behaviour","<p>The calling song of the male consists of isolated syllables produced at intervals of several seconds. Each syllable consists of two separate impulse groups. The first long and crescending syllable results from the slow closing movement of the tegmina at the beginning, the&nbsp;second much shorter one from the fast final closure at the end of the movement cycle (Fig. 8; see also Heller &amp; Helversen, 1986; Heller, 1988). From the knowledge of the stridulatory movement and the structure of the stridu- latory file it is possible to predict the process of sound production. During the first part of the syllable the scraper moves along the long outer part of the file, then probably stops at the bulge (Fig. 5), and finally moves along the short proximal part of the file. Since the song is difficult to characterise by measurements, an example of the intra-population variability in amplitude modulation is shown in Fig. 9. In the recordings of 15 animals the two- part syllable structure is easily recognised. The duration of the syllable depends on temperature and is about 500 ms at 25&deg;C. In the course of the afternoon the syllables become longer and of the morning shorter (Fig. 9).</p>
<p>A female responds to male song by abruptly closing her tegmina, producing one or a few impulses (Heller &amp; Helversen, 1986). A schematic figure of the position of the non-homologous stridulatory organs in males and females of P. sanctipauli can be found in Heller &amp; Helversen (1986).</p>
<p>The frequency spectrum of the song (analysed up to 70 kHz) has a distinct maximum in the high audio range between 10 and 20 kHz (Heller &amp; Helversen, 1986; Heller, 1988). </p>","https://bio.acousti.ca/node/58320"
"58322","behaviour","<p>The basic structure of the song is very similar to that of P. sanctipauli (isolated syllables produced at inter- vals of several seconds). However, the duration of the syllables is much longer (at 25&deg;C often more than one second; Fig. 7). </p>","https://bio.acousti.ca/node/58322"
"58324","behaviour","<p>The song is very similar to that of P. sanctipauli (see Fig. 7), also in syllable duration. The songs of some animals reared in the laboratory and in permanent acous- tical contact with other males sometimes contained irregular intra-syllable gaps and impulse series after the second part of the syllable, perhaps some kind of rivalry song. Females responded to male songs in the same way as those of P. sanctipauli. </p>","https://bio.acousti.ca/node/58324"
"58325","behaviour","<p>In both subspecies the male calling song does not consist of isolated syllables as in the other three species, but of sequences of 25&ndash;120 syllables with a duration of 10&ndash;30 s (Fig. 6; rarely as short as 6 s; all data recorded at ca. 25&deg;C). Each syllable has two parts, which are more&nbsp;equal in duration than in P. sanctipauli (Fig. 8) Correspondingly the bulge in the stridulatory file is situated near the middle (Fig. 5). Females respond acoustically to male song (see Heller et al., 2005 for details). </p>","https://bio.acousti.ca/node/58325"
"58327","behaviour","<p>The calling song of P. galvagnii consists of an echeme, lasting 1&ndash;6 s, repeated more or less regu- larly with intervals of about 1&ndash;3 s (fig. 36). An echeme usually consists of a series of 4&ndash;8 microsyllables, followed by a series of 30&ndash;150 macrosyllables. Only very rarely echemes can be heard that consist of only microsyllables or echemes ending with microsyllables.</p>
<p>Microsyllables last only 1&ndash;3 ms and are repeated at the rate of about 25&ndash;32/s. Macrosyllables last about 60&ndash;75 s and are repeated at the rate of about 10&ndash;13/s. Oscillographic analysis shows that only an unidirectional (presumably closing) movement produces sound.</p>","https://bio.acousti.ca/node/58327"
"58327.2","morphology","<p>Pars stridens gently s- shaped, 1.40&ndash;1.41 mm long and with 53&ndash;54 pegs (Fig. 30). </p>","https://bio.acousti.ca/node/58327"
"58360","behaviour","<p>In contrast to Ormia, the European species Therobia leonidei (Mesnil 1964) (Diptera: Tachinidae) is known to infect a variety of bushcricket species (Leonide 1969). All of the known bushcricket host species produce short chirps less than 1 s in length, repeated after pauses remarkably longer than the chirps themselves. Therefore they might be harder to detect than singing crickets. The broad tuning of the ear (Stumpner and Lakes- Harlan 1996) reflects the broad frequency spectrum of the songs of its hosts (Leonide 1969), all of which have their peak song frequencies in the range of 12&plusmn;28 kHz (Heller 1988). Among the known hosts of are several species of the genus Poecilimon Fischer, 1854 (Tettigonioidea, Phaneropteridae) (Lakes-Harlan and Heller 1992; Lehmann 1998), which differ in singing behavior (Heller 1988). Poecilimon females and experimentally muted males were never infected (Lakes-Harlan and Heller 1992), showing that song production is necessary for parasitism.</p>
<p>Results of the experiments described above showed that the choice of a bushcricket host by the phonotactic tachinid T. leonidei was related to song structure. They parasitized the polysyllabic species P. mariannae to a greater extent than the monosyllabic P. veluchianus. Female flies parasitized more than three times (3.8/3.3) as many P. mariannae males as P. veluchianus males. This preference for the species with polysyllabic songs was independent of whether it was the local resident or the introduced species. Therefore, local adaptations of the fly to its natural host species or to ecological factors are an unlikely explanation for the constancy of this preference in both experiments. All additional factors (SPL, frequency of song, body size) that were measured showed no differences between the two species. Although it is possible that other unknown factors are involved in the preference for P. mariannae as a host, song structure is the most likely explanation for this preference of the&nbsp;fly. </p>","https://bio.acousti.ca/node/58360"
"58363","behaviour","<p>In the genus Poecilimon, only the closing movement of the wings produces a sound syllable. The two species examined have different song structures. In the poly-syllabic species P. mariannae, the chirp consists of 5&plusmn;11 repeated syllables (9 &plusmn; 1 syllables, n = 12 males) with a total song duration around 600 ms. The song is produced at a mean rate of 0.4 Hz. With a mean song du- ration of 600 ms, the interchirp-interval (ICI) lasts for 1.9 s. In P. veluchianus, the whole chirp includes only one such syllable (monosyllabic) which has a duration of about 80 ms (n = 12 males). The song is repeated at the same rate of 0.4 Hz ( = every 2.5 s). The ICI, with a duration of 2.4 s is, on average, 0.5 s longer than in P. mariannae (Fig. 2). The duty cycle reaches 24% in P. mariannae and 3% in P. veluchianus. </p>","https://bio.acousti.ca/node/58363"
"58381","behaviour","<p>The genus Poecilimon is quite diverse in its acoustic communication. In many species the females respond acoustically to the male song, but in others they have lost this capability, obviously several times independently (see Chobanov &amp; Heller 2010). Within both sections many different song patterns exist, which prove the necessity of acoustic studies in combination to morphology to delimit taxa and solve certain systematic issues (compare Kaya et al. 2018; Sevgili et al. 2018). Due to the vast diversity within the genus and the multitude of rare and endemic taxa,&nbsp;most of the proposed systems focus on certain groups of taxa or on certain geographic area (e.g., Heller 1984; &Uuml;nal 2010) and plenty of taxa are still insufficiently known, especially bioacoustically. </p>","https://bio.acousti.ca/node/58381"
"58382","behaviour","<p>Depending on the temperature the males are usually active at night and produced series of syllables with a dura- tion of 4.3&plusmn;1.3 s (n=32; range 1.2&ndash;8.1 s) at intervals of 11.8&plusmn;7.6 s (n=15) (Fig. 6). After a short, soft and irregular beginning ca. 46 syllables followed (SRR 10.7 Hz; T=25&ndash;27oC). The syllables had a duration of 73&plusmn;7.9 ms (n=18) and contained 13.1&plusmn;2.2 (n=18) impulses, resulting in a mean interval of 6.1 ms between the impulses. The largest intra-syllable impulse intervals, however, were nearly as large as the intervals between the syllables (e.g. 16 vs. 20 ms, 14 vs. 18 ms or 15 vs. 20 ms).&nbsp;</p>","https://bio.acousti.ca/node/58382"
"58382.2","diagnostic","<p>The stridulatory vein is narrow, easily visible on the translucent membranous surface of the tegmen. The stridulatory file (Fig. 3g&ndash;i) is 2.2 mm long (if only the closely arranged teeth are measured) and 0.09 mm in its widest point. The file bears 68&ndash;73 (2 ♂♂) large, sparsely distributed stridulatory teeth, getting smaller towards the basal and apical end of the file. Few small isolated teeth/ indentations are disposed at the apical and basal ends of the file, where CuP is strongly tapered (with those the file measures 2.4&ndash;2.5 mm). On 0.5 mm the basal part of file contains 17 teeth and the middle part&mdash;13 teeth. </p>","https://bio.acousti.ca/node/58382"
"58384","behaviour","<p>The song is quite similar to that of P. pechevi. The males were active at night and produced series with a duration of 5.6&plusmn;3,7 s (n=62; range 0.8&ndash;18.7 s) at intervals of 12.9&plusmn;10.8s (n=28) s. After a short, soft and irregular beginning ca. 60 syllables followed (SRR 10.8 Hz; T=23.5&ndash;28oC; Fig. 6). The syllables had a duration of 64&plusmn;8.2 ms (n=28) and contained 8.25&plusmn;1.2 (n=18) impulses, resulting in a mean interval of 9.1 ms between the impulses (Fig. 7).&nbsp;</p>","https://bio.acousti.ca/node/58384"
"58385","behaviour","<p>The song is quite similar to that of the closely related (&Uuml;nal 2010) P. armeniacus. In the short recording two males produced overlapping series with durations of ca. 8 s each. In these series they showed a SRR of 12.5 Hz (T=27oC; Fig. 6). The syllables had a duration of 46 ms and contained 4&ndash;6 impulses, resulting in a mean interval of 11.5 ms between the impulses.&nbsp;</p>","https://bio.acousti.ca/node/58385"
"58386","behaviour","<p>The song is quite similar to that of P. armeniacus. The males produced series with a quite variable duration of 20.0&plusmn;22.5 s (n=11; range 2.4&ndash;75 s) at intervals of 12.2&plusmn;6.3 (n=3) s. A series contained on average 200 syllables (SRR 12.6 Hz; T=25&ndash;29oC; Fig. 6). The syllables had a duration of 51.6&plusmn;3 ms (n=7) and contained 5.6&plusmn;0.7 (n=7) impulses, resulting in a mean interval of 10.4 ms between the impulses (Fig. 7).<br />
	The spectrum of the song had its peak between 30 and 40 kHz.&nbsp;</p>","https://bio.acousti.ca/node/58386"
"58388","behaviour","<p>The advertisement call of Melanophryniscus cambaraensis from FLONA SFP has an average duration of 18.8 seconds (SD = 6.51) and it is composed of segments A and B (Figure 3A&ndash;B). Part A is composed of 3&ndash;11 single modulated notes, each one composed of one pulse (of 0.02 seconds each), separated by long time intervals of 0.38 seconds (SD = 0.052). Call part B is an extremely long train of unmodulated pulses emitted at a rate of 35.8 pulses per second (SD = 3.1), with short time intervals (Mean = 0.02; SD = 0.002), and lasting from 9&ndash;32.2 seconds (Mean = 16.6; SD = 6.8) (Table 1). Peak frequency of both parts is quite similar being on average 2.2 kHz in part A (SD = 0.16) and 2.2 kHz in part B (SD = 0.17). </p>","https://bio.acousti.ca/node/58388"
"58389","behaviour","<p>The advertisement call of Melanophryniscus macrogranulosus from Garapi&aacute; is composed of two segments of total duration of 21.3 seconds (SD = 5.8) (Figure 3C). Part A is a series of 5&ndash;14.3 notes of one pulse (Mean = 6.5; SD = 4.23), each lasting on average 0.03 sec (SD = 0.04) and separated by long time intervals ranging from 0.31&ndash;0.53 sec- onds (Mean = 0.34; SD = 0.08). It is followed by part B, a long train of unmodulated pulses lasting from 10.3&ndash;23.5 sec (Mean= 18.6; SD = 4.9), emitted at a rate of 35.3 pulses per second (SD = 1.05), with short time intervals. The call presented a similar peak frequency in both segments being in average 2.4 kHz (SD = 0.3). The population from Morro da Gruta, which is the type locality, also shows a call composed of two segments A and B, with a total dura- tion of 17.4 sec on average (SD = 1.9) (Figure 3D). Part A is also a series of notes (Mean = 4; SD = 1.5) composed of one pulse, each lasting on average 0.023 sec (SD = 0.09) and separated by long time intervals ranging from 0.28&ndash;0.53 seconds (Mean = 0.35; SD = 0.09). It is followed by part B, a long train of unmodulated pulses lasting from 13.3&ndash;16.4sec (Mean= 14.8; SD = 1.13), emitted at a rate of 34.9 pulses per second (SD = 1.63), with short time intervals. The call presented a similar peak frequency in both segments being on average 2.3 kHz (SD = 0.16). </p>","https://bio.acousti.ca/node/58389"
"58392","behaviour","<p>Four basic sounds plus combi- nations were identified from the tank recordings when fish were present and were encountered on numerous occasions throughout the study. We classified the basic sounds as two types of pulses (A and B), short bursts, and long bursts, and combinations of short and long bursts (Fig. 1). Mean peak frequencies of the four sound types were less than 39 Hz, while mean durations ranged from 67 ms to 545 ms, depending on sound type (Table 1). Short bursts were similar to the sounds we earlier characterized as &lsquo;&lsquo;booms&rsquo;&rsquo; (Clark and Allen, 2018) although the peak frequencies were lower in the tank than in the wild. The short and long bursts along with their combinations are new to the Giant Sea Bass sound repertoire and only occurred during spawning events (the eve and night of spawn verified by fertilized egg collection). None of the four sound types were recorded in the absence of fish during control recordings. </p>","https://bio.acousti.ca/node/58392"
"58392.2","diagnostic","<p>Five putative sonic muscles were discovered between each of the first six pleural ribs of the male examined (Fig. 2). These five massive muscles (1&frasl;4obliquus superioris?) unite ribs 3 to 9 and were found at the level of the hypaxial musculature. Histological examination confirmed this tissue to be striated muscle tissue with elongate multinucleate cells with striations (Fig. 2). These extrinsic muscles were notably missing from the verified, mature female that was examined post-mortem. The pleural ribs were rostro-posteriorly flattened, canted, and found to sit directly adjacent and parallel to the lateral wall of the swimbladder. Further, the ribs were hinged to their respective vertebrae (3 to 8), allowing the ribs to pivot and deform the swimbladder. The muscle fibers of the tissue run obliquely between the ribs, originating on the posterior edge of the leading rib and inserting more distally on the anterior margin of following rib.</p>
<p>Manual traction of these ribs and muscles pulled ribs 2 to 6 medially and rostrally. No corresponding muscle tissue was found originating on the head and inserting on the ribs of either mature fish examined.&nbsp;</p>","https://bio.acousti.ca/node/58392"
"58430","behaviour","<p><strong>Advertisement call.</strong> Figures 4 A-E; Table S4. Calls recorded at temperature 19 to 22 oC. Description based on five sequenced adults (Tables 1 and S4). Five call types were found, but a typical call series consists mainly of type B and/or type C. The first type (A) consists of repeated short notes; the second type (B) consists of two repeated short pulses separated from each other by a silent interval longer than its note interval; third type (C) consists of one short note and one following longer note; the fourth type (D) contains four notes, anterior three short, the last longer; the fifth (E) consists of long repeated notes. Type B and/ or C consist main part a typical call series, while A, D and E are relatively fewer. Dominant frequency of all type of calls ranges from 4000.0 Hz to 4500.0 Hz. Dominant frequency of type B (4367.6 &plusmn; 179.2) Hz, type C (4383.9 &plusmn; 191.7) Hz, and type D (4481.3 &plusmn; 81.7) Hz slightly higher than that of type A (4276.6 &plusmn; 139.8) Hz andtypeE(4203.5&plusmn;172.7)Hz.TypesAandEaremoresparsely distributed in call series than other types, the inter-call intervals much longer (average 1040.3 ms to 1629.5 ms vs. 130.8 ms to 266.6 ms). Harmonic 1 and 2 are common, present on 99% and 70% of calls, harmonic 3 are much rare, only 1.7%. Amplitude of notes of call type A largest at first pulse, drastic reduce in following pulses; second note of type B possess amplitude larger than that of first note, and first pulses of two notes with largest amplitude; the second note of call type C with larger amplitude than the first note, amplitude reduce gradually on second note while radically on most first note; the second note of a typical D call type with largest amplitude, then gradually reduce in following notes; the amplitude of pulses of call type E are similar at beginning and end. </p>","https://bio.acousti.ca/node/58430"
"58431","behaviour","<p><strong>Advertisement call.</strong> Figure 4 F, G. Call description based on the calls of the holotype, two paratypes and two unvouchered males. Calls contain two different type, repeated short call (type A) and repeated long call (type E). A typical call series consist of&nbsp;constant type E calls. Type A present in the calls of the holotype after interrupted, then following calls gradually become type E and constant. For type A, dominant frequency (4562.5 &plusmn; 139.8) Hz, calls contain (7.2 &plusmn; 1.1) pules and last (70.3 &plusmn; 12.2) ms, inter call interval (2488.0 &plusmn; 1268.3) ms, amplitude of pulses at beginning and end of call similar, rise at (29.7 &plusmn; 15.2) ms of call, (9000 &plusmn; 530.3) Hz and (14437.5 &plusmn; 187.5) Hz frequency harmonic 1 and 2. For call type E, dominant frequency 4831.9 &plusmn; 155.8 Hz, harmonic 1 and 2 (9252 &plusmn; 554.6) Hz, (14250.0 &plusmn; 265.2) Hz; calls contain (34.0 &plusmn; 7.8) pulses; calls relatively long, duration (544.5 &plusmn; 146.8) ms, inter-call interval (353.7 &plusmn; 361.3) ms; amplitude of pulses at beginning and end of call similar, rise at (62.4 &plusmn; 36.9) ms. </p>","https://bio.acousti.ca/node/58431"
"58435","behaviour","<p>Gryllacridids produce often loud sounds (the origin of the common name &ldquo;raspy crickets&rdquo; coined by Rentz (1996), specifically for Australian species) either during defensive displays or while drumming on the substrate in intra-specific communication. Sound is produced by rubbing spines on abdominal tergites against tubercles on the inner surface of the hind legs (Field and Bailey 1997). All species lack tympana so sound communication is via surface vibration. </p>","https://bio.acousti.ca/node/58435"
"58437","behaviour","<p><strong>Description of male contest behaviour</strong></p>
<p>The contest behaviours observed in C. plagiata followed a clear pattern of escalation. Initially, males oriented towards each other, hanging beneath the web, and signalled with bouts of stridulation (using a peg on the ventral side of the pedicel against ridges on the abdomen). This progressed to males approaching each other and tapping the rival cepholathorax with their forelegs. Following this, males showed the highest intensity behaviour recorded (grappling) by opening their chelicerae widely and locking them with those of their opponent. During grappling, males also locked legs with the opponent. Contests were resolved once a male retreated and turned to flee the web. The winning male often gave chase and, in rare cases, stridulated. </p>","https://bio.acousti.ca/node/58437"
"58439","diagnostic","<p><strong>Timbalisation and Acoustic Identification card (AIC). </strong></p>
<p>Platylomia kohimanesis n. sp. appears to be a dusk singing cicada. The first call from a single individual was heard around 5.45 pm in the evening, few moments after sundown. Initially, the first author had the impression that it must be coming from some kind of tree frog, as it was in the form of a rapid and continuous regular cackling sounding somewhat like.... kok.. kok.. kok.. kok.. kok....of a regular intensity. The call was quite in contrast to the common and abundant Platylomia radha, which also tim- balise at the same time as the new species. Few isolated calls of this cicada were heard till around 7.30 pm in the evening.</p>
<p><br />
	The recording made was used to obtain the sonogram and prepare the Acoustic Identification card (AIC) using RAVEN PRO 1.6. A portion of the recording of around 1.5 minute duration was expanded (Figure 5a). It revealed the wave pattern in the form of continuously repeating echemes. Each echeme is approximately 0.1 second in du- ration. The echemes repeat at the rate of around 8 echemes per second. The echemes have more or less a constant relative amplitude (Figure 5b). Each, echeme consists of a major frequency component lying between 1&ndash; 4 kHz and a discontinuous frequency band extending beyond 15 kHz. (Figure 5 c). </p>","https://bio.acousti.ca/node/58439"
