"subject_type","subject_source","subject_id","predicate","object_type","object_source","object_id","qualifier","remarks"
"recordings","","10298","http://purl.org/dc/terms/isReferencedBy","references","","50819","",""
"recordings","","11074","http://purl.org/dc/terms/isReferencedBy","references","","12235","",""
"recordings","","11075","http://purl.org/dc/terms/isReferencedBy","references","","12235","",""
"recordings","","11280","http://purl.org/dc/terms/isReferencedBy","references","","17121","",""
"recordings","","11293","http://purl.org/dc/terms/isReferencedBy","references","","47750","",""
"recordings","","11432","http://purl.org/dc/terms/isReferencedBy","references","","12426","",""
"recordings","","11433","http://purl.org/dc/terms/isReferencedBy","references","","12426","",""
"recordings","","11435","http://purl.org/dc/terms/isReferencedBy","references","","12426","",""
"recordings","","11436","http://purl.org/dc/terms/isReferencedBy","references","","12426","",""
"recordings","","11437","http://purl.org/dc/terms/isReferencedBy","references","","12426","",""
"recordings","","11438","http://purl.org/dc/terms/isReferencedBy","references","","12426","",""
"recordings","","11439","http://purl.org/dc/terms/isReferencedBy","references","","12426","",""
"recordings","","11441","http://purl.org/dc/terms/isReferencedBy","references","","12426","",""
"recordings","","11442","http://purl.org/dc/terms/isReferencedBy","references","","12426","",""
"recordings","","11443","http://purl.org/dc/terms/isReferencedBy","references","","12426","",""
"recordings","","11444","http://purl.org/dc/terms/isReferencedBy","references","","12426","",""
"recordings","","11445","http://purl.org/dc/terms/isReferencedBy","references","","12426","",""
"recordings","","11446","http://purl.org/dc/terms/isReferencedBy","references","","12426","",""
"recordings","","11447","http://purl.org/dc/terms/isReferencedBy","references","","12426","",""
"recordings","","11448","http://purl.org/dc/terms/isReferencedBy","references","","12426","",""
"recordings","","11449","http://purl.org/dc/terms/isReferencedBy","references","","12426","",""
"recordings","","11451","http://purl.org/dc/terms/isReferencedBy","references","","12426","",""
"recordings","","11452","http://purl.org/dc/terms/isReferencedBy","references","","12426","",""
"recordings","","11454","http://purl.org/dc/terms/isReferencedBy","references","","12426","",""
"recordings","","11455","http://purl.org/dc/terms/isReferencedBy","references","","12426","",""
"recordings","","11456","http://purl.org/dc/terms/isReferencedBy","references","","12426","",""
"recordings","","11457","http://purl.org/dc/terms/isReferencedBy","references","","12426","",""
"recordings","","11458","http://purl.org/dc/terms/isReferencedBy","references","","12426","",""
"recordings","","11460","http://purl.org/dc/terms/isReferencedBy","references","","12426","",""
"recordings","","11461","http://purl.org/dc/terms/isReferencedBy","references","","12426","",""
"recordings","","11462","http://purl.org/dc/terms/isReferencedBy","references","","12426","",""
"recordings","","11463","http://purl.org/dc/terms/isReferencedBy","references","","12426","",""
"recordings","","11464","http://purl.org/dc/terms/isReferencedBy","references","","12426","",""
"recordings","","11465","http://purl.org/dc/terms/isReferencedBy","references","","12426","",""
"recordings","","11467","http://purl.org/dc/terms/isReferencedBy","references","","12426","",""
"recordings","","11468","http://purl.org/dc/terms/isReferencedBy","references","","12426","",""
"recordings","","11469","http://purl.org/dc/terms/isReferencedBy","references","","12426","",""
"recordings","","11470","http://purl.org/dc/terms/isReferencedBy","references","","12426","",""
"recordings","","11471","http://purl.org/dc/terms/isReferencedBy","references","","12426","",""
"recordings","","11473","http://purl.org/dc/terms/isReferencedBy","references","","12426","",""
"recordings","","11474","http://purl.org/dc/terms/isReferencedBy","references","","12426","",""
"recordings","","11475","http://purl.org/dc/terms/isReferencedBy","references","","12426","",""
"recordings","","11476","http://purl.org/dc/terms/isReferencedBy","references","","12426","",""
"recordings","","11477","http://purl.org/dc/terms/isReferencedBy","references","","12426","",""
"recordings","","11478","http://purl.org/dc/terms/isReferencedBy","references","","12426","",""
"recordings","","11479","http://purl.org/dc/terms/isReferencedBy","references","","12426","",""
"recordings","","11480","http://purl.org/dc/terms/isReferencedBy","references","","12426","",""
"recordings","","11481","http://purl.org/dc/terms/isReferencedBy","references","","12426","",""
"recordings","","11482","http://purl.org/dc/terms/isReferencedBy","references","","12426","",""
"recordings","","11483","http://purl.org/dc/terms/isReferencedBy","references","","12426","",""
"recordings","","11484","http://purl.org/dc/terms/isReferencedBy","references","","12426","",""
"recordings","","11485","http://purl.org/dc/terms/isReferencedBy","references","","12426","",""
"recordings","","11486","http://purl.org/dc/terms/isReferencedBy","references","","12426","",""
"recordings","","11488","http://purl.org/dc/terms/isReferencedBy","references","","12426","",""
"recordings","","11489","http://purl.org/dc/terms/isReferencedBy","references","","12426","",""
"recordings","","11490","http://purl.org/dc/terms/isReferencedBy","references","","12426","",""
"recordings","","11491","http://purl.org/dc/terms/isReferencedBy","references","","12426","",""
"recordings","","11492","http://purl.org/dc/terms/isReferencedBy","references","","12426","",""
"recordings","","11493","http://purl.org/dc/terms/isReferencedBy","references","","12426","",""
"recordings","","11494","http://purl.org/dc/terms/isReferencedBy","references","","12426","",""
"recordings","","11495","http://purl.org/dc/terms/isReferencedBy","references","","12426","",""
"recordings","","11496","http://purl.org/dc/terms/isReferencedBy","references","","12426","",""
"recordings","","11497","http://purl.org/dc/terms/isReferencedBy","references","","12426","",""
"recordings","","11498","http://purl.org/dc/terms/isReferencedBy","references","","12426","",""
"recordings","","11499","http://purl.org/dc/terms/isReferencedBy","references","","12426","",""
"recordings","","11501","http://purl.org/dc/terms/isReferencedBy","references","","12426","",""
"recordings","","11502","http://purl.org/dc/terms/isReferencedBy","references","","12426","",""
"recordings","","11503","http://purl.org/dc/terms/isReferencedBy","references","","12426","",""
"recordings","","11504","http://purl.org/dc/terms/isReferencedBy","references","","12426","",""
"recordings","","11505","http://purl.org/dc/terms/isReferencedBy","references","","12426","",""
"recordings","","11506","http://purl.org/dc/terms/isReferencedBy","references","","12426","",""
"recordings","","11507","http://purl.org/dc/terms/isReferencedBy","references","","12426","",""
"recordings","","11508","http://purl.org/dc/terms/isReferencedBy","references","","12426","",""
"recordings","","11509","http://purl.org/dc/terms/isReferencedBy","references","","12426","",""
"recordings","","11510","http://purl.org/dc/terms/isReferencedBy","references","","12426","",""
"recordings","","11511","http://purl.org/dc/terms/isReferencedBy","references","","12426","",""
"recordings","","11512","http://purl.org/dc/terms/isReferencedBy","references","","12426","",""
"recordings","","11513","http://purl.org/dc/terms/isReferencedBy","references","","12426","",""
"recordings","","11514","http://purl.org/dc/terms/isReferencedBy","references","","12426","",""
"recordings","","11515","http://purl.org/dc/terms/isReferencedBy","references","","12426","",""
"recordings","","11516","http://purl.org/dc/terms/isReferencedBy","references","","12426","",""
"recordings","","11517","http://purl.org/dc/terms/isReferencedBy","references","","12426","",""
"recordings","","11518","http://purl.org/dc/terms/isReferencedBy","references","","12426","",""
"recordings","","11520","http://purl.org/dc/terms/isReferencedBy","references","","12426","",""
"recordings","","11521","http://purl.org/dc/terms/isReferencedBy","references","","12426","",""
"recordings","","11522","http://purl.org/dc/terms/isReferencedBy","references","","12426","",""
"recordings","","11523","http://purl.org/dc/terms/isReferencedBy","references","","12426","",""
"recordings","","11524","http://purl.org/dc/terms/isReferencedBy","references","","12426","",""
"recordings","","11525","http://purl.org/dc/terms/isReferencedBy","references","","12426","",""
"recordings","","11526","http://purl.org/dc/terms/isReferencedBy","references","","12426","",""
"recordings","","11527","http://purl.org/dc/terms/isReferencedBy","references","","12426","",""
"recordings","","11528","http://purl.org/dc/terms/isReferencedBy","references","","12426","",""
"recordings","","11529","http://purl.org/dc/terms/isReferencedBy","references","","12426","",""
"recordings","","11530","http://purl.org/dc/terms/isReferencedBy","references","","12426","",""
"recordings","","11532","http://purl.org/dc/terms/isReferencedBy","references","","12426","",""
"recordings","","11533","http://purl.org/dc/terms/isReferencedBy","references","","12426","",""
"recordings","","11534","http://purl.org/dc/terms/isReferencedBy","references","","12426","",""
"recordings","","11535","http://purl.org/dc/terms/isReferencedBy","references","","12426","",""
"recordings","","11536","http://purl.org/dc/terms/isReferencedBy","references","","12426","",""
"recordings","","11537","http://purl.org/dc/terms/isReferencedBy","references","","12426","",""
"recordings","","11539","http://purl.org/dc/terms/isReferencedBy","references","","12426","",""
"recordings","","11540","http://purl.org/dc/terms/isReferencedBy","references","","12426","",""
"recordings","","11541","http://purl.org/dc/terms/isReferencedBy","references","","12426","",""
"recordings","","11542","http://purl.org/dc/terms/isReferencedBy","references","","12426","",""
"recordings","","11543","http://purl.org/dc/terms/isReferencedBy","references","","12426","",""
"recordings","","11545","http://purl.org/dc/terms/isReferencedBy","references","","12426","",""
"recordings","","11546","http://purl.org/dc/terms/isReferencedBy","references","","12426","",""
"recordings","","11547","http://purl.org/dc/terms/isReferencedBy","references","","12426","",""
"recordings","","11548","http://purl.org/dc/terms/isReferencedBy","references","","12426","",""
"recordings","","11549","http://purl.org/dc/terms/isReferencedBy","references","","12426","",""
"recordings","","11551","http://purl.org/dc/terms/isReferencedBy","references","","12426","",""
"recordings","","11552","http://purl.org/dc/terms/isReferencedBy","references","","12426","",""
"recordings","","11553","http://purl.org/dc/terms/isReferencedBy","references","","12426","",""
"recordings","","11554","http://purl.org/dc/terms/isReferencedBy","references","","12426","",""
"recordings","","11555","http://purl.org/dc/terms/isReferencedBy","references","","12426","",""
"recordings","","11556","http://purl.org/dc/terms/isReferencedBy","references","","12426","",""
"recordings","","11558","http://purl.org/dc/terms/isReferencedBy","references","","12426","",""
"recordings","","11559","http://purl.org/dc/terms/isReferencedBy","references","","12426","",""
"recordings","","11560","http://purl.org/dc/terms/isReferencedBy","references","","12426","",""
"recordings","","11561","http://purl.org/dc/terms/isReferencedBy","references","","12426","",""
"recordings","","11562","http://purl.org/dc/terms/isReferencedBy","references","","12426","",""
"recordings","","11564","http://purl.org/dc/terms/isReferencedBy","references","","12426","",""
"recordings","","11565","http://purl.org/dc/terms/isReferencedBy","references","","12426","",""
"recordings","","11566","http://purl.org/dc/terms/isReferencedBy","references","","12426","",""
"recordings","","11567","http://purl.org/dc/terms/isReferencedBy","references","","12426","",""
"recordings","","11568","http://purl.org/dc/terms/isReferencedBy","references","","12426","",""
"recordings","","11569","http://purl.org/dc/terms/isReferencedBy","references","","12426","",""
"recordings","","11570","http://purl.org/dc/terms/isReferencedBy","references","","12426","",""
"recordings","","11571","http://purl.org/dc/terms/isReferencedBy","references","","12426","",""
"recordings","","11572","http://purl.org/dc/terms/isReferencedBy","references","","12426","",""
"recordings","","11573","http://purl.org/dc/terms/isReferencedBy","references","","12426","",""
"recordings","","11574","http://purl.org/dc/terms/isReferencedBy","references","","12426","",""
"recordings","","11575","http://purl.org/dc/terms/isReferencedBy","references","","12426","",""
"recordings","","11576","http://purl.org/dc/terms/isReferencedBy","references","","12426","",""
"recordings","","11577","http://purl.org/dc/terms/isReferencedBy","references","","12426","",""
"recordings","","11578","http://purl.org/dc/terms/isReferencedBy","references","","12426","",""
"recordings","","11579","http://purl.org/dc/terms/isReferencedBy","references","","12426","",""
"recordings","","11580","http://purl.org/dc/terms/isReferencedBy","references","","12426","",""
"recordings","","11581","http://purl.org/dc/terms/isReferencedBy","references","","12426","",""
"recordings","","11582","http://purl.org/dc/terms/isReferencedBy","references","","12426","",""
"recordings","","11583","http://purl.org/dc/terms/isReferencedBy","references","","12426","",""
"recordings","","11584","http://purl.org/dc/terms/isReferencedBy","references","","12426","",""
"recordings","","11585","http://purl.org/dc/terms/isReferencedBy","references","","12426","",""
"recordings","","11586","http://purl.org/dc/terms/isReferencedBy","references","","12426","",""
"recordings","","11587","http://purl.org/dc/terms/isReferencedBy","references","","12426","",""
"recordings","","11588","http://purl.org/dc/terms/isReferencedBy","references","","12426","",""
"recordings","","11589","http://purl.org/dc/terms/isReferencedBy","references","","12426","",""
"recordings","","11590","http://purl.org/dc/terms/isReferencedBy","references","","12426","",""
"recordings","","11591","http://purl.org/dc/terms/isReferencedBy","references","","12426","",""
"recordings","","11592","http://purl.org/dc/terms/isReferencedBy","references","","12426","",""
"recordings","","11593","http://purl.org/dc/terms/isReferencedBy","references","","12426","",""
"recordings","","11594","http://purl.org/dc/terms/isReferencedBy","references","","12426","",""
"recordings","","11595","http://purl.org/dc/terms/isReferencedBy","references","","12426","",""
"recordings","","11596","http://purl.org/dc/terms/isReferencedBy","references","","12426","",""
"recordings","","11597","http://purl.org/dc/terms/isReferencedBy","references","","12426","",""
"recordings","","11598","http://purl.org/dc/terms/isReferencedBy","references","","12426","",""
"recordings","","11599","http://purl.org/dc/terms/isReferencedBy","references","","12426","",""
"recordings","","11600","http://purl.org/dc/terms/isReferencedBy","references","","12426","",""
"recordings","","11601","http://purl.org/dc/terms/isReferencedBy","references","","12426","",""
"recordings","","11602","http://purl.org/dc/terms/isReferencedBy","references","","12426","",""
"recordings","","11603","http://purl.org/dc/terms/isReferencedBy","references","","12426","",""
"recordings","","11604","http://purl.org/dc/terms/isReferencedBy","references","","12426","",""
"recordings","","11605","http://purl.org/dc/terms/isReferencedBy","references","","12426","",""
"recordings","","11606","http://purl.org/dc/terms/isReferencedBy","references","","12426","",""
"recordings","","11607","http://purl.org/dc/terms/isReferencedBy","references","","12426","",""
"recordings","","11608","http://purl.org/dc/terms/isReferencedBy","references","","12426","",""
"recordings","","11609","http://purl.org/dc/terms/isReferencedBy","references","","12426","",""
"recordings","","11610","http://purl.org/dc/terms/isReferencedBy","references","","12426","",""
"recordings","","11611","http://purl.org/dc/terms/isReferencedBy","references","","12426","",""
"recordings","","11612","http://purl.org/dc/terms/isReferencedBy","references","","12426","",""
"recordings","","11613","http://purl.org/dc/terms/isReferencedBy","references","","12426","",""
"recordings","","11614","http://purl.org/dc/terms/isReferencedBy","references","","12426","",""
"recordings","","11615","http://purl.org/dc/terms/isReferencedBy","references","","12426","",""
"recordings","","11616","http://purl.org/dc/terms/isReferencedBy","references","","12426","",""
"recordings","","11617","http://purl.org/dc/terms/isReferencedBy","references","","12426","",""
"recordings","","11618","http://purl.org/dc/terms/isReferencedBy","references","","12426","",""
"recordings","","11619","http://purl.org/dc/terms/isReferencedBy","references","","12426","",""
"recordings","","11750","http://purl.org/dc/terms/isReferencedBy","references","","12426","",""
"recordings","","11751","http://purl.org/dc/terms/isReferencedBy","references","","12426","",""
"recordings","","11752","http://purl.org/dc/terms/isReferencedBy","references","","12426","",""
"recordings","","11753","http://purl.org/dc/terms/isReferencedBy","references","","12426","",""
"recordings","","11754","http://purl.org/dc/terms/isReferencedBy","references","","12426","",""
"recordings","","11755","http://purl.org/dc/terms/isReferencedBy","references","","12426","",""
"recordings","","11756","http://purl.org/dc/terms/isReferencedBy","references","","12426","",""
"recordings","","11757","http://purl.org/dc/terms/isReferencedBy","references","","12426","",""
"recordings","","11758","http://purl.org/dc/terms/isReferencedBy","references","","12426","",""
"recordings","","11759","http://purl.org/dc/terms/isReferencedBy","references","","12426","",""
"recordings","","11760","http://purl.org/dc/terms/isReferencedBy","references","","12426","",""
"recordings","","11761","http://purl.org/dc/terms/isReferencedBy","references","","12426","",""
"recordings","","11762","http://purl.org/dc/terms/isReferencedBy","references","","12426","",""
"recordings","","11763","http://purl.org/dc/terms/isReferencedBy","references","","12426","",""
"recordings","","11764","http://purl.org/dc/terms/isReferencedBy","references","","12426","",""
"recordings","","11765","http://purl.org/dc/terms/isReferencedBy","references","","12426","",""
"recordings","","11766","http://purl.org/dc/terms/isReferencedBy","references","","12426","",""
"recordings","","11767","http://purl.org/dc/terms/isReferencedBy","references","","12426","",""
"recordings","","11768","http://purl.org/dc/terms/isReferencedBy","references","","12426","",""
"recordings","","11769","http://purl.org/dc/terms/isReferencedBy","references","","12426","",""
"recordings","","11770","http://purl.org/dc/terms/isReferencedBy","references","","12426","",""
"recordings","","11771","http://purl.org/dc/terms/isReferencedBy","references","","12426","",""
"recordings","","11772","http://purl.org/dc/terms/isReferencedBy","references","","12426","",""
"recordings","","11773","http://purl.org/dc/terms/isReferencedBy","references","","12426","",""
"recordings","","11774","http://purl.org/dc/terms/isReferencedBy","references","","12426","",""
"recordings","","11775","http://purl.org/dc/terms/isReferencedBy","references","","12426","",""
"recordings","","11776","http://purl.org/dc/terms/isReferencedBy","references","","12426","",""
"recordings","","11777","http://purl.org/dc/terms/isReferencedBy","references","","12426","",""
"recordings","","11778","http://purl.org/dc/terms/isReferencedBy","references","","12426","",""
"recordings","","11779","http://purl.org/dc/terms/isReferencedBy","references","","12426","",""
"recordings","","11780","http://purl.org/dc/terms/isReferencedBy","references","","12426","",""
"recordings","","11807","http://purl.org/dc/terms/isReferencedBy","references","","17121","",""
"recordings","","11904","http://purl.org/dc/terms/isReferencedBy","references","","11903","",""
"recordings","","11908","http://purl.org/dc/terms/isReferencedBy","references","","17121","",""
"recordings","","11950","http://purl.org/dc/terms/isReferencedBy","references","","11959","",""
"recordings","","11951","http://purl.org/dc/terms/isReferencedBy","references","","11959","",""
"recordings","","11980","http://purl.org/dc/terms/isReferencedBy","references","","17121","",""
"recordings","","12035","http://purl.org/dc/terms/isReferencedBy","references","","17121","",""
"recordings","","12038","http://purl.org/dc/terms/isReferencedBy","references","","12037","",""
"recordings","","12039","http://purl.org/dc/terms/isReferencedBy","references","","12037","",""
"recordings","","12040","http://purl.org/dc/terms/isReferencedBy","references","","12037","",""
"recordings","","12041","http://purl.org/dc/terms/isReferencedBy","references","","12037","",""
"recordings","","12042","http://purl.org/dc/terms/isReferencedBy","references","","12037","",""
"recordings","","12043","http://purl.org/dc/terms/isReferencedBy","references","","12037","",""
"recordings","","12044","http://purl.org/dc/terms/isReferencedBy","references","","12037","",""
"recordings","","12045","http://purl.org/dc/terms/isReferencedBy","references","","12037","",""
"recordings","","12046","http://purl.org/dc/terms/isReferencedBy","references","","12037","",""
"recordings","","12047","http://purl.org/dc/terms/isReferencedBy","references","","12037","",""
"recordings","","12048","http://purl.org/dc/terms/isReferencedBy","references","","12037","",""
"recordings","","12049","http://purl.org/dc/terms/isReferencedBy","references","","12037","",""
"recordings","","12050","http://purl.org/dc/terms/isReferencedBy","references","","12037","",""
"recordings","","12051","http://purl.org/dc/terms/isReferencedBy","references","","12037","",""
"recordings","","12052","http://purl.org/dc/terms/isReferencedBy","references","","12037","",""
"recordings","","12053","http://purl.org/dc/terms/isReferencedBy","references","","12037","",""
"recordings","","12054","http://purl.org/dc/terms/isReferencedBy","references","","12037","",""
"recordings","","12055","http://purl.org/dc/terms/isReferencedBy","references","","12037","",""
"recordings","","12056","http://purl.org/dc/terms/isReferencedBy","references","","12037","",""
"recordings","","12057","http://purl.org/dc/terms/isReferencedBy","references","","12037","",""
"recordings","","12058","http://purl.org/dc/terms/isReferencedBy","references","","12037","",""
"recordings","","12059","http://purl.org/dc/terms/isReferencedBy","references","","12037","",""
"recordings","","12060","http://purl.org/dc/terms/isReferencedBy","references","","12037","",""
"recordings","","12061","http://purl.org/dc/terms/isReferencedBy","references","","12037","",""
"recordings","","12062","http://purl.org/dc/terms/isReferencedBy","references","","12037","",""
"recordings","","12076","http://purl.org/dc/terms/isReferencedBy","references","","17121","",""
"recordings","","12097","http://purl.org/dc/terms/isReferencedBy","references","","17121","",""
"recordings","","12108","http://purl.org/dc/terms/isReferencedBy","references","","17121","",""
"recordings","","12109","http://purl.org/dc/terms/isReferencedBy","references","","17121","",""
"recordings","","12250","http://purl.org/dc/terms/isReferencedBy","references","","12367","",""
"recordings","","12256","http://purl.org/dc/terms/isReferencedBy","references","","12318","",""
"recordings","","12262","http://purl.org/dc/terms/isReferencedBy","references","","12299","",""
"recordings","","12265","http://purl.org/dc/terms/isReferencedBy","references","","12299","",""
"recordings","","12268","http://purl.org/dc/terms/isReferencedBy","references","","12299","",""
"recordings","","12270","http://purl.org/dc/terms/isReferencedBy","references","","12299","",""
"recordings","","12273","http://purl.org/dc/terms/isReferencedBy","references","","17121","",""
"recordings","","12305","http://purl.org/dc/terms/isReferencedBy","references","","12318","",""
"recordings","","12306","http://purl.org/dc/terms/isReferencedBy","references","","12318","",""
"recordings","","12307","http://purl.org/dc/terms/isReferencedBy","references","","12299","",""
"recordings","","12308","http://purl.org/dc/terms/isReferencedBy","references","","12288","",""
"recordings","","12309","http://purl.org/dc/terms/isReferencedBy","references","","12299","",""
"recordings","","12310","http://purl.org/dc/terms/isReferencedBy","references","","12318","",""
"recordings","","12311","http://purl.org/dc/terms/isReferencedBy","references","","12288","",""
"recordings","","12313","http://purl.org/dc/terms/isReferencedBy","references","","12288","",""
"recordings","","12361","http://purl.org/dc/terms/isReferencedBy","references","","12299","",""
"recordings","","12362","http://purl.org/dc/terms/isReferencedBy","references","","12299","",""
"recordings","","12363","http://purl.org/dc/terms/isReferencedBy","references","","12299","",""
"recordings","","12403","http://purl.org/dc/terms/isReferencedBy","references","","12402","",""
"recordings","","12408","http://purl.org/dc/terms/isReferencedBy","references","","12402","",""
"recordings","","12413","http://purl.org/dc/terms/isReferencedBy","references","","12402","",""
"recordings","","12415","http://purl.org/dc/terms/isReferencedBy","references","","12402","",""
"recordings","","12458","http://purl.org/dc/terms/isReferencedBy","references","","12479","",""
"recordings","","12459","http://purl.org/dc/terms/isReferencedBy","references","","12479","",""
"recordings","","12460","http://purl.org/dc/terms/isReferencedBy","references","","12479","",""
"recordings","","12461","http://purl.org/dc/terms/isReferencedBy","references","","12479","",""
"recordings","","12462","http://purl.org/dc/terms/isReferencedBy","references","","12479","",""
"recordings","","12463","http://purl.org/dc/terms/isReferencedBy","references","","12479","",""
"recordings","","12464","http://purl.org/dc/terms/isReferencedBy","references","","12479","",""
"recordings","","12465","http://purl.org/dc/terms/isReferencedBy","references","","12479","",""
"recordings","","12466","http://purl.org/dc/terms/isReferencedBy","references","","12479","",""
"recordings","","12467","http://purl.org/dc/terms/isReferencedBy","references","","12479","",""
"recordings","","12468","http://purl.org/dc/terms/isReferencedBy","references","","12479","",""
"recordings","","12469","http://purl.org/dc/terms/isReferencedBy","references","","12479","",""
"recordings","","12470","http://purl.org/dc/terms/isReferencedBy","references","","12479","",""
"recordings","","12471","http://purl.org/dc/terms/isReferencedBy","references","","12479","",""
"recordings","","12472","http://purl.org/dc/terms/isReferencedBy","references","","12479","",""
"recordings","","12473","http://purl.org/dc/terms/isReferencedBy","references","","12479","",""
"recordings","","12474","http://purl.org/dc/terms/isReferencedBy","references","","12479","",""
"recordings","","12475","http://purl.org/dc/terms/isReferencedBy","references","","12479","",""
"recordings","","12476","http://purl.org/dc/terms/isReferencedBy","references","","12479","",""
"recordings","","12477","http://purl.org/dc/terms/isReferencedBy","references","","12479","",""
"recordings","","12478","http://purl.org/dc/terms/isReferencedBy","references","","12479","",""
"recordings","","12480","http://purl.org/dc/terms/isReferencedBy","references","","12479","",""
"recordings","","12481","http://purl.org/dc/terms/isReferencedBy","references","","12479","",""
"recordings","","12482","http://purl.org/dc/terms/isReferencedBy","references","","12479","",""
"recordings","","12483","http://purl.org/dc/terms/isReferencedBy","references","","12479","",""
"recordings","","12484","http://purl.org/dc/terms/isReferencedBy","references","","12479","",""
"recordings","","12485","http://purl.org/dc/terms/isReferencedBy","references","","12479","",""
"recordings","","12486","http://purl.org/dc/terms/isReferencedBy","references","","12479","",""
"recordings","","12487","http://purl.org/dc/terms/isReferencedBy","references","","12479","",""
"recordings","","12489","http://purl.org/dc/terms/isReferencedBy","references","","12479","",""
"recordings","","12490","http://purl.org/dc/terms/isReferencedBy","references","","12479","",""
"recordings","","12491","http://purl.org/dc/terms/isReferencedBy","references","","12479","",""
"recordings","","12492","http://purl.org/dc/terms/isReferencedBy","references","","12479","",""
"recordings","","12493","http://purl.org/dc/terms/isReferencedBy","references","","12479","",""
"recordings","","12494","http://purl.org/dc/terms/isReferencedBy","references","","12479","",""
"recordings","","12495","http://purl.org/dc/terms/isReferencedBy","references","","12479","",""
"recordings","","12496","http://purl.org/dc/terms/isReferencedBy","references","","12479","",""
"recordings","","12497","http://purl.org/dc/terms/isReferencedBy","references","","12479","",""
"recordings","","12498","http://purl.org/dc/terms/isReferencedBy","references","","12479","",""
"recordings","","12500","http://purl.org/dc/terms/isReferencedBy","references","","12479","",""
"recordings","","12501","http://purl.org/dc/terms/isReferencedBy","references","","12479","",""
"recordings","","12502","http://purl.org/dc/terms/isReferencedBy","references","","12479","",""
"recordings","","12503","http://purl.org/dc/terms/isReferencedBy","references","","12479","",""
"recordings","","12504","http://purl.org/dc/terms/isReferencedBy","references","","12479","",""
"recordings","","12505","http://purl.org/dc/terms/isReferencedBy","references","","12479","",""
"recordings","","12506","http://purl.org/dc/terms/isReferencedBy","references","","12479","",""
"recordings","","12507","http://purl.org/dc/terms/isReferencedBy","references","","12479","",""
"recordings","","12508","http://purl.org/dc/terms/isReferencedBy","references","","12479","",""
"recordings","","12509","http://purl.org/dc/terms/isReferencedBy","references","","12479","",""
"recordings","","12510","http://purl.org/dc/terms/isReferencedBy","references","","12479","",""
"recordings","","12511","http://purl.org/dc/terms/isReferencedBy","references","","12479","",""
"recordings","","12512","http://purl.org/dc/terms/isReferencedBy","references","","12479","",""
"recordings","","12513","http://purl.org/dc/terms/isReferencedBy","references","","12479","",""
"recordings","","12514","http://purl.org/dc/terms/isReferencedBy","references","","12479","",""
"recordings","","12515","http://purl.org/dc/terms/isReferencedBy","references","","12479","",""
"recordings","","12516","http://purl.org/dc/terms/isReferencedBy","references","","12479","",""
"recordings","","12517","http://purl.org/dc/terms/isReferencedBy","references","","12479","",""
"recordings","","12518","http://purl.org/dc/terms/isReferencedBy","references","","12479","",""
"recordings","","12520","http://purl.org/dc/terms/isReferencedBy","references","","12479","",""
"recordings","","12521","http://purl.org/dc/terms/isReferencedBy","references","","12479","",""
"recordings","","12522","http://purl.org/dc/terms/isReferencedBy","references","","12479","",""
"recordings","","12523","http://purl.org/dc/terms/isReferencedBy","references","","12479","",""
"recordings","","12524","http://purl.org/dc/terms/isReferencedBy","references","","12479","",""
"recordings","","12525","http://purl.org/dc/terms/isReferencedBy","references","","12479","",""
"recordings","","12526","http://purl.org/dc/terms/isReferencedBy","references","","12479","",""
"recordings","","12527","http://purl.org/dc/terms/isReferencedBy","references","","12479","",""
"recordings","","12528","http://purl.org/dc/terms/isReferencedBy","references","","12479","",""
"recordings","","12529","http://purl.org/dc/terms/isReferencedBy","references","","12479","",""
"recordings","","12530","http://purl.org/dc/terms/isReferencedBy","references","","12479","",""
"recordings","","12531","http://purl.org/dc/terms/isReferencedBy","references","","12479","",""
"recordings","","12532","http://purl.org/dc/terms/isReferencedBy","references","","12479","",""
"recordings","","12533","http://purl.org/dc/terms/isReferencedBy","references","","12479","",""
"recordings","","12534","http://purl.org/dc/terms/isReferencedBy","references","","12479","",""
"recordings","","12535","http://purl.org/dc/terms/isReferencedBy","references","","12479","",""
"recordings","","12536","http://purl.org/dc/terms/isReferencedBy","references","","12479","",""
"recordings","","12537","http://purl.org/dc/terms/isReferencedBy","references","","12479","",""
"recordings","","12538","http://purl.org/dc/terms/isReferencedBy","references","","12479","",""
"recordings","","12539","http://purl.org/dc/terms/isReferencedBy","references","","12479","",""
"recordings","","12540","http://purl.org/dc/terms/isReferencedBy","references","","12479","",""
"recordings","","12542","http://purl.org/dc/terms/isReferencedBy","references","","12479","",""
"recordings","","12543","http://purl.org/dc/terms/isReferencedBy","references","","12479","",""
"recordings","","12544","http://purl.org/dc/terms/isReferencedBy","references","","12479","",""
"recordings","","12545","http://purl.org/dc/terms/isReferencedBy","references","","12479","",""
"recordings","","12546","http://purl.org/dc/terms/isReferencedBy","references","","12479","",""
"recordings","","12547","http://purl.org/dc/terms/isReferencedBy","references","","12479","",""
"recordings","","12548","http://purl.org/dc/terms/isReferencedBy","references","","12479","",""
"recordings","","12549","http://purl.org/dc/terms/isReferencedBy","references","","12479","",""
"recordings","","12550","http://purl.org/dc/terms/isReferencedBy","references","","12479","",""
"recordings","","12551","http://purl.org/dc/terms/isReferencedBy","references","","12479","",""
"recordings","","12552","http://purl.org/dc/terms/isReferencedBy","references","","12479","",""
"recordings","","12553","http://purl.org/dc/terms/isReferencedBy","references","","12479","",""
"recordings","","12554","http://purl.org/dc/terms/isReferencedBy","references","","12479","",""
"recordings","","12555","http://purl.org/dc/terms/isReferencedBy","references","","12479","",""
"recordings","","12556","http://purl.org/dc/terms/isReferencedBy","references","","12479","",""
"recordings","","12557","http://purl.org/dc/terms/isReferencedBy","references","","12479","",""
"recordings","","12558","http://purl.org/dc/terms/isReferencedBy","references","","12479","",""
"recordings","","12559","http://purl.org/dc/terms/isReferencedBy","references","","12479","",""
"recordings","","12560","http://purl.org/dc/terms/isReferencedBy","references","","12479","",""
"recordings","","12561","http://purl.org/dc/terms/isReferencedBy","references","","12479","",""
"recordings","","12562","http://purl.org/dc/terms/isReferencedBy","references","","12479","",""
"recordings","","12563","http://purl.org/dc/terms/isReferencedBy","references","","12479","",""
"recordings","","12564","http://purl.org/dc/terms/isReferencedBy","references","","12479","",""
"recordings","","12565","http://purl.org/dc/terms/isReferencedBy","references","","12479","",""
"recordings","","12566","http://purl.org/dc/terms/isReferencedBy","references","","12479","",""
"recordings","","12567","http://purl.org/dc/terms/isReferencedBy","references","","12479","",""
"recordings","","12568","http://purl.org/dc/terms/isReferencedBy","references","","12479","",""
"recordings","","12569","http://purl.org/dc/terms/isReferencedBy","references","","12479","",""
"recordings","","12570","http://purl.org/dc/terms/isReferencedBy","references","","12479","",""
"recordings","","12571","http://purl.org/dc/terms/isReferencedBy","references","","12479","",""
"recordings","","12572","http://purl.org/dc/terms/isReferencedBy","references","","12479","",""
"recordings","","12573","http://purl.org/dc/terms/isReferencedBy","references","","12479","",""
"recordings","","12585","http://purl.org/dc/terms/isReferencedBy","references","","17121","",""
"recordings","","12612","http://purl.org/dc/terms/isReferencedBy","references","","17121","",""
"recordings","","12672","http://purl.org/dc/terms/isReferencedBy","references","","17121","",""
"recordings","","12722","http://purl.org/dc/terms/isReferencedBy","references","","17121","",""
"recordings","","12757","http://purl.org/dc/terms/isReferencedBy","references","","17121","",""
"recordings","","12758","http://purl.org/dc/terms/isReferencedBy","references","","17121","",""
"recordings","","12773","http://purl.org/dc/terms/isReferencedBy","references","","17121","",""
"recordings","","12774","http://purl.org/dc/terms/isReferencedBy","references","","17121","",""
"recordings","","12812","http://purl.org/dc/terms/isReferencedBy","references","","17121","",""
"recordings","","12861","http://purl.org/dc/terms/isReferencedBy","references","","17121","",""
"recordings","","12862","http://purl.org/dc/terms/isReferencedBy","references","","17121","",""
"recordings","","12905","http://purl.org/dc/terms/isReferencedBy","references","","12945","",""
"recordings","","12906","http://purl.org/dc/terms/isReferencedBy","references","","12945","",""
"recordings","","12907","http://purl.org/dc/terms/isReferencedBy","references","","12945","",""
"recordings","","12908","http://purl.org/dc/terms/isReferencedBy","references","","12945","",""
"recordings","","12909","http://purl.org/dc/terms/isReferencedBy","references","","12945","",""
"recordings","","12910","http://purl.org/dc/terms/isReferencedBy","references","","12945","",""
"recordings","","12911","http://purl.org/dc/terms/isReferencedBy","references","","12945","",""
"recordings","","12912","http://purl.org/dc/terms/isReferencedBy","references","","12945","",""
"recordings","","12913","http://purl.org/dc/terms/isReferencedBy","references","","12945","",""
"recordings","","12914","http://purl.org/dc/terms/isReferencedBy","references","","12945","",""
"recordings","","12915","http://purl.org/dc/terms/isReferencedBy","references","","12945","",""
"recordings","","12916","http://purl.org/dc/terms/isReferencedBy","references","","12945","",""
"recordings","","12917","http://purl.org/dc/terms/isReferencedBy","references","","12945","",""
"recordings","","12918","http://purl.org/dc/terms/isReferencedBy","references","","12945","",""
"recordings","","12919","http://purl.org/dc/terms/isReferencedBy","references","","12945","",""
"recordings","","12920","http://purl.org/dc/terms/isReferencedBy","references","","12945","",""
"recordings","","12921","http://purl.org/dc/terms/isReferencedBy","references","","12945","",""
"recordings","","12922","http://purl.org/dc/terms/isReferencedBy","references","","12945","",""
"recordings","","12923","http://purl.org/dc/terms/isReferencedBy","references","","12945","",""
"recordings","","12924","http://purl.org/dc/terms/isReferencedBy","references","","12945","",""
"recordings","","12925","http://purl.org/dc/terms/isReferencedBy","references","","12945","",""
"recordings","","12926","http://purl.org/dc/terms/isReferencedBy","references","","12945","",""
"recordings","","12927","http://purl.org/dc/terms/isReferencedBy","references","","12945","",""
"recordings","","12928","http://purl.org/dc/terms/isReferencedBy","references","","12945","",""
"recordings","","12972","http://purl.org/dc/terms/isReferencedBy","references","","13434","",""
"recordings","","13283","http://purl.org/dc/terms/isReferencedBy","references","","12973","",""
"recordings","","13284","http://purl.org/dc/terms/isReferencedBy","references","","12973","",""
"recordings","","13285","http://purl.org/dc/terms/isReferencedBy","references","","12973","",""
"recordings","","13286","http://purl.org/dc/terms/isReferencedBy","references","","12973","",""
"recordings","","13287","http://purl.org/dc/terms/isReferencedBy","references","","12973","",""
"recordings","","13288","http://purl.org/dc/terms/isReferencedBy","references","","12973","",""
"recordings","","13289","http://purl.org/dc/terms/isReferencedBy","references","","12973","",""
"recordings","","13290","http://purl.org/dc/terms/isReferencedBy","references","","12973","",""
"recordings","","13291","http://purl.org/dc/terms/isReferencedBy","references","","12973","",""
"recordings","","13292","http://purl.org/dc/terms/isReferencedBy","references","","12973","",""
"recordings","","13293","http://purl.org/dc/terms/isReferencedBy","references","","12973","",""
"recordings","","13294","http://purl.org/dc/terms/isReferencedBy","references","","12973","",""
"recordings","","13295","http://purl.org/dc/terms/isReferencedBy","references","","12973","",""
"recordings","","13296","http://purl.org/dc/terms/isReferencedBy","references","","12973","",""
"recordings","","13297","http://purl.org/dc/terms/isReferencedBy","references","","12973","",""
"recordings","","13298","http://purl.org/dc/terms/isReferencedBy","references","","12973","",""
"recordings","","13299","http://purl.org/dc/terms/isReferencedBy","references","","12973","",""
"recordings","","13300","http://purl.org/dc/terms/isReferencedBy","references","","12973","",""
"recordings","","13301","http://purl.org/dc/terms/isReferencedBy","references","","12973","",""
"recordings","","13302","http://purl.org/dc/terms/isReferencedBy","references","","12973","",""
"recordings","","13303","http://purl.org/dc/terms/isReferencedBy","references","","12973","",""
"recordings","","13304","http://purl.org/dc/terms/isReferencedBy","references","","12973","",""
"recordings","","13305","http://purl.org/dc/terms/isReferencedBy","references","","12973","",""
"recordings","","13306","http://purl.org/dc/terms/isReferencedBy","references","","12973","",""
"recordings","","13307","http://purl.org/dc/terms/isReferencedBy","references","","12973","",""
"recordings","","13308","http://purl.org/dc/terms/isReferencedBy","references","","12973","",""
"recordings","","13309","http://purl.org/dc/terms/isReferencedBy","references","","12973","",""
"recordings","","13310","http://purl.org/dc/terms/isReferencedBy","references","","12973","",""
"recordings","","13311","http://purl.org/dc/terms/isReferencedBy","references","","12973","",""
"recordings","","13312","http://purl.org/dc/terms/isReferencedBy","references","","12973","",""
"recordings","","13313","http://purl.org/dc/terms/isReferencedBy","references","","12973","",""
"recordings","","13314","http://purl.org/dc/terms/isReferencedBy","references","","12973","",""
"recordings","","13315","http://purl.org/dc/terms/isReferencedBy","references","","12973","",""
"recordings","","13316","http://purl.org/dc/terms/isReferencedBy","references","","12973","",""
"recordings","","13317","http://purl.org/dc/terms/isReferencedBy","references","","12973","",""
"recordings","","13318","http://purl.org/dc/terms/isReferencedBy","references","","12973","",""
"recordings","","13319","http://purl.org/dc/terms/isReferencedBy","references","","12973","",""
"recordings","","13320","http://purl.org/dc/terms/isReferencedBy","references","","12973","",""
"recordings","","13321","http://purl.org/dc/terms/isReferencedBy","references","","12973","",""
"recordings","","13322","http://purl.org/dc/terms/isReferencedBy","references","","12973","",""
"recordings","","13323","http://purl.org/dc/terms/isReferencedBy","references","","12973","",""
"recordings","","13324","http://purl.org/dc/terms/isReferencedBy","references","","12973","",""
"recordings","","13325","http://purl.org/dc/terms/isReferencedBy","references","","12973","",""
"recordings","","13326","http://purl.org/dc/terms/isReferencedBy","references","","12973","",""
"recordings","","13327","http://purl.org/dc/terms/isReferencedBy","references","","12973","",""
"recordings","","13328","http://purl.org/dc/terms/isReferencedBy","references","","12973","",""
"recordings","","13329","http://purl.org/dc/terms/isReferencedBy","references","","12973","",""
"recordings","","13330","http://purl.org/dc/terms/isReferencedBy","references","","12973","",""
"recordings","","13331","http://purl.org/dc/terms/isReferencedBy","references","","12973","",""
"recordings","","13332","http://purl.org/dc/terms/isReferencedBy","references","","12973","",""
"recordings","","13333","http://purl.org/dc/terms/isReferencedBy","references","","12973","",""
"recordings","","13334","http://purl.org/dc/terms/isReferencedBy","references","","12973","",""
"recordings","","13335","http://purl.org/dc/terms/isReferencedBy","references","","12973","",""
"recordings","","13336","http://purl.org/dc/terms/isReferencedBy","references","","12973","",""
"recordings","","13337","http://purl.org/dc/terms/isReferencedBy","references","","12973","",""
"recordings","","13338","http://purl.org/dc/terms/isReferencedBy","references","","12973","",""
"recordings","","13339","http://purl.org/dc/terms/isReferencedBy","references","","12973","",""
"recordings","","13340","http://purl.org/dc/terms/isReferencedBy","references","","12973","",""
"recordings","","13341","http://purl.org/dc/terms/isReferencedBy","references","","12973","",""
"recordings","","13342","http://purl.org/dc/terms/isReferencedBy","references","","12973","",""
"recordings","","13343","http://purl.org/dc/terms/isReferencedBy","references","","12973","",""
"recordings","","13344","http://purl.org/dc/terms/isReferencedBy","references","","12973","",""
"recordings","","13345","http://purl.org/dc/terms/isReferencedBy","references","","12973","",""
"recordings","","13346","http://purl.org/dc/terms/isReferencedBy","references","","12973","",""
"recordings","","13347","http://purl.org/dc/terms/isReferencedBy","references","","12973","",""
"recordings","","13348","http://purl.org/dc/terms/isReferencedBy","references","","12973","",""
"recordings","","13349","http://purl.org/dc/terms/isReferencedBy","references","","12973","",""
"recordings","","13350","http://purl.org/dc/terms/isReferencedBy","references","","12973","",""
"recordings","","13351","http://purl.org/dc/terms/isReferencedBy","references","","12973","",""
"recordings","","13352","http://purl.org/dc/terms/isReferencedBy","references","","12973","",""
"recordings","","13353","http://purl.org/dc/terms/isReferencedBy","references","","12973","",""
"recordings","","13354","http://purl.org/dc/terms/isReferencedBy","references","","12973","",""
"recordings","","13355","http://purl.org/dc/terms/isReferencedBy","references","","12973","",""
"recordings","","13356","http://purl.org/dc/terms/isReferencedBy","references","","12973","",""
"recordings","","13357","http://purl.org/dc/terms/isReferencedBy","references","","12973","",""
"recordings","","13358","http://purl.org/dc/terms/isReferencedBy","references","","12973","",""
"recordings","","13359","http://purl.org/dc/terms/isReferencedBy","references","","12973","",""
"recordings","","13360","http://purl.org/dc/terms/isReferencedBy","references","","12973","",""
"recordings","","13361","http://purl.org/dc/terms/isReferencedBy","references","","12973","",""
"recordings","","13362","http://purl.org/dc/terms/isReferencedBy","references","","12973","",""
"recordings","","13363","http://purl.org/dc/terms/isReferencedBy","references","","12973","",""
"recordings","","13364","http://purl.org/dc/terms/isReferencedBy","references","","12973","",""
"recordings","","13365","http://purl.org/dc/terms/isReferencedBy","references","","12973","",""
"recordings","","13365","http://purl.org/dc/terms/isReferencedBy","references","","13531","",""
"recordings","","13366","http://purl.org/dc/terms/isReferencedBy","references","","12973","",""
"recordings","","13367","http://purl.org/dc/terms/isReferencedBy","references","","12973","",""
"recordings","","13368","http://purl.org/dc/terms/isReferencedBy","references","","12973","",""
"recordings","","13369","http://purl.org/dc/terms/isReferencedBy","references","","12973","",""
"recordings","","13370","http://purl.org/dc/terms/isReferencedBy","references","","12973","",""
"recordings","","13371","http://purl.org/dc/terms/isReferencedBy","references","","12973","",""
"recordings","","13372","http://purl.org/dc/terms/isReferencedBy","references","","12973","",""
"recordings","","13373","http://purl.org/dc/terms/isReferencedBy","references","","12973","",""
"recordings","","13374","http://purl.org/dc/terms/isReferencedBy","references","","12973","",""
"recordings","","13375","http://purl.org/dc/terms/isReferencedBy","references","","12973","",""
"recordings","","13376","http://purl.org/dc/terms/isReferencedBy","references","","12973","",""
"recordings","","13377","http://purl.org/dc/terms/isReferencedBy","references","","12973","",""
"recordings","","13378","http://purl.org/dc/terms/isReferencedBy","references","","12973","",""
"recordings","","13379","http://purl.org/dc/terms/isReferencedBy","references","","12973","",""
"recordings","","13380","http://purl.org/dc/terms/isReferencedBy","references","","12973","",""
"recordings","","13381","http://purl.org/dc/terms/isReferencedBy","references","","12973","",""
"recordings","","13382","http://purl.org/dc/terms/isReferencedBy","references","","12973","",""
"recordings","","13383","http://purl.org/dc/terms/isReferencedBy","references","","12973","",""
"recordings","","13384","http://purl.org/dc/terms/isReferencedBy","references","","12973","",""
"recordings","","13385","http://purl.org/dc/terms/isReferencedBy","references","","12973","",""
"recordings","","13386","http://purl.org/dc/terms/isReferencedBy","references","","12973","",""
"recordings","","13387","http://purl.org/dc/terms/isReferencedBy","references","","12973","",""
"recordings","","13388","http://purl.org/dc/terms/isReferencedBy","references","","12973","",""
"recordings","","13445","http://purl.org/dc/terms/isReferencedBy","references","","17121","",""
"recordings","","13454","http://purl.org/dc/terms/isReferencedBy","references","","17121","",""
"recordings","","13528","http://purl.org/dc/terms/isReferencedBy","references","","17121","",""
"recordings","","13534","http://purl.org/dc/terms/isReferencedBy","references","","13531","",""
"recordings","","13536","http://purl.org/dc/terms/isReferencedBy","references","","13531","",""
"recordings","","13538","http://purl.org/dc/terms/isReferencedBy","references","","13531","",""
"recordings","","13540","http://purl.org/dc/terms/isReferencedBy","references","","13531","",""
"recordings","","13605","http://purl.org/dc/terms/isReferencedBy","references","","17121","",""
"recordings","","13629","http://purl.org/dc/terms/isReferencedBy","references","","47750","",""
"recordings","","13630","http://purl.org/dc/terms/isReferencedBy","references","","47750","",""
"recordings","","13631","http://purl.org/dc/terms/isReferencedBy","references","","47750","",""
"recordings","","15216","http://purl.org/dc/terms/isReferencedBy","references","","15201","",""
"recordings","","15217","http://purl.org/dc/terms/isReferencedBy","references","","15201","",""
"recordings","","15219","http://purl.org/dc/terms/isReferencedBy","references","","15202","",""
"recordings","","15220","http://purl.org/dc/terms/isReferencedBy","references","","15202","",""
"recordings","","15221","http://purl.org/dc/terms/isReferencedBy","references","","15202","",""
"recordings","","15223","http://purl.org/dc/terms/isReferencedBy","references","","15200","",""
"recordings","","15224","http://purl.org/dc/terms/isReferencedBy","references","","15200","",""
"recordings","","15225","http://purl.org/dc/terms/isReferencedBy","references","","15200","",""
"recordings","","15226","http://purl.org/dc/terms/isReferencedBy","references","","15200","",""
"recordings","","15227","http://purl.org/dc/terms/isReferencedBy","references","","15200","",""
"recordings","","15228","http://purl.org/dc/terms/isReferencedBy","references","","15200","",""
"recordings","","15229","http://purl.org/dc/terms/isReferencedBy","references","","15200","",""
"recordings","","15230","http://purl.org/dc/terms/isReferencedBy","references","","15200","",""
"recordings","","15231","http://purl.org/dc/terms/isReferencedBy","references","","15200","",""
"recordings","","15232","http://purl.org/dc/terms/isReferencedBy","references","","15200","",""
"recordings","","15233","http://purl.org/dc/terms/isReferencedBy","references","","15200","",""
"recordings","","15262","http://purl.org/dc/terms/isReferencedBy","references","","15234","",""
"recordings","","15263","http://purl.org/dc/terms/isReferencedBy","references","","15234","",""
"recordings","","15351","http://purl.org/dc/terms/isReferencedBy","references","","13789","",""
"recordings","","15352","http://purl.org/dc/terms/isReferencedBy","references","","13789","",""
"recordings","","15357","http://purl.org/dc/terms/isReferencedBy","references","","13789","",""
"recordings","","15372","http://purl.org/dc/terms/isReferencedBy","references","","17121","",""
"recordings","","15373","http://purl.org/dc/terms/isReferencedBy","references","","17121","",""
"recordings","","15375","http://purl.org/dc/terms/isReferencedBy","references","","17121","",""
"recordings","","15376","http://purl.org/dc/terms/isReferencedBy","references","","17121","",""
"recordings","","15377","http://purl.org/dc/terms/isReferencedBy","references","","17121","",""
"recordings","","15378","http://purl.org/dc/terms/isReferencedBy","references","","17121","",""
"recordings","","15379","http://purl.org/dc/terms/isReferencedBy","references","","17121","",""
"recordings","","15380","http://purl.org/dc/terms/isReferencedBy","references","","17121","",""
"recordings","","16653","http://purl.org/dc/terms/isReferencedBy","references","","16650","",""
"recordings","","16655","http://purl.org/dc/terms/isReferencedBy","references","","16650","",""
"recordings","","16658","http://purl.org/dc/terms/isReferencedBy","references","","16650","",""
"recordings","","16661","http://purl.org/dc/terms/isReferencedBy","references","","16650","",""
"recordings","","16664","http://purl.org/dc/terms/isReferencedBy","references","","16650","",""
"recordings","","16668","http://purl.org/dc/terms/isReferencedBy","references","","16650","",""
"recordings","","16671","http://purl.org/dc/terms/isReferencedBy","references","","16650","",""
"recordings","","16840","http://purl.org/dc/terms/isReferencedBy","references","","16839","",""
"recordings","","16841","http://purl.org/dc/terms/isReferencedBy","references","","16839","",""
"recordings","","16842","http://purl.org/dc/terms/isReferencedBy","references","","16839","",""
"recordings","","16843","http://purl.org/dc/terms/isReferencedBy","references","","16839","",""
"recordings","","16844","http://purl.org/dc/terms/isReferencedBy","references","","16839","",""
"recordings","","16845","http://purl.org/dc/terms/isReferencedBy","references","","16839","",""
"recordings","","16846","http://purl.org/dc/terms/isReferencedBy","references","","16839","",""
"recordings","","16847","http://purl.org/dc/terms/isReferencedBy","references","","16839","",""
"recordings","","16848","http://purl.org/dc/terms/isReferencedBy","references","","16839","",""
"recordings","","16849","http://purl.org/dc/terms/isReferencedBy","references","","16839","",""
"recordings","","16850","http://purl.org/dc/terms/isReferencedBy","references","","16839","",""
"recordings","","16851","http://purl.org/dc/terms/isReferencedBy","references","","16839","",""
"recordings","","16852","http://purl.org/dc/terms/isReferencedBy","references","","16839","",""
"recordings","","16853","http://purl.org/dc/terms/isReferencedBy","references","","16839","",""
"recordings","","16854","http://purl.org/dc/terms/isReferencedBy","references","","16839","",""
"recordings","","16855","http://purl.org/dc/terms/isReferencedBy","references","","16839","",""
"recordings","","16856","http://purl.org/dc/terms/isReferencedBy","references","","16839","",""
"recordings","","16857","http://purl.org/dc/terms/isReferencedBy","references","","16839","",""
"recordings","","16858","http://purl.org/dc/terms/isReferencedBy","references","","16839","",""
"recordings","","16905","http://purl.org/dc/terms/isReferencedBy","references","","16839","",""
"recordings","","16906","http://purl.org/dc/terms/isReferencedBy","references","","16839","",""
"recordings","","16907","http://purl.org/dc/terms/isReferencedBy","references","","16839","",""
"recordings","","16908","http://purl.org/dc/terms/isReferencedBy","references","","16839","",""
"recordings","","16909","http://purl.org/dc/terms/isReferencedBy","references","","16839","",""
"recordings","","16910","http://purl.org/dc/terms/isReferencedBy","references","","16839","",""
"recordings","","16911","http://purl.org/dc/terms/isReferencedBy","references","","16839","",""
"recordings","","16912","http://purl.org/dc/terms/isReferencedBy","references","","16839","",""
"recordings","","16913","http://purl.org/dc/terms/isReferencedBy","references","","16839","",""
"recordings","","16914","http://purl.org/dc/terms/isReferencedBy","references","","16839","",""
"recordings","","16915","http://purl.org/dc/terms/isReferencedBy","references","","16839","",""
"recordings","","16916","http://purl.org/dc/terms/isReferencedBy","references","","16839","",""
"recordings","","16917","http://purl.org/dc/terms/isReferencedBy","references","","16839","",""
"recordings","","16918","http://purl.org/dc/terms/isReferencedBy","references","","16839","",""
"recordings","","16919","http://purl.org/dc/terms/isReferencedBy","references","","16839","",""
"recordings","","16920","http://purl.org/dc/terms/isReferencedBy","references","","16839","",""
"recordings","","16921","http://purl.org/dc/terms/isReferencedBy","references","","16839","",""
"recordings","","16922","http://purl.org/dc/terms/isReferencedBy","references","","16839","",""
"recordings","","16923","http://purl.org/dc/terms/isReferencedBy","references","","16839","",""
"recordings","","16924","http://purl.org/dc/terms/isReferencedBy","references","","16839","",""
"recordings","","16925","http://purl.org/dc/terms/isReferencedBy","references","","16839","",""
"recordings","","16926","http://purl.org/dc/terms/isReferencedBy","references","","16839","",""
"recordings","","16927","http://purl.org/dc/terms/isReferencedBy","references","","16839","",""
"recordings","","16928","http://purl.org/dc/terms/isReferencedBy","references","","16839","",""
"recordings","","16929","http://purl.org/dc/terms/isReferencedBy","references","","16839","",""
"recordings","","16930","http://purl.org/dc/terms/isReferencedBy","references","","16839","",""
"recordings","","16931","http://purl.org/dc/terms/isReferencedBy","references","","16839","",""
"recordings","","16932","http://purl.org/dc/terms/isReferencedBy","references","","16839","",""
"recordings","","16933","http://purl.org/dc/terms/isReferencedBy","references","","16839","",""
"recordings","","16934","http://purl.org/dc/terms/isReferencedBy","references","","16839","",""
"recordings","","16935","http://purl.org/dc/terms/isReferencedBy","references","","16839","",""
"recordings","","16936","http://purl.org/dc/terms/isReferencedBy","references","","16839","",""
"recordings","","16937","http://purl.org/dc/terms/isReferencedBy","references","","16839","",""
"recordings","","16938","http://purl.org/dc/terms/isReferencedBy","references","","16839","",""
"recordings","","16939","http://purl.org/dc/terms/isReferencedBy","references","","16839","",""
"recordings","","16940","http://purl.org/dc/terms/isReferencedBy","references","","16839","",""
"recordings","","16941","http://purl.org/dc/terms/isReferencedBy","references","","16839","",""
"recordings","","16942","http://purl.org/dc/terms/isReferencedBy","references","","16839","",""
"recordings","","16943","http://purl.org/dc/terms/isReferencedBy","references","","16839","",""
"recordings","","16944","http://purl.org/dc/terms/isReferencedBy","references","","16839","",""
"recordings","","16945","http://purl.org/dc/terms/isReferencedBy","references","","16839","",""
"recordings","","16946","http://purl.org/dc/terms/isReferencedBy","references","","16839","",""
"recordings","","16947","http://purl.org/dc/terms/isReferencedBy","references","","16839","",""
"recordings","","16948","http://purl.org/dc/terms/isReferencedBy","references","","16839","",""
"recordings","","16949","http://purl.org/dc/terms/isReferencedBy","references","","16839","",""
"recordings","","16950","http://purl.org/dc/terms/isReferencedBy","references","","16839","",""
"recordings","","16951","http://purl.org/dc/terms/isReferencedBy","references","","16839","",""
"recordings","","17120","http://purl.org/dc/terms/isReferencedBy","references","","17121","",""
"recordings","","17125","http://purl.org/dc/terms/isReferencedBy","references","","17122","",""
"recordings","","17128","http://purl.org/dc/terms/isReferencedBy","references","","17122","",""
"recordings","","17131","http://purl.org/dc/terms/isReferencedBy","references","","17122","",""
"recordings","","17134","http://purl.org/dc/terms/isReferencedBy","references","","17122","",""
"recordings","","17137","http://purl.org/dc/terms/isReferencedBy","references","","17122","",""
"recordings","","17140","http://purl.org/dc/terms/isReferencedBy","references","","17122","",""
"recordings","","17143","http://purl.org/dc/terms/isReferencedBy","references","","17122","",""
"recordings","","17146","http://purl.org/dc/terms/isReferencedBy","references","","17122","",""
"recordings","","17149","http://purl.org/dc/terms/isReferencedBy","references","","17122","",""
"recordings","","17152","http://purl.org/dc/terms/isReferencedBy","references","","17122","",""
"recordings","","17155","http://purl.org/dc/terms/isReferencedBy","references","","17122","",""
"recordings","","17180","http://purl.org/dc/terms/isReferencedBy","references","","17179","",""
"recordings","","17181","http://purl.org/dc/terms/isReferencedBy","references","","17179","",""
"recordings","","17182","http://purl.org/dc/terms/isReferencedBy","references","","17179","",""
"recordings","","17183","http://purl.org/dc/terms/isReferencedBy","references","","17179","",""
"recordings","","17184","http://purl.org/dc/terms/isReferencedBy","references","","17179","",""
"recordings","","17185","http://purl.org/dc/terms/isReferencedBy","references","","17179","",""
"recordings","","17186","http://purl.org/dc/terms/isReferencedBy","references","","17179","",""
"recordings","","17187","http://purl.org/dc/terms/isReferencedBy","references","","17179","",""
"recordings","","17188","http://purl.org/dc/terms/isReferencedBy","references","","17179","",""
"recordings","","17189","http://purl.org/dc/terms/isReferencedBy","references","","17179","",""
"recordings","","17190","http://purl.org/dc/terms/isReferencedBy","references","","17179","",""
"recordings","","17191","http://purl.org/dc/terms/isReferencedBy","references","","17179","",""
"recordings","","17192","http://purl.org/dc/terms/isReferencedBy","references","","17179","",""
"recordings","","17193","http://purl.org/dc/terms/isReferencedBy","references","","17179","",""
"recordings","","17194","http://purl.org/dc/terms/isReferencedBy","references","","17179","",""
"recordings","","17195","http://purl.org/dc/terms/isReferencedBy","references","","17179","",""
"recordings","","17196","http://purl.org/dc/terms/isReferencedBy","references","","17179","",""
"recordings","","17271","http://purl.org/dc/terms/isReferencedBy","references","","17270","",""
"recordings","","17272","http://purl.org/dc/terms/isReferencedBy","references","","17270","",""
"recordings","","17273","http://purl.org/dc/terms/isReferencedBy","references","","17270","",""
"recordings","","17285","http://purl.org/dc/terms/isReferencedBy","references","","17179","",""
"recordings","","17286","http://purl.org/dc/terms/isReferencedBy","references","","17179","",""
"recordings","","17287","http://purl.org/dc/terms/isReferencedBy","references","","17179","",""
"recordings","","17288","http://purl.org/dc/terms/isReferencedBy","references","","17179","",""
"recordings","","17289","http://purl.org/dc/terms/isReferencedBy","references","","17179","",""
"recordings","","17290","http://purl.org/dc/terms/isReferencedBy","references","","17179","",""
"recordings","","17294","http://purl.org/dc/terms/isReferencedBy","references","","17179","",""
"recordings","","17295","http://purl.org/dc/terms/isReferencedBy","references","","17179","",""
"recordings","","17296","http://purl.org/dc/terms/isReferencedBy","references","","17179","",""
"recordings","","17297","http://purl.org/dc/terms/isReferencedBy","references","","17179","",""
"recordings","","17298","http://purl.org/dc/terms/isReferencedBy","references","","17179","",""
"recordings","","17299","http://purl.org/dc/terms/isReferencedBy","references","","17179","",""
"recordings","","17300","http://purl.org/dc/terms/isReferencedBy","references","","17179","",""
"recordings","","17301","http://purl.org/dc/terms/isReferencedBy","references","","17179","",""
"recordings","","17302","http://purl.org/dc/terms/isReferencedBy","references","","17179","",""
"recordings","","17303","http://purl.org/dc/terms/isReferencedBy","references","","17179","",""
"recordings","","17304","http://purl.org/dc/terms/isReferencedBy","references","","17179","",""
"recordings","","17305","http://purl.org/dc/terms/isReferencedBy","references","","17179","",""
"recordings","","17306","http://purl.org/dc/terms/isReferencedBy","references","","17179","",""
"recordings","","17307","http://purl.org/dc/terms/isReferencedBy","references","","17179","",""
"recordings","","17308","http://purl.org/dc/terms/isReferencedBy","references","","17179","",""
"recordings","","17309","http://purl.org/dc/terms/isReferencedBy","references","","17179","",""
"recordings","","17310","http://purl.org/dc/terms/isReferencedBy","references","","17179","",""
"recordings","","17311","http://purl.org/dc/terms/isReferencedBy","references","","17179","",""
"recordings","","17312","http://purl.org/dc/terms/isReferencedBy","references","","17179","",""
"recordings","","17313","http://purl.org/dc/terms/isReferencedBy","references","","17179","",""
"recordings","","17314","http://purl.org/dc/terms/isReferencedBy","references","","17179","",""
"recordings","","47914","http://purl.org/dc/terms/isReferencedBy","references","","47817","",""
"recordings","","48041","http://purl.org/dc/terms/isReferencedBy","references","","47886","",""
"recordings","","48043","http://purl.org/dc/terms/isReferencedBy","references","","47886","",""
"recordings","","48045","http://purl.org/dc/terms/isReferencedBy","references","","47886","",""
"recordings","","48047","http://purl.org/dc/terms/isReferencedBy","references","","47886","",""
"recordings","","48049","http://purl.org/dc/terms/isReferencedBy","references","","47886","",""
"recordings","","48051","http://purl.org/dc/terms/isReferencedBy","references","","47886","",""
"recordings","","48053","http://purl.org/dc/terms/isReferencedBy","references","","47886","",""
"recordings","","48055","http://purl.org/dc/terms/isReferencedBy","references","","47886","",""
"recordings","","48057","http://purl.org/dc/terms/isReferencedBy","references","","47886","",""
"recordings","","48059","http://purl.org/dc/terms/isReferencedBy","references","","47886","",""
"recordings","","48061","http://purl.org/dc/terms/isReferencedBy","references","","47886","",""
"recordings","","48063","http://purl.org/dc/terms/isReferencedBy","references","","47886","",""
"recordings","","48065","http://purl.org/dc/terms/isReferencedBy","references","","47886","",""
"recordings","","48067","http://purl.org/dc/terms/isReferencedBy","references","","47886","",""
"recordings","","48069","http://purl.org/dc/terms/isReferencedBy","references","","47886","",""
"recordings","","48071","http://purl.org/dc/terms/isReferencedBy","references","","47886","",""
"recordings","","48073","http://purl.org/dc/terms/isReferencedBy","references","","47886","",""
"recordings","","48075","http://purl.org/dc/terms/isReferencedBy","references","","47886","",""
"recordings","","48077","http://purl.org/dc/terms/isReferencedBy","references","","47886","",""
"recordings","","48079","http://purl.org/dc/terms/isReferencedBy","references","","47886","",""
"recordings","","48081","http://purl.org/dc/terms/isReferencedBy","references","","47886","",""
"recordings","","48083","http://purl.org/dc/terms/isReferencedBy","references","","47886","",""
"recordings","","48085","http://purl.org/dc/terms/isReferencedBy","references","","47886","",""
"recordings","","48087","http://purl.org/dc/terms/isReferencedBy","references","","47886","",""
"recordings","","48089","http://purl.org/dc/terms/isReferencedBy","references","","47886","",""
"recordings","","48091","http://purl.org/dc/terms/isReferencedBy","references","","47886","",""
"recordings","","48093","http://purl.org/dc/terms/isReferencedBy","references","","47886","",""
"recordings","","48095","http://purl.org/dc/terms/isReferencedBy","references","","47886","",""
"recordings","","48097","http://purl.org/dc/terms/isReferencedBy","references","","47886","",""
"recordings","","48099","http://purl.org/dc/terms/isReferencedBy","references","","47886","",""
"recordings","","48101","http://purl.org/dc/terms/isReferencedBy","references","","47886","",""
"recordings","","48104","http://purl.org/dc/terms/isReferencedBy","references","","47886","",""
"recordings","","48105","http://purl.org/dc/terms/isReferencedBy","references","","47886","",""
"recordings","","48107","http://purl.org/dc/terms/isReferencedBy","references","","47886","",""
"recordings","","48109","http://purl.org/dc/terms/isReferencedBy","references","","47886","",""
"recordings","","48111","http://purl.org/dc/terms/isReferencedBy","references","","47886","",""
"recordings","","48113","http://purl.org/dc/terms/isReferencedBy","references","","47886","",""
"recordings","","48115","http://purl.org/dc/terms/isReferencedBy","references","","47886","",""
"recordings","","48117","http://purl.org/dc/terms/isReferencedBy","references","","47886","",""
"recordings","","48119","http://purl.org/dc/terms/isReferencedBy","references","","47886","",""
"recordings","","48121","http://purl.org/dc/terms/isReferencedBy","references","","47886","",""
"recordings","","50714","http://purl.org/dc/terms/isReferencedBy","references","","50713","",""
"recordings","","52769","http://purl.org/dc/terms/isReferencedBy","references","","52768","",""
"recordings","","52868","http://purl.org/dc/terms/isReferencedBy","references","","51466","",""
"recordings","","52870","http://purl.org/dc/terms/isReferencedBy","references","","51466","",""
"recordings","","52871","http://purl.org/dc/terms/isReferencedBy","references","","51466","",""
"recordings","","52872","http://purl.org/dc/terms/isReferencedBy","references","","51466","",""
"recordings","","52887","http://purl.org/dc/terms/isReferencedBy","references","","51466","",""
"recordings","","52889","http://purl.org/dc/terms/isReferencedBy","references","","51466","",""
"recordings","","52890","http://purl.org/dc/terms/isReferencedBy","references","","51466","",""
"recordings","","52891","http://purl.org/dc/terms/isReferencedBy","references","","51466","",""
"recordings","","52892","http://purl.org/dc/terms/isReferencedBy","references","","51466","",""
"recordings","","52893","http://purl.org/dc/terms/isReferencedBy","references","","51466","",""
"recordings","","52894","http://purl.org/dc/terms/isReferencedBy","references","","51466","",""
"recordings","","52895","http://purl.org/dc/terms/isReferencedBy","references","","51466","",""
"recordings","","52896","http://purl.org/dc/terms/isReferencedBy","references","","51466","",""
"recordings","","52897","http://purl.org/dc/terms/isReferencedBy","references","","51466","",""
"recordings","","52898","http://purl.org/dc/terms/isReferencedBy","references","","51466","",""
"recordings","","52899","http://purl.org/dc/terms/isReferencedBy","references","","51466","",""
"recordings","","52900","http://purl.org/dc/terms/isReferencedBy","references","","51466","",""
"recordings","","52901","http://purl.org/dc/terms/isReferencedBy","references","","51466","",""
"recordings","","52902","http://purl.org/dc/terms/isReferencedBy","references","","51466","",""
"recordings","","52903","http://purl.org/dc/terms/isReferencedBy","references","","51466","",""
"recordings","","52904","http://purl.org/dc/terms/isReferencedBy","references","","51466","",""
"recordings","","52905","http://purl.org/dc/terms/isReferencedBy","references","","51466","",""
"recordings","","52906","http://purl.org/dc/terms/isReferencedBy","references","","51466","",""
"recordings","","52907","http://purl.org/dc/terms/isReferencedBy","references","","51466","",""
"recordings","","52908","http://purl.org/dc/terms/isReferencedBy","references","","51466","",""
"recordings","","52909","http://purl.org/dc/terms/isReferencedBy","references","","51466","",""
"recordings","","52910","http://purl.org/dc/terms/isReferencedBy","references","","51466","",""
"recordings","","52911","http://purl.org/dc/terms/isReferencedBy","references","","51466","",""
"recordings","","52912","http://purl.org/dc/terms/isReferencedBy","references","","51466","",""
"recordings","","52913","http://purl.org/dc/terms/isReferencedBy","references","","51466","",""
"recordings","","52914","http://purl.org/dc/terms/isReferencedBy","references","","51466","",""
"recordings","","52915","http://purl.org/dc/terms/isReferencedBy","references","","51466","",""
"recordings","","52916","http://purl.org/dc/terms/isReferencedBy","references","","51466","",""
"recordings","","52917","http://purl.org/dc/terms/isReferencedBy","references","","51466","",""
"recordings","","52918","http://purl.org/dc/terms/isReferencedBy","references","","51466","",""
"recordings","","52920","http://purl.org/dc/terms/isReferencedBy","references","","51466","",""
"recordings","","52921","http://purl.org/dc/terms/isReferencedBy","references","","51466","",""
"recordings","","52922","http://purl.org/dc/terms/isReferencedBy","references","","51466","",""
"recordings","","52923","http://purl.org/dc/terms/isReferencedBy","references","","51466","",""
"recordings","","52924","http://purl.org/dc/terms/isReferencedBy","references","","51466","",""
"recordings","","52925","http://purl.org/dc/terms/isReferencedBy","references","","51466","",""
"recordings","","52926","http://purl.org/dc/terms/isReferencedBy","references","","51466","",""
"recordings","","52927","http://purl.org/dc/terms/isReferencedBy","references","","51466","",""
"recordings","","52928","http://purl.org/dc/terms/isReferencedBy","references","","51466","",""
"recordings","","52929","http://purl.org/dc/terms/isReferencedBy","references","","51466","",""
"recordings","","52930","http://purl.org/dc/terms/isReferencedBy","references","","51466","",""
"recordings","","52932","http://purl.org/dc/terms/isReferencedBy","references","","51466","",""
"recordings","","52933","http://purl.org/dc/terms/isReferencedBy","references","","51466","",""
"recordings","","52934","http://purl.org/dc/terms/isReferencedBy","references","","51466","",""
"recordings","","52949","http://purl.org/dc/terms/isReferencedBy","references","","52947","",""
"recordings","","52950","http://purl.org/dc/terms/isReferencedBy","references","","52947","",""
"recordings","","53041","http://purl.org/dc/terms/isReferencedBy","references","","53040","",""
"recordings","","53042","http://purl.org/dc/terms/isReferencedBy","references","","53040","",""
"recordings","","53043","http://purl.org/dc/terms/isReferencedBy","references","","53040","",""
"recordings","","53044","http://purl.org/dc/terms/isReferencedBy","references","","53040","",""
"recordings","","53045","http://purl.org/dc/terms/isReferencedBy","references","","53040","",""
"recordings","","53046","http://purl.org/dc/terms/isReferencedBy","references","","53040","",""
"recordings","","53047","http://purl.org/dc/terms/isReferencedBy","references","","53040","",""
"recordings","","53048","http://purl.org/dc/terms/isReferencedBy","references","","53040","",""
"recordings","","53049","http://purl.org/dc/terms/isReferencedBy","references","","53040","",""
"recordings","","53050","http://purl.org/dc/terms/isReferencedBy","references","","53040","",""
"recordings","","53051","http://purl.org/dc/terms/isReferencedBy","references","","53040","",""
"recordings","","53052","http://purl.org/dc/terms/isReferencedBy","references","","53040","",""
"recordings","","53054","http://purl.org/dc/terms/isReferencedBy","references","","53040","",""
"recordings","","53055","http://purl.org/dc/terms/isReferencedBy","references","","53040","",""
"recordings","","53073","http://purl.org/dc/terms/isReferencedBy","references","","53071","",""
"recordings","","53074","http://purl.org/dc/terms/isReferencedBy","references","","53071","",""
"recordings","","53076","http://purl.org/dc/terms/isReferencedBy","references","","53071","",""
"recordings","","53077","http://purl.org/dc/terms/isReferencedBy","references","","53071","",""
"recordings","","53078","http://purl.org/dc/terms/isReferencedBy","references","","53071","",""
"recordings","","53080","http://purl.org/dc/terms/isReferencedBy","references","","53071","",""
"recordings","","53081","http://purl.org/dc/terms/isReferencedBy","references","","53071","",""
"recordings","","57567","http://purl.org/dc/terms/isReferencedBy","references","","57565","",""
"recordings","","57568","http://purl.org/dc/terms/isReferencedBy","references","","57565","",""
"recordings","","57569","http://purl.org/dc/terms/isReferencedBy","references","","57565","",""
"recordings","","57570","http://purl.org/dc/terms/isReferencedBy","references","","57565","",""
"recordings","","58142","http://purl.org/dc/terms/isReferencedBy","references","","58143","",""
"recordings","","58163","http://purl.org/dc/terms/isReferencedBy","references","","58161","",""
"references","","9153","http://purl.obolibrary.org/obo/IAO_0000136","term","","https://vocab.audioblast.org/cv/topic#Terminology","",""
"references","","11151","http://purl.obolibrary.org/obo/IAO_0000136","taxa","","126","https://vocab.audioblast.org/cv/referenceContent#AcousticBehaviour",""
"references","","11151","http://purl.obolibrary.org/obo/IAO_0000136","taxa","","127","https://vocab.audioblast.org/cv/referenceContent#AcousticBehaviour",""
"references","","11151","http://purl.obolibrary.org/obo/IAO_0000136","taxa","","150","https://vocab.audioblast.org/cv/referenceContent#AcousticBehaviour",""
"references","","11151","http://purl.obolibrary.org/obo/IAO_0000136","taxa","","165","https://vocab.audioblast.org/cv/referenceContent#AcousticBehaviour",""
"references","","11151","http://purl.obolibrary.org/obo/IAO_0000136","taxa","","204","https://vocab.audioblast.org/cv/referenceContent#AcousticBehaviour",""
"references","","11151","http://purl.obolibrary.org/obo/IAO_0000136","taxa","","206","https://vocab.audioblast.org/cv/referenceContent#AcousticBehaviour",""
"references","","11151","http://purl.obolibrary.org/obo/IAO_0000136","taxa","","208","https://vocab.audioblast.org/cv/referenceContent#AcousticBehaviour",""
"references","","11151","http://purl.obolibrary.org/obo/IAO_0000136","taxa","","225","https://vocab.audioblast.org/cv/referenceContent#AcousticBehaviour",""
"references","","11151","http://purl.obolibrary.org/obo/IAO_0000136","taxa","","297","https://vocab.audioblast.org/cv/referenceContent#AcousticBehaviour",""
"references","","11151","http://purl.obolibrary.org/obo/IAO_0000136","taxa","","300","https://vocab.audioblast.org/cv/referenceContent#AcousticBehaviour",""
"references","","11152","http://purl.obolibrary.org/obo/IAO_0000136","taxa","","1120","https://vocab.audioblast.org/cv/referenceContent#AcousticBehaviour",""
"references","","11152","http://purl.obolibrary.org/obo/IAO_0000136","taxa","","194","https://vocab.audioblast.org/cv/referenceContent#AcousticBehaviour",""
"references","","11152","http://purl.obolibrary.org/obo/IAO_0000136","taxa","","203","https://vocab.audioblast.org/cv/referenceContent#AcousticBehaviour",""
"references","","11152","http://purl.obolibrary.org/obo/IAO_0000136","taxa","","56","https://vocab.audioblast.org/cv/referenceContent#AcousticBehaviour",""
"references","","11152","http://purl.obolibrary.org/obo/IAO_0000136","taxa","","575","https://vocab.audioblast.org/cv/referenceContent#AcousticBehaviour",""
"references","","11152","http://purl.obolibrary.org/obo/IAO_0000136","taxa","","59","https://vocab.audioblast.org/cv/referenceContent#AcousticBehaviour",""
"references","","11152","http://purl.obolibrary.org/obo/IAO_0000136","taxa","","64","https://vocab.audioblast.org/cv/referenceContent#AcousticBehaviour",""
"references","","11152","http://purl.obolibrary.org/obo/IAO_0000136","taxa","","75","https://vocab.audioblast.org/cv/referenceContent#AcousticBehaviour",""
"references","","11152","http://purl.obolibrary.org/obo/IAO_0000136","taxa","","76","https://vocab.audioblast.org/cv/referenceContent#AcousticBehaviour",""
"references","","11152","http://purl.obolibrary.org/obo/IAO_0000136","taxa","","77","https://vocab.audioblast.org/cv/referenceContent#AcousticBehaviour",""
"references","","11153","http://purl.obolibrary.org/obo/IAO_0000136","taxa","","549","https://vocab.audioblast.org/cv/referenceContent#AcousticBehaviour",""
"references","","11153","http://purl.obolibrary.org/obo/IAO_0000136","taxa","","76","https://vocab.audioblast.org/cv/referenceContent#AcousticBehaviour",""
"references","","11153","http://purl.obolibrary.org/obo/IAO_0000136","taxa","","77","https://vocab.audioblast.org/cv/referenceContent#AcousticBehaviour",""
"references","","11172","http://purl.obolibrary.org/obo/IAO_0000136","taxa","","574","https://vocab.audioblast.org/cv/referenceContent#AcousticBehaviour",""
"references","","11172","http://purl.obolibrary.org/obo/IAO_0000136","taxa","","598","https://vocab.audioblast.org/cv/referenceContent#AcousticBehaviour",""
"references","","11173","http://purl.obolibrary.org/obo/IAO_0000136","taxa","","600","https://vocab.audioblast.org/cv/referenceContent#AcousticBehaviour",""
"references","","11174","http://purl.obolibrary.org/obo/IAO_0000136","taxa","","604","https://vocab.audioblast.org/cv/referenceContent#AcousticBehaviour",""
"references","","11175","http://purl.obolibrary.org/obo/IAO_0000136","taxa","","606","https://vocab.audioblast.org/cv/referenceContent#AcousticBehaviour",""
"references","","11176","http://purl.obolibrary.org/obo/IAO_0000136","taxa","","610","https://vocab.audioblast.org/cv/referenceContent#AcousticBehaviour",""
"references","","11176","http://purl.obolibrary.org/obo/IAO_0000136","taxa","","612","https://vocab.audioblast.org/cv/referenceContent#AcousticBehaviour",""
"references","","11176","http://purl.obolibrary.org/obo/IAO_0000136","taxa","","614","https://vocab.audioblast.org/cv/referenceContent#AcousticBehaviour",""
"references","","11294","http://purl.obolibrary.org/obo/IAO_0000136","taxa","","632","https://vocab.audioblast.org/cv/referenceContent#AcousticBehaviour",""
"references","","11294","http://purl.obolibrary.org/obo/IAO_0000136","taxa","","634","https://vocab.audioblast.org/cv/referenceContent#AcousticBehaviour",""
"references","","11295","http://purl.obolibrary.org/obo/IAO_0000136","taxa","","76","https://vocab.audioblast.org/cv/referenceContent#AcousticBehaviour",""
"references","","11296","http://purl.obolibrary.org/obo/IAO_0000136","term","","https://vocab.audioblast.org/cv/topic#Methods","",""
"references","","11801","http://purl.obolibrary.org/obo/IAO_0000136","taxa","","691","https://vocab.audioblast.org/cv/referenceContent#AcousticBehaviour",""
"references","","11812","http://purl.obolibrary.org/obo/IAO_0000136","taxa","","492","https://vocab.audioblast.org/cv/referenceContent#AcousticBehaviour",""
"references","","11813","http://purl.obolibrary.org/obo/IAO_0000136","taxa","","630","https://vocab.audioblast.org/cv/referenceContent#AcousticBehaviour",""
"references","","11813","http://purl.obolibrary.org/obo/IAO_0000136","taxa","","700","https://vocab.audioblast.org/cv/referenceContent#AcousticBehaviour",""
"references","","11814","http://purl.obolibrary.org/obo/IAO_0000136","taxa","","492","https://vocab.audioblast.org/cv/referenceContent#AcousticBehaviour",""
"references","","11815","http://purl.obolibrary.org/obo/IAO_0000136","taxa","","704","https://vocab.audioblast.org/cv/referenceContent#AcousticBehaviour",""
"references","","11815","http://purl.obolibrary.org/obo/IAO_0000136","taxa","","705","https://vocab.audioblast.org/cv/referenceContent#AcousticBehaviour",""
"references","","11815","http://purl.obolibrary.org/obo/IAO_0000136","taxa","","708","https://vocab.audioblast.org/cv/referenceContent#AcousticBehaviour",""
"references","","11816","http://purl.obolibrary.org/obo/IAO_0000136","taxa","","711","https://vocab.audioblast.org/cv/referenceContent#AcousticBehaviour",""
"references","","11817","http://purl.obolibrary.org/obo/IAO_0000136","taxa","","492","https://vocab.audioblast.org/cv/referenceContent#AcousticBehaviour",""
"references","","11818","http://purl.obolibrary.org/obo/IAO_0000136","taxa","","712","https://vocab.audioblast.org/cv/referenceContent#AcousticBehaviour",""
"references","","11819","http://purl.obolibrary.org/obo/IAO_0000136","taxa","","714","https://vocab.audioblast.org/cv/referenceContent#AcousticBehaviour",""
"references","","11821","http://purl.obolibrary.org/obo/IAO_0000136","taxa","","716","https://vocab.audioblast.org/cv/referenceContent#AcousticBehaviour",""
"references","","11865","http://purl.obolibrary.org/obo/IAO_0000136","taxa","","243","https://vocab.audioblast.org/cv/referenceContent#AcousticBehaviour",""
"references","","11903","http://purl.obolibrary.org/obo/IAO_0000136","taxa","","737","https://vocab.audioblast.org/cv/referenceContent#AcousticBehaviour",""
"references","","11959","http://purl.obolibrary.org/obo/IAO_0000136","taxa","","80","https://vocab.audioblast.org/cv/referenceContent#AcousticBehaviour",""
"references","","12075","http://purl.obolibrary.org/obo/IAO_0000136","taxa","","243","https://vocab.audioblast.org/cv/referenceContent#AcousticBehaviour",""
"references","","12075","http://purl.obolibrary.org/obo/IAO_0000136","term","","https://vocab.audioblast.org/cv/topic#AutomatedIdentification","",""
"references","","12299","http://purl.obolibrary.org/obo/IAO_0000136","taxa","","870","https://vocab.audioblast.org/cv/referenceContent#AcousticBehaviour",""
"references","","12299","http://purl.obolibrary.org/obo/IAO_0000136","taxa","","871","https://vocab.audioblast.org/cv/referenceContent#AcousticBehaviour",""
"references","","12299","http://purl.obolibrary.org/obo/IAO_0000136","taxa","","872","https://vocab.audioblast.org/cv/referenceContent#AcousticBehaviour",""
"references","","12299","http://purl.obolibrary.org/obo/IAO_0000136","taxa","","873","https://vocab.audioblast.org/cv/referenceContent#AcousticBehaviour",""
"references","","12364","http://purl.obolibrary.org/obo/IAO_0000136","taxa","","836","https://vocab.audioblast.org/cv/referenceContent#AcousticBehaviour",""
"references","","12364","http://purl.obolibrary.org/obo/IAO_0000136","taxa","","885","https://vocab.audioblast.org/cv/referenceContent#AcousticBehaviour",""
"references","","12393","http://purl.obolibrary.org/obo/IAO_0000136","taxa","","940","https://vocab.audioblast.org/cv/referenceContent#AcousticBehaviour",""
"references","","12393","http://purl.obolibrary.org/obo/IAO_0000136","taxa","","941","https://vocab.audioblast.org/cv/referenceContent#AcousticBehaviour",""
"references","","12402","http://purl.obolibrary.org/obo/IAO_0000136","taxa","","942","https://vocab.audioblast.org/cv/referenceContent#AcousticBehaviour",""
"references","","12402","http://purl.obolibrary.org/obo/IAO_0000136","taxa","","943","https://vocab.audioblast.org/cv/referenceContent#AcousticBehaviour",""
"references","","12402","http://purl.obolibrary.org/obo/IAO_0000136","taxa","","944","https://vocab.audioblast.org/cv/referenceContent#AcousticBehaviour",""
"references","","12402","http://purl.obolibrary.org/obo/IAO_0000136","taxa","","945","https://vocab.audioblast.org/cv/referenceContent#AcousticBehaviour",""
"references","","12426","http://purl.obolibrary.org/obo/IAO_0000136","taxa","","583","https://vocab.audioblast.org/cv/referenceContent#AcousticBehaviour",""
"references","","12426","http://purl.obolibrary.org/obo/IAO_0000136","term","","https://vocab.audioblast.org/cv/topic#AudioCollections","",""
"references","","12519","http://purl.obolibrary.org/obo/IAO_0000136","term","","https://vocab.audioblast.org/cv/topic#AudioCollections","",""
"references","","12626","http://purl.obolibrary.org/obo/IAO_0000136","taxa","","1285","https://vocab.audioblast.org/cv/referenceContent#AcousticBehaviour",""
"references","","12627","http://purl.obolibrary.org/obo/IAO_0000136","taxa","","1285","https://vocab.audioblast.org/cv/referenceContent#AcousticBehaviour",""
"references","","12662","http://purl.obolibrary.org/obo/IAO_0000136","taxa","","1286","https://vocab.audioblast.org/cv/referenceContent#AcousticBehaviour",""
"references","","12663","http://purl.obolibrary.org/obo/IAO_0000136","taxa","","281","https://vocab.audioblast.org/cv/referenceContent#AcousticBehaviour",""
"references","","12663","http://purl.obolibrary.org/obo/IAO_0000136","taxa","","79","https://vocab.audioblast.org/cv/referenceContent#AcousticBehaviour",""
"references","","12664","http://purl.obolibrary.org/obo/IAO_0000136","taxa","","1287","https://vocab.audioblast.org/cv/referenceContent#AcousticBehaviour",""
"references","","12664","http://purl.obolibrary.org/obo/IAO_0000136","taxa","","1288","https://vocab.audioblast.org/cv/referenceContent#AcousticBehaviour",""
"references","","12664","http://purl.obolibrary.org/obo/IAO_0000136","taxa","","1289","https://vocab.audioblast.org/cv/referenceContent#AcousticBehaviour",""
"references","","12664","http://purl.obolibrary.org/obo/IAO_0000136","taxa","","1290","https://vocab.audioblast.org/cv/referenceContent#AcousticBehaviour",""
"references","","12665","http://purl.obolibrary.org/obo/IAO_0000136","taxa","","315","https://vocab.audioblast.org/cv/referenceContent#AcousticBehaviour",""
"references","","12689","http://purl.obolibrary.org/obo/IAO_0000136","taxa","","246","https://vocab.audioblast.org/cv/referenceContent#AcousticBehaviour",""
"references","","12689","http://purl.obolibrary.org/obo/IAO_0000136","taxa","","247","https://vocab.audioblast.org/cv/referenceContent#AcousticBehaviour",""
"references","","13531","http://purl.obolibrary.org/obo/IAO_0000136","taxa","","1101","https://vocab.audioblast.org/cv/referenceContent#AcousticBehaviour",""
"references","","13531","http://purl.obolibrary.org/obo/IAO_0000136","taxa","","1614","https://vocab.audioblast.org/cv/referenceContent#AcousticBehaviour",""
"references","","13531","http://purl.obolibrary.org/obo/IAO_0000136","taxa","","1615","https://vocab.audioblast.org/cv/referenceContent#AcousticBehaviour",""
"references","","13531","http://purl.obolibrary.org/obo/IAO_0000136","taxa","","673","https://vocab.audioblast.org/cv/referenceContent#AcousticBehaviour",""
"references","","15174","http://purl.obolibrary.org/obo/IAO_0000136","taxa","","143","https://vocab.audioblast.org/cv/referenceContent#AcousticBehaviour",""
"references","","15175","http://purl.obolibrary.org/obo/IAO_0000136","taxa","","143","https://vocab.audioblast.org/cv/referenceContent#AcousticBehaviour",""
"references","","15176","http://purl.obolibrary.org/obo/IAO_0000136","taxa","","143","https://vocab.audioblast.org/cv/referenceContent#AcousticBehaviour",""
"references","","15179","http://purl.obolibrary.org/obo/IAO_0000136","taxa","","246","https://vocab.audioblast.org/cv/referenceContent#AcousticBehaviour",""
"references","","15179","http://purl.obolibrary.org/obo/IAO_0000136","taxa","","247","https://vocab.audioblast.org/cv/referenceContent#AcousticBehaviour",""
"references","","15179","http://purl.obolibrary.org/obo/IAO_0000136","taxa","","248","https://vocab.audioblast.org/cv/referenceContent#AcousticBehaviour",""
"references","","15180","http://purl.obolibrary.org/obo/IAO_0000136","taxa","","246","https://vocab.audioblast.org/cv/referenceContent#AcousticBehaviour",""
"references","","15180","http://purl.obolibrary.org/obo/IAO_0000136","taxa","","247","https://vocab.audioblast.org/cv/referenceContent#AcousticBehaviour",""
"references","","15183","http://purl.obolibrary.org/obo/IAO_0000136","taxa","","1643","https://vocab.audioblast.org/cv/referenceContent#AcousticBehaviour",""
"references","","15183","http://purl.obolibrary.org/obo/IAO_0000136","taxa","","1644","https://vocab.audioblast.org/cv/referenceContent#AcousticBehaviour",""
"references","","15183","http://purl.obolibrary.org/obo/IAO_0000136","taxa","","1645","https://vocab.audioblast.org/cv/referenceContent#AcousticBehaviour",""
"references","","15183","http://purl.obolibrary.org/obo/IAO_0000136","taxa","","1646","https://vocab.audioblast.org/cv/referenceContent#AcousticBehaviour",""
"references","","15183","http://purl.obolibrary.org/obo/IAO_0000136","taxa","","1668","https://vocab.audioblast.org/cv/referenceContent#AcousticBehaviour",""
"references","","15183","http://purl.obolibrary.org/obo/IAO_0000136","taxa","","1669","https://vocab.audioblast.org/cv/referenceContent#AcousticBehaviour",""
"references","","15183","http://purl.obolibrary.org/obo/IAO_0000136","taxa","","406","https://vocab.audioblast.org/cv/referenceContent#AcousticBehaviour",""
"references","","15183","http://purl.obolibrary.org/obo/IAO_0000136","taxa","","407","https://vocab.audioblast.org/cv/referenceContent#AcousticBehaviour",""
"references","","15193","http://purl.obolibrary.org/obo/IAO_0000136","taxa","","1647","https://vocab.audioblast.org/cv/referenceContent#AcousticBehaviour",""
"references","","15200","http://purl.obolibrary.org/obo/IAO_0000136","taxa","","1650","https://vocab.audioblast.org/cv/referenceContent#AcousticBehaviour",""
"references","","15201","http://purl.obolibrary.org/obo/IAO_0000136","taxa","","1656","https://vocab.audioblast.org/cv/referenceContent#AcousticBehaviour",""
"references","","15202","http://purl.obolibrary.org/obo/IAO_0000136","taxa","","1653","https://vocab.audioblast.org/cv/referenceContent#AcousticBehaviour",""
"references","","15284","http://purl.obolibrary.org/obo/IAO_0000136","taxa","","1671","https://vocab.audioblast.org/cv/referenceContent#AcousticBehaviour",""
"references","","15286","http://purl.obolibrary.org/obo/IAO_0000136","taxa","","1673","https://vocab.audioblast.org/cv/referenceContent#AcousticBehaviour",""
"references","","15286","http://purl.obolibrary.org/obo/IAO_0000136","taxa","","705","https://vocab.audioblast.org/cv/referenceContent#AcousticBehaviour",""
"references","","15287","http://purl.obolibrary.org/obo/IAO_0000136","taxa","","702","https://vocab.audioblast.org/cv/referenceContent#AcousticBehaviour",""
"references","","15289","http://purl.obolibrary.org/obo/IAO_0000136","taxa","","337","https://vocab.audioblast.org/cv/referenceContent#AcousticBehaviour",""
"references","","15289","http://purl.obolibrary.org/obo/IAO_0000136","taxa","","338","https://vocab.audioblast.org/cv/referenceContent#AcousticBehaviour",""
"references","","15290","http://purl.obolibrary.org/obo/IAO_0000136","taxa","","1676","https://vocab.audioblast.org/cv/referenceContent#AcousticBehaviour",""
"references","","15290","http://purl.obolibrary.org/obo/IAO_0000136","taxa","","1679","https://vocab.audioblast.org/cv/referenceContent#AcousticBehaviour",""
"references","","15290","http://purl.obolibrary.org/obo/IAO_0000136","taxa","","1681","https://vocab.audioblast.org/cv/referenceContent#AcousticBehaviour",""
"references","","15290","http://purl.obolibrary.org/obo/IAO_0000136","taxa","","1682","https://vocab.audioblast.org/cv/referenceContent#AcousticBehaviour",""
"references","","15290","http://purl.obolibrary.org/obo/IAO_0000136","taxa","","1684","https://vocab.audioblast.org/cv/referenceContent#AcousticBehaviour",""
"references","","15290","http://purl.obolibrary.org/obo/IAO_0000136","taxa","","1685","https://vocab.audioblast.org/cv/referenceContent#AcousticBehaviour",""
"references","","15290","http://purl.obolibrary.org/obo/IAO_0000136","taxa","","1687","https://vocab.audioblast.org/cv/referenceContent#AcousticBehaviour",""
"references","","15290","http://purl.obolibrary.org/obo/IAO_0000136","taxa","","911","https://vocab.audioblast.org/cv/referenceContent#AcousticBehaviour",""
"references","","15452","http://purl.obolibrary.org/obo/IAO_0000136","taxa","","1694","https://vocab.audioblast.org/cv/referenceContent#AcousticBehaviour",""
"references","","15453","http://purl.obolibrary.org/obo/IAO_0000136","taxa","","315","https://vocab.audioblast.org/cv/referenceContent#AcousticBehaviour",""
"references","","15578","http://purl.obolibrary.org/obo/IAO_0000136","taxa","","1697","https://vocab.audioblast.org/cv/referenceContent#AcousticBehaviour",""
"references","","15579","http://purl.obolibrary.org/obo/IAO_0000136","taxa","","199","https://vocab.audioblast.org/cv/referenceContent#AcousticBehaviour",""
"references","","16150","http://purl.obolibrary.org/obo/IAO_0000136","taxa","","1716","https://vocab.audioblast.org/cv/referenceContent#AcousticBehaviour",""
"references","","16151","http://purl.obolibrary.org/obo/IAO_0000136","taxa","","1719","https://vocab.audioblast.org/cv/referenceContent#AcousticBehaviour",""
"references","","16152","http://purl.obolibrary.org/obo/IAO_0000136","taxa","","1722","https://vocab.audioblast.org/cv/referenceContent#AcousticBehaviour",""
"references","","16153","http://purl.obolibrary.org/obo/IAO_0000136","taxa","","1722","https://vocab.audioblast.org/cv/referenceContent#AcousticBehaviour",""
"references","","16154","http://purl.obolibrary.org/obo/IAO_0000136","taxa","","1724","https://vocab.audioblast.org/cv/referenceContent#AcousticBehaviour",""
"references","","16155","http://purl.obolibrary.org/obo/IAO_0000136","taxa","","1728","https://vocab.audioblast.org/cv/referenceContent#AcousticBehaviour",""
"references","","16156","http://purl.obolibrary.org/obo/IAO_0000136","taxa","","1724","https://vocab.audioblast.org/cv/referenceContent#AcousticBehaviour",""
"references","","16157","http://purl.obolibrary.org/obo/IAO_0000136","taxa","","1732","https://vocab.audioblast.org/cv/referenceContent#AcousticBehaviour",""
"references","","16157","http://purl.obolibrary.org/obo/IAO_0000136","taxa","","1735","https://vocab.audioblast.org/cv/referenceContent#AcousticBehaviour",""
"references","","16157","http://purl.obolibrary.org/obo/IAO_0000136","taxa","","1737","https://vocab.audioblast.org/cv/referenceContent#AcousticBehaviour",""
"references","","16157","http://purl.obolibrary.org/obo/IAO_0000136","taxa","","1741","https://vocab.audioblast.org/cv/referenceContent#AcousticBehaviour",""
"references","","16157","http://purl.obolibrary.org/obo/IAO_0000136","taxa","","1743","https://vocab.audioblast.org/cv/referenceContent#AcousticBehaviour",""
"references","","16157","http://purl.obolibrary.org/obo/IAO_0000136","taxa","","1744","https://vocab.audioblast.org/cv/referenceContent#AcousticBehaviour",""
"references","","16157","http://purl.obolibrary.org/obo/IAO_0000136","taxa","","1745","https://vocab.audioblast.org/cv/referenceContent#AcousticBehaviour",""
"references","","16157","http://purl.obolibrary.org/obo/IAO_0000136","taxa","","1747","https://vocab.audioblast.org/cv/referenceContent#AcousticBehaviour",""
"references","","16157","http://purl.obolibrary.org/obo/IAO_0000136","taxa","","1748","https://vocab.audioblast.org/cv/referenceContent#AcousticBehaviour",""
"references","","16157","http://purl.obolibrary.org/obo/IAO_0000136","taxa","","1749","https://vocab.audioblast.org/cv/referenceContent#AcousticBehaviour",""
"references","","16157","http://purl.obolibrary.org/obo/IAO_0000136","taxa","","1750","https://vocab.audioblast.org/cv/referenceContent#AcousticBehaviour",""
"references","","16157","http://purl.obolibrary.org/obo/IAO_0000136","taxa","","1752","https://vocab.audioblast.org/cv/referenceContent#AcousticBehaviour",""
"references","","16157","http://purl.obolibrary.org/obo/IAO_0000136","taxa","","1753","https://vocab.audioblast.org/cv/referenceContent#AcousticBehaviour",""
"references","","16157","http://purl.obolibrary.org/obo/IAO_0000136","taxa","","1755","https://vocab.audioblast.org/cv/referenceContent#AcousticBehaviour",""
"references","","16157","http://purl.obolibrary.org/obo/IAO_0000136","taxa","","1757","https://vocab.audioblast.org/cv/referenceContent#AcousticBehaviour",""
"references","","16157","http://purl.obolibrary.org/obo/IAO_0000136","taxa","","1758","https://vocab.audioblast.org/cv/referenceContent#AcousticBehaviour",""
"references","","16157","http://purl.obolibrary.org/obo/IAO_0000136","taxa","","1761","https://vocab.audioblast.org/cv/referenceContent#AcousticBehaviour",""
"references","","16157","http://purl.obolibrary.org/obo/IAO_0000136","taxa","","1765","https://vocab.audioblast.org/cv/referenceContent#AcousticBehaviour",""
"references","","16157","http://purl.obolibrary.org/obo/IAO_0000136","taxa","","1768","https://vocab.audioblast.org/cv/referenceContent#AcousticBehaviour",""
"references","","16157","http://purl.obolibrary.org/obo/IAO_0000136","taxa","","1771","https://vocab.audioblast.org/cv/referenceContent#AcousticBehaviour",""
"references","","16157","http://purl.obolibrary.org/obo/IAO_0000136","taxa","","1773","https://vocab.audioblast.org/cv/referenceContent#AcousticBehaviour",""
"references","","16158","http://purl.obolibrary.org/obo/IAO_0000136","taxa","","1777","https://vocab.audioblast.org/cv/referenceContent#AcousticBehaviour",""
"references","","16159","http://purl.obolibrary.org/obo/IAO_0000136","taxa","","1778","https://vocab.audioblast.org/cv/referenceContent#AcousticBehaviour",""
"references","","16168","http://purl.obolibrary.org/obo/IAO_0000136","taxa","","143","https://vocab.audioblast.org/cv/referenceContent#AcousticBehaviour",""
"references","","16168","http://purl.obolibrary.org/obo/IAO_0000136","taxa","","1781","https://vocab.audioblast.org/cv/referenceContent#AcousticBehaviour",""
"references","","16169","http://purl.obolibrary.org/obo/IAO_0000136","taxa","","1782","https://vocab.audioblast.org/cv/referenceContent#AcousticBehaviour",""
"references","","16169","http://purl.obolibrary.org/obo/IAO_0000136","taxa","","1783","https://vocab.audioblast.org/cv/referenceContent#AcousticBehaviour",""
"references","","16407","http://purl.obolibrary.org/obo/IAO_0000136","taxa","","208","https://vocab.audioblast.org/cv/referenceContent#AcousticBehaviour",""
"references","","16408","http://purl.obolibrary.org/obo/IAO_0000136","taxa","","541","https://vocab.audioblast.org/cv/referenceContent#AcousticBehaviour",""
"references","","16409","http://purl.obolibrary.org/obo/IAO_0000136","taxa","","1357","https://vocab.audioblast.org/cv/referenceContent#AcousticBehaviour",""
"references","","16409","http://purl.obolibrary.org/obo/IAO_0000136","taxa","","574","https://vocab.audioblast.org/cv/referenceContent#AcousticBehaviour",""
"references","","16409","http://purl.obolibrary.org/obo/IAO_0000136","term","","https://vocab.audioblast.org/cv/topic#Methods","",""
"references","","16410","http://purl.obolibrary.org/obo/IAO_0000136","taxa","","1787","https://vocab.audioblast.org/cv/referenceContent#AcousticBehaviour",""
"references","","16411","http://purl.obolibrary.org/obo/IAO_0000136","taxa","","1789","https://vocab.audioblast.org/cv/referenceContent#AcousticBehaviour",""
"references","","16462","http://purl.obolibrary.org/obo/IAO_0000136","taxa","","1792","https://vocab.audioblast.org/cv/referenceContent#AcousticBehaviour",""
"references","","16462","http://purl.obolibrary.org/obo/IAO_0000136","term","","https://vocab.audioblast.org/cv/topic#Methods","",""
"references","","16464","http://purl.obolibrary.org/obo/IAO_0000136","taxa","","1795","https://vocab.audioblast.org/cv/referenceContent#AcousticBehaviour",""
"references","","16464","http://purl.obolibrary.org/obo/IAO_0000136","taxa","","1796","https://vocab.audioblast.org/cv/referenceContent#AcousticBehaviour",""
"references","","16464","http://purl.obolibrary.org/obo/IAO_0000136","taxa","","1797","https://vocab.audioblast.org/cv/referenceContent#AcousticBehaviour",""
"references","","16465","http://purl.obolibrary.org/obo/IAO_0000136","taxa","","1800","https://vocab.audioblast.org/cv/referenceContent#AcousticBehaviour",""
"references","","16466","http://purl.obolibrary.org/obo/IAO_0000136","taxa","","1802","https://vocab.audioblast.org/cv/referenceContent#AcousticBehaviour",""
"references","","16467","http://purl.obolibrary.org/obo/IAO_0000136","taxa","","1804","https://vocab.audioblast.org/cv/referenceContent#AcousticBehaviour",""
"references","","16467","http://purl.obolibrary.org/obo/IAO_0000136","taxa","","1805","https://vocab.audioblast.org/cv/referenceContent#AcousticBehaviour",""
"references","","16467","http://purl.obolibrary.org/obo/IAO_0000136","taxa","","1806","https://vocab.audioblast.org/cv/referenceContent#AcousticBehaviour",""
"references","","16467","http://purl.obolibrary.org/obo/IAO_0000136","taxa","","1807","https://vocab.audioblast.org/cv/referenceContent#AcousticBehaviour",""
"references","","16467","http://purl.obolibrary.org/obo/IAO_0000136","taxa","","1808","https://vocab.audioblast.org/cv/referenceContent#AcousticBehaviour",""
"references","","16467","http://purl.obolibrary.org/obo/IAO_0000136","taxa","","1809","https://vocab.audioblast.org/cv/referenceContent#AcousticBehaviour",""
"references","","16467","http://purl.obolibrary.org/obo/IAO_0000136","taxa","","1810","https://vocab.audioblast.org/cv/referenceContent#AcousticBehaviour",""
"references","","16467","http://purl.obolibrary.org/obo/IAO_0000136","taxa","","1811","https://vocab.audioblast.org/cv/referenceContent#AcousticBehaviour",""
"references","","16467","http://purl.obolibrary.org/obo/IAO_0000136","taxa","","1812","https://vocab.audioblast.org/cv/referenceContent#AcousticBehaviour",""
"references","","16468","http://purl.obolibrary.org/obo/IAO_0000136","taxa","","1813","https://vocab.audioblast.org/cv/referenceContent#AcousticBehaviour",""
"references","","16468","http://purl.obolibrary.org/obo/IAO_0000136","taxa","","1814","https://vocab.audioblast.org/cv/referenceContent#AcousticBehaviour",""
"references","","16468","http://purl.obolibrary.org/obo/IAO_0000136","taxa","","1815","https://vocab.audioblast.org/cv/referenceContent#AcousticBehaviour",""
"references","","16468","http://purl.obolibrary.org/obo/IAO_0000136","taxa","","1816","https://vocab.audioblast.org/cv/referenceContent#AcousticBehaviour",""
"references","","16468","http://purl.obolibrary.org/obo/IAO_0000136","taxa","","1817","https://vocab.audioblast.org/cv/referenceContent#AcousticBehaviour",""
"references","","16468","http://purl.obolibrary.org/obo/IAO_0000136","taxa","","1818","https://vocab.audioblast.org/cv/referenceContent#AcousticBehaviour",""
"references","","16469","http://purl.obolibrary.org/obo/IAO_0000136","taxa","","1820","https://vocab.audioblast.org/cv/referenceContent#AcousticBehaviour",""
"references","","16469","http://purl.obolibrary.org/obo/IAO_0000136","taxa","","1823","https://vocab.audioblast.org/cv/referenceContent#AcousticBehaviour",""
"references","","16469","http://purl.obolibrary.org/obo/IAO_0000136","taxa","","1826","https://vocab.audioblast.org/cv/referenceContent#AcousticBehaviour",""
"references","","16469","http://purl.obolibrary.org/obo/IAO_0000136","taxa","","1827","https://vocab.audioblast.org/cv/referenceContent#AcousticBehaviour",""
"references","","16469","http://purl.obolibrary.org/obo/IAO_0000136","taxa","","1828","https://vocab.audioblast.org/cv/referenceContent#AcousticBehaviour",""
"references","","16469","http://purl.obolibrary.org/obo/IAO_0000136","taxa","","1829","https://vocab.audioblast.org/cv/referenceContent#AcousticBehaviour",""
"references","","16469","http://purl.obolibrary.org/obo/IAO_0000136","taxa","","1830","https://vocab.audioblast.org/cv/referenceContent#AcousticBehaviour",""
"references","","16469","http://purl.obolibrary.org/obo/IAO_0000136","taxa","","1831","https://vocab.audioblast.org/cv/referenceContent#AcousticBehaviour",""
"references","","16469","http://purl.obolibrary.org/obo/IAO_0000136","taxa","","1833","https://vocab.audioblast.org/cv/referenceContent#AcousticBehaviour",""
"references","","16470","http://purl.obolibrary.org/obo/IAO_0000136","taxa","","1834","https://vocab.audioblast.org/cv/referenceContent#AcousticBehaviour",""
"references","","16470","http://purl.obolibrary.org/obo/IAO_0000136","taxa","","1835","https://vocab.audioblast.org/cv/referenceContent#AcousticBehaviour",""
"references","","16471","http://purl.obolibrary.org/obo/IAO_0000136","taxa","","1836","https://vocab.audioblast.org/cv/referenceContent#AcousticBehaviour",""
"references","","16471","http://purl.obolibrary.org/obo/IAO_0000136","taxa","","1837","https://vocab.audioblast.org/cv/referenceContent#AcousticBehaviour",""
"references","","16471","http://purl.obolibrary.org/obo/IAO_0000136","taxa","","1838","https://vocab.audioblast.org/cv/referenceContent#AcousticBehaviour",""
"references","","16471","http://purl.obolibrary.org/obo/IAO_0000136","taxa","","1839","https://vocab.audioblast.org/cv/referenceContent#AcousticBehaviour",""
"references","","16471","http://purl.obolibrary.org/obo/IAO_0000136","taxa","","1840","https://vocab.audioblast.org/cv/referenceContent#AcousticBehaviour",""
"references","","16471","http://purl.obolibrary.org/obo/IAO_0000136","taxa","","1841","https://vocab.audioblast.org/cv/referenceContent#AcousticBehaviour",""
"references","","16471","http://purl.obolibrary.org/obo/IAO_0000136","taxa","","1842","https://vocab.audioblast.org/cv/referenceContent#AcousticBehaviour",""
"references","","16471","http://purl.obolibrary.org/obo/IAO_0000136","taxa","","1843","https://vocab.audioblast.org/cv/referenceContent#AcousticBehaviour",""
"references","","16471","http://purl.obolibrary.org/obo/IAO_0000136","taxa","","1845","https://vocab.audioblast.org/cv/referenceContent#AcousticBehaviour",""
"references","","16472","http://purl.obolibrary.org/obo/IAO_0000136","taxa","","315","https://vocab.audioblast.org/cv/referenceContent#AcousticBehaviour",""
"references","","16473","http://purl.obolibrary.org/obo/IAO_0000136","taxa","","1846","https://vocab.audioblast.org/cv/referenceContent#AcousticBehaviour",""
"references","","16473","http://purl.obolibrary.org/obo/IAO_0000136","taxa","","1847","https://vocab.audioblast.org/cv/referenceContent#AcousticBehaviour",""
"references","","16473","http://purl.obolibrary.org/obo/IAO_0000136","taxa","","1848","https://vocab.audioblast.org/cv/referenceContent#AcousticBehaviour",""
"references","","16473","http://purl.obolibrary.org/obo/IAO_0000136","taxa","","1849","https://vocab.audioblast.org/cv/referenceContent#AcousticBehaviour",""
"references","","16473","http://purl.obolibrary.org/obo/IAO_0000136","taxa","","1850","https://vocab.audioblast.org/cv/referenceContent#AcousticBehaviour",""
"references","","16473","http://purl.obolibrary.org/obo/IAO_0000136","taxa","","1851","https://vocab.audioblast.org/cv/referenceContent#AcousticBehaviour",""
"references","","16473","http://purl.obolibrary.org/obo/IAO_0000136","taxa","","1852","https://vocab.audioblast.org/cv/referenceContent#AcousticBehaviour",""
"references","","16473","http://purl.obolibrary.org/obo/IAO_0000136","taxa","","1853","https://vocab.audioblast.org/cv/referenceContent#AcousticBehaviour",""
"references","","16473","http://purl.obolibrary.org/obo/IAO_0000136","taxa","","1854","https://vocab.audioblast.org/cv/referenceContent#AcousticBehaviour",""
"references","","16473","http://purl.obolibrary.org/obo/IAO_0000136","taxa","","1855","https://vocab.audioblast.org/cv/referenceContent#AcousticBehaviour",""
"references","","16473","http://purl.obolibrary.org/obo/IAO_0000136","taxa","","1856","https://vocab.audioblast.org/cv/referenceContent#AcousticBehaviour",""
"references","","16473","http://purl.obolibrary.org/obo/IAO_0000136","taxa","","1857","https://vocab.audioblast.org/cv/referenceContent#AcousticBehaviour",""
"references","","16473","http://purl.obolibrary.org/obo/IAO_0000136","taxa","","1858","https://vocab.audioblast.org/cv/referenceContent#AcousticBehaviour",""
"references","","16624","http://purl.obolibrary.org/obo/IAO_0000136","taxa","","1859","https://vocab.audioblast.org/cv/referenceContent#AcousticBehaviour",""
"references","","16625","http://purl.obolibrary.org/obo/IAO_0000136","taxa","","335","https://vocab.audioblast.org/cv/referenceContent#AcousticBehaviour",""
"references","","16625","http://purl.obolibrary.org/obo/IAO_0000136","taxa","","74","https://vocab.audioblast.org/cv/referenceContent#AcousticBehaviour",""
"references","","16644","http://purl.obolibrary.org/obo/IAO_0000136","taxa","","1884","https://vocab.audioblast.org/cv/referenceContent#AcousticBehaviour",""
"references","","16645","http://purl.obolibrary.org/obo/IAO_0000136","taxa","","308","https://vocab.audioblast.org/cv/referenceContent#AcousticBehaviour",""
"references","","16646","http://purl.obolibrary.org/obo/IAO_0000136","taxa","","1902","https://vocab.audioblast.org/cv/referenceContent#AcousticBehaviour",""
"references","","16647","http://purl.obolibrary.org/obo/IAO_0000136","term","","https://vocab.audioblast.org/cv/topic#AudioCollections","",""
"references","","16647","http://purl.obolibrary.org/obo/IAO_0000136","term","","https://vocab.audioblast.org/cv/topic#Metadata","",""
"references","","16648","http://purl.obolibrary.org/obo/IAO_0000136","taxa","","56","https://vocab.audioblast.org/cv/referenceContent#AcousticBehaviour",""
"references","","16648","http://purl.obolibrary.org/obo/IAO_0000136","term","","https://vocab.audioblast.org/cv/topic#Methods","",""
"references","","16649","http://purl.obolibrary.org/obo/IAO_0000136","taxa","","129","https://vocab.audioblast.org/cv/referenceContent#AcousticBehaviour",""
"references","","16954","http://purl.obolibrary.org/obo/IAO_0000136","taxa","","1322","https://vocab.audioblast.org/cv/referenceContent#AcousticBehaviour",""
"references","","16954","http://purl.obolibrary.org/obo/IAO_0000136","taxa","","2247","https://vocab.audioblast.org/cv/referenceContent#AcousticBehaviour",""
"references","","16954","http://purl.obolibrary.org/obo/IAO_0000136","taxa","","2248","https://vocab.audioblast.org/cv/referenceContent#AcousticBehaviour",""
"references","","16954","http://purl.obolibrary.org/obo/IAO_0000136","taxa","","308","https://vocab.audioblast.org/cv/referenceContent#AcousticBehaviour",""
"references","","17122","http://purl.obolibrary.org/obo/IAO_0000136","taxa","","2251","https://vocab.audioblast.org/cv/referenceContent#AcousticBehaviour",""
"references","","17122","http://purl.obolibrary.org/obo/IAO_0000136","taxa","","2253","https://vocab.audioblast.org/cv/referenceContent#AcousticBehaviour",""
"references","","17122","http://purl.obolibrary.org/obo/IAO_0000136","taxa","","2254","https://vocab.audioblast.org/cv/referenceContent#AcousticBehaviour",""
"references","","17122","http://purl.obolibrary.org/obo/IAO_0000136","taxa","","2255","https://vocab.audioblast.org/cv/referenceContent#AcousticBehaviour",""
"references","","17122","http://purl.obolibrary.org/obo/IAO_0000136","taxa","","2256","https://vocab.audioblast.org/cv/referenceContent#AcousticBehaviour",""
"references","","17122","http://purl.obolibrary.org/obo/IAO_0000136","taxa","","2258","https://vocab.audioblast.org/cv/referenceContent#AcousticBehaviour",""
"references","","17122","http://purl.obolibrary.org/obo/IAO_0000136","taxa","","2259","https://vocab.audioblast.org/cv/referenceContent#AcousticBehaviour",""
"references","","17122","http://purl.obolibrary.org/obo/IAO_0000136","taxa","","2260","https://vocab.audioblast.org/cv/referenceContent#AcousticBehaviour",""
"references","","17122","http://purl.obolibrary.org/obo/IAO_0000136","taxa","","2261","https://vocab.audioblast.org/cv/referenceContent#AcousticBehaviour",""
"references","","17122","http://purl.obolibrary.org/obo/IAO_0000136","taxa","","2263","https://vocab.audioblast.org/cv/referenceContent#AcousticBehaviour",""
"references","","17122","http://purl.obolibrary.org/obo/IAO_0000136","taxa","","2264","https://vocab.audioblast.org/cv/referenceContent#AcousticBehaviour",""
"references","","17122","http://purl.obolibrary.org/obo/IAO_0000136","taxa","","2265","https://vocab.audioblast.org/cv/referenceContent#AcousticBehaviour",""
"references","","17122","http://purl.obolibrary.org/obo/IAO_0000136","taxa","","2266","https://vocab.audioblast.org/cv/referenceContent#AcousticBehaviour",""
"references","","17122","http://purl.obolibrary.org/obo/IAO_0000136","taxa","","2267","https://vocab.audioblast.org/cv/referenceContent#AcousticBehaviour",""
"references","","17122","http://purl.obolibrary.org/obo/IAO_0000136","taxa","","2270","https://vocab.audioblast.org/cv/referenceContent#AcousticBehaviour",""
"references","","17122","http://purl.obolibrary.org/obo/IAO_0000136","taxa","","2272","https://vocab.audioblast.org/cv/referenceContent#AcousticBehaviour",""
"references","","17122","http://purl.obolibrary.org/obo/IAO_0000136","taxa","","2274","https://vocab.audioblast.org/cv/referenceContent#AcousticBehaviour",""
"references","","17122","http://purl.obolibrary.org/obo/IAO_0000136","taxa","","2276","https://vocab.audioblast.org/cv/referenceContent#AcousticBehaviour",""
"references","","17122","http://purl.obolibrary.org/obo/IAO_0000136","taxa","","2277","https://vocab.audioblast.org/cv/referenceContent#AcousticBehaviour",""
"references","","17122","http://purl.obolibrary.org/obo/IAO_0000136","taxa","","2278","https://vocab.audioblast.org/cv/referenceContent#AcousticBehaviour",""
"references","","17122","http://purl.obolibrary.org/obo/IAO_0000136","taxa","","2279","https://vocab.audioblast.org/cv/referenceContent#AcousticBehaviour",""
"references","","17122","http://purl.obolibrary.org/obo/IAO_0000136","taxa","","2280","https://vocab.audioblast.org/cv/referenceContent#AcousticBehaviour",""
"references","","17122","http://purl.obolibrary.org/obo/IAO_0000136","taxa","","2281","https://vocab.audioblast.org/cv/referenceContent#AcousticBehaviour",""
"references","","17122","http://purl.obolibrary.org/obo/IAO_0000136","taxa","","2283","https://vocab.audioblast.org/cv/referenceContent#AcousticBehaviour",""
"references","","17122","http://purl.obolibrary.org/obo/IAO_0000136","taxa","","2284","https://vocab.audioblast.org/cv/referenceContent#AcousticBehaviour",""
"references","","17122","http://purl.obolibrary.org/obo/IAO_0000136","taxa","","2285","https://vocab.audioblast.org/cv/referenceContent#AcousticBehaviour",""
"references","","17122","http://purl.obolibrary.org/obo/IAO_0000136","taxa","","2287","https://vocab.audioblast.org/cv/referenceContent#AcousticBehaviour",""
"references","","17122","http://purl.obolibrary.org/obo/IAO_0000136","taxa","","2288","https://vocab.audioblast.org/cv/referenceContent#AcousticBehaviour",""
"references","","17122","http://purl.obolibrary.org/obo/IAO_0000136","taxa","","2289","https://vocab.audioblast.org/cv/referenceContent#AcousticBehaviour",""
"references","","17122","http://purl.obolibrary.org/obo/IAO_0000136","taxa","","2291","https://vocab.audioblast.org/cv/referenceContent#AcousticBehaviour",""
"references","","17122","http://purl.obolibrary.org/obo/IAO_0000136","taxa","","2292","https://vocab.audioblast.org/cv/referenceContent#AcousticBehaviour",""
"references","","17122","http://purl.obolibrary.org/obo/IAO_0000136","taxa","","2293","https://vocab.audioblast.org/cv/referenceContent#AcousticBehaviour",""
"references","","17122","http://purl.obolibrary.org/obo/IAO_0000136","taxa","","2295","https://vocab.audioblast.org/cv/referenceContent#AcousticBehaviour",""
"references","","17122","http://purl.obolibrary.org/obo/IAO_0000136","taxa","","2296","https://vocab.audioblast.org/cv/referenceContent#AcousticBehaviour",""
"references","","17122","http://purl.obolibrary.org/obo/IAO_0000136","taxa","","2297","https://vocab.audioblast.org/cv/referenceContent#AcousticBehaviour",""
"references","","17122","http://purl.obolibrary.org/obo/IAO_0000136","taxa","","2298","https://vocab.audioblast.org/cv/referenceContent#AcousticBehaviour",""
"references","","17122","http://purl.obolibrary.org/obo/IAO_0000136","taxa","","2301","https://vocab.audioblast.org/cv/referenceContent#AcousticBehaviour",""
"references","","17122","http://purl.obolibrary.org/obo/IAO_0000136","taxa","","2302","https://vocab.audioblast.org/cv/referenceContent#AcousticBehaviour",""
"references","","17122","http://purl.obolibrary.org/obo/IAO_0000136","taxa","","2303","https://vocab.audioblast.org/cv/referenceContent#AcousticBehaviour",""
"references","","17122","http://purl.obolibrary.org/obo/IAO_0000136","taxa","","2305","https://vocab.audioblast.org/cv/referenceContent#AcousticBehaviour",""
"references","","17122","http://purl.obolibrary.org/obo/IAO_0000136","taxa","","2306","https://vocab.audioblast.org/cv/referenceContent#AcousticBehaviour",""
"references","","17122","http://purl.obolibrary.org/obo/IAO_0000136","taxa","","2307","https://vocab.audioblast.org/cv/referenceContent#AcousticBehaviour",""
"references","","17122","http://purl.obolibrary.org/obo/IAO_0000136","taxa","","2308","https://vocab.audioblast.org/cv/referenceContent#AcousticBehaviour",""
"references","","17122","http://purl.obolibrary.org/obo/IAO_0000136","taxa","","2309","https://vocab.audioblast.org/cv/referenceContent#AcousticBehaviour",""
"references","","17122","http://purl.obolibrary.org/obo/IAO_0000136","taxa","","2311","https://vocab.audioblast.org/cv/referenceContent#AcousticBehaviour",""
"references","","17122","http://purl.obolibrary.org/obo/IAO_0000136","taxa","","2314","https://vocab.audioblast.org/cv/referenceContent#AcousticBehaviour",""
"references","","17122","http://purl.obolibrary.org/obo/IAO_0000136","taxa","","2315","https://vocab.audioblast.org/cv/referenceContent#AcousticBehaviour",""
"references","","17122","http://purl.obolibrary.org/obo/IAO_0000136","taxa","","2316","https://vocab.audioblast.org/cv/referenceContent#AcousticBehaviour",""
"references","","17122","http://purl.obolibrary.org/obo/IAO_0000136","taxa","","2317","https://vocab.audioblast.org/cv/referenceContent#AcousticBehaviour",""
"references","","17122","http://purl.obolibrary.org/obo/IAO_0000136","taxa","","2318","https://vocab.audioblast.org/cv/referenceContent#AcousticBehaviour",""
"references","","17122","http://purl.obolibrary.org/obo/IAO_0000136","taxa","","2319","https://vocab.audioblast.org/cv/referenceContent#AcousticBehaviour",""
"references","","17122","http://purl.obolibrary.org/obo/IAO_0000136","taxa","","2320","https://vocab.audioblast.org/cv/referenceContent#AcousticBehaviour",""
"references","","17122","http://purl.obolibrary.org/obo/IAO_0000136","taxa","","2321","https://vocab.audioblast.org/cv/referenceContent#AcousticBehaviour",""
"references","","17122","http://purl.obolibrary.org/obo/IAO_0000136","taxa","","2323","https://vocab.audioblast.org/cv/referenceContent#AcousticBehaviour",""
"references","","17122","http://purl.obolibrary.org/obo/IAO_0000136","taxa","","2324","https://vocab.audioblast.org/cv/referenceContent#AcousticBehaviour",""
"references","","17167","http://purl.obolibrary.org/obo/IAO_0000136","taxa","","1323","https://vocab.audioblast.org/cv/referenceContent#AcousticBehaviour",""
"references","","17167","http://purl.obolibrary.org/obo/IAO_0000136","taxa","","1324","https://vocab.audioblast.org/cv/referenceContent#AcousticBehaviour",""
"references","","17168","http://purl.obolibrary.org/obo/IAO_0000136","taxa","","2464","https://vocab.audioblast.org/cv/referenceContent#AcousticBehaviour",""
"references","","17168","http://purl.obolibrary.org/obo/IAO_0000136","taxa","","2466","https://vocab.audioblast.org/cv/referenceContent#AcousticBehaviour",""
"references","","17168","http://purl.obolibrary.org/obo/IAO_0000136","taxa","","2468","https://vocab.audioblast.org/cv/referenceContent#AcousticBehaviour",""
"references","","17168","http://purl.obolibrary.org/obo/IAO_0000136","taxa","","2470","https://vocab.audioblast.org/cv/referenceContent#AcousticBehaviour",""
"references","","17169","http://purl.obolibrary.org/obo/IAO_0000136","taxa","","2472","https://vocab.audioblast.org/cv/referenceContent#AcousticBehaviour",""
"references","","17170","http://purl.obolibrary.org/obo/IAO_0000136","taxa","","2472","https://vocab.audioblast.org/cv/referenceContent#AcousticBehaviour",""
"references","","17171","http://purl.obolibrary.org/obo/IAO_0000136","taxa","","2476","https://vocab.audioblast.org/cv/referenceContent#AcousticBehaviour",""
"references","","17172","http://purl.obolibrary.org/obo/IAO_0000136","taxa","","67","https://vocab.audioblast.org/cv/referenceContent#AcousticBehaviour",""
"references","","17173","http://purl.obolibrary.org/obo/IAO_0000136","taxa","","92","https://vocab.audioblast.org/cv/referenceContent#AcousticBehaviour",""
"references","","17174","http://purl.obolibrary.org/obo/IAO_0000136","taxa","","143","https://vocab.audioblast.org/cv/referenceContent#AcousticBehaviour",""
"references","","17175","http://purl.obolibrary.org/obo/IAO_0000136","taxa","","92","https://vocab.audioblast.org/cv/referenceContent#AcousticBehaviour",""
"references","","17176","http://purl.obolibrary.org/obo/IAO_0000136","taxa","","1805","https://vocab.audioblast.org/cv/referenceContent#AcousticBehaviour",""
"references","","17177","http://purl.obolibrary.org/obo/IAO_0000136","taxa","","240","https://vocab.audioblast.org/cv/referenceContent#AcousticBehaviour",""
"references","","17177","http://purl.obolibrary.org/obo/IAO_0000136","taxa","","2477","https://vocab.audioblast.org/cv/referenceContent#AcousticBehaviour",""
"references","","17177","http://purl.obolibrary.org/obo/IAO_0000136","taxa","","2480","https://vocab.audioblast.org/cv/referenceContent#AcousticBehaviour",""
"references","","17178","http://purl.obolibrary.org/obo/IAO_0000136","taxa","","2477","https://vocab.audioblast.org/cv/referenceContent#AcousticBehaviour",""
"references","","17198","http://purl.obolibrary.org/obo/IAO_0000136","taxa","","2499","https://vocab.audioblast.org/cv/referenceContent#AcousticBehaviour",""
"references","","17198","http://purl.obolibrary.org/obo/IAO_0000136","taxa","","2501","https://vocab.audioblast.org/cv/referenceContent#AcousticBehaviour",""
"references","","17199","http://purl.obolibrary.org/obo/IAO_0000136","taxa","","2503","https://vocab.audioblast.org/cv/referenceContent#AcousticBehaviour",""
"references","","17200","http://purl.obolibrary.org/obo/IAO_0000136","taxa","","128","https://vocab.audioblast.org/cv/referenceContent#AcousticBehaviour",""
"references","","17200","http://purl.obolibrary.org/obo/IAO_0000136","taxa","","2505","https://vocab.audioblast.org/cv/referenceContent#AcousticBehaviour",""
"references","","17200","http://purl.obolibrary.org/obo/IAO_0000136","taxa","","2508","https://vocab.audioblast.org/cv/referenceContent#AcousticBehaviour",""
"references","","17200","http://purl.obolibrary.org/obo/IAO_0000136","taxa","","2510","https://vocab.audioblast.org/cv/referenceContent#AcousticBehaviour",""
"references","","17201","http://purl.obolibrary.org/obo/IAO_0000136","taxa","","1805","https://vocab.audioblast.org/cv/referenceContent#AcousticBehaviour",""
"references","","17202","http://purl.obolibrary.org/obo/IAO_0000136","taxa","","1843","https://vocab.audioblast.org/cv/referenceContent#AcousticBehaviour",""
"references","","17203","http://purl.obolibrary.org/obo/IAO_0000136","taxa","","2511","https://vocab.audioblast.org/cv/referenceContent#AcousticBehaviour",""
"references","","17204","http://purl.obolibrary.org/obo/IAO_0000136","taxa","","143","https://vocab.audioblast.org/cv/referenceContent#AcousticBehaviour",""
"references","","17205","http://purl.obolibrary.org/obo/IAO_0000136","taxa","","2352","https://vocab.audioblast.org/cv/referenceContent#AcousticBehaviour",""
"references","","17205","http://purl.obolibrary.org/obo/IAO_0000136","taxa","","56","https://vocab.audioblast.org/cv/referenceContent#AcousticBehaviour",""
"references","","17206","http://purl.obolibrary.org/obo/IAO_0000136","taxa","","143","https://vocab.audioblast.org/cv/referenceContent#AcousticBehaviour",""
"references","","17206","http://purl.obolibrary.org/obo/IAO_0000136","taxa","","199","https://vocab.audioblast.org/cv/referenceContent#AcousticBehaviour",""
"references","","17207","http://purl.obolibrary.org/obo/IAO_0000136","taxa","","199","https://vocab.audioblast.org/cv/referenceContent#AcousticBehaviour",""
"references","","17207","http://purl.obolibrary.org/obo/IAO_0000136","taxa","","2512","https://vocab.audioblast.org/cv/referenceContent#AcousticBehaviour",""
"references","","17208","http://purl.obolibrary.org/obo/IAO_0000136","taxa","","2513","https://vocab.audioblast.org/cv/referenceContent#AcousticBehaviour",""
"references","","17209","http://purl.obolibrary.org/obo/IAO_0000136","taxa","","2513","https://vocab.audioblast.org/cv/referenceContent#AcousticBehaviour",""
"references","","17210","http://purl.obolibrary.org/obo/IAO_0000136","taxa","","2513","https://vocab.audioblast.org/cv/referenceContent#AcousticBehaviour",""
"references","","17211","http://purl.obolibrary.org/obo/IAO_0000136","taxa","","2515","https://vocab.audioblast.org/cv/referenceContent#AcousticBehaviour",""
"references","","17212","http://purl.obolibrary.org/obo/IAO_0000136","taxa","","2513","https://vocab.audioblast.org/cv/referenceContent#AcousticBehaviour",""
"references","","17213","http://purl.obolibrary.org/obo/IAO_0000136","taxa","","2247","https://vocab.audioblast.org/cv/referenceContent#AcousticBehaviour",""
"references","","17213","http://purl.obolibrary.org/obo/IAO_0000136","taxa","","2248","https://vocab.audioblast.org/cv/referenceContent#AcousticBehaviour",""
"references","","17213","http://purl.obolibrary.org/obo/IAO_0000136","taxa","","2516","https://vocab.audioblast.org/cv/referenceContent#AcousticBehaviour",""
"references","","17213","http://purl.obolibrary.org/obo/IAO_0000136","taxa","","309","https://vocab.audioblast.org/cv/referenceContent#AcousticBehaviour",""
"references","","17214","http://purl.obolibrary.org/obo/IAO_0000136","taxa","","2521","https://vocab.audioblast.org/cv/referenceContent#AcousticBehaviour",""
"references","","17215","http://purl.obolibrary.org/obo/IAO_0000136","taxa","","2523","https://vocab.audioblast.org/cv/referenceContent#AcousticBehaviour",""
"references","","17216","http://purl.obolibrary.org/obo/IAO_0000136","taxa","","601","https://vocab.audioblast.org/cv/referenceContent#AcousticBehaviour",""
"references","","17217","http://purl.obolibrary.org/obo/IAO_0000136","taxa","","2528","https://vocab.audioblast.org/cv/referenceContent#AcousticBehaviour",""
"references","","17218","http://purl.obolibrary.org/obo/IAO_0000136","taxa","","1805","https://vocab.audioblast.org/cv/referenceContent#AcousticBehaviour",""
"references","","17219","http://purl.obolibrary.org/obo/IAO_0000136","taxa","","2521","https://vocab.audioblast.org/cv/referenceContent#AcousticBehaviour",""
"references","","17220","http://purl.obolibrary.org/obo/IAO_0000136","taxa","","2404","https://vocab.audioblast.org/cv/referenceContent#AcousticBehaviour",""
"references","","17221","http://purl.obolibrary.org/obo/IAO_0000136","taxa","","2504","https://vocab.audioblast.org/cv/referenceContent#AcousticBehaviour",""
"references","","17221","http://purl.obolibrary.org/obo/IAO_0000136","taxa","","2529","https://vocab.audioblast.org/cv/referenceContent#AcousticBehaviour",""
"references","","17221","http://purl.obolibrary.org/obo/IAO_0000136","taxa","","2532","https://vocab.audioblast.org/cv/referenceContent#AcousticBehaviour",""
"references","","17222","http://purl.obolibrary.org/obo/IAO_0000136","taxa","","2535","https://vocab.audioblast.org/cv/referenceContent#AcousticBehaviour",""
"references","","17223","http://purl.obolibrary.org/obo/IAO_0000136","taxa","","2538","https://vocab.audioblast.org/cv/referenceContent#AcousticBehaviour",""
"references","","17223","http://purl.obolibrary.org/obo/IAO_0000136","taxa","","907","https://vocab.audioblast.org/cv/referenceContent#AcousticBehaviour",""
"references","","17224","http://purl.obolibrary.org/obo/IAO_0000136","taxa","","2539","https://vocab.audioblast.org/cv/referenceContent#AcousticBehaviour",""
"references","","17225","http://purl.obolibrary.org/obo/IAO_0000136","taxa","","84","https://vocab.audioblast.org/cv/referenceContent#AcousticBehaviour",""
"references","","17226","http://purl.obolibrary.org/obo/IAO_0000136","taxa","","2219","https://vocab.audioblast.org/cv/referenceContent#AcousticBehaviour",""
"references","","17226","http://purl.obolibrary.org/obo/IAO_0000136","taxa","","56","https://vocab.audioblast.org/cv/referenceContent#AcousticBehaviour",""
"references","","17227","http://purl.obolibrary.org/obo/IAO_0000136","taxa","","2219","https://vocab.audioblast.org/cv/referenceContent#AcousticBehaviour",""
"references","","17227","http://purl.obolibrary.org/obo/IAO_0000136","taxa","","56","https://vocab.audioblast.org/cv/referenceContent#AcousticBehaviour",""
"references","","17228","http://purl.obolibrary.org/obo/IAO_0000136","taxa","","2352","https://vocab.audioblast.org/cv/referenceContent#AcousticBehaviour",""
"references","","17229","http://purl.obolibrary.org/obo/IAO_0000136","taxa","","2352","https://vocab.audioblast.org/cv/referenceContent#AcousticBehaviour",""
"references","","17230","http://purl.obolibrary.org/obo/IAO_0000136","taxa","","266","https://vocab.audioblast.org/cv/referenceContent#AcousticBehaviour",""
"references","","17230","http://purl.obolibrary.org/obo/IAO_0000136","taxa","","80","https://vocab.audioblast.org/cv/referenceContent#AcousticBehaviour",""
"references","","17231","http://purl.obolibrary.org/obo/IAO_0000136","taxa","","2299","https://vocab.audioblast.org/cv/referenceContent#AcousticBehaviour",""
"references","","17232","http://purl.obolibrary.org/obo/IAO_0000136","taxa","","2352","https://vocab.audioblast.org/cv/referenceContent#AcousticBehaviour",""
"references","","17233","http://purl.obolibrary.org/obo/IAO_0000136","taxa","","2352","https://vocab.audioblast.org/cv/referenceContent#AcousticBehaviour",""
"references","","17234","http://purl.obolibrary.org/obo/IAO_0000136","taxa","","489","https://vocab.audioblast.org/cv/referenceContent#AcousticBehaviour",""
"references","","17235","http://purl.obolibrary.org/obo/IAO_0000136","taxa","","2540","https://vocab.audioblast.org/cv/referenceContent#AcousticBehaviour",""
"references","","17236","http://purl.obolibrary.org/obo/IAO_0000136","taxa","","2541","https://vocab.audioblast.org/cv/referenceContent#AcousticBehaviour",""
"references","","17237","http://purl.obolibrary.org/obo/IAO_0000136","taxa","","2404","https://vocab.audioblast.org/cv/referenceContent#AcousticBehaviour",""
"references","","17238","http://purl.obolibrary.org/obo/IAO_0000136","taxa","","1813","https://vocab.audioblast.org/cv/referenceContent#AcousticBehaviour",""
"references","","17239","http://purl.obolibrary.org/obo/IAO_0000136","taxa","","142","https://vocab.audioblast.org/cv/referenceContent#AcousticBehaviour",""
"references","","17239","http://purl.obolibrary.org/obo/IAO_0000136","taxa","","308","https://vocab.audioblast.org/cv/referenceContent#AcousticBehaviour",""
"references","","17240","http://purl.obolibrary.org/obo/IAO_0000136","taxa","","2149","https://vocab.audioblast.org/cv/referenceContent#AcousticBehaviour",""
"references","","17241","http://purl.obolibrary.org/obo/IAO_0000136","taxa","","319","https://vocab.audioblast.org/cv/referenceContent#AcousticBehaviour",""
"references","","17242","http://purl.obolibrary.org/obo/IAO_0000136","taxa","","315","https://vocab.audioblast.org/cv/referenceContent#AcousticBehaviour",""
"references","","17243","http://purl.obolibrary.org/obo/IAO_0000136","taxa","","2542","https://vocab.audioblast.org/cv/referenceContent#AcousticBehaviour",""
"references","","17244","http://purl.obolibrary.org/obo/IAO_0000136","taxa","","243","https://vocab.audioblast.org/cv/referenceContent#AcousticBehaviour",""
"references","","17245","http://purl.obolibrary.org/obo/IAO_0000136","taxa","","112","https://vocab.audioblast.org/cv/referenceContent#AcousticBehaviour",""
"references","","17245","http://purl.obolibrary.org/obo/IAO_0000136","taxa","","116","https://vocab.audioblast.org/cv/referenceContent#AcousticBehaviour",""
"references","","17245","http://purl.obolibrary.org/obo/IAO_0000136","taxa","","243","https://vocab.audioblast.org/cv/referenceContent#AcousticBehaviour",""
"references","","17245","http://purl.obolibrary.org/obo/IAO_0000136","taxa","","319","https://vocab.audioblast.org/cv/referenceContent#AcousticBehaviour",""
"references","","17245","http://purl.obolibrary.org/obo/IAO_0000136","taxa","","323","https://vocab.audioblast.org/cv/referenceContent#AcousticBehaviour",""
"references","","17245","http://purl.obolibrary.org/obo/IAO_0000136","taxa","","70","https://vocab.audioblast.org/cv/referenceContent#AcousticBehaviour",""
"references","","17245","http://purl.obolibrary.org/obo/IAO_0000136","taxa","","72","https://vocab.audioblast.org/cv/referenceContent#AcousticBehaviour",""
"references","","17245","http://purl.obolibrary.org/obo/IAO_0000136","taxa","","84","https://vocab.audioblast.org/cv/referenceContent#AcousticBehaviour",""
"references","","17246","http://purl.obolibrary.org/obo/IAO_0000136","taxa","","2543","https://vocab.audioblast.org/cv/referenceContent#AcousticBehaviour",""
"references","","17247","http://purl.obolibrary.org/obo/IAO_0000136","taxa","","2545","https://vocab.audioblast.org/cv/referenceContent#AcousticBehaviour",""
"references","","17247","http://purl.obolibrary.org/obo/IAO_0000136","taxa","","2546","https://vocab.audioblast.org/cv/referenceContent#AcousticBehaviour",""
"references","","17247","http://purl.obolibrary.org/obo/IAO_0000136","taxa","","2547","https://vocab.audioblast.org/cv/referenceContent#AcousticBehaviour",""
"references","","17248","http://purl.obolibrary.org/obo/IAO_0000136","taxa","","2535","https://vocab.audioblast.org/cv/referenceContent#AcousticBehaviour",""
"references","","17249","http://purl.obolibrary.org/obo/IAO_0000136","taxa","","2550","https://vocab.audioblast.org/cv/referenceContent#AcousticBehaviour",""
"references","","17250","http://purl.obolibrary.org/obo/IAO_0000136","taxa","","2552","https://vocab.audioblast.org/cv/referenceContent#AcousticBehaviour",""
"references","","17250","http://purl.obolibrary.org/obo/IAO_0000136","taxa","","2553","https://vocab.audioblast.org/cv/referenceContent#AcousticBehaviour",""
"references","","17250","http://purl.obolibrary.org/obo/IAO_0000136","taxa","","2554","https://vocab.audioblast.org/cv/referenceContent#AcousticBehaviour",""
"references","","17251","http://purl.obolibrary.org/obo/IAO_0000136","taxa","","2555","https://vocab.audioblast.org/cv/referenceContent#AcousticBehaviour",""
"references","","17252","http://purl.obolibrary.org/obo/IAO_0000136","taxa","","2556","https://vocab.audioblast.org/cv/referenceContent#AcousticBehaviour",""
"references","","17252","http://purl.obolibrary.org/obo/IAO_0000136","taxa","","58","https://vocab.audioblast.org/cv/referenceContent#AcousticBehaviour",""
"references","","17253","http://purl.obolibrary.org/obo/IAO_0000136","taxa","","84","https://vocab.audioblast.org/cv/referenceContent#AcousticBehaviour",""
"references","","17254","http://purl.obolibrary.org/obo/IAO_0000136","taxa","","2557","https://vocab.audioblast.org/cv/referenceContent#AcousticBehaviour",""
"references","","17255","http://purl.obolibrary.org/obo/IAO_0000136","taxa","","2143","https://vocab.audioblast.org/cv/referenceContent#AcousticBehaviour",""
"references","","17255","http://purl.obolibrary.org/obo/IAO_0000136","taxa","","2146","https://vocab.audioblast.org/cv/referenceContent#AcousticBehaviour",""
"references","","17256","http://purl.obolibrary.org/obo/IAO_0000136","taxa","","2558","https://vocab.audioblast.org/cv/referenceContent#AcousticBehaviour",""
"references","","17256","http://purl.obolibrary.org/obo/IAO_0000136","taxa","","2559","https://vocab.audioblast.org/cv/referenceContent#AcousticBehaviour",""
"references","","17256","http://purl.obolibrary.org/obo/IAO_0000136","taxa","","2560","https://vocab.audioblast.org/cv/referenceContent#AcousticBehaviour",""
"references","","17257","http://purl.obolibrary.org/obo/IAO_0000136","taxa","","2563","https://vocab.audioblast.org/cv/referenceContent#AcousticBehaviour",""
"references","","17258","http://purl.obolibrary.org/obo/IAO_0000136","taxa","","2564","https://vocab.audioblast.org/cv/referenceContent#AcousticBehaviour",""
"references","","17259","http://purl.obolibrary.org/obo/IAO_0000136","taxa","","2565","https://vocab.audioblast.org/cv/referenceContent#AcousticBehaviour",""
"references","","17260","http://purl.obolibrary.org/obo/IAO_0000136","taxa","","933","https://vocab.audioblast.org/cv/referenceContent#AcousticBehaviour",""
"references","","17261","http://purl.obolibrary.org/obo/IAO_0000136","taxa","","1699","https://vocab.audioblast.org/cv/referenceContent#AcousticBehaviour",""
"references","","17261","http://purl.obolibrary.org/obo/IAO_0000136","taxa","","1701","https://vocab.audioblast.org/cv/referenceContent#AcousticBehaviour",""
"references","","17261","http://purl.obolibrary.org/obo/IAO_0000136","taxa","","1702","https://vocab.audioblast.org/cv/referenceContent#AcousticBehaviour",""
"references","","17261","http://purl.obolibrary.org/obo/IAO_0000136","taxa","","1703","https://vocab.audioblast.org/cv/referenceContent#AcousticBehaviour",""
"references","","17261","http://purl.obolibrary.org/obo/IAO_0000136","taxa","","2566","https://vocab.audioblast.org/cv/referenceContent#AcousticBehaviour",""
"references","","17261","http://purl.obolibrary.org/obo/IAO_0000136","taxa","","2567","https://vocab.audioblast.org/cv/referenceContent#AcousticBehaviour",""
"references","","17261","http://purl.obolibrary.org/obo/IAO_0000136","taxa","","933","https://vocab.audioblast.org/cv/referenceContent#AcousticBehaviour",""
"references","","17262","http://purl.obolibrary.org/obo/IAO_0000136","taxa","","919","https://vocab.audioblast.org/cv/referenceContent#AcousticBehaviour",""
"references","","17263","http://purl.obolibrary.org/obo/IAO_0000136","taxa","","583","https://vocab.audioblast.org/cv/referenceContent#AcousticBehaviour",""
"references","","17264","http://purl.obolibrary.org/obo/IAO_0000136","taxa","","2568","https://vocab.audioblast.org/cv/referenceContent#AcousticBehaviour",""
"references","","17265","http://purl.obolibrary.org/obo/IAO_0000136","taxa","","2571","https://vocab.audioblast.org/cv/referenceContent#AcousticBehaviour",""
"references","","17268","http://purl.obolibrary.org/obo/IAO_0000136","taxa","","2573","https://vocab.audioblast.org/cv/referenceContent#AcousticBehaviour",""
"references","","17269","http://purl.obolibrary.org/obo/IAO_0000136","taxa","","2575","https://vocab.audioblast.org/cv/referenceContent#AcousticBehaviour",""
"references","","17269","http://purl.obolibrary.org/obo/IAO_0000136","taxa","","2576","https://vocab.audioblast.org/cv/referenceContent#AcousticBehaviour",""
"references","","17269","http://purl.obolibrary.org/obo/IAO_0000136","taxa","","2577","https://vocab.audioblast.org/cv/referenceContent#AcousticBehaviour",""
"references","","17269","http://purl.obolibrary.org/obo/IAO_0000136","taxa","","2578","https://vocab.audioblast.org/cv/referenceContent#AcousticBehaviour",""
"references","","17269","http://purl.obolibrary.org/obo/IAO_0000136","taxa","","2579","https://vocab.audioblast.org/cv/referenceContent#AcousticBehaviour",""
"references","","17270","http://purl.obolibrary.org/obo/IAO_0000136","taxa","","2584","https://vocab.audioblast.org/cv/referenceContent#AcousticBehaviour",""
"references","","17274","http://purl.obolibrary.org/obo/IAO_0000136","taxa","","2588","https://vocab.audioblast.org/cv/referenceContent#AcousticBehaviour",""
"references","","17274","http://purl.obolibrary.org/obo/IAO_0000136","taxa","","56","https://vocab.audioblast.org/cv/referenceContent#AcousticBehaviour",""
"references","","17275","http://purl.obolibrary.org/obo/IAO_0000136","taxa","","1638","https://vocab.audioblast.org/cv/referenceContent#AcousticBehaviour",""
"references","","17275","http://purl.obolibrary.org/obo/IAO_0000136","taxa","","2589","https://vocab.audioblast.org/cv/referenceContent#AcousticBehaviour",""
"references","","17275","http://purl.obolibrary.org/obo/IAO_0000136","taxa","","2591","https://vocab.audioblast.org/cv/referenceContent#AcousticBehaviour",""
"references","","17275","http://purl.obolibrary.org/obo/IAO_0000136","taxa","","35","https://vocab.audioblast.org/cv/referenceContent#AcousticBehaviour",""
"references","","17292","http://purl.obolibrary.org/obo/IAO_0000136","taxa","","235","https://vocab.audioblast.org/cv/referenceContent#AcousticBehaviour",""
"references","","17292","http://purl.obolibrary.org/obo/IAO_0000136","taxa","","2607","https://vocab.audioblast.org/cv/referenceContent#AcousticBehaviour",""
"references","","17335","http://purl.obolibrary.org/obo/IAO_0000136","taxa","","76","https://vocab.audioblast.org/cv/referenceContent#AcousticBehaviour",""
"references","","20059","http://purl.obolibrary.org/obo/IAO_0000136","taxa","","1248","https://vocab.audioblast.org/cv/referenceContent#AcousticBehaviour",""
"references","","20059","http://purl.obolibrary.org/obo/IAO_0000136","taxa","","56","https://vocab.audioblast.org/cv/referenceContent#AcousticBehaviour",""
"references","","20335","http://purl.obolibrary.org/obo/IAO_0000136","taxa","","2651","https://vocab.audioblast.org/cv/referenceContent#AcousticBehaviour",""
"references","","20902","http://purl.obolibrary.org/obo/IAO_0000136","taxa","","2656","https://vocab.audioblast.org/cv/referenceContent#AcousticBehaviour",""
"references","","20904","http://purl.obolibrary.org/obo/IAO_0000136","taxa","","2568","https://vocab.audioblast.org/cv/referenceContent#AcousticBehaviour",""
"references","","20904","http://purl.obolibrary.org/obo/IAO_0000136","taxa","","2666","https://vocab.audioblast.org/cv/referenceContent#AcousticBehaviour",""
"references","","20904","http://purl.obolibrary.org/obo/IAO_0000136","taxa","","2667","https://vocab.audioblast.org/cv/referenceContent#AcousticBehaviour",""
"references","","20904","http://purl.obolibrary.org/obo/IAO_0000136","taxa","","2668","https://vocab.audioblast.org/cv/referenceContent#AcousticBehaviour",""
"references","","20904","http://purl.obolibrary.org/obo/IAO_0000136","taxa","","2669","https://vocab.audioblast.org/cv/referenceContent#AcousticBehaviour",""
"references","","20904","http://purl.obolibrary.org/obo/IAO_0000136","taxa","","2670","https://vocab.audioblast.org/cv/referenceContent#AcousticBehaviour",""
"references","","20904","http://purl.obolibrary.org/obo/IAO_0000136","taxa","","771","https://vocab.audioblast.org/cv/referenceContent#AcousticBehaviour",""
"references","","20904","http://purl.obolibrary.org/obo/IAO_0000136","taxa","","774","https://vocab.audioblast.org/cv/referenceContent#AcousticBehaviour",""
"references","","20915","http://purl.obolibrary.org/obo/IAO_0000136","taxa","","2677","https://vocab.audioblast.org/cv/referenceContent#AcousticBehaviour",""
"references","","20915","http://purl.obolibrary.org/obo/IAO_0000136","taxa","","2678","https://vocab.audioblast.org/cv/referenceContent#AcousticBehaviour",""
"references","","20915","http://purl.obolibrary.org/obo/IAO_0000136","taxa","","2679","https://vocab.audioblast.org/cv/referenceContent#AcousticBehaviour",""
"references","","20915","http://purl.obolibrary.org/obo/IAO_0000136","taxa","","2680","https://vocab.audioblast.org/cv/referenceContent#AcousticBehaviour",""
"references","","20915","http://purl.obolibrary.org/obo/IAO_0000136","taxa","","2681","https://vocab.audioblast.org/cv/referenceContent#AcousticBehaviour",""
"references","","20916","http://purl.obolibrary.org/obo/IAO_0000136","taxa","","2685","https://vocab.audioblast.org/cv/referenceContent#AcousticBehaviour",""
"references","","20917","http://purl.obolibrary.org/obo/IAO_0000136","taxa","","315","https://vocab.audioblast.org/cv/referenceContent#AcousticBehaviour",""
"references","","20918","http://purl.obolibrary.org/obo/IAO_0000136","taxa","","2688","https://vocab.audioblast.org/cv/referenceContent#AcousticBehaviour",""
"references","","20919","http://purl.obolibrary.org/obo/IAO_0000136","taxa","","594","https://vocab.audioblast.org/cv/referenceContent#AcousticBehaviour",""
"references","","20926","http://purl.obolibrary.org/obo/IAO_0000136","taxa","","1863","https://vocab.audioblast.org/cv/referenceContent#AcousticBehaviour",""
"references","","20926","http://purl.obolibrary.org/obo/IAO_0000136","taxa","","2693","https://vocab.audioblast.org/cv/referenceContent#AcousticBehaviour",""
"references","","20926","http://purl.obolibrary.org/obo/IAO_0000136","taxa","","2696","https://vocab.audioblast.org/cv/referenceContent#AcousticBehaviour",""
"references","","20926","http://purl.obolibrary.org/obo/IAO_0000136","taxa","","2701","https://vocab.audioblast.org/cv/referenceContent#AcousticBehaviour",""
"references","","20926","http://purl.obolibrary.org/obo/IAO_0000136","taxa","","2705","https://vocab.audioblast.org/cv/referenceContent#AcousticBehaviour",""
"references","","20926","http://purl.obolibrary.org/obo/IAO_0000136","taxa","","2708","https://vocab.audioblast.org/cv/referenceContent#AcousticBehaviour",""
"references","","20926","http://purl.obolibrary.org/obo/IAO_0000136","taxa","","2710","https://vocab.audioblast.org/cv/referenceContent#AcousticBehaviour",""
"references","","20926","http://purl.obolibrary.org/obo/IAO_0000136","taxa","","2713","https://vocab.audioblast.org/cv/referenceContent#AcousticBehaviour",""
"references","","20926","http://purl.obolibrary.org/obo/IAO_0000136","taxa","","2716","https://vocab.audioblast.org/cv/referenceContent#AcousticBehaviour",""
"references","","20926","http://purl.obolibrary.org/obo/IAO_0000136","taxa","","2718","https://vocab.audioblast.org/cv/referenceContent#AcousticBehaviour",""
"references","","20926","http://purl.obolibrary.org/obo/IAO_0000136","taxa","","2720","https://vocab.audioblast.org/cv/referenceContent#AcousticBehaviour",""
"references","","20926","http://purl.obolibrary.org/obo/IAO_0000136","taxa","","2731","https://vocab.audioblast.org/cv/referenceContent#AcousticBehaviour",""
"references","","20926","http://purl.obolibrary.org/obo/IAO_0000136","taxa","","2733","https://vocab.audioblast.org/cv/referenceContent#AcousticBehaviour",""
"references","","20926","http://purl.obolibrary.org/obo/IAO_0000136","taxa","","556","https://vocab.audioblast.org/cv/referenceContent#AcousticBehaviour",""
"references","","20926","http://purl.obolibrary.org/obo/IAO_0000136","taxa","","558","https://vocab.audioblast.org/cv/referenceContent#AcousticBehaviour",""
"references","","40322","http://purl.obolibrary.org/obo/IAO_0000136","taxa","","2744","https://vocab.audioblast.org/cv/referenceContent#AcousticBehaviour",""
"references","","40322","http://purl.obolibrary.org/obo/IAO_0000136","taxa","","2747","https://vocab.audioblast.org/cv/referenceContent#AcousticBehaviour",""
"references","","40322","http://purl.obolibrary.org/obo/IAO_0000136","taxa","","2749","https://vocab.audioblast.org/cv/referenceContent#AcousticBehaviour",""
"references","","40322","http://purl.obolibrary.org/obo/IAO_0000136","taxa","","2752","https://vocab.audioblast.org/cv/referenceContent#AcousticBehaviour",""
"references","","40322","http://purl.obolibrary.org/obo/IAO_0000136","taxa","","2754","https://vocab.audioblast.org/cv/referenceContent#AcousticBehaviour",""
"references","","40322","http://purl.obolibrary.org/obo/IAO_0000136","taxa","","2755","https://vocab.audioblast.org/cv/referenceContent#AcousticBehaviour",""
"references","","40322","http://purl.obolibrary.org/obo/IAO_0000136","taxa","","2759","https://vocab.audioblast.org/cv/referenceContent#AcousticBehaviour",""
"references","","40433","http://purl.obolibrary.org/obo/IAO_0000136","taxa","","2336","https://vocab.audioblast.org/cv/referenceContent#AcousticBehaviour",""
"references","","40433","http://purl.obolibrary.org/obo/IAO_0000136","taxa","","2767","https://vocab.audioblast.org/cv/referenceContent#AcousticBehaviour",""
"references","","40435","http://purl.obolibrary.org/obo/IAO_0000136","taxa","","1249","https://vocab.audioblast.org/cv/referenceContent#AcousticBehaviour",""
"references","","40435","http://purl.obolibrary.org/obo/IAO_0000136","taxa","","2334","https://vocab.audioblast.org/cv/referenceContent#AcousticBehaviour",""
"references","","40435","http://purl.obolibrary.org/obo/IAO_0000136","taxa","","2337","https://vocab.audioblast.org/cv/referenceContent#AcousticBehaviour",""
"references","","40437","http://purl.obolibrary.org/obo/IAO_0000136","taxa","","2769","https://vocab.audioblast.org/cv/referenceContent#AcousticBehaviour",""
"references","","40437","http://purl.obolibrary.org/obo/IAO_0000136","taxa","","2772","https://vocab.audioblast.org/cv/referenceContent#AcousticBehaviour",""
"references","","40441","http://purl.obolibrary.org/obo/IAO_0000136","taxa","","1249","https://vocab.audioblast.org/cv/referenceContent#AcousticBehaviour",""
"references","","40441","http://purl.obolibrary.org/obo/IAO_0000136","taxa","","2742","https://vocab.audioblast.org/cv/referenceContent#AcousticBehaviour",""
"references","","40441","http://purl.obolibrary.org/obo/IAO_0000136","taxa","","2744","https://vocab.audioblast.org/cv/referenceContent#AcousticBehaviour",""
"references","","40443","http://purl.obolibrary.org/obo/IAO_0000136","taxa","","2774","https://vocab.audioblast.org/cv/referenceContent#AcousticBehaviour",""
"references","","40445","http://purl.obolibrary.org/obo/IAO_0000136","taxa","","2205","https://vocab.audioblast.org/cv/referenceContent#AcousticBehaviour",""
"references","","40445","http://purl.obolibrary.org/obo/IAO_0000136","taxa","","2780","https://vocab.audioblast.org/cv/referenceContent#AcousticBehaviour",""
"references","","40640","http://purl.obolibrary.org/obo/IAO_0000136","taxa","","2972","https://vocab.audioblast.org/cv/referenceContent#AcousticBehaviour",""
"references","","40640","http://purl.obolibrary.org/obo/IAO_0000136","taxa","","2973","https://vocab.audioblast.org/cv/referenceContent#AcousticBehaviour",""
"references","","40640","http://purl.obolibrary.org/obo/IAO_0000136","taxa","","2974","https://vocab.audioblast.org/cv/referenceContent#AcousticBehaviour",""
"references","","40640","http://purl.obolibrary.org/obo/IAO_0000136","taxa","","2975","https://vocab.audioblast.org/cv/referenceContent#AcousticBehaviour",""
"references","","40640","http://purl.obolibrary.org/obo/IAO_0000136","taxa","","2976","https://vocab.audioblast.org/cv/referenceContent#AcousticBehaviour",""
"references","","40640","http://purl.obolibrary.org/obo/IAO_0000136","taxa","","2977","https://vocab.audioblast.org/cv/referenceContent#AcousticBehaviour",""
"references","","40640","http://purl.obolibrary.org/obo/IAO_0000136","taxa","","2978","https://vocab.audioblast.org/cv/referenceContent#AcousticBehaviour",""
"references","","40640","http://purl.obolibrary.org/obo/IAO_0000136","taxa","","2979","https://vocab.audioblast.org/cv/referenceContent#AcousticBehaviour",""
"references","","40640","http://purl.obolibrary.org/obo/IAO_0000136","taxa","","2980","https://vocab.audioblast.org/cv/referenceContent#AcousticBehaviour",""
"references","","40640","http://purl.obolibrary.org/obo/IAO_0000136","taxa","","2981","https://vocab.audioblast.org/cv/referenceContent#AcousticBehaviour",""
"references","","43232","http://purl.obolibrary.org/obo/IAO_0000136","taxa","","1806","https://vocab.audioblast.org/cv/referenceContent#AcousticBehaviour",""
"references","","43232","http://purl.obolibrary.org/obo/IAO_0000136","taxa","","1812","https://vocab.audioblast.org/cv/referenceContent#AcousticBehaviour",""
"references","","43232","http://purl.obolibrary.org/obo/IAO_0000136","taxa","","1818","https://vocab.audioblast.org/cv/referenceContent#AcousticBehaviour",""
"references","","43232","http://purl.obolibrary.org/obo/IAO_0000136","taxa","","1823","https://vocab.audioblast.org/cv/referenceContent#AcousticBehaviour",""
"references","","43232","http://purl.obolibrary.org/obo/IAO_0000136","taxa","","1827","https://vocab.audioblast.org/cv/referenceContent#AcousticBehaviour",""
"references","","43232","http://purl.obolibrary.org/obo/IAO_0000136","taxa","","1828","https://vocab.audioblast.org/cv/referenceContent#AcousticBehaviour",""
"references","","43232","http://purl.obolibrary.org/obo/IAO_0000136","taxa","","1829","https://vocab.audioblast.org/cv/referenceContent#AcousticBehaviour",""
"references","","43232","http://purl.obolibrary.org/obo/IAO_0000136","taxa","","1837","https://vocab.audioblast.org/cv/referenceContent#AcousticBehaviour",""
"references","","43232","http://purl.obolibrary.org/obo/IAO_0000136","taxa","","1840","https://vocab.audioblast.org/cv/referenceContent#AcousticBehaviour",""
"references","","43232","http://purl.obolibrary.org/obo/IAO_0000136","taxa","","1843","https://vocab.audioblast.org/cv/referenceContent#AcousticBehaviour",""
"references","","43232","http://purl.obolibrary.org/obo/IAO_0000136","taxa","","1845","https://vocab.audioblast.org/cv/referenceContent#AcousticBehaviour",""
"references","","43232","http://purl.obolibrary.org/obo/IAO_0000136","taxa","","1846","https://vocab.audioblast.org/cv/referenceContent#AcousticBehaviour",""
"references","","43232","http://purl.obolibrary.org/obo/IAO_0000136","taxa","","1852","https://vocab.audioblast.org/cv/referenceContent#AcousticBehaviour",""
"references","","43232","http://purl.obolibrary.org/obo/IAO_0000136","taxa","","2466","https://vocab.audioblast.org/cv/referenceContent#AcousticBehaviour",""
"references","","43232","http://purl.obolibrary.org/obo/IAO_0000136","taxa","","2468","https://vocab.audioblast.org/cv/referenceContent#AcousticBehaviour",""
"references","","43232","http://purl.obolibrary.org/obo/IAO_0000136","taxa","","2470","https://vocab.audioblast.org/cv/referenceContent#AcousticBehaviour",""
"references","","43232","http://purl.obolibrary.org/obo/IAO_0000136","taxa","","2505","https://vocab.audioblast.org/cv/referenceContent#AcousticBehaviour",""
"references","","43232","http://purl.obolibrary.org/obo/IAO_0000136","taxa","","2541","https://vocab.audioblast.org/cv/referenceContent#AcousticBehaviour",""
"references","","43232","http://purl.obolibrary.org/obo/IAO_0000136","taxa","","2667","https://vocab.audioblast.org/cv/referenceContent#AcousticBehaviour",""
"references","","43232","http://purl.obolibrary.org/obo/IAO_0000136","taxa","","2669","https://vocab.audioblast.org/cv/referenceContent#AcousticBehaviour",""
"references","","43232","http://purl.obolibrary.org/obo/IAO_0000136","taxa","","3494","https://vocab.audioblast.org/cv/referenceContent#AcousticBehaviour",""
"references","","43232","http://purl.obolibrary.org/obo/IAO_0000136","taxa","","3495","https://vocab.audioblast.org/cv/referenceContent#AcousticBehaviour",""
"references","","43232","http://purl.obolibrary.org/obo/IAO_0000136","taxa","","3496","https://vocab.audioblast.org/cv/referenceContent#AcousticBehaviour",""
"references","","43232","http://purl.obolibrary.org/obo/IAO_0000136","taxa","","3498","https://vocab.audioblast.org/cv/referenceContent#AcousticBehaviour",""
"references","","43232","http://purl.obolibrary.org/obo/IAO_0000136","taxa","","3500","https://vocab.audioblast.org/cv/referenceContent#AcousticBehaviour",""
"references","","43232","http://purl.obolibrary.org/obo/IAO_0000136","taxa","","3501","https://vocab.audioblast.org/cv/referenceContent#AcousticBehaviour",""
"references","","43232","http://purl.obolibrary.org/obo/IAO_0000136","taxa","","3502","https://vocab.audioblast.org/cv/referenceContent#AcousticBehaviour",""
"references","","43232","http://purl.obolibrary.org/obo/IAO_0000136","taxa","","3503","https://vocab.audioblast.org/cv/referenceContent#AcousticBehaviour",""
"references","","43232","http://purl.obolibrary.org/obo/IAO_0000136","taxa","","3504","https://vocab.audioblast.org/cv/referenceContent#AcousticBehaviour",""
"references","","43232","http://purl.obolibrary.org/obo/IAO_0000136","taxa","","3505","https://vocab.audioblast.org/cv/referenceContent#AcousticBehaviour",""
"references","","43232","http://purl.obolibrary.org/obo/IAO_0000136","taxa","","3506","https://vocab.audioblast.org/cv/referenceContent#AcousticBehaviour",""
"references","","43232","http://purl.obolibrary.org/obo/IAO_0000136","taxa","","3508","https://vocab.audioblast.org/cv/referenceContent#AcousticBehaviour",""
"references","","43232","http://purl.obolibrary.org/obo/IAO_0000136","taxa","","3511","https://vocab.audioblast.org/cv/referenceContent#AcousticBehaviour",""
"references","","43232","http://purl.obolibrary.org/obo/IAO_0000136","taxa","","3513","https://vocab.audioblast.org/cv/referenceContent#AcousticBehaviour",""
"references","","43232","http://purl.obolibrary.org/obo/IAO_0000136","taxa","","3515","https://vocab.audioblast.org/cv/referenceContent#AcousticBehaviour",""
"references","","43232","http://purl.obolibrary.org/obo/IAO_0000136","taxa","","3518","https://vocab.audioblast.org/cv/referenceContent#AcousticBehaviour",""
"references","","43232","http://purl.obolibrary.org/obo/IAO_0000136","taxa","","3520","https://vocab.audioblast.org/cv/referenceContent#AcousticBehaviour",""
"references","","43232","http://purl.obolibrary.org/obo/IAO_0000136","taxa","","3523","https://vocab.audioblast.org/cv/referenceContent#AcousticBehaviour",""
"references","","43232","http://purl.obolibrary.org/obo/IAO_0000136","taxa","","3525","https://vocab.audioblast.org/cv/referenceContent#AcousticBehaviour",""
"references","","43232","http://purl.obolibrary.org/obo/IAO_0000136","taxa","","3527","https://vocab.audioblast.org/cv/referenceContent#AcousticBehaviour",""
"references","","43232","http://purl.obolibrary.org/obo/IAO_0000136","taxa","","3529","https://vocab.audioblast.org/cv/referenceContent#AcousticBehaviour",""
"references","","43232","http://purl.obolibrary.org/obo/IAO_0000136","taxa","","3530","https://vocab.audioblast.org/cv/referenceContent#AcousticBehaviour",""
"references","","43232","http://purl.obolibrary.org/obo/IAO_0000136","taxa","","3532","https://vocab.audioblast.org/cv/referenceContent#AcousticBehaviour",""
"references","","43232","http://purl.obolibrary.org/obo/IAO_0000136","taxa","","3533","https://vocab.audioblast.org/cv/referenceContent#AcousticBehaviour",""
"references","","43232","http://purl.obolibrary.org/obo/IAO_0000136","taxa","","3534","https://vocab.audioblast.org/cv/referenceContent#AcousticBehaviour",""
"references","","43232","http://purl.obolibrary.org/obo/IAO_0000136","taxa","","3536","https://vocab.audioblast.org/cv/referenceContent#AcousticBehaviour",""
"references","","43232","http://purl.obolibrary.org/obo/IAO_0000136","taxa","","3539","https://vocab.audioblast.org/cv/referenceContent#AcousticBehaviour",""
"references","","43232","http://purl.obolibrary.org/obo/IAO_0000136","taxa","","3540","https://vocab.audioblast.org/cv/referenceContent#AcousticBehaviour",""
"references","","43232","http://purl.obolibrary.org/obo/IAO_0000136","taxa","","3542","https://vocab.audioblast.org/cv/referenceContent#AcousticBehaviour",""
"references","","43232","http://purl.obolibrary.org/obo/IAO_0000136","taxa","","3543","https://vocab.audioblast.org/cv/referenceContent#AcousticBehaviour",""
"references","","43232","http://purl.obolibrary.org/obo/IAO_0000136","taxa","","3544","https://vocab.audioblast.org/cv/referenceContent#AcousticBehaviour",""
"references","","43232","http://purl.obolibrary.org/obo/IAO_0000136","taxa","","774","https://vocab.audioblast.org/cv/referenceContent#AcousticBehaviour",""
"references","","43232","http://purl.obolibrary.org/obo/IAO_0000136","taxa","","931","https://vocab.audioblast.org/cv/referenceContent#AcousticBehaviour",""
"references","","47291","http://purl.obolibrary.org/obo/IAO_0000136","taxa","","2376","https://vocab.audioblast.org/cv/referenceContent#AcousticBehaviour",""
"references","","47291","http://purl.obolibrary.org/obo/IAO_0000136","taxa","","4073","https://vocab.audioblast.org/cv/referenceContent#AcousticBehaviour",""
"references","","47292","http://purl.obolibrary.org/obo/IAO_0000136","taxa","","1357","https://vocab.audioblast.org/cv/referenceContent#AcousticBehaviour",""
"references","","47292","http://purl.obolibrary.org/obo/IAO_0000136","term","","https://vocab.audioblast.org/cv/topic#Methods","",""
"references","","47293","http://purl.obolibrary.org/obo/IAO_0000136","taxa","","1900","https://vocab.audioblast.org/cv/referenceContent#AcousticBehaviour",""
"references","","47294","http://purl.obolibrary.org/obo/IAO_0000136","taxa","","4076","https://vocab.audioblast.org/cv/referenceContent#AcousticBehaviour",""
"references","","47295","http://purl.obolibrary.org/obo/IAO_0000136","taxa","","1120","https://vocab.audioblast.org/cv/referenceContent#AcousticBehaviour",""
"references","","47295","http://purl.obolibrary.org/obo/IAO_0000136","taxa","","59","https://vocab.audioblast.org/cv/referenceContent#AcousticBehaviour",""
"references","","47295","http://purl.obolibrary.org/obo/IAO_0000136","taxa","","64","https://vocab.audioblast.org/cv/referenceContent#AcousticBehaviour",""
"references","","47295","http://purl.obolibrary.org/obo/IAO_0000136","taxa","","76","https://vocab.audioblast.org/cv/referenceContent#AcousticBehaviour",""
"references","","47297","http://purl.obolibrary.org/obo/IAO_0000136","taxa","","4077","https://vocab.audioblast.org/cv/referenceContent#AcousticBehaviour",""
"references","","47301","http://purl.obolibrary.org/obo/IAO_0000136","taxa","","3496","https://vocab.audioblast.org/cv/referenceContent#AcousticBehaviour",""
"references","","47302","http://purl.obolibrary.org/obo/IAO_0000136","taxa","","4078","https://vocab.audioblast.org/cv/referenceContent#AcousticBehaviour",""
"references","","47302","http://purl.obolibrary.org/obo/IAO_0000136","taxa","","4079","https://vocab.audioblast.org/cv/referenceContent#AcousticBehaviour",""
"references","","47304","http://purl.obolibrary.org/obo/IAO_0000136","term","","https://vocab.audioblast.org/cv/topic#Methods","",""
"references","","47305","http://purl.obolibrary.org/obo/IAO_0000136","taxa","","4080","https://vocab.audioblast.org/cv/referenceContent#AcousticBehaviour",""
"references","","47306","http://purl.obolibrary.org/obo/IAO_0000136","taxa","","4084","https://vocab.audioblast.org/cv/referenceContent#AcousticBehaviour",""
"references","","47307","http://purl.obolibrary.org/obo/IAO_0000136","taxa","","1639","https://vocab.audioblast.org/cv/referenceContent#AcousticBehaviour",""
"references","","47307","http://purl.obolibrary.org/obo/IAO_0000136","taxa","","4085","https://vocab.audioblast.org/cv/referenceContent#AcousticBehaviour",""
"references","","47308","http://purl.obolibrary.org/obo/IAO_0000136","taxa","","1693","https://vocab.audioblast.org/cv/referenceContent#AcousticBehaviour",""
"references","","47309","http://purl.obolibrary.org/obo/IAO_0000136","taxa","","738","https://vocab.audioblast.org/cv/referenceContent#AcousticBehaviour",""
"references","","47309","http://purl.obolibrary.org/obo/IAO_0000136","term","","https://vocab.audioblast.org/cv/topic#SoundPropagation","",""
"references","","47310","http://purl.obolibrary.org/obo/IAO_0000136","term","","https://vocab.audioblast.org/cv/topic#Soundscapes","",""
"references","","47311","http://purl.obolibrary.org/obo/IAO_0000136","taxa","","738","https://vocab.audioblast.org/cv/referenceContent#AcousticBehaviour",""
"references","","47312","http://purl.obolibrary.org/obo/IAO_0000136","term","","https://vocab.audioblast.org/cv/topic#SoundPropagation","",""
"references","","47313","http://purl.obolibrary.org/obo/IAO_0000136","term","","https://vocab.audioblast.org/cv/topic#Methods","",""
"references","","47314","http://purl.obolibrary.org/obo/IAO_0000136","taxa","","738","https://vocab.audioblast.org/cv/referenceContent#AcousticBehaviour",""
"references","","47314","http://purl.obolibrary.org/obo/IAO_0000136","term","","https://vocab.audioblast.org/cv/topic#AutomatedIdentification","",""
"references","","47314","http://purl.obolibrary.org/obo/IAO_0000136","term","","https://vocab.audioblast.org/cv/topic#Methods","",""
"references","","47319","http://purl.obolibrary.org/obo/IAO_0000136","taxa","","4509","https://vocab.audioblast.org/cv/referenceContent#AcousticBehaviour",""
"references","","47320","http://purl.obolibrary.org/obo/IAO_0000136","taxa","","4510","https://vocab.audioblast.org/cv/referenceContent#AcousticBehaviour",""
"references","","47321","http://purl.obolibrary.org/obo/IAO_0000136","taxa","","4513","https://vocab.audioblast.org/cv/referenceContent#AcousticBehaviour",""
"references","","47322","http://purl.obolibrary.org/obo/IAO_0000136","taxa","","1716","https://vocab.audioblast.org/cv/referenceContent#AcousticBehaviour",""
"references","","47322","http://purl.obolibrary.org/obo/IAO_0000136","taxa","","4515","https://vocab.audioblast.org/cv/referenceContent#AcousticBehaviour",""
"references","","47322","http://purl.obolibrary.org/obo/IAO_0000136","taxa","","4517","https://vocab.audioblast.org/cv/referenceContent#AcousticBehaviour",""
"references","","47322","http://purl.obolibrary.org/obo/IAO_0000136","taxa","","4518","https://vocab.audioblast.org/cv/referenceContent#AcousticBehaviour",""
"references","","47322","http://purl.obolibrary.org/obo/IAO_0000136","taxa","","4520","https://vocab.audioblast.org/cv/referenceContent#AcousticBehaviour",""
"references","","47322","http://purl.obolibrary.org/obo/IAO_0000136","taxa","","4522","https://vocab.audioblast.org/cv/referenceContent#AcousticBehaviour",""
"references","","47322","http://purl.obolibrary.org/obo/IAO_0000136","taxa","","4524","https://vocab.audioblast.org/cv/referenceContent#AcousticBehaviour",""
"references","","47323","http://purl.obolibrary.org/obo/IAO_0000136","taxa","","2605","https://vocab.audioblast.org/cv/referenceContent#AcousticBehaviour",""
"references","","47324","http://purl.obolibrary.org/obo/IAO_0000136","taxa","","4525","https://vocab.audioblast.org/cv/referenceContent#AcousticBehaviour",""
"references","","47325","http://purl.obolibrary.org/obo/IAO_0000136","taxa","","4528","https://vocab.audioblast.org/cv/referenceContent#AcousticBehaviour",""
"references","","47326","http://purl.obolibrary.org/obo/IAO_0000136","taxa","","4529","https://vocab.audioblast.org/cv/referenceContent#AcousticBehaviour",""
"references","","47327","http://purl.obolibrary.org/obo/IAO_0000136","taxa","","235","https://vocab.audioblast.org/cv/referenceContent#AcousticBehaviour",""
"references","","47327","http://purl.obolibrary.org/obo/IAO_0000136","taxa","","803","https://vocab.audioblast.org/cv/referenceContent#AcousticBehaviour",""
"references","","47327","http://purl.obolibrary.org/obo/IAO_0000136","term","","https://vocab.audioblast.org/cv/topic#Metadata","",""
"references","","47327","http://purl.obolibrary.org/obo/IAO_0000136","term","","https://vocab.audioblast.org/cv/topic#Methods","",""
"references","","47328","http://purl.obolibrary.org/obo/IAO_0000136","taxa","","56","https://vocab.audioblast.org/cv/referenceContent#AcousticBehaviour",""
"references","","47328","http://purl.obolibrary.org/obo/IAO_0000136","taxa","","58","https://vocab.audioblast.org/cv/referenceContent#AcousticBehaviour",""
"references","","47328","http://purl.obolibrary.org/obo/IAO_0000136","term","","https://vocab.audioblast.org/cv/topic#Methods","",""
"references","","47329","http://purl.obolibrary.org/obo/IAO_0000136","taxa","","4530","https://vocab.audioblast.org/cv/referenceContent#AcousticBehaviour",""
"references","","47330","http://purl.obolibrary.org/obo/IAO_0000136","taxa","","1880","https://vocab.audioblast.org/cv/referenceContent#AcousticBehaviour",""
"references","","47330","http://purl.obolibrary.org/obo/IAO_0000136","taxa","","4263","https://vocab.audioblast.org/cv/referenceContent#AcousticBehaviour",""
"references","","47330","http://purl.obolibrary.org/obo/IAO_0000136","taxa","","4531","https://vocab.audioblast.org/cv/referenceContent#AcousticBehaviour",""
"references","","47331","http://purl.obolibrary.org/obo/IAO_0000136","taxa","","4532","https://vocab.audioblast.org/cv/referenceContent#AcousticBehaviour",""
"references","","47332","http://purl.obolibrary.org/obo/IAO_0000136","taxa","","2755","https://vocab.audioblast.org/cv/referenceContent#AcousticBehaviour",""
"references","","47332","http://purl.obolibrary.org/obo/IAO_0000136","taxa","","4534","https://vocab.audioblast.org/cv/referenceContent#AcousticBehaviour",""
"references","","47332","http://purl.obolibrary.org/obo/IAO_0000136","taxa","","4535","https://vocab.audioblast.org/cv/referenceContent#AcousticBehaviour",""
"references","","47332","http://purl.obolibrary.org/obo/IAO_0000136","taxa","","4536","https://vocab.audioblast.org/cv/referenceContent#AcousticBehaviour",""
"references","","47332","http://purl.obolibrary.org/obo/IAO_0000136","taxa","","4537","https://vocab.audioblast.org/cv/referenceContent#AcousticBehaviour",""
"references","","47332","http://purl.obolibrary.org/obo/IAO_0000136","taxa","","4538","https://vocab.audioblast.org/cv/referenceContent#AcousticBehaviour",""
"references","","47332","http://purl.obolibrary.org/obo/IAO_0000136","taxa","","4539","https://vocab.audioblast.org/cv/referenceContent#AcousticBehaviour",""
"references","","47332","http://purl.obolibrary.org/obo/IAO_0000136","taxa","","4540","https://vocab.audioblast.org/cv/referenceContent#AcousticBehaviour",""
"references","","47332","http://purl.obolibrary.org/obo/IAO_0000136","taxa","","4541","https://vocab.audioblast.org/cv/referenceContent#AcousticBehaviour",""
"references","","47332","http://purl.obolibrary.org/obo/IAO_0000136","taxa","","4542","https://vocab.audioblast.org/cv/referenceContent#AcousticBehaviour",""
"references","","47332","http://purl.obolibrary.org/obo/IAO_0000136","taxa","","4543","https://vocab.audioblast.org/cv/referenceContent#AcousticBehaviour",""
"references","","47332","http://purl.obolibrary.org/obo/IAO_0000136","taxa","","4544","https://vocab.audioblast.org/cv/referenceContent#AcousticBehaviour",""
"references","","47332","http://purl.obolibrary.org/obo/IAO_0000136","taxa","","4545","https://vocab.audioblast.org/cv/referenceContent#AcousticBehaviour",""
"references","","47332","http://purl.obolibrary.org/obo/IAO_0000136","taxa","","4546","https://vocab.audioblast.org/cv/referenceContent#AcousticBehaviour",""
"references","","47332","http://purl.obolibrary.org/obo/IAO_0000136","taxa","","4547","https://vocab.audioblast.org/cv/referenceContent#AcousticBehaviour",""
"references","","47332","http://purl.obolibrary.org/obo/IAO_0000136","taxa","","4548","https://vocab.audioblast.org/cv/referenceContent#AcousticBehaviour",""
"references","","47332","http://purl.obolibrary.org/obo/IAO_0000136","taxa","","4549","https://vocab.audioblast.org/cv/referenceContent#AcousticBehaviour",""
"references","","47332","http://purl.obolibrary.org/obo/IAO_0000136","taxa","","4550","https://vocab.audioblast.org/cv/referenceContent#AcousticBehaviour",""
"references","","47332","http://purl.obolibrary.org/obo/IAO_0000136","taxa","","4551","https://vocab.audioblast.org/cv/referenceContent#AcousticBehaviour",""
"references","","47332","http://purl.obolibrary.org/obo/IAO_0000136","taxa","","4552","https://vocab.audioblast.org/cv/referenceContent#AcousticBehaviour",""
"references","","47332","http://purl.obolibrary.org/obo/IAO_0000136","taxa","","4553","https://vocab.audioblast.org/cv/referenceContent#AcousticBehaviour",""
"references","","47332","http://purl.obolibrary.org/obo/IAO_0000136","taxa","","4554","https://vocab.audioblast.org/cv/referenceContent#AcousticBehaviour",""
"references","","47333","http://purl.obolibrary.org/obo/IAO_0000136","taxa","","4450","https://vocab.audioblast.org/cv/referenceContent#AcousticBehaviour",""
"references","","47333","http://purl.obolibrary.org/obo/IAO_0000136","taxa","","4555","https://vocab.audioblast.org/cv/referenceContent#AcousticBehaviour",""
"references","","47333","http://purl.obolibrary.org/obo/IAO_0000136","taxa","","4556","https://vocab.audioblast.org/cv/referenceContent#AcousticBehaviour",""
"references","","47333","http://purl.obolibrary.org/obo/IAO_0000136","taxa","","4557","https://vocab.audioblast.org/cv/referenceContent#AcousticBehaviour",""
"references","","47333","http://purl.obolibrary.org/obo/IAO_0000136","taxa","","4558","https://vocab.audioblast.org/cv/referenceContent#AcousticBehaviour",""
"references","","47333","http://purl.obolibrary.org/obo/IAO_0000136","taxa","","4559","https://vocab.audioblast.org/cv/referenceContent#AcousticBehaviour",""
"references","","47333","http://purl.obolibrary.org/obo/IAO_0000136","taxa","","4560","https://vocab.audioblast.org/cv/referenceContent#AcousticBehaviour",""
"references","","47333","http://purl.obolibrary.org/obo/IAO_0000136","taxa","","4561","https://vocab.audioblast.org/cv/referenceContent#AcousticBehaviour",""
"references","","47334","http://purl.obolibrary.org/obo/IAO_0000136","taxa","","4563","https://vocab.audioblast.org/cv/referenceContent#AcousticBehaviour",""
"references","","47334","http://purl.obolibrary.org/obo/IAO_0000136","taxa","","4564","https://vocab.audioblast.org/cv/referenceContent#AcousticBehaviour",""
"references","","47334","http://purl.obolibrary.org/obo/IAO_0000136","taxa","","4565","https://vocab.audioblast.org/cv/referenceContent#AcousticBehaviour",""
"references","","47334","http://purl.obolibrary.org/obo/IAO_0000136","taxa","","4566","https://vocab.audioblast.org/cv/referenceContent#AcousticBehaviour",""
"references","","47334","http://purl.obolibrary.org/obo/IAO_0000136","taxa","","552","https://vocab.audioblast.org/cv/referenceContent#AcousticBehaviour",""
"references","","47334","http://purl.obolibrary.org/obo/IAO_0000136","taxa","","56","https://vocab.audioblast.org/cv/referenceContent#AcousticBehaviour",""
"references","","47335","http://purl.obolibrary.org/obo/IAO_0000136","taxa","","4567","https://vocab.audioblast.org/cv/referenceContent#AcousticBehaviour",""
"references","","47335","http://purl.obolibrary.org/obo/IAO_0000136","taxa","","4568","https://vocab.audioblast.org/cv/referenceContent#AcousticBehaviour",""
"references","","47335","http://purl.obolibrary.org/obo/IAO_0000136","taxa","","4569","https://vocab.audioblast.org/cv/referenceContent#AcousticBehaviour",""
"references","","47335","http://purl.obolibrary.org/obo/IAO_0000136","taxa","","4570","https://vocab.audioblast.org/cv/referenceContent#AcousticBehaviour",""
"references","","47335","http://purl.obolibrary.org/obo/IAO_0000136","taxa","","4571","https://vocab.audioblast.org/cv/referenceContent#AcousticBehaviour",""
"references","","47335","http://purl.obolibrary.org/obo/IAO_0000136","taxa","","4572","https://vocab.audioblast.org/cv/referenceContent#AcousticBehaviour",""
"references","","47335","http://purl.obolibrary.org/obo/IAO_0000136","taxa","","56","https://vocab.audioblast.org/cv/referenceContent#AcousticBehaviour",""
"references","","47335","http://purl.obolibrary.org/obo/IAO_0000136","taxa","","566","https://vocab.audioblast.org/cv/referenceContent#AcousticBehaviour",""
"references","","47336","http://purl.obolibrary.org/obo/IAO_0000136","taxa","","4575","https://vocab.audioblast.org/cv/referenceContent#AcousticBehaviour",""
"references","","47336","http://purl.obolibrary.org/obo/IAO_0000136","taxa","","4576","https://vocab.audioblast.org/cv/referenceContent#AcousticBehaviour",""
"references","","47336","http://purl.obolibrary.org/obo/IAO_0000136","taxa","","4577","https://vocab.audioblast.org/cv/referenceContent#AcousticBehaviour",""
"references","","47336","http://purl.obolibrary.org/obo/IAO_0000136","taxa","","4578","https://vocab.audioblast.org/cv/referenceContent#AcousticBehaviour",""
"references","","47337","http://purl.obolibrary.org/obo/IAO_0000136","taxa","","56","https://vocab.audioblast.org/cv/referenceContent#AcousticBehaviour",""
"references","","47337","http://purl.obolibrary.org/obo/IAO_0000136","term","","https://vocab.audioblast.org/cv/topic#Methods","",""
"references","","47338","http://purl.obolibrary.org/obo/IAO_0000136","taxa","","2247","https://vocab.audioblast.org/cv/referenceContent#AcousticBehaviour",""
"references","","47338","http://purl.obolibrary.org/obo/IAO_0000136","taxa","","551","https://vocab.audioblast.org/cv/referenceContent#AcousticBehaviour",""
"references","","47339","http://purl.obolibrary.org/obo/IAO_0000136","taxa","","2978","https://vocab.audioblast.org/cv/referenceContent#AcousticBehaviour",""
"references","","47339","http://purl.obolibrary.org/obo/IAO_0000136","taxa","","4579","https://vocab.audioblast.org/cv/referenceContent#AcousticBehaviour",""
"references","","47339","http://purl.obolibrary.org/obo/IAO_0000136","taxa","","4582","https://vocab.audioblast.org/cv/referenceContent#AcousticBehaviour",""
"references","","47339","http://purl.obolibrary.org/obo/IAO_0000136","taxa","","4584","https://vocab.audioblast.org/cv/referenceContent#AcousticBehaviour",""
"references","","47339","http://purl.obolibrary.org/obo/IAO_0000136","taxa","","4585","https://vocab.audioblast.org/cv/referenceContent#AcousticBehaviour",""
"references","","47339","http://purl.obolibrary.org/obo/IAO_0000136","taxa","","4586","https://vocab.audioblast.org/cv/referenceContent#AcousticBehaviour",""
"references","","47339","http://purl.obolibrary.org/obo/IAO_0000136","taxa","","5041","https://vocab.audioblast.org/cv/referenceContent#AcousticBehaviour",""
"references","","47340","http://purl.obolibrary.org/obo/IAO_0000136","taxa","","199","https://vocab.audioblast.org/cv/referenceContent#AcousticBehaviour",""
"references","","47340","http://purl.obolibrary.org/obo/IAO_0000136","taxa","","4588","https://vocab.audioblast.org/cv/referenceContent#AcousticBehaviour",""
"references","","47340","http://purl.obolibrary.org/obo/IAO_0000136","taxa","","56","https://vocab.audioblast.org/cv/referenceContent#AcousticBehaviour",""
"references","","47340","http://purl.obolibrary.org/obo/IAO_0000136","taxa","","590","https://vocab.audioblast.org/cv/referenceContent#AcousticBehaviour",""
"references","","47341","http://purl.obolibrary.org/obo/IAO_0000136","taxa","","542","https://vocab.audioblast.org/cv/referenceContent#AcousticBehaviour",""
"references","","47341","http://purl.obolibrary.org/obo/IAO_0000136","taxa","","84","https://vocab.audioblast.org/cv/referenceContent#AcousticBehaviour",""
"references","","47341","http://purl.obolibrary.org/obo/IAO_0000136","term","","https://vocab.audioblast.org/cv/topic#Methods","",""
"references","","47342","http://purl.obolibrary.org/obo/IAO_0000136","term","","https://vocab.audioblast.org/cv/topic#Methods","",""
"references","","47343","http://purl.obolibrary.org/obo/IAO_0000136","taxa","","4589","https://vocab.audioblast.org/cv/referenceContent#AcousticBehaviour",""
"references","","47343","http://purl.obolibrary.org/obo/IAO_0000136","taxa","","4590","https://vocab.audioblast.org/cv/referenceContent#AcousticBehaviour",""
"references","","47344","http://purl.obolibrary.org/obo/IAO_0000136","taxa","","4591","https://vocab.audioblast.org/cv/referenceContent#AcousticBehaviour",""
"references","","47344","http://purl.obolibrary.org/obo/IAO_0000136","taxa","","4592","https://vocab.audioblast.org/cv/referenceContent#AcousticBehaviour",""
"references","","47345","http://purl.obolibrary.org/obo/IAO_0000136","taxa","","2330","https://vocab.audioblast.org/cv/referenceContent#AcousticBehaviour",""
"references","","47345","http://purl.obolibrary.org/obo/IAO_0000136","taxa","","378","https://vocab.audioblast.org/cv/referenceContent#AcousticBehaviour",""
"references","","47345","http://purl.obolibrary.org/obo/IAO_0000136","taxa","","414","https://vocab.audioblast.org/cv/referenceContent#AcousticBehaviour",""
"references","","47345","http://purl.obolibrary.org/obo/IAO_0000136","taxa","","4435","https://vocab.audioblast.org/cv/referenceContent#AcousticBehaviour",""
"references","","47345","http://purl.obolibrary.org/obo/IAO_0000136","taxa","","4436","https://vocab.audioblast.org/cv/referenceContent#AcousticBehaviour",""
"references","","47345","http://purl.obolibrary.org/obo/IAO_0000136","taxa","","4437","https://vocab.audioblast.org/cv/referenceContent#AcousticBehaviour",""
"references","","47345","http://purl.obolibrary.org/obo/IAO_0000136","taxa","","4438","https://vocab.audioblast.org/cv/referenceContent#AcousticBehaviour",""
"references","","47345","http://purl.obolibrary.org/obo/IAO_0000136","taxa","","4439","https://vocab.audioblast.org/cv/referenceContent#AcousticBehaviour",""
"references","","47345","http://purl.obolibrary.org/obo/IAO_0000136","taxa","","444","https://vocab.audioblast.org/cv/referenceContent#AcousticBehaviour",""
"references","","47345","http://purl.obolibrary.org/obo/IAO_0000136","taxa","","4441","https://vocab.audioblast.org/cv/referenceContent#AcousticBehaviour",""
"references","","47345","http://purl.obolibrary.org/obo/IAO_0000136","taxa","","4593","https://vocab.audioblast.org/cv/referenceContent#AcousticBehaviour",""
"references","","47345","http://purl.obolibrary.org/obo/IAO_0000136","taxa","","4594","https://vocab.audioblast.org/cv/referenceContent#AcousticBehaviour",""
"references","","47345","http://purl.obolibrary.org/obo/IAO_0000136","taxa","","497","https://vocab.audioblast.org/cv/referenceContent#AcousticBehaviour",""
"references","","47345","http://purl.obolibrary.org/obo/IAO_0000136","taxa","","529","https://vocab.audioblast.org/cv/referenceContent#AcousticBehaviour",""
"references","","47345","http://purl.obolibrary.org/obo/IAO_0000136","taxa","","552","https://vocab.audioblast.org/cv/referenceContent#AcousticBehaviour",""
"references","","47345","http://purl.obolibrary.org/obo/IAO_0000136","taxa","","84","https://vocab.audioblast.org/cv/referenceContent#AcousticBehaviour",""
"references","","47346","http://purl.obolibrary.org/obo/IAO_0000136","taxa","","216","https://vocab.audioblast.org/cv/referenceContent#AcousticBehaviour",""
"references","","47346","http://purl.obolibrary.org/obo/IAO_0000136","taxa","","340","https://vocab.audioblast.org/cv/referenceContent#AcousticBehaviour",""
"references","","47346","http://purl.obolibrary.org/obo/IAO_0000136","taxa","","4595","https://vocab.audioblast.org/cv/referenceContent#AcousticBehaviour",""
"references","","47346","http://purl.obolibrary.org/obo/IAO_0000136","taxa","","4596","https://vocab.audioblast.org/cv/referenceContent#AcousticBehaviour",""
"references","","47346","http://purl.obolibrary.org/obo/IAO_0000136","taxa","","83","https://vocab.audioblast.org/cv/referenceContent#AcousticBehaviour",""
"references","","47346","http://purl.obolibrary.org/obo/IAO_0000136","taxa","","84","https://vocab.audioblast.org/cv/referenceContent#AcousticBehaviour",""
"references","","47347","http://purl.obolibrary.org/obo/IAO_0000136","taxa","","2477","https://vocab.audioblast.org/cv/referenceContent#AcousticBehaviour",""
"references","","47352","http://purl.obolibrary.org/obo/IAO_0000136","taxa","","738","https://vocab.audioblast.org/cv/referenceContent#AcousticBehaviour",""
"references","","47352","http://purl.obolibrary.org/obo/IAO_0000136","term","","https://vocab.audioblast.org/cv/topic#Methods","",""
"references","","47513","http://purl.obolibrary.org/obo/IAO_0000136","taxa","","1213","https://vocab.audioblast.org/cv/referenceContent#AcousticBehaviour",""
"references","","47513","http://purl.obolibrary.org/obo/IAO_0000136","taxa","","1235","https://vocab.audioblast.org/cv/referenceContent#AcousticBehaviour",""
"references","","47513","http://purl.obolibrary.org/obo/IAO_0000136","taxa","","1242","https://vocab.audioblast.org/cv/referenceContent#AcousticBehaviour",""
"references","","47513","http://purl.obolibrary.org/obo/IAO_0000136","taxa","","4703","https://vocab.audioblast.org/cv/referenceContent#AcousticBehaviour",""
"references","","47513","http://purl.obolibrary.org/obo/IAO_0000136","taxa","","4704","https://vocab.audioblast.org/cv/referenceContent#AcousticBehaviour",""
"references","","47513","http://purl.obolibrary.org/obo/IAO_0000136","taxa","","4705","https://vocab.audioblast.org/cv/referenceContent#AcousticBehaviour",""
"references","","47513","http://purl.obolibrary.org/obo/IAO_0000136","taxa","","4706","https://vocab.audioblast.org/cv/referenceContent#AcousticBehaviour",""
"references","","47513","http://purl.obolibrary.org/obo/IAO_0000136","taxa","","4707","https://vocab.audioblast.org/cv/referenceContent#AcousticBehaviour",""
"references","","47513","http://purl.obolibrary.org/obo/IAO_0000136","taxa","","4708","https://vocab.audioblast.org/cv/referenceContent#AcousticBehaviour",""
"references","","47513","http://purl.obolibrary.org/obo/IAO_0000136","taxa","","4709","https://vocab.audioblast.org/cv/referenceContent#AcousticBehaviour",""
"references","","47513","http://purl.obolibrary.org/obo/IAO_0000136","taxa","","4710","https://vocab.audioblast.org/cv/referenceContent#AcousticBehaviour",""
"references","","47513","http://purl.obolibrary.org/obo/IAO_0000136","taxa","","4711","https://vocab.audioblast.org/cv/referenceContent#AcousticBehaviour",""
"references","","47513","http://purl.obolibrary.org/obo/IAO_0000136","taxa","","4712","https://vocab.audioblast.org/cv/referenceContent#AcousticBehaviour",""
"references","","47513","http://purl.obolibrary.org/obo/IAO_0000136","taxa","","4713","https://vocab.audioblast.org/cv/referenceContent#AcousticBehaviour",""
"references","","47513","http://purl.obolibrary.org/obo/IAO_0000136","taxa","","732","https://vocab.audioblast.org/cv/referenceContent#AcousticBehaviour",""
"references","","47572","http://purl.obolibrary.org/obo/IAO_0000136","taxa","","4720","https://vocab.audioblast.org/cv/referenceContent#AcousticBehaviour",""
"references","","47572","http://purl.obolibrary.org/obo/IAO_0000136","taxa","","4721","https://vocab.audioblast.org/cv/referenceContent#AcousticBehaviour",""
"references","","47580","http://purl.obolibrary.org/obo/IAO_0000136","taxa","","103","https://vocab.audioblast.org/cv/referenceContent#AcousticBehaviour",""
"references","","47580","http://purl.obolibrary.org/obo/IAO_0000136","taxa","","77","https://vocab.audioblast.org/cv/referenceContent#AcousticBehaviour",""
"references","","47580","http://purl.obolibrary.org/obo/IAO_0000136","taxa","","80","https://vocab.audioblast.org/cv/referenceContent#AcousticBehaviour",""
"references","","47580","http://purl.obolibrary.org/obo/IAO_0000136","taxa","","95","https://vocab.audioblast.org/cv/referenceContent#AcousticBehaviour",""
"references","","47589","http://purl.obolibrary.org/obo/IAO_0000136","taxa","","309","https://vocab.audioblast.org/cv/referenceContent#AcousticBehaviour",""
"references","","47593","http://purl.obolibrary.org/obo/IAO_0000136","taxa","","311","https://vocab.audioblast.org/cv/referenceContent#AcousticBehaviour",""
"references","","47616","http://purl.obolibrary.org/obo/IAO_0000136","taxa","","239","https://vocab.audioblast.org/cv/referenceContent#AcousticBehaviour",""
"references","","47619","http://purl.obolibrary.org/obo/IAO_0000136","taxa","","4432","https://vocab.audioblast.org/cv/referenceContent#AcousticBehaviour",""
"references","","47624","http://purl.obolibrary.org/obo/IAO_0000136","taxa","","574","https://vocab.audioblast.org/cv/referenceContent#AcousticBehaviour",""
"references","","47624","http://purl.obolibrary.org/obo/IAO_0000136","term","","https://vocab.audioblast.org/cv/topic#Methods","",""
"references","","47648","http://purl.obolibrary.org/obo/IAO_0000136","taxa","","4740","https://vocab.audioblast.org/cv/referenceContent#AcousticBehaviour",""
"references","","47651","http://purl.obolibrary.org/obo/IAO_0000136","taxa","","1900","https://vocab.audioblast.org/cv/referenceContent#AcousticBehaviour",""
"references","","47652","http://purl.obolibrary.org/obo/IAO_0000136","taxa","","4743","https://vocab.audioblast.org/cv/referenceContent#AcousticBehaviour",""
"references","","47652","http://purl.obolibrary.org/obo/IAO_0000136","taxa","","4744","https://vocab.audioblast.org/cv/referenceContent#AcousticBehaviour",""
"references","","47652","http://purl.obolibrary.org/obo/IAO_0000136","taxa","","4746","https://vocab.audioblast.org/cv/referenceContent#AcousticBehaviour",""
"references","","47652","http://purl.obolibrary.org/obo/IAO_0000136","taxa","","4747","https://vocab.audioblast.org/cv/referenceContent#AcousticBehaviour",""
"references","","47652","http://purl.obolibrary.org/obo/IAO_0000136","taxa","","4748","https://vocab.audioblast.org/cv/referenceContent#AcousticBehaviour",""
"references","","47652","http://purl.obolibrary.org/obo/IAO_0000136","taxa","","4750","https://vocab.audioblast.org/cv/referenceContent#AcousticBehaviour",""
"references","","47652","http://purl.obolibrary.org/obo/IAO_0000136","taxa","","4752","https://vocab.audioblast.org/cv/referenceContent#AcousticBehaviour",""
"references","","47699","http://purl.obolibrary.org/obo/IAO_0000136","taxa","","4758","https://vocab.audioblast.org/cv/referenceContent#AcousticBehaviour",""
"references","","47699","http://purl.obolibrary.org/obo/IAO_0000136","term","","https://vocab.audioblast.org/cv/topic#Methods","",""
"references","","47708","http://purl.obolibrary.org/obo/IAO_0000136","taxa","","235","https://vocab.audioblast.org/cv/referenceContent#AcousticBehaviour",""
"references","","47708","http://purl.obolibrary.org/obo/IAO_0000136","taxa","","4764","https://vocab.audioblast.org/cv/referenceContent#AcousticBehaviour",""
"references","","47710","http://purl.obolibrary.org/obo/IAO_0000136","taxa","","4759","https://vocab.audioblast.org/cv/referenceContent#AcousticBehaviour",""
"references","","47711","http://purl.obolibrary.org/obo/IAO_0000136","taxa","","4767","https://vocab.audioblast.org/cv/referenceContent#AcousticBehaviour",""
"references","","47711","http://purl.obolibrary.org/obo/IAO_0000136","taxa","","4769","https://vocab.audioblast.org/cv/referenceContent#AcousticBehaviour",""
"references","","47711","http://purl.obolibrary.org/obo/IAO_0000136","taxa","","4771","https://vocab.audioblast.org/cv/referenceContent#AcousticBehaviour",""
"references","","47711","http://purl.obolibrary.org/obo/IAO_0000136","taxa","","4773","https://vocab.audioblast.org/cv/referenceContent#AcousticBehaviour",""
"references","","47712","http://purl.obolibrary.org/obo/IAO_0000136","taxa","","4775","https://vocab.audioblast.org/cv/referenceContent#AcousticBehaviour",""
"references","","47712","http://purl.obolibrary.org/obo/IAO_0000136","taxa","","4778","https://vocab.audioblast.org/cv/referenceContent#AcousticBehaviour",""
"references","","47712","http://purl.obolibrary.org/obo/IAO_0000136","taxa","","4782","https://vocab.audioblast.org/cv/referenceContent#AcousticBehaviour",""
"references","","47712","http://purl.obolibrary.org/obo/IAO_0000136","taxa","","4785","https://vocab.audioblast.org/cv/referenceContent#AcousticBehaviour",""
"references","","47712","http://purl.obolibrary.org/obo/IAO_0000136","taxa","","4789","https://vocab.audioblast.org/cv/referenceContent#AcousticBehaviour",""
"references","","47712","http://purl.obolibrary.org/obo/IAO_0000136","taxa","","4792","https://vocab.audioblast.org/cv/referenceContent#AcousticBehaviour",""
"references","","47712","http://purl.obolibrary.org/obo/IAO_0000136","taxa","","4793","https://vocab.audioblast.org/cv/referenceContent#AcousticBehaviour",""
"references","","47712","http://purl.obolibrary.org/obo/IAO_0000136","taxa","","4794","https://vocab.audioblast.org/cv/referenceContent#AcousticBehaviour",""
"references","","47713","http://purl.obolibrary.org/obo/IAO_0000136","taxa","","4795","https://vocab.audioblast.org/cv/referenceContent#AcousticBehaviour",""
"references","","47714","http://purl.obolibrary.org/obo/IAO_0000136","taxa","","4799","https://vocab.audioblast.org/cv/referenceContent#AcousticBehaviour",""
"references","","47714","http://purl.obolibrary.org/obo/IAO_0000136","taxa","","4800","https://vocab.audioblast.org/cv/referenceContent#AcousticBehaviour",""
"references","","47714","http://purl.obolibrary.org/obo/IAO_0000136","taxa","","4802","https://vocab.audioblast.org/cv/referenceContent#AcousticBehaviour",""
"references","","47714","http://purl.obolibrary.org/obo/IAO_0000136","term","","https://vocab.audioblast.org/cv/topic#Methods","",""
"references","","47715","http://purl.obolibrary.org/obo/IAO_0000136","taxa","","4804","https://vocab.audioblast.org/cv/referenceContent#AcousticBehaviour",""
"references","","47715","http://purl.obolibrary.org/obo/IAO_0000136","taxa","","4805","https://vocab.audioblast.org/cv/referenceContent#AcousticBehaviour",""
"references","","47716","http://purl.obolibrary.org/obo/IAO_0000136","taxa","","4807","https://vocab.audioblast.org/cv/referenceContent#AcousticBehaviour",""
"references","","47717","http://purl.obolibrary.org/obo/IAO_0000136","taxa","","4808","https://vocab.audioblast.org/cv/referenceContent#AcousticBehaviour",""
"references","","47717","http://purl.obolibrary.org/obo/IAO_0000136","term","","https://vocab.audioblast.org/cv/topic#Methods","",""
"references","","47718","http://purl.obolibrary.org/obo/IAO_0000136","taxa","","738","https://vocab.audioblast.org/cv/referenceContent#AcousticBehaviour",""
"references","","47718","http://purl.obolibrary.org/obo/IAO_0000136","term","","https://vocab.audioblast.org/cv/topic#Methods","",""
"references","","47719","http://purl.obolibrary.org/obo/IAO_0000136","term","","https://vocab.audioblast.org/cv/topic#Methods","",""
"references","","47729","http://purl.obolibrary.org/obo/IAO_0000136","taxa","","738","https://vocab.audioblast.org/cv/referenceContent#AcousticBehaviour",""
"references","","47734","http://purl.obolibrary.org/obo/IAO_0000136","taxa","","3383","https://vocab.audioblast.org/cv/referenceContent#AcousticBehaviour",""
"references","","47734","http://purl.obolibrary.org/obo/IAO_0000136","taxa","","3398","https://vocab.audioblast.org/cv/referenceContent#AcousticBehaviour",""
"references","","47734","http://purl.obolibrary.org/obo/IAO_0000136","taxa","","3399","https://vocab.audioblast.org/cv/referenceContent#AcousticBehaviour",""
"references","","47734","http://purl.obolibrary.org/obo/IAO_0000136","taxa","","4815","https://vocab.audioblast.org/cv/referenceContent#AcousticBehaviour",""
"references","","47742","http://purl.obolibrary.org/obo/IAO_0000136","taxa","","3388","https://vocab.audioblast.org/cv/referenceContent#AcousticBehaviour",""
"references","","47742","http://purl.obolibrary.org/obo/IAO_0000136","taxa","","3401","https://vocab.audioblast.org/cv/referenceContent#AcousticBehaviour",""
"references","","47745","http://purl.obolibrary.org/obo/IAO_0000136","taxa","","1153","https://vocab.audioblast.org/cv/referenceContent#AcousticBehaviour",""
"references","","47745","http://purl.obolibrary.org/obo/IAO_0000136","taxa","","3383","https://vocab.audioblast.org/cv/referenceContent#AcousticBehaviour",""
"references","","47750","http://purl.obolibrary.org/obo/IAO_0000136","taxa","","246","https://vocab.audioblast.org/cv/referenceContent#AcousticBehaviour",""
"references","","47754","http://purl.obolibrary.org/obo/IAO_0000136","taxa","","199","https://vocab.audioblast.org/cv/referenceContent#AcousticBehaviour",""
"references","","47754","http://purl.obolibrary.org/obo/IAO_0000136","taxa","","2631","https://vocab.audioblast.org/cv/referenceContent#AcousticBehaviour",""
"references","","47754","http://purl.obolibrary.org/obo/IAO_0000136","taxa","","311","https://vocab.audioblast.org/cv/referenceContent#AcousticBehaviour",""
"references","","47754","http://purl.obolibrary.org/obo/IAO_0000136","taxa","","4821","https://vocab.audioblast.org/cv/referenceContent#AcousticBehaviour",""
"references","","47754","http://purl.obolibrary.org/obo/IAO_0000136","taxa","","4823","https://vocab.audioblast.org/cv/referenceContent#AcousticBehaviour",""
"references","","47754","http://purl.obolibrary.org/obo/IAO_0000136","taxa","","4824","https://vocab.audioblast.org/cv/referenceContent#AcousticBehaviour",""
"references","","47754","http://purl.obolibrary.org/obo/IAO_0000136","taxa","","56","https://vocab.audioblast.org/cv/referenceContent#AcousticBehaviour",""
"references","","47755","http://purl.obolibrary.org/obo/IAO_0000136","taxa","","1927","https://vocab.audioblast.org/cv/referenceContent#AcousticBehaviour",""
"references","","47755","http://purl.obolibrary.org/obo/IAO_0000136","taxa","","4825","https://vocab.audioblast.org/cv/referenceContent#AcousticBehaviour",""
"references","","47755","http://purl.obolibrary.org/obo/IAO_0000136","taxa","","4826","https://vocab.audioblast.org/cv/referenceContent#AcousticBehaviour",""
"references","","47755","http://purl.obolibrary.org/obo/IAO_0000136","taxa","","4827","https://vocab.audioblast.org/cv/referenceContent#AcousticBehaviour",""
"references","","47755","http://purl.obolibrary.org/obo/IAO_0000136","taxa","","4828","https://vocab.audioblast.org/cv/referenceContent#AcousticBehaviour",""
"references","","47755","http://purl.obolibrary.org/obo/IAO_0000136","taxa","","4831","https://vocab.audioblast.org/cv/referenceContent#AcousticBehaviour",""
"references","","47755","http://purl.obolibrary.org/obo/IAO_0000136","taxa","","56","https://vocab.audioblast.org/cv/referenceContent#AcousticBehaviour",""
"references","","47755","http://purl.obolibrary.org/obo/IAO_0000136","taxa","","920","https://vocab.audioblast.org/cv/referenceContent#AcousticBehaviour",""
"references","","47758","http://purl.obolibrary.org/obo/IAO_0000136","taxa","","4825","https://vocab.audioblast.org/cv/referenceContent#AcousticBehaviour",""
"references","","47758","http://purl.obolibrary.org/obo/IAO_0000136","taxa","","920","https://vocab.audioblast.org/cv/referenceContent#AcousticBehaviour",""
"references","","47768","http://purl.obolibrary.org/obo/IAO_0000136","taxa","","572","https://vocab.audioblast.org/cv/referenceContent#AcousticBehaviour",""
"references","","47768","http://purl.obolibrary.org/obo/IAO_0000136","term","","https://vocab.audioblast.org/cv/topic#SongEvolution","",""
"references","","47769","http://purl.obolibrary.org/obo/IAO_0000136","taxa","","1813","https://vocab.audioblast.org/cv/referenceContent#AcousticBehaviour",""
"references","","47771","http://purl.obolibrary.org/obo/IAO_0000136","taxa","","2516","https://vocab.audioblast.org/cv/referenceContent#AcousticBehaviour",""
"references","","47772","http://purl.obolibrary.org/obo/IAO_0000136","taxa","","2481","https://vocab.audioblast.org/cv/referenceContent#AcousticBehaviour",""
"references","","47772","http://purl.obolibrary.org/obo/IAO_0000136","taxa","","2482","https://vocab.audioblast.org/cv/referenceContent#AcousticBehaviour",""
"references","","47772","http://purl.obolibrary.org/obo/IAO_0000136","taxa","","4833","https://vocab.audioblast.org/cv/referenceContent#AcousticBehaviour",""
"references","","47773","http://purl.obolibrary.org/obo/IAO_0000136","taxa","","2535","https://vocab.audioblast.org/cv/referenceContent#AcousticBehaviour",""
"references","","47774","http://purl.obolibrary.org/obo/IAO_0000136","taxa","","1834","https://vocab.audioblast.org/cv/referenceContent#AcousticBehaviour",""
"references","","47775","http://purl.obolibrary.org/obo/IAO_0000136","taxa","","143","https://vocab.audioblast.org/cv/referenceContent#AcousticBehaviour",""
"references","","47776","http://purl.obolibrary.org/obo/IAO_0000136","taxa","","315","https://vocab.audioblast.org/cv/referenceContent#AcousticBehaviour",""
"references","","47777","http://purl.obolibrary.org/obo/IAO_0000136","taxa","","2516","https://vocab.audioblast.org/cv/referenceContent#AcousticBehaviour",""
"references","","47779","http://purl.obolibrary.org/obo/IAO_0000136","taxa","","3530","https://vocab.audioblast.org/cv/referenceContent#AcousticBehaviour",""
"references","","47781","http://purl.obolibrary.org/obo/IAO_0000136","taxa","","308","https://vocab.audioblast.org/cv/referenceContent#AcousticBehaviour",""
"references","","47781","http://purl.obolibrary.org/obo/IAO_0000136","taxa","","6138","https://vocab.audioblast.org/cv/referenceContent#AcousticBehaviour",""
"references","","47782","http://purl.obolibrary.org/obo/IAO_0000136","taxa","","315","https://vocab.audioblast.org/cv/referenceContent#AcousticBehaviour",""
"references","","47785","http://purl.obolibrary.org/obo/IAO_0000136","taxa","","1801","https://vocab.audioblast.org/cv/referenceContent#AcousticBehaviour",""
"references","","47785","http://purl.obolibrary.org/obo/IAO_0000136","taxa","","199","https://vocab.audioblast.org/cv/referenceContent#AcousticBehaviour",""
"references","","47786","http://purl.obolibrary.org/obo/IAO_0000136","taxa","","1153","https://vocab.audioblast.org/cv/referenceContent#AcousticBehaviour",""
"references","","47786","http://purl.obolibrary.org/obo/IAO_0000136","taxa","","4836","https://vocab.audioblast.org/cv/referenceContent#AcousticBehaviour",""
"references","","47786","http://purl.obolibrary.org/obo/IAO_0000136","taxa","","56","https://vocab.audioblast.org/cv/referenceContent#AcousticBehaviour",""
"references","","47789","http://purl.obolibrary.org/obo/IAO_0000136","term","","https://vocab.audioblast.org/cv/topic#Soundscapes","",""
"references","","47790","http://purl.obolibrary.org/obo/IAO_0000136","taxa","","4838","https://vocab.audioblast.org/cv/referenceContent#AcousticBehaviour",""
"references","","47792","http://purl.obolibrary.org/obo/IAO_0000136","taxa","","129","https://vocab.audioblast.org/cv/referenceContent#AcousticBehaviour",""
"references","","47792","http://purl.obolibrary.org/obo/IAO_0000136","taxa","","1689","https://vocab.audioblast.org/cv/referenceContent#AcousticBehaviour",""
"references","","47792","http://purl.obolibrary.org/obo/IAO_0000136","taxa","","1943","https://vocab.audioblast.org/cv/referenceContent#AcousticBehaviour",""
"references","","47792","http://purl.obolibrary.org/obo/IAO_0000136","taxa","","2028","https://vocab.audioblast.org/cv/referenceContent#AcousticBehaviour",""
"references","","47792","http://purl.obolibrary.org/obo/IAO_0000136","taxa","","309","https://vocab.audioblast.org/cv/referenceContent#AcousticBehaviour",""
"references","","47792","http://purl.obolibrary.org/obo/IAO_0000136","taxa","","4839","https://vocab.audioblast.org/cv/referenceContent#AcousticBehaviour",""
"references","","47792","http://purl.obolibrary.org/obo/IAO_0000136","taxa","","92","https://vocab.audioblast.org/cv/referenceContent#AcousticBehaviour",""
"references","","47807","http://purl.obolibrary.org/obo/IAO_0000136","taxa","","4840","https://vocab.audioblast.org/cv/referenceContent#AcousticBehaviour",""
"references","","47807","http://purl.obolibrary.org/obo/IAO_0000136","taxa","","56","https://vocab.audioblast.org/cv/referenceContent#AcousticBehaviour",""
"references","","47808","http://purl.obolibrary.org/obo/IAO_0000136","taxa","","56","https://vocab.audioblast.org/cv/referenceContent#AcousticBehaviour",""
"references","","47808","http://purl.obolibrary.org/obo/IAO_0000136","term","","https://vocab.audioblast.org/cv/topic#SongEvolution","",""
"references","","47809","http://purl.obolibrary.org/obo/IAO_0000136","taxa","","4841","https://vocab.audioblast.org/cv/referenceContent#AcousticBehaviour",""
"references","","47812","http://purl.obolibrary.org/obo/IAO_0000136","taxa","","4843","https://vocab.audioblast.org/cv/referenceContent#AcousticBehaviour",""
"references","","47814","http://purl.obolibrary.org/obo/IAO_0000136","taxa","","4845","https://vocab.audioblast.org/cv/referenceContent#AcousticBehaviour",""
"references","","47815","http://purl.obolibrary.org/obo/IAO_0000136","taxa","","1436","https://vocab.audioblast.org/cv/referenceContent#AcousticBehaviour",""
"references","","47815","http://purl.obolibrary.org/obo/IAO_0000136","taxa","","4846","https://vocab.audioblast.org/cv/referenceContent#AcousticBehaviour",""
"references","","47816","http://purl.obolibrary.org/obo/IAO_0000136","taxa","","4847","https://vocab.audioblast.org/cv/referenceContent#AcousticBehaviour",""
"references","","47817","http://purl.obolibrary.org/obo/IAO_0000136","taxa","","159","https://vocab.audioblast.org/cv/referenceContent#AcousticBehaviour",""
"references","","47838","http://purl.obolibrary.org/obo/IAO_0000136","taxa","","159","https://vocab.audioblast.org/cv/referenceContent#AcousticBehaviour",""
"references","","47838","http://purl.obolibrary.org/obo/IAO_0000136","taxa","","4851","https://vocab.audioblast.org/cv/referenceContent#AcousticBehaviour",""
"references","","47838","http://purl.obolibrary.org/obo/IAO_0000136","taxa","","92","https://vocab.audioblast.org/cv/referenceContent#AcousticBehaviour",""
"references","","47842","http://purl.obolibrary.org/obo/IAO_0000136","taxa","","4852","https://vocab.audioblast.org/cv/referenceContent#AcousticBehaviour",""
"references","","47845","http://purl.obolibrary.org/obo/IAO_0000136","taxa","","2352","https://vocab.audioblast.org/cv/referenceContent#AcousticBehaviour",""
"references","","47845","http://purl.obolibrary.org/obo/IAO_0000136","taxa","","4853","https://vocab.audioblast.org/cv/referenceContent#AcousticBehaviour",""
"references","","47850","http://purl.obolibrary.org/obo/IAO_0000136","taxa","","4854","https://vocab.audioblast.org/cv/referenceContent#AcousticBehaviour",""
"references","","47852","http://purl.obolibrary.org/obo/IAO_0000136","term","","https://vocab.audioblast.org/cv/topic#Methods","",""
"references","","47853","http://purl.obolibrary.org/obo/IAO_0000136","taxa","","1162","https://vocab.audioblast.org/cv/referenceContent#AcousticBehaviour",""
"references","","47853","http://purl.obolibrary.org/obo/IAO_0000136","term","","https://vocab.audioblast.org/cv/topic#Methods","",""
"references","","47854","http://purl.obolibrary.org/obo/IAO_0000136","taxa","","4855","https://vocab.audioblast.org/cv/referenceContent#AcousticBehaviour",""
"references","","47854","http://purl.obolibrary.org/obo/IAO_0000136","taxa","","4857","https://vocab.audioblast.org/cv/referenceContent#AcousticBehaviour",""
"references","","47861","http://purl.obolibrary.org/obo/IAO_0000136","taxa","","1814","https://vocab.audioblast.org/cv/referenceContent#AcousticBehaviour",""
"references","","47861","http://purl.obolibrary.org/obo/IAO_0000136","taxa","","1816","https://vocab.audioblast.org/cv/referenceContent#AcousticBehaviour",""
"references","","47861","http://purl.obolibrary.org/obo/IAO_0000136","taxa","","199","https://vocab.audioblast.org/cv/referenceContent#AcousticBehaviour",""
"references","","47861","http://purl.obolibrary.org/obo/IAO_0000136","taxa","","4858","https://vocab.audioblast.org/cv/referenceContent#AcousticBehaviour",""
"references","","47868","http://purl.obolibrary.org/obo/IAO_0000136","taxa","","108","https://vocab.audioblast.org/cv/referenceContent#AcousticBehaviour",""
"references","","47868","http://purl.obolibrary.org/obo/IAO_0000136","taxa","","120","https://vocab.audioblast.org/cv/referenceContent#AcousticBehaviour",""
"references","","47868","http://purl.obolibrary.org/obo/IAO_0000136","taxa","","129","https://vocab.audioblast.org/cv/referenceContent#AcousticBehaviour",""
"references","","47868","http://purl.obolibrary.org/obo/IAO_0000136","taxa","","199","https://vocab.audioblast.org/cv/referenceContent#AcousticBehaviour",""
"references","","47868","http://purl.obolibrary.org/obo/IAO_0000136","taxa","","246","https://vocab.audioblast.org/cv/referenceContent#AcousticBehaviour",""
"references","","47868","http://purl.obolibrary.org/obo/IAO_0000136","taxa","","247","https://vocab.audioblast.org/cv/referenceContent#AcousticBehaviour",""
"references","","47868","http://purl.obolibrary.org/obo/IAO_0000136","taxa","","2512","https://vocab.audioblast.org/cv/referenceContent#AcousticBehaviour",""
"references","","47868","http://purl.obolibrary.org/obo/IAO_0000136","taxa","","2521","https://vocab.audioblast.org/cv/referenceContent#AcousticBehaviour",""
"references","","47868","http://purl.obolibrary.org/obo/IAO_0000136","taxa","","309","https://vocab.audioblast.org/cv/referenceContent#AcousticBehaviour",""
"references","","47868","http://purl.obolibrary.org/obo/IAO_0000136","taxa","","315","https://vocab.audioblast.org/cv/referenceContent#AcousticBehaviour",""
"references","","47868","http://purl.obolibrary.org/obo/IAO_0000136","taxa","","4736","https://vocab.audioblast.org/cv/referenceContent#AcousticBehaviour",""
"references","","47868","http://purl.obolibrary.org/obo/IAO_0000136","taxa","","88","https://vocab.audioblast.org/cv/referenceContent#AcousticBehaviour",""
"references","","47868","http://purl.obolibrary.org/obo/IAO_0000136","taxa","","92","https://vocab.audioblast.org/cv/referenceContent#AcousticBehaviour",""
"references","","47881","http://purl.obolibrary.org/obo/IAO_0000136","taxa","","4859","https://vocab.audioblast.org/cv/referenceContent#AcousticBehaviour",""
"references","","47881","http://purl.obolibrary.org/obo/IAO_0000136","taxa","","4860","https://vocab.audioblast.org/cv/referenceContent#AcousticBehaviour",""
"references","","47881","http://purl.obolibrary.org/obo/IAO_0000136","taxa","","4861","https://vocab.audioblast.org/cv/referenceContent#AcousticBehaviour",""
"references","","47882","http://purl.obolibrary.org/obo/IAO_0000136","taxa","","511","https://vocab.audioblast.org/cv/referenceContent#AcousticBehaviour",""
"references","","47886","http://purl.obolibrary.org/obo/IAO_0000136","taxa","","1249","https://vocab.audioblast.org/cv/referenceContent#AcousticBehaviour",""
"references","","47886","http://purl.obolibrary.org/obo/IAO_0000136","taxa","","4862","https://vocab.audioblast.org/cv/referenceContent#AcousticBehaviour",""
"references","","47889","http://purl.obolibrary.org/obo/IAO_0000136","taxa","","56","https://vocab.audioblast.org/cv/referenceContent#AcousticBehaviour",""
"references","","47889","http://purl.obolibrary.org/obo/IAO_0000136","taxa","","803","https://vocab.audioblast.org/cv/referenceContent#AcousticBehaviour",""
"references","","47889","http://purl.obolibrary.org/obo/IAO_0000136","term","","https://vocab.audioblast.org/cv/topic#Methods","",""
"references","","47890","http://purl.obolibrary.org/obo/IAO_0000136","taxa","","4863","https://vocab.audioblast.org/cv/referenceContent#AcousticBehaviour",""
"references","","47890","http://purl.obolibrary.org/obo/IAO_0000136","taxa","","4864","https://vocab.audioblast.org/cv/referenceContent#AcousticBehaviour",""
"references","","47890","http://purl.obolibrary.org/obo/IAO_0000136","taxa","","550","https://vocab.audioblast.org/cv/referenceContent#AcousticBehaviour",""
"references","","47895","http://purl.obolibrary.org/obo/IAO_0000136","taxa","","143","https://vocab.audioblast.org/cv/referenceContent#AcousticBehaviour",""
"references","","47895","http://purl.obolibrary.org/obo/IAO_0000136","taxa","","1835","https://vocab.audioblast.org/cv/referenceContent#AcousticBehaviour",""
"references","","47895","http://purl.obolibrary.org/obo/IAO_0000136","taxa","","315","https://vocab.audioblast.org/cv/referenceContent#AcousticBehaviour",""
"references","","47895","http://purl.obolibrary.org/obo/IAO_0000136","taxa","","3391","https://vocab.audioblast.org/cv/referenceContent#AcousticBehaviour",""
"references","","47895","http://purl.obolibrary.org/obo/IAO_0000136","taxa","","4865","https://vocab.audioblast.org/cv/referenceContent#AcousticBehaviour",""
"references","","47895","http://purl.obolibrary.org/obo/IAO_0000136","taxa","","4867","https://vocab.audioblast.org/cv/referenceContent#AcousticBehaviour",""
"references","","47895","http://purl.obolibrary.org/obo/IAO_0000136","taxa","","4869","https://vocab.audioblast.org/cv/referenceContent#AcousticBehaviour",""
"references","","47895","http://purl.obolibrary.org/obo/IAO_0000136","taxa","","92","https://vocab.audioblast.org/cv/referenceContent#AcousticBehaviour",""
"references","","47895","http://purl.obolibrary.org/obo/IAO_0000136","term","","https://vocab.audioblast.org/cv/topic#SongEvolution","",""
"references","","47904","http://purl.obolibrary.org/obo/IAO_0000136","taxa","","2376","https://vocab.audioblast.org/cv/referenceContent#AcousticBehaviour",""
"references","","47904","http://purl.obolibrary.org/obo/IAO_0000136","term","","https://vocab.audioblast.org/cv/topic#SongEvolution","",""
"references","","47905","http://purl.obolibrary.org/obo/IAO_0000136","taxa","","1946","https://vocab.audioblast.org/cv/referenceContent#AcousticBehaviour",""
"references","","47905","http://purl.obolibrary.org/obo/IAO_0000136","taxa","","1947","https://vocab.audioblast.org/cv/referenceContent#AcousticBehaviour",""
"references","","47905","http://purl.obolibrary.org/obo/IAO_0000136","taxa","","4870","https://vocab.audioblast.org/cv/referenceContent#AcousticBehaviour",""
"references","","47905","http://purl.obolibrary.org/obo/IAO_0000136","taxa","","56","https://vocab.audioblast.org/cv/referenceContent#AcousticBehaviour",""
"references","","47906","http://purl.obolibrary.org/obo/IAO_0000136","term","","https://vocab.audioblast.org/cv/topic#Ethnobioacoustics","",""
"references","","47907","http://purl.obolibrary.org/obo/IAO_0000136","taxa","","2481","https://vocab.audioblast.org/cv/referenceContent#AcousticBehaviour",""
"references","","47907","http://purl.obolibrary.org/obo/IAO_0000136","taxa","","2490","https://vocab.audioblast.org/cv/referenceContent#AcousticBehaviour",""
"references","","47907","http://purl.obolibrary.org/obo/IAO_0000136","taxa","","2614","https://vocab.audioblast.org/cv/referenceContent#AcousticBehaviour",""
"references","","47907","http://purl.obolibrary.org/obo/IAO_0000136","taxa","","2621","https://vocab.audioblast.org/cv/referenceContent#AcousticBehaviour",""
"references","","47907","http://purl.obolibrary.org/obo/IAO_0000136","taxa","","2626","https://vocab.audioblast.org/cv/referenceContent#AcousticBehaviour",""
"references","","47907","http://purl.obolibrary.org/obo/IAO_0000136","taxa","","2631","https://vocab.audioblast.org/cv/referenceContent#AcousticBehaviour",""
"references","","47907","http://purl.obolibrary.org/obo/IAO_0000136","taxa","","2637","https://vocab.audioblast.org/cv/referenceContent#AcousticBehaviour",""
"references","","47907","http://purl.obolibrary.org/obo/IAO_0000136","taxa","","2638","https://vocab.audioblast.org/cv/referenceContent#AcousticBehaviour",""
"references","","47907","http://purl.obolibrary.org/obo/IAO_0000136","taxa","","2639","https://vocab.audioblast.org/cv/referenceContent#AcousticBehaviour",""
"references","","47907","http://purl.obolibrary.org/obo/IAO_0000136","taxa","","4873","https://vocab.audioblast.org/cv/referenceContent#AcousticBehaviour",""
"references","","47907","http://purl.obolibrary.org/obo/IAO_0000136","taxa","","4874","https://vocab.audioblast.org/cv/referenceContent#AcousticBehaviour",""
"references","","47907","http://purl.obolibrary.org/obo/IAO_0000136","taxa","","4875","https://vocab.audioblast.org/cv/referenceContent#AcousticBehaviour",""
"references","","47907","http://purl.obolibrary.org/obo/IAO_0000136","taxa","","4876","https://vocab.audioblast.org/cv/referenceContent#AcousticBehaviour",""
"references","","47907","http://purl.obolibrary.org/obo/IAO_0000136","taxa","","4877","https://vocab.audioblast.org/cv/referenceContent#AcousticBehaviour",""
"references","","47907","http://purl.obolibrary.org/obo/IAO_0000136","taxa","","56","https://vocab.audioblast.org/cv/referenceContent#AcousticBehaviour",""
"references","","47907","http://purl.obolibrary.org/obo/IAO_0000136","term","","https://vocab.audioblast.org/cv/topic#Ethnobioacoustics","",""
"references","","47908","http://purl.obolibrary.org/obo/IAO_0000136","taxa","","143","https://vocab.audioblast.org/cv/referenceContent#AcousticBehaviour",""
"references","","47908","http://purl.obolibrary.org/obo/IAO_0000136","taxa","","1834","https://vocab.audioblast.org/cv/referenceContent#AcousticBehaviour",""
"references","","47908","http://purl.obolibrary.org/obo/IAO_0000136","taxa","","1835","https://vocab.audioblast.org/cv/referenceContent#AcousticBehaviour",""
"references","","47908","http://purl.obolibrary.org/obo/IAO_0000136","taxa","","4878","https://vocab.audioblast.org/cv/referenceContent#AcousticBehaviour",""
"references","","47908","http://purl.obolibrary.org/obo/IAO_0000136","taxa","","6138","https://vocab.audioblast.org/cv/referenceContent#AcousticBehaviour",""
"references","","47909","http://purl.obolibrary.org/obo/IAO_0000136","taxa","","155","https://vocab.audioblast.org/cv/referenceContent#AcousticBehaviour",""
"references","","47910","http://purl.obolibrary.org/obo/IAO_0000136","taxa","","1835","https://vocab.audioblast.org/cv/referenceContent#AcousticBehaviour",""
"references","","47912","http://purl.obolibrary.org/obo/IAO_0000136","taxa","","4878","https://vocab.audioblast.org/cv/referenceContent#AcousticBehaviour",""
"references","","47912","http://purl.obolibrary.org/obo/IAO_0000136","taxa","","6138","https://vocab.audioblast.org/cv/referenceContent#AcousticBehaviour",""
"references","","47913","http://purl.obolibrary.org/obo/IAO_0000136","taxa","","4879","https://vocab.audioblast.org/cv/referenceContent#AcousticBehaviour",""
"references","","47913","http://purl.obolibrary.org/obo/IAO_0000136","taxa","","4880","https://vocab.audioblast.org/cv/referenceContent#AcousticBehaviour",""
"references","","47913","http://purl.obolibrary.org/obo/IAO_0000136","taxa","","918","https://vocab.audioblast.org/cv/referenceContent#AcousticBehaviour",""
"references","","47919","http://purl.obolibrary.org/obo/IAO_0000136","taxa","","4883","https://vocab.audioblast.org/cv/referenceContent#AcousticBehaviour",""
"references","","47919","http://purl.obolibrary.org/obo/IAO_0000136","taxa","","4884","https://vocab.audioblast.org/cv/referenceContent#AcousticBehaviour",""
"references","","47920","http://purl.obolibrary.org/obo/IAO_0000136","taxa","","4886","https://vocab.audioblast.org/cv/referenceContent#AcousticBehaviour",""
"references","","47922","http://purl.obolibrary.org/obo/IAO_0000136","taxa","","4890","https://vocab.audioblast.org/cv/referenceContent#AcousticBehaviour",""
"references","","47923","http://purl.obolibrary.org/obo/IAO_0000136","taxa","","4891","https://vocab.audioblast.org/cv/referenceContent#AcousticBehaviour",""
"references","","47924","http://purl.obolibrary.org/obo/IAO_0000136","taxa","","4891","https://vocab.audioblast.org/cv/referenceContent#AcousticBehaviour",""
"references","","47925","http://purl.obolibrary.org/obo/IAO_0000136","taxa","","4891","https://vocab.audioblast.org/cv/referenceContent#AcousticBehaviour",""
"references","","47926","http://purl.obolibrary.org/obo/IAO_0000136","taxa","","4891","https://vocab.audioblast.org/cv/referenceContent#AcousticBehaviour",""
"references","","47927","http://purl.obolibrary.org/obo/IAO_0000136","taxa","","4891","https://vocab.audioblast.org/cv/referenceContent#AcousticBehaviour",""
"references","","47961","http://purl.obolibrary.org/obo/IAO_0000136","taxa","","2352","https://vocab.audioblast.org/cv/referenceContent#AcousticBehaviour",""
"references","","47962","http://purl.obolibrary.org/obo/IAO_0000136","taxa","","4897","https://vocab.audioblast.org/cv/referenceContent#AcousticBehaviour",""
"references","","47964","http://purl.obolibrary.org/obo/IAO_0000136","taxa","","4898","https://vocab.audioblast.org/cv/referenceContent#AcousticBehaviour",""
"references","","47964","http://purl.obolibrary.org/obo/IAO_0000136","taxa","","4899","https://vocab.audioblast.org/cv/referenceContent#AcousticBehaviour",""
"references","","47981","http://purl.obolibrary.org/obo/IAO_0000136","taxa","","4902","https://vocab.audioblast.org/cv/referenceContent#AcousticBehaviour",""
"references","","47981","http://purl.obolibrary.org/obo/IAO_0000136","taxa","","4903","https://vocab.audioblast.org/cv/referenceContent#AcousticBehaviour",""
"references","","47984","http://purl.obolibrary.org/obo/IAO_0000136","taxa","","4246","https://vocab.audioblast.org/cv/referenceContent#AcousticBehaviour",""
"references","","47987","http://purl.obolibrary.org/obo/IAO_0000136","taxa","","1880","https://vocab.audioblast.org/cv/referenceContent#AcousticBehaviour",""
"references","","47987","http://purl.obolibrary.org/obo/IAO_0000136","taxa","","4256","https://vocab.audioblast.org/cv/referenceContent#AcousticBehaviour",""
"references","","47989","http://purl.obolibrary.org/obo/IAO_0000136","taxa","","4905","https://vocab.audioblast.org/cv/referenceContent#AcousticBehaviour",""
"references","","48012","http://purl.obolibrary.org/obo/IAO_0000136","taxa","","4906","https://vocab.audioblast.org/cv/referenceContent#AcousticBehaviour",""
"references","","48012","http://purl.obolibrary.org/obo/IAO_0000136","taxa","","4907","https://vocab.audioblast.org/cv/referenceContent#AcousticBehaviour",""
"references","","48122","http://purl.obolibrary.org/obo/IAO_0000136","taxa","","178","https://vocab.audioblast.org/cv/referenceContent#AcousticBehaviour",""
"references","","48122","http://purl.obolibrary.org/obo/IAO_0000136","taxa","","1929","https://vocab.audioblast.org/cv/referenceContent#AcousticBehaviour",""
"references","","48122","http://purl.obolibrary.org/obo/IAO_0000136","taxa","","199","https://vocab.audioblast.org/cv/referenceContent#AcousticBehaviour",""
"references","","48122","http://purl.obolibrary.org/obo/IAO_0000136","taxa","","2202","https://vocab.audioblast.org/cv/referenceContent#AcousticBehaviour",""
"references","","48122","http://purl.obolibrary.org/obo/IAO_0000136","taxa","","2211","https://vocab.audioblast.org/cv/referenceContent#AcousticBehaviour",""
"references","","48122","http://purl.obolibrary.org/obo/IAO_0000136","taxa","","2213","https://vocab.audioblast.org/cv/referenceContent#AcousticBehaviour",""
"references","","48122","http://purl.obolibrary.org/obo/IAO_0000136","taxa","","2227","https://vocab.audioblast.org/cv/referenceContent#AcousticBehaviour",""
"references","","48122","http://purl.obolibrary.org/obo/IAO_0000136","taxa","","2334","https://vocab.audioblast.org/cv/referenceContent#AcousticBehaviour",""
"references","","48122","http://purl.obolibrary.org/obo/IAO_0000136","taxa","","2742","https://vocab.audioblast.org/cv/referenceContent#AcousticBehaviour",""
"references","","48122","http://purl.obolibrary.org/obo/IAO_0000136","taxa","","2743","https://vocab.audioblast.org/cv/referenceContent#AcousticBehaviour",""
"references","","48122","http://purl.obolibrary.org/obo/IAO_0000136","taxa","","2747","https://vocab.audioblast.org/cv/referenceContent#AcousticBehaviour",""
"references","","48122","http://purl.obolibrary.org/obo/IAO_0000136","taxa","","2749","https://vocab.audioblast.org/cv/referenceContent#AcousticBehaviour",""
"references","","48122","http://purl.obolibrary.org/obo/IAO_0000136","taxa","","2763","https://vocab.audioblast.org/cv/referenceContent#AcousticBehaviour",""
"references","","48122","http://purl.obolibrary.org/obo/IAO_0000136","taxa","","2766","https://vocab.audioblast.org/cv/referenceContent#AcousticBehaviour",""
"references","","48122","http://purl.obolibrary.org/obo/IAO_0000136","taxa","","2771","https://vocab.audioblast.org/cv/referenceContent#AcousticBehaviour",""
"references","","48122","http://purl.obolibrary.org/obo/IAO_0000136","taxa","","3278","https://vocab.audioblast.org/cv/referenceContent#AcousticBehaviour",""
"references","","48122","http://purl.obolibrary.org/obo/IAO_0000136","taxa","","4913","https://vocab.audioblast.org/cv/referenceContent#AcousticBehaviour",""
"references","","48122","http://purl.obolibrary.org/obo/IAO_0000136","taxa","","4914","https://vocab.audioblast.org/cv/referenceContent#AcousticBehaviour",""
"references","","48122","http://purl.obolibrary.org/obo/IAO_0000136","taxa","","4917","https://vocab.audioblast.org/cv/referenceContent#AcousticBehaviour",""
"references","","48122","http://purl.obolibrary.org/obo/IAO_0000136","taxa","","56","https://vocab.audioblast.org/cv/referenceContent#AcousticBehaviour",""
"references","","48122","http://purl.obolibrary.org/obo/IAO_0000136","taxa","","574","https://vocab.audioblast.org/cv/referenceContent#AcousticBehaviour",""
"references","","48122","http://purl.obolibrary.org/obo/IAO_0000136","taxa","","593","https://vocab.audioblast.org/cv/referenceContent#AcousticBehaviour",""
"references","","48140","http://purl.obolibrary.org/obo/IAO_0000136","taxa","","4919","https://vocab.audioblast.org/cv/referenceContent#AcousticBehaviour",""
"references","","48140","http://purl.obolibrary.org/obo/IAO_0000136","taxa","","4921","https://vocab.audioblast.org/cv/referenceContent#AcousticBehaviour",""
"references","","48140","http://purl.obolibrary.org/obo/IAO_0000136","taxa","","4922","https://vocab.audioblast.org/cv/referenceContent#AcousticBehaviour",""
"references","","48140","http://purl.obolibrary.org/obo/IAO_0000136","taxa","","585","https://vocab.audioblast.org/cv/referenceContent#AcousticBehaviour",""
"references","","48144","http://purl.obolibrary.org/obo/IAO_0000136","taxa","","4925","https://vocab.audioblast.org/cv/referenceContent#AcousticBehaviour",""
"references","","48144","http://purl.obolibrary.org/obo/IAO_0000136","taxa","","786","https://vocab.audioblast.org/cv/referenceContent#AcousticBehaviour",""
"references","","48145","http://purl.obolibrary.org/obo/IAO_0000136","taxa","","4928","https://vocab.audioblast.org/cv/referenceContent#AcousticBehaviour",""
"references","","48146","http://purl.obolibrary.org/obo/IAO_0000136","taxa","","4928","https://vocab.audioblast.org/cv/referenceContent#AcousticBehaviour",""
"references","","48147","http://purl.obolibrary.org/obo/IAO_0000136","taxa","","4930","https://vocab.audioblast.org/cv/referenceContent#AcousticBehaviour",""
"references","","48148","http://purl.obolibrary.org/obo/IAO_0000136","taxa","","1357","https://vocab.audioblast.org/cv/referenceContent#AcousticBehaviour",""
"references","","48149","http://purl.obolibrary.org/obo/IAO_0000136","taxa","","1431","https://vocab.audioblast.org/cv/referenceContent#AcousticBehaviour",""
"references","","48149","http://purl.obolibrary.org/obo/IAO_0000136","taxa","","4932","https://vocab.audioblast.org/cv/referenceContent#AcousticBehaviour",""
"references","","48149","http://purl.obolibrary.org/obo/IAO_0000136","taxa","","4934","https://vocab.audioblast.org/cv/referenceContent#AcousticBehaviour",""
"references","","48149","http://purl.obolibrary.org/obo/IAO_0000136","taxa","","4935","https://vocab.audioblast.org/cv/referenceContent#AcousticBehaviour",""
"references","","48149","http://purl.obolibrary.org/obo/IAO_0000136","taxa","","4936","https://vocab.audioblast.org/cv/referenceContent#AcousticBehaviour",""
"references","","48149","http://purl.obolibrary.org/obo/IAO_0000136","taxa","","4937","https://vocab.audioblast.org/cv/referenceContent#AcousticBehaviour",""
"references","","48150","http://purl.obolibrary.org/obo/IAO_0000136","taxa","","1357","https://vocab.audioblast.org/cv/referenceContent#AcousticBehaviour",""
"references","","48150","http://purl.obolibrary.org/obo/IAO_0000136","taxa","","1654","https://vocab.audioblast.org/cv/referenceContent#AcousticBehaviour",""
"references","","48151","http://purl.obolibrary.org/obo/IAO_0000136","taxa","","457","https://vocab.audioblast.org/cv/referenceContent#AcousticBehaviour",""
"references","","48151","http://purl.obolibrary.org/obo/IAO_0000136","taxa","","4939","https://vocab.audioblast.org/cv/referenceContent#AcousticBehaviour",""
"references","","48152","http://purl.obolibrary.org/obo/IAO_0000136","taxa","","4935","https://vocab.audioblast.org/cv/referenceContent#AcousticBehaviour",""
"references","","48152","http://purl.obolibrary.org/obo/IAO_0000136","taxa","","4941","https://vocab.audioblast.org/cv/referenceContent#AcousticBehaviour",""
"references","","48154","http://purl.obolibrary.org/obo/IAO_0000136","taxa","","1908","https://vocab.audioblast.org/cv/referenceContent#AcousticBehaviour",""
"references","","48154","http://purl.obolibrary.org/obo/IAO_0000136","taxa","","1927","https://vocab.audioblast.org/cv/referenceContent#AcousticBehaviour",""
"references","","48154","http://purl.obolibrary.org/obo/IAO_0000136","taxa","","4942","https://vocab.audioblast.org/cv/referenceContent#AcousticBehaviour",""
"references","","50304","http://purl.obolibrary.org/obo/IAO_0000136","taxa","","4952","https://vocab.audioblast.org/cv/referenceContent#AcousticBehaviour",""
"references","","50304","http://purl.obolibrary.org/obo/IAO_0000136","taxa","","4953","https://vocab.audioblast.org/cv/referenceContent#AcousticBehaviour",""
"references","","50484","http://purl.obolibrary.org/obo/IAO_0000136","taxa","","142","https://vocab.audioblast.org/cv/referenceContent#AcousticBehaviour",""
"references","","50484","http://purl.obolibrary.org/obo/IAO_0000136","taxa","","143","https://vocab.audioblast.org/cv/referenceContent#AcousticBehaviour",""
"references","","50484","http://purl.obolibrary.org/obo/IAO_0000136","taxa","","2352","https://vocab.audioblast.org/cv/referenceContent#AcousticBehaviour",""
"references","","50485","http://purl.obolibrary.org/obo/IAO_0000136","taxa","","4956","https://vocab.audioblast.org/cv/referenceContent#AcousticBehaviour",""
"references","","50485","http://purl.obolibrary.org/obo/IAO_0000136","taxa","","4957","https://vocab.audioblast.org/cv/referenceContent#AcousticBehaviour",""
"references","","50485","http://purl.obolibrary.org/obo/IAO_0000136","taxa","","786","https://vocab.audioblast.org/cv/referenceContent#AcousticBehaviour",""
"references","","50486","http://purl.obolibrary.org/obo/IAO_0000136","taxa","","4960","https://vocab.audioblast.org/cv/referenceContent#AcousticBehaviour",""
"references","","50487","http://purl.obolibrary.org/obo/IAO_0000136","taxa","","4963","https://vocab.audioblast.org/cv/referenceContent#AcousticBehaviour",""
"references","","50488","http://purl.obolibrary.org/obo/IAO_0000136","taxa","","4966","https://vocab.audioblast.org/cv/referenceContent#AcousticBehaviour",""
"references","","50489","http://purl.obolibrary.org/obo/IAO_0000136","taxa","","4969","https://vocab.audioblast.org/cv/referenceContent#AcousticBehaviour",""
"references","","50490","http://purl.obolibrary.org/obo/IAO_0000136","taxa","","1421","https://vocab.audioblast.org/cv/referenceContent#AcousticBehaviour",""
"references","","50491","http://purl.obolibrary.org/obo/IAO_0000136","taxa","","4972","https://vocab.audioblast.org/cv/referenceContent#AcousticBehaviour",""
"references","","50491","http://purl.obolibrary.org/obo/IAO_0000136","taxa","","4974","https://vocab.audioblast.org/cv/referenceContent#AcousticBehaviour",""
"references","","50491","http://purl.obolibrary.org/obo/IAO_0000136","taxa","","4976","https://vocab.audioblast.org/cv/referenceContent#AcousticBehaviour",""
"references","","50492","http://purl.obolibrary.org/obo/IAO_0000136","taxa","","4977","https://vocab.audioblast.org/cv/referenceContent#AcousticBehaviour",""
"references","","50493","http://purl.obolibrary.org/obo/IAO_0000136","taxa","","1453","https://vocab.audioblast.org/cv/referenceContent#AcousticBehaviour",""
"references","","50493","http://purl.obolibrary.org/obo/IAO_0000136","taxa","","1461","https://vocab.audioblast.org/cv/referenceContent#AcousticBehaviour",""
"references","","50493","http://purl.obolibrary.org/obo/IAO_0000136","taxa","","4979","https://vocab.audioblast.org/cv/referenceContent#AcousticBehaviour",""
"references","","50494","http://purl.obolibrary.org/obo/IAO_0000136","taxa","","4983","https://vocab.audioblast.org/cv/referenceContent#AcousticBehaviour",""
"references","","50495","http://purl.obolibrary.org/obo/IAO_0000136","taxa","","4986","https://vocab.audioblast.org/cv/referenceContent#AcousticBehaviour",""
"references","","50496","http://purl.obolibrary.org/obo/IAO_0000136","taxa","","4986","https://vocab.audioblast.org/cv/referenceContent#AcousticBehaviour",""
"references","","50497","http://purl.obolibrary.org/obo/IAO_0000136","taxa","","4988","https://vocab.audioblast.org/cv/referenceContent#AcousticBehaviour",""
"references","","50498","http://purl.obolibrary.org/obo/IAO_0000136","taxa","","4510","https://vocab.audioblast.org/cv/referenceContent#AcousticBehaviour",""
"references","","50499","http://purl.obolibrary.org/obo/IAO_0000136","taxa","","4991","https://vocab.audioblast.org/cv/referenceContent#AcousticBehaviour",""
"references","","50500","http://purl.obolibrary.org/obo/IAO_0000136","taxa","","4960","https://vocab.audioblast.org/cv/referenceContent#AcousticBehaviour",""
"references","","50501","http://purl.obolibrary.org/obo/IAO_0000136","taxa","","1177","https://vocab.audioblast.org/cv/referenceContent#AcousticBehaviour",""
"references","","50502","http://purl.obolibrary.org/obo/IAO_0000136","taxa","","4994","https://vocab.audioblast.org/cv/referenceContent#AcousticBehaviour",""
"references","","50503","http://purl.obolibrary.org/obo/IAO_0000136","taxa","","4996","https://vocab.audioblast.org/cv/referenceContent#AcousticBehaviour",""
"references","","50504","http://purl.obolibrary.org/obo/IAO_0000136","taxa","","4999","https://vocab.audioblast.org/cv/referenceContent#AcousticBehaviour",""
"references","","50505","http://purl.obolibrary.org/obo/IAO_0000136","taxa","","2583","https://vocab.audioblast.org/cv/referenceContent#AcousticBehaviour",""
"references","","50505","http://purl.obolibrary.org/obo/IAO_0000136","taxa","","5001","https://vocab.audioblast.org/cv/referenceContent#AcousticBehaviour",""
"references","","50506","http://purl.obolibrary.org/obo/IAO_0000136","taxa","","5003","https://vocab.audioblast.org/cv/referenceContent#AcousticBehaviour",""
"references","","50507","http://purl.obolibrary.org/obo/IAO_0000136","taxa","","1719","https://vocab.audioblast.org/cv/referenceContent#AcousticBehaviour",""
"references","","50508","http://purl.obolibrary.org/obo/IAO_0000136","taxa","","5006","https://vocab.audioblast.org/cv/referenceContent#AcousticBehaviour",""
"references","","50509","http://purl.obolibrary.org/obo/IAO_0000136","taxa","","2219","https://vocab.audioblast.org/cv/referenceContent#AcousticBehaviour",""
"references","","50509","http://purl.obolibrary.org/obo/IAO_0000136","taxa","","2787","https://vocab.audioblast.org/cv/referenceContent#AcousticBehaviour",""
"references","","50509","http://purl.obolibrary.org/obo/IAO_0000136","taxa","","56","https://vocab.audioblast.org/cv/referenceContent#AcousticBehaviour",""
"references","","50511","http://purl.obolibrary.org/obo/IAO_0000136","taxa","","1638","https://vocab.audioblast.org/cv/referenceContent#AcousticBehaviour",""
"references","","50511","http://purl.obolibrary.org/obo/IAO_0000136","taxa","","5008","https://vocab.audioblast.org/cv/referenceContent#AcousticBehaviour",""
"references","","50511","http://purl.obolibrary.org/obo/IAO_0000136","taxa","","5009","https://vocab.audioblast.org/cv/referenceContent#AcousticBehaviour",""
"references","","50511","http://purl.obolibrary.org/obo/IAO_0000136","taxa","","5010","https://vocab.audioblast.org/cv/referenceContent#AcousticBehaviour",""
"references","","50511","http://purl.obolibrary.org/obo/IAO_0000136","taxa","","5011","https://vocab.audioblast.org/cv/referenceContent#AcousticBehaviour",""
"references","","50511","http://purl.obolibrary.org/obo/IAO_0000136","taxa","","5012","https://vocab.audioblast.org/cv/referenceContent#AcousticBehaviour",""
"references","","50511","http://purl.obolibrary.org/obo/IAO_0000136","taxa","","5013","https://vocab.audioblast.org/cv/referenceContent#AcousticBehaviour",""
"references","","50518","http://purl.obolibrary.org/obo/IAO_0000136","taxa","","4864","https://vocab.audioblast.org/cv/referenceContent#AcousticBehaviour",""
"references","","50521","http://purl.obolibrary.org/obo/IAO_0000136","taxa","","75","https://vocab.audioblast.org/cv/referenceContent#AcousticBehaviour",""
"references","","50521","http://purl.obolibrary.org/obo/IAO_0000136","taxa","","77","https://vocab.audioblast.org/cv/referenceContent#AcousticBehaviour",""
"references","","50524","http://purl.obolibrary.org/obo/IAO_0000136","taxa","","2241","https://vocab.audioblast.org/cv/referenceContent#AcousticBehaviour",""
"references","","50524","http://purl.obolibrary.org/obo/IAO_0000136","taxa","","287","https://vocab.audioblast.org/cv/referenceContent#AcousticBehaviour",""
"references","","50524","http://purl.obolibrary.org/obo/IAO_0000136","taxa","","5014","https://vocab.audioblast.org/cv/referenceContent#AcousticBehaviour",""
"references","","50524","http://purl.obolibrary.org/obo/IAO_0000136","taxa","","5016","https://vocab.audioblast.org/cv/referenceContent#AcousticBehaviour",""
"references","","50524","http://purl.obolibrary.org/obo/IAO_0000136","taxa","","79","https://vocab.audioblast.org/cv/referenceContent#AcousticBehaviour",""
"references","","50651","http://purl.obolibrary.org/obo/IAO_0000136","taxa","","5023","https://vocab.audioblast.org/cv/referenceContent#AcousticBehaviour",""
"references","","50652","http://purl.obolibrary.org/obo/IAO_0000136","taxa","","1982","https://vocab.audioblast.org/cv/referenceContent#AcousticBehaviour",""
"references","","50652","http://purl.obolibrary.org/obo/IAO_0000136","taxa","","3865","https://vocab.audioblast.org/cv/referenceContent#AcousticBehaviour",""
"references","","50652","http://purl.obolibrary.org/obo/IAO_0000136","taxa","","3878","https://vocab.audioblast.org/cv/referenceContent#AcousticBehaviour",""
"references","","50652","http://purl.obolibrary.org/obo/IAO_0000136","taxa","","3980","https://vocab.audioblast.org/cv/referenceContent#AcousticBehaviour",""
"references","","50652","http://purl.obolibrary.org/obo/IAO_0000136","taxa","","3983","https://vocab.audioblast.org/cv/referenceContent#AcousticBehaviour",""
"references","","50652","http://purl.obolibrary.org/obo/IAO_0000136","taxa","","3987","https://vocab.audioblast.org/cv/referenceContent#AcousticBehaviour",""
"references","","50652","http://purl.obolibrary.org/obo/IAO_0000136","taxa","","5032","https://vocab.audioblast.org/cv/referenceContent#AcousticBehaviour",""
"references","","50652","http://purl.obolibrary.org/obo/IAO_0000136","taxa","","5033","https://vocab.audioblast.org/cv/referenceContent#AcousticBehaviour",""
"references","","50652","http://purl.obolibrary.org/obo/IAO_0000136","taxa","","5035","https://vocab.audioblast.org/cv/referenceContent#AcousticBehaviour",""
"references","","50673","http://purl.obolibrary.org/obo/IAO_0000136","taxa","","5038","https://vocab.audioblast.org/cv/referenceContent#AcousticBehaviour",""
"references","","50676","http://purl.obolibrary.org/obo/IAO_0000136","taxa","","5039","https://vocab.audioblast.org/cv/referenceContent#AcousticBehaviour",""
"references","","50677","http://purl.obolibrary.org/obo/IAO_0000136","taxa","","1866","https://vocab.audioblast.org/cv/referenceContent#AcousticBehaviour",""
"references","","50677","http://purl.obolibrary.org/obo/IAO_0000136","taxa","","56","https://vocab.audioblast.org/cv/referenceContent#AcousticBehaviour",""
"references","","50695","http://purl.obolibrary.org/obo/IAO_0000136","taxa","","500","https://vocab.audioblast.org/cv/referenceContent#AcousticBehaviour",""
"references","","50695","http://purl.obolibrary.org/obo/IAO_0000136","taxa","","5042","https://vocab.audioblast.org/cv/referenceContent#AcousticBehaviour",""
"references","","50695","http://purl.obolibrary.org/obo/IAO_0000136","taxa","","5043","https://vocab.audioblast.org/cv/referenceContent#AcousticBehaviour",""
"references","","50695","http://purl.obolibrary.org/obo/IAO_0000136","taxa","","5044","https://vocab.audioblast.org/cv/referenceContent#AcousticBehaviour",""
"references","","50695","http://purl.obolibrary.org/obo/IAO_0000136","taxa","","5045","https://vocab.audioblast.org/cv/referenceContent#AcousticBehaviour",""
"references","","50701","http://purl.obolibrary.org/obo/IAO_0000136","taxa","","5046","https://vocab.audioblast.org/cv/referenceContent#AcousticBehaviour",""
"references","","50709","http://purl.obolibrary.org/obo/IAO_0000136","taxa","","1873","https://vocab.audioblast.org/cv/referenceContent#AcousticBehaviour",""
"references","","50712","http://purl.obolibrary.org/obo/IAO_0000136","taxa","","79","https://vocab.audioblast.org/cv/referenceContent#AcousticBehaviour",""
"references","","50712","http://purl.obolibrary.org/obo/IAO_0000136","taxa","","80","https://vocab.audioblast.org/cv/referenceContent#AcousticBehaviour",""
"references","","50713","http://purl.obolibrary.org/obo/IAO_0000136","taxa","","3540","https://vocab.audioblast.org/cv/referenceContent#AcousticBehaviour",""
"references","","50715","http://purl.obolibrary.org/obo/IAO_0000136","taxa","","3846","https://vocab.audioblast.org/cv/referenceContent#AcousticBehaviour",""
"references","","50717","http://purl.obolibrary.org/obo/IAO_0000136","taxa","","5051","https://vocab.audioblast.org/cv/referenceContent#AcousticBehaviour",""
"references","","50717","http://purl.obolibrary.org/obo/IAO_0000136","taxa","","56","https://vocab.audioblast.org/cv/referenceContent#AcousticBehaviour",""
"references","","50722","http://purl.obolibrary.org/obo/IAO_0000136","taxa","","5053","https://vocab.audioblast.org/cv/referenceContent#AcousticBehaviour",""
"references","","50724","http://purl.obolibrary.org/obo/IAO_0000136","taxa","","5056","https://vocab.audioblast.org/cv/referenceContent#AcousticBehaviour",""
"references","","50726","http://purl.obolibrary.org/obo/IAO_0000136","taxa","","5059","https://vocab.audioblast.org/cv/referenceContent#AcousticBehaviour",""
"references","","50729","http://purl.obolibrary.org/obo/IAO_0000136","taxa","","5064","https://vocab.audioblast.org/cv/referenceContent#AcousticBehaviour",""
"references","","50731","http://purl.obolibrary.org/obo/IAO_0000136","taxa","","1249","https://vocab.audioblast.org/cv/referenceContent#AcousticBehaviour",""
"references","","50731","http://purl.obolibrary.org/obo/IAO_0000136","taxa","","5065","https://vocab.audioblast.org/cv/referenceContent#AcousticBehaviour",""
"references","","50731","http://purl.obolibrary.org/obo/IAO_0000136","taxa","","5066","https://vocab.audioblast.org/cv/referenceContent#AcousticBehaviour",""
"references","","50731","http://purl.obolibrary.org/obo/IAO_0000136","taxa","","5067","https://vocab.audioblast.org/cv/referenceContent#AcousticBehaviour",""
"references","","50731","http://purl.obolibrary.org/obo/IAO_0000136","taxa","","56","https://vocab.audioblast.org/cv/referenceContent#AcousticBehaviour",""
"references","","50735","http://purl.obolibrary.org/obo/IAO_0000136","taxa","","5069","https://vocab.audioblast.org/cv/referenceContent#AcousticBehaviour",""
"references","","50735","http://purl.obolibrary.org/obo/IAO_0000136","taxa","","5070","https://vocab.audioblast.org/cv/referenceContent#AcousticBehaviour",""
"references","","50735","http://purl.obolibrary.org/obo/IAO_0000136","taxa","","5072","https://vocab.audioblast.org/cv/referenceContent#AcousticBehaviour",""
"references","","50735","http://purl.obolibrary.org/obo/IAO_0000136","taxa","","56","https://vocab.audioblast.org/cv/referenceContent#AcousticBehaviour",""
"references","","50740","http://purl.obolibrary.org/obo/IAO_0000136","taxa","","332","https://vocab.audioblast.org/cv/referenceContent#AcousticBehaviour",""
"references","","50741","http://purl.obolibrary.org/obo/IAO_0000136","taxa","","5074","https://vocab.audioblast.org/cv/referenceContent#AcousticBehaviour",""
"references","","50742","http://purl.obolibrary.org/obo/IAO_0000136","taxa","","5075","https://vocab.audioblast.org/cv/referenceContent#AcousticBehaviour",""
"references","","50769","http://purl.obolibrary.org/obo/IAO_0000136","taxa","","5114","https://vocab.audioblast.org/cv/referenceContent#AcousticBehaviour",""
"references","","50770","http://purl.obolibrary.org/obo/IAO_0000136","taxa","","1168","https://vocab.audioblast.org/cv/referenceContent#AcousticBehaviour",""
"references","","50770","http://purl.obolibrary.org/obo/IAO_0000136","taxa","","1177","https://vocab.audioblast.org/cv/referenceContent#AcousticBehaviour",""
"references","","50771","http://purl.obolibrary.org/obo/IAO_0000136","taxa","","235","https://vocab.audioblast.org/cv/referenceContent#AcousticBehaviour",""
"references","","50771","http://purl.obolibrary.org/obo/IAO_0000136","taxa","","5117","https://vocab.audioblast.org/cv/referenceContent#AcousticBehaviour",""
"references","","50771","http://purl.obolibrary.org/obo/IAO_0000136","taxa","","5118","https://vocab.audioblast.org/cv/referenceContent#AcousticBehaviour",""
"references","","50773","http://purl.obolibrary.org/obo/IAO_0000136","taxa","","160","https://vocab.audioblast.org/cv/referenceContent#AcousticBehaviour",""
"references","","50773","http://purl.obolibrary.org/obo/IAO_0000136","taxa","","222","https://vocab.audioblast.org/cv/referenceContent#AcousticBehaviour",""
"references","","50773","http://purl.obolibrary.org/obo/IAO_0000136","taxa","","252","https://vocab.audioblast.org/cv/referenceContent#AcousticBehaviour",""
"references","","50773","http://purl.obolibrary.org/obo/IAO_0000136","taxa","","267","https://vocab.audioblast.org/cv/referenceContent#AcousticBehaviour",""
"references","","50773","http://purl.obolibrary.org/obo/IAO_0000136","taxa","","484","https://vocab.audioblast.org/cv/referenceContent#AcousticBehaviour",""
"references","","50773","http://purl.obolibrary.org/obo/IAO_0000136","taxa","","5119","https://vocab.audioblast.org/cv/referenceContent#AcousticBehaviour",""
"references","","50773","http://purl.obolibrary.org/obo/IAO_0000136","taxa","","56","https://vocab.audioblast.org/cv/referenceContent#AcousticBehaviour",""
"references","","50773","http://purl.obolibrary.org/obo/IAO_0000136","taxa","","64","https://vocab.audioblast.org/cv/referenceContent#AcousticBehaviour",""
"references","","50773","http://purl.obolibrary.org/obo/IAO_0000136","taxa","","86","https://vocab.audioblast.org/cv/referenceContent#AcousticBehaviour",""
"references","","50773","http://purl.obolibrary.org/obo/IAO_0000136","taxa","","99","https://vocab.audioblast.org/cv/referenceContent#AcousticBehaviour",""
"references","","50785","http://purl.obolibrary.org/obo/IAO_0000136","taxa","","786","https://vocab.audioblast.org/cv/referenceContent#AcousticBehaviour",""
"references","","50813","http://purl.obolibrary.org/obo/IAO_0000136","term","","https://vocab.audioblast.org/cv/topic#Methods","",""
"references","","50814","http://purl.obolibrary.org/obo/IAO_0000136","taxa","","56","https://vocab.audioblast.org/cv/referenceContent#AcousticBehaviour",""
"references","","50814","http://purl.obolibrary.org/obo/IAO_0000136","term","","https://vocab.audioblast.org/cv/topic#Methods","",""
"references","","50819","http://purl.obolibrary.org/obo/IAO_0000136","taxa","","501","https://vocab.audioblast.org/cv/referenceContent#AcousticBehaviour",""
"references","","50821","http://purl.obolibrary.org/obo/IAO_0000136","term","","https://vocab.audioblast.org/cv/topic#Soundscapes","",""
"references","","50822","http://purl.obolibrary.org/obo/IAO_0000136","term","","https://vocab.audioblast.org/cv/topic#Soundscapes","",""
"references","","50904","http://purl.obolibrary.org/obo/IAO_0000136","taxa","","4802","https://vocab.audioblast.org/cv/referenceContent#AcousticBehaviour",""
"references","","50905","http://purl.obolibrary.org/obo/IAO_0000136","taxa","","803","https://vocab.audioblast.org/cv/referenceContent#AcousticBehaviour",""
"references","","50905","http://purl.obolibrary.org/obo/IAO_0000136","term","","https://vocab.audioblast.org/cv/topic#AutomatedIdentification","",""
"references","","50906","http://purl.obolibrary.org/obo/IAO_0000136","taxa","","1249","https://vocab.audioblast.org/cv/referenceContent#AcousticBehaviour",""
"references","","50906","http://purl.obolibrary.org/obo/IAO_0000136","taxa","","239","https://vocab.audioblast.org/cv/referenceContent#AcousticBehaviour",""
"references","","50908","http://purl.obolibrary.org/obo/IAO_0000136","taxa","","4825","https://vocab.audioblast.org/cv/referenceContent#AcousticBehaviour",""
"references","","50908","http://purl.obolibrary.org/obo/IAO_0000136","taxa","","4826","https://vocab.audioblast.org/cv/referenceContent#AcousticBehaviour",""
"references","","50909","http://purl.obolibrary.org/obo/IAO_0000136","taxa","","1288","https://vocab.audioblast.org/cv/referenceContent#AcousticBehaviour",""
"references","","50909","http://purl.obolibrary.org/obo/IAO_0000136","taxa","","1289","https://vocab.audioblast.org/cv/referenceContent#AcousticBehaviour",""
"references","","50909","http://purl.obolibrary.org/obo/IAO_0000136","taxa","","1290","https://vocab.audioblast.org/cv/referenceContent#AcousticBehaviour",""
"references","","50909","http://purl.obolibrary.org/obo/IAO_0000136","taxa","","4080","https://vocab.audioblast.org/cv/referenceContent#AcousticBehaviour",""
"references","","50909","http://purl.obolibrary.org/obo/IAO_0000136","taxa","","4599","https://vocab.audioblast.org/cv/referenceContent#AcousticBehaviour",""
"references","","50909","http://purl.obolibrary.org/obo/IAO_0000136","taxa","","5131","https://vocab.audioblast.org/cv/referenceContent#AcousticBehaviour",""
"references","","50909","http://purl.obolibrary.org/obo/IAO_0000136","taxa","","5179","https://vocab.audioblast.org/cv/referenceContent#AcousticBehaviour",""
"references","","50909","http://purl.obolibrary.org/obo/IAO_0000136","taxa","","5180","https://vocab.audioblast.org/cv/referenceContent#AcousticBehaviour",""
"references","","50909","http://purl.obolibrary.org/obo/IAO_0000136","taxa","","5182","https://vocab.audioblast.org/cv/referenceContent#AcousticBehaviour",""
"references","","50909","http://purl.obolibrary.org/obo/IAO_0000136","taxa","","5183","https://vocab.audioblast.org/cv/referenceContent#AcousticBehaviour",""
"references","","50909","http://purl.obolibrary.org/obo/IAO_0000136","taxa","","5184","https://vocab.audioblast.org/cv/referenceContent#AcousticBehaviour",""
"references","","50909","http://purl.obolibrary.org/obo/IAO_0000136","taxa","","5185","https://vocab.audioblast.org/cv/referenceContent#AcousticBehaviour",""
"references","","50909","http://purl.obolibrary.org/obo/IAO_0000136","taxa","","5187","https://vocab.audioblast.org/cv/referenceContent#AcousticBehaviour",""
"references","","50909","http://purl.obolibrary.org/obo/IAO_0000136","taxa","","5189","https://vocab.audioblast.org/cv/referenceContent#AcousticBehaviour",""
"references","","50909","http://purl.obolibrary.org/obo/IAO_0000136","taxa","","5190","https://vocab.audioblast.org/cv/referenceContent#AcousticBehaviour",""
"references","","50909","http://purl.obolibrary.org/obo/IAO_0000136","taxa","","5191","https://vocab.audioblast.org/cv/referenceContent#AcousticBehaviour",""
"references","","50909","http://purl.obolibrary.org/obo/IAO_0000136","taxa","","5193","https://vocab.audioblast.org/cv/referenceContent#AcousticBehaviour",""
"references","","50909","http://purl.obolibrary.org/obo/IAO_0000136","taxa","","5195","https://vocab.audioblast.org/cv/referenceContent#AcousticBehaviour",""
"references","","50909","http://purl.obolibrary.org/obo/IAO_0000136","taxa","","5197","https://vocab.audioblast.org/cv/referenceContent#AcousticBehaviour",""
"references","","50909","http://purl.obolibrary.org/obo/IAO_0000136","taxa","","5198","https://vocab.audioblast.org/cv/referenceContent#AcousticBehaviour",""
"references","","50909","http://purl.obolibrary.org/obo/IAO_0000136","taxa","","5199","https://vocab.audioblast.org/cv/referenceContent#AcousticBehaviour",""
"references","","50909","http://purl.obolibrary.org/obo/IAO_0000136","taxa","","5201","https://vocab.audioblast.org/cv/referenceContent#AcousticBehaviour",""
"references","","50909","http://purl.obolibrary.org/obo/IAO_0000136","taxa","","5225","https://vocab.audioblast.org/cv/referenceContent#AcousticBehaviour",""
"references","","50909","http://purl.obolibrary.org/obo/IAO_0000136","taxa","","5226","https://vocab.audioblast.org/cv/referenceContent#AcousticBehaviour",""
"references","","50909","http://purl.obolibrary.org/obo/IAO_0000136","taxa","","5227","https://vocab.audioblast.org/cv/referenceContent#AcousticBehaviour",""
"references","","50909","http://purl.obolibrary.org/obo/IAO_0000136","taxa","","5228","https://vocab.audioblast.org/cv/referenceContent#AcousticBehaviour",""
"references","","50909","http://purl.obolibrary.org/obo/IAO_0000136","taxa","","5229","https://vocab.audioblast.org/cv/referenceContent#AcousticBehaviour",""
"references","","50909","http://purl.obolibrary.org/obo/IAO_0000136","taxa","","5230","https://vocab.audioblast.org/cv/referenceContent#AcousticBehaviour",""
"references","","50909","http://purl.obolibrary.org/obo/IAO_0000136","taxa","","5232","https://vocab.audioblast.org/cv/referenceContent#AcousticBehaviour",""
"references","","50909","http://purl.obolibrary.org/obo/IAO_0000136","taxa","","5234","https://vocab.audioblast.org/cv/referenceContent#AcousticBehaviour",""
"references","","50909","http://purl.obolibrary.org/obo/IAO_0000136","taxa","","5235","https://vocab.audioblast.org/cv/referenceContent#AcousticBehaviour",""
"references","","50909","http://purl.obolibrary.org/obo/IAO_0000136","taxa","","5237","https://vocab.audioblast.org/cv/referenceContent#AcousticBehaviour",""
"references","","50909","http://purl.obolibrary.org/obo/IAO_0000136","taxa","","5239","https://vocab.audioblast.org/cv/referenceContent#AcousticBehaviour",""
"references","","50909","http://purl.obolibrary.org/obo/IAO_0000136","taxa","","5241","https://vocab.audioblast.org/cv/referenceContent#AcousticBehaviour",""
"references","","50909","http://purl.obolibrary.org/obo/IAO_0000136","taxa","","5242","https://vocab.audioblast.org/cv/referenceContent#AcousticBehaviour",""
"references","","50909","http://purl.obolibrary.org/obo/IAO_0000136","taxa","","5244","https://vocab.audioblast.org/cv/referenceContent#AcousticBehaviour",""
"references","","50909","http://purl.obolibrary.org/obo/IAO_0000136","taxa","","5246","https://vocab.audioblast.org/cv/referenceContent#AcousticBehaviour",""
"references","","50909","http://purl.obolibrary.org/obo/IAO_0000136","taxa","","5247","https://vocab.audioblast.org/cv/referenceContent#AcousticBehaviour",""
"references","","50909","http://purl.obolibrary.org/obo/IAO_0000136","taxa","","5248","https://vocab.audioblast.org/cv/referenceContent#AcousticBehaviour",""
"references","","50909","http://purl.obolibrary.org/obo/IAO_0000136","taxa","","5250","https://vocab.audioblast.org/cv/referenceContent#AcousticBehaviour",""
"references","","50909","http://purl.obolibrary.org/obo/IAO_0000136","taxa","","5252","https://vocab.audioblast.org/cv/referenceContent#AcousticBehaviour",""
"references","","50909","http://purl.obolibrary.org/obo/IAO_0000136","taxa","","5253","https://vocab.audioblast.org/cv/referenceContent#AcousticBehaviour",""
"references","","50909","http://purl.obolibrary.org/obo/IAO_0000136","taxa","","5254","https://vocab.audioblast.org/cv/referenceContent#AcousticBehaviour",""
"references","","50909","http://purl.obolibrary.org/obo/IAO_0000136","taxa","","5256","https://vocab.audioblast.org/cv/referenceContent#AcousticBehaviour",""
"references","","50909","http://purl.obolibrary.org/obo/IAO_0000136","taxa","","5258","https://vocab.audioblast.org/cv/referenceContent#AcousticBehaviour",""
"references","","50909","http://purl.obolibrary.org/obo/IAO_0000136","taxa","","5260","https://vocab.audioblast.org/cv/referenceContent#AcousticBehaviour",""
"references","","50909","http://purl.obolibrary.org/obo/IAO_0000136","taxa","","5263","https://vocab.audioblast.org/cv/referenceContent#AcousticBehaviour",""
"references","","50909","http://purl.obolibrary.org/obo/IAO_0000136","taxa","","5264","https://vocab.audioblast.org/cv/referenceContent#AcousticBehaviour",""
"references","","50909","http://purl.obolibrary.org/obo/IAO_0000136","taxa","","5265","https://vocab.audioblast.org/cv/referenceContent#AcousticBehaviour",""
"references","","50909","http://purl.obolibrary.org/obo/IAO_0000136","taxa","","5266","https://vocab.audioblast.org/cv/referenceContent#AcousticBehaviour",""
"references","","50909","http://purl.obolibrary.org/obo/IAO_0000136","taxa","","5267","https://vocab.audioblast.org/cv/referenceContent#AcousticBehaviour",""
"references","","50909","http://purl.obolibrary.org/obo/IAO_0000136","taxa","","5268","https://vocab.audioblast.org/cv/referenceContent#AcousticBehaviour",""
"references","","50909","http://purl.obolibrary.org/obo/IAO_0000136","taxa","","5269","https://vocab.audioblast.org/cv/referenceContent#AcousticBehaviour",""
"references","","50909","http://purl.obolibrary.org/obo/IAO_0000136","taxa","","5270","https://vocab.audioblast.org/cv/referenceContent#AcousticBehaviour",""
"references","","50909","http://purl.obolibrary.org/obo/IAO_0000136","taxa","","5272","https://vocab.audioblast.org/cv/referenceContent#AcousticBehaviour",""
"references","","50909","http://purl.obolibrary.org/obo/IAO_0000136","taxa","","5273","https://vocab.audioblast.org/cv/referenceContent#AcousticBehaviour",""
"references","","50909","http://purl.obolibrary.org/obo/IAO_0000136","taxa","","600","https://vocab.audioblast.org/cv/referenceContent#AcousticBehaviour",""
"references","","50909","http://purl.obolibrary.org/obo/IAO_0000136","taxa","","606","https://vocab.audioblast.org/cv/referenceContent#AcousticBehaviour",""
"references","","50909","http://purl.obolibrary.org/obo/IAO_0000136","taxa","","759","https://vocab.audioblast.org/cv/referenceContent#AcousticBehaviour",""
"references","","50909","http://purl.obolibrary.org/obo/IAO_0000136","taxa","","764","https://vocab.audioblast.org/cv/referenceContent#AcousticBehaviour",""
"references","","50909","http://purl.obolibrary.org/obo/IAO_0000136","taxa","","771","https://vocab.audioblast.org/cv/referenceContent#AcousticBehaviour",""
"references","","50909","http://purl.obolibrary.org/obo/IAO_0000136","taxa","","84","https://vocab.audioblast.org/cv/referenceContent#AcousticBehaviour",""
"references","","50916","http://purl.obolibrary.org/obo/IAO_0000136","taxa","","5182","https://vocab.audioblast.org/cv/referenceContent#AcousticBehaviour",""
"references","","50916","http://purl.obolibrary.org/obo/IAO_0000136","taxa","","5183","https://vocab.audioblast.org/cv/referenceContent#AcousticBehaviour",""
"references","","50916","http://purl.obolibrary.org/obo/IAO_0000136","taxa","","5184","https://vocab.audioblast.org/cv/referenceContent#AcousticBehaviour",""
"references","","50916","http://purl.obolibrary.org/obo/IAO_0000136","taxa","","562","https://vocab.audioblast.org/cv/referenceContent#AcousticBehaviour",""
"references","","51241","http://purl.obolibrary.org/obo/IAO_0000136","taxa","","5354","https://vocab.audioblast.org/cv/referenceContent#AcousticBehaviour",""
"references","","51241","http://purl.obolibrary.org/obo/IAO_0000136","taxa","","5355","https://vocab.audioblast.org/cv/referenceContent#AcousticBehaviour",""
"references","","51241","http://purl.obolibrary.org/obo/IAO_0000136","taxa","","5356","https://vocab.audioblast.org/cv/referenceContent#AcousticBehaviour",""
"references","","51241","http://purl.obolibrary.org/obo/IAO_0000136","taxa","","5357","https://vocab.audioblast.org/cv/referenceContent#AcousticBehaviour",""
"references","","51242","http://purl.obolibrary.org/obo/IAO_0000136","term","","https://vocab.audioblast.org/cv/topic#AudioCollections","",""
"references","","51243","http://purl.obolibrary.org/obo/IAO_0000136","term","","https://vocab.audioblast.org/cv/topic#PassiveAcousticMonitoring","",""
"references","","51466","http://purl.obolibrary.org/obo/IAO_0000136","taxa","","35","https://vocab.audioblast.org/cv/referenceContent#AcousticBehaviour",""
"references","","51466","http://purl.obolibrary.org/obo/IAO_0000136","taxa","","5915","https://vocab.audioblast.org/cv/referenceContent#AcousticBehaviour",""
"references","","51466","http://purl.obolibrary.org/obo/IAO_0000136","taxa","","5916","https://vocab.audioblast.org/cv/referenceContent#AcousticBehaviour",""
"references","","51466","http://purl.obolibrary.org/obo/IAO_0000136","taxa","","5917","https://vocab.audioblast.org/cv/referenceContent#AcousticBehaviour",""
"references","","51466","http://purl.obolibrary.org/obo/IAO_0000136","taxa","","5918","https://vocab.audioblast.org/cv/referenceContent#AcousticBehaviour",""
"references","","51466","http://purl.obolibrary.org/obo/IAO_0000136","taxa","","5919","https://vocab.audioblast.org/cv/referenceContent#AcousticBehaviour",""
"references","","51466","http://purl.obolibrary.org/obo/IAO_0000136","taxa","","5920","https://vocab.audioblast.org/cv/referenceContent#AcousticBehaviour",""
"references","","51466","http://purl.obolibrary.org/obo/IAO_0000136","taxa","","5921","https://vocab.audioblast.org/cv/referenceContent#AcousticBehaviour",""
"references","","51466","http://purl.obolibrary.org/obo/IAO_0000136","taxa","","5922","https://vocab.audioblast.org/cv/referenceContent#AcousticBehaviour",""
"references","","51466","http://purl.obolibrary.org/obo/IAO_0000136","taxa","","5923","https://vocab.audioblast.org/cv/referenceContent#AcousticBehaviour",""
"references","","51466","http://purl.obolibrary.org/obo/IAO_0000136","taxa","","5924","https://vocab.audioblast.org/cv/referenceContent#AcousticBehaviour",""
"references","","51466","http://purl.obolibrary.org/obo/IAO_0000136","taxa","","5925","https://vocab.audioblast.org/cv/referenceContent#AcousticBehaviour",""
"references","","51466","http://purl.obolibrary.org/obo/IAO_0000136","taxa","","5926","https://vocab.audioblast.org/cv/referenceContent#AcousticBehaviour",""
"references","","51466","http://purl.obolibrary.org/obo/IAO_0000136","taxa","","5927","https://vocab.audioblast.org/cv/referenceContent#AcousticBehaviour",""
"references","","51466","http://purl.obolibrary.org/obo/IAO_0000136","taxa","","5928","https://vocab.audioblast.org/cv/referenceContent#AcousticBehaviour",""
"references","","51466","http://purl.obolibrary.org/obo/IAO_0000136","taxa","","5929","https://vocab.audioblast.org/cv/referenceContent#AcousticBehaviour",""
"references","","51467","http://purl.obolibrary.org/obo/IAO_0000136","taxa","","5456","https://vocab.audioblast.org/cv/referenceContent#AcousticBehaviour",""
"references","","51468","http://purl.obolibrary.org/obo/IAO_0000136","taxa","","5458","https://vocab.audioblast.org/cv/referenceContent#AcousticBehaviour",""
"references","","51469","http://purl.obolibrary.org/obo/IAO_0000136","taxa","","5459","https://vocab.audioblast.org/cv/referenceContent#AcousticBehaviour",""
"references","","51469","http://purl.obolibrary.org/obo/IAO_0000136","taxa","","56","https://vocab.audioblast.org/cv/referenceContent#AcousticBehaviour",""
"references","","51469","http://purl.obolibrary.org/obo/IAO_0000136","taxa","","574","https://vocab.audioblast.org/cv/referenceContent#AcousticBehaviour",""
"references","","51472","http://purl.obolibrary.org/obo/IAO_0000136","term","","https://vocab.audioblast.org/cv/topic#Soundscapes","",""
"references","","51473","http://purl.obolibrary.org/obo/IAO_0000136","taxa","","5462","https://vocab.audioblast.org/cv/referenceContent#AcousticBehaviour",""
"references","","51473","http://purl.obolibrary.org/obo/IAO_0000136","taxa","","738","https://vocab.audioblast.org/cv/referenceContent#AcousticBehaviour",""
"references","","51475","http://purl.obolibrary.org/obo/IAO_0000136","taxa","","5463","https://vocab.audioblast.org/cv/referenceContent#AcousticBehaviour",""
"references","","51479","http://purl.obolibrary.org/obo/IAO_0000136","taxa","","5464","https://vocab.audioblast.org/cv/referenceContent#AcousticBehaviour",""
"references","","51480","http://purl.obolibrary.org/obo/IAO_0000136","taxa","","5179","https://vocab.audioblast.org/cv/referenceContent#AcousticBehaviour",""
"references","","51484","http://purl.obolibrary.org/obo/IAO_0000136","taxa","","5131","https://vocab.audioblast.org/cv/referenceContent#AcousticBehaviour",""
"references","","51484","http://purl.obolibrary.org/obo/IAO_0000136","taxa","","5246","https://vocab.audioblast.org/cv/referenceContent#AcousticBehaviour",""
"references","","51484","http://purl.obolibrary.org/obo/IAO_0000136","taxa","","5247","https://vocab.audioblast.org/cv/referenceContent#AcousticBehaviour",""
"references","","51484","http://purl.obolibrary.org/obo/IAO_0000136","taxa","","5248","https://vocab.audioblast.org/cv/referenceContent#AcousticBehaviour",""
"references","","51484","http://purl.obolibrary.org/obo/IAO_0000136","taxa","","5466","https://vocab.audioblast.org/cv/referenceContent#AcousticBehaviour",""
"references","","51484","http://purl.obolibrary.org/obo/IAO_0000136","taxa","","5468","https://vocab.audioblast.org/cv/referenceContent#AcousticBehaviour",""
"references","","51484","http://purl.obolibrary.org/obo/IAO_0000136","taxa","","5470","https://vocab.audioblast.org/cv/referenceContent#AcousticBehaviour",""
"references","","51484","http://purl.obolibrary.org/obo/IAO_0000136","taxa","","5472","https://vocab.audioblast.org/cv/referenceContent#AcousticBehaviour",""
"references","","51484","http://purl.obolibrary.org/obo/IAO_0000136","taxa","","5474","https://vocab.audioblast.org/cv/referenceContent#AcousticBehaviour",""
"references","","51484","http://purl.obolibrary.org/obo/IAO_0000136","taxa","","5476","https://vocab.audioblast.org/cv/referenceContent#AcousticBehaviour",""
"references","","51484","http://purl.obolibrary.org/obo/IAO_0000136","taxa","","5478","https://vocab.audioblast.org/cv/referenceContent#AcousticBehaviour",""
"references","","51484","http://purl.obolibrary.org/obo/IAO_0000136","taxa","","778","https://vocab.audioblast.org/cv/referenceContent#AcousticBehaviour",""
"references","","51509","http://purl.obolibrary.org/obo/IAO_0000136","taxa","","4550","https://vocab.audioblast.org/cv/referenceContent#AcousticBehaviour",""
"references","","51509","http://purl.obolibrary.org/obo/IAO_0000136","taxa","","4552","https://vocab.audioblast.org/cv/referenceContent#AcousticBehaviour",""
"references","","51640","http://purl.obolibrary.org/obo/IAO_0000136","taxa","","5533","https://vocab.audioblast.org/cv/referenceContent#AcousticBehaviour",""
"references","","52245","http://purl.obolibrary.org/obo/IAO_0000136","taxa","","235","https://vocab.audioblast.org/cv/referenceContent#AcousticBehaviour",""
"references","","52245","http://purl.obolibrary.org/obo/IAO_0000136","taxa","","4761","https://vocab.audioblast.org/cv/referenceContent#AcousticBehaviour",""
"references","","52245","http://purl.obolibrary.org/obo/IAO_0000136","taxa","","5776","https://vocab.audioblast.org/cv/referenceContent#AcousticBehaviour",""
"references","","52245","http://purl.obolibrary.org/obo/IAO_0000136","taxa","","5777","https://vocab.audioblast.org/cv/referenceContent#AcousticBehaviour",""
"references","","52245","http://purl.obolibrary.org/obo/IAO_0000136","taxa","","803","https://vocab.audioblast.org/cv/referenceContent#AcousticBehaviour",""
"references","","52527","http://purl.obolibrary.org/obo/IAO_0000136","taxa","","4525","https://vocab.audioblast.org/cv/referenceContent#AcousticBehaviour",""
"references","","52528","http://purl.obolibrary.org/obo/IAO_0000136","taxa","","5930","https://vocab.audioblast.org/cv/referenceContent#AcousticBehaviour",""
"references","","52528","http://purl.obolibrary.org/obo/IAO_0000136","taxa","","5931","https://vocab.audioblast.org/cv/referenceContent#AcousticBehaviour",""
"references","","52555","http://purl.obolibrary.org/obo/IAO_0000136","taxa","","5936","https://vocab.audioblast.org/cv/referenceContent#AcousticBehaviour",""
"references","","52556","http://purl.obolibrary.org/obo/IAO_0000136","taxa","","5938","https://vocab.audioblast.org/cv/referenceContent#AcousticBehaviour",""
"references","","52558","http://purl.obolibrary.org/obo/IAO_0000136","taxa","","309","https://vocab.audioblast.org/cv/referenceContent#AcousticBehaviour",""
"references","","52558","http://purl.obolibrary.org/obo/IAO_0000136","taxa","","315","https://vocab.audioblast.org/cv/referenceContent#AcousticBehaviour",""
"references","","52558","http://purl.obolibrary.org/obo/IAO_0000136","taxa","","92","https://vocab.audioblast.org/cv/referenceContent#AcousticBehaviour",""
"references","","52562","http://purl.obolibrary.org/obo/IAO_0000136","taxa","","738","https://vocab.audioblast.org/cv/referenceContent#AcousticBehaviour",""
"references","","52563","http://purl.obolibrary.org/obo/IAO_0000136","taxa","","5939","https://vocab.audioblast.org/cv/referenceContent#AcousticBehaviour",""
"references","","52563","http://purl.obolibrary.org/obo/IAO_0000136","taxa","","5940","https://vocab.audioblast.org/cv/referenceContent#AcousticBehaviour",""
"references","","52563","http://purl.obolibrary.org/obo/IAO_0000136","taxa","","5942","https://vocab.audioblast.org/cv/referenceContent#AcousticBehaviour",""
"references","","52564","http://purl.obolibrary.org/obo/IAO_0000136","taxa","","5944","https://vocab.audioblast.org/cv/referenceContent#AcousticBehaviour",""
"references","","52564","http://purl.obolibrary.org/obo/IAO_0000136","taxa","","5945","https://vocab.audioblast.org/cv/referenceContent#AcousticBehaviour",""
"references","","52565","http://purl.obolibrary.org/obo/IAO_0000136","taxa","","5947","https://vocab.audioblast.org/cv/referenceContent#AcousticBehaviour",""
"references","","52566","http://purl.obolibrary.org/obo/IAO_0000136","taxa","","5950","https://vocab.audioblast.org/cv/referenceContent#AcousticBehaviour",""
"references","","52567","http://purl.obolibrary.org/obo/IAO_0000136","taxa","","5954","https://vocab.audioblast.org/cv/referenceContent#AcousticBehaviour",""
"references","","52568","http://purl.obolibrary.org/obo/IAO_0000136","taxa","","5956","https://vocab.audioblast.org/cv/referenceContent#AcousticBehaviour",""
"references","","52569","http://purl.obolibrary.org/obo/IAO_0000136","taxa","","5959","https://vocab.audioblast.org/cv/referenceContent#AcousticBehaviour",""
"references","","52570","http://purl.obolibrary.org/obo/IAO_0000136","taxa","","5962","https://vocab.audioblast.org/cv/referenceContent#AcousticBehaviour",""
"references","","52571","http://purl.obolibrary.org/obo/IAO_0000136","taxa","","5965","https://vocab.audioblast.org/cv/referenceContent#AcousticBehaviour",""
"references","","52571","http://purl.obolibrary.org/obo/IAO_0000136","taxa","","5967","https://vocab.audioblast.org/cv/referenceContent#AcousticBehaviour",""
"references","","52572","http://purl.obolibrary.org/obo/IAO_0000136","taxa","","5969","https://vocab.audioblast.org/cv/referenceContent#AcousticBehaviour",""
"references","","52573","http://purl.obolibrary.org/obo/IAO_0000136","taxa","","5971","https://vocab.audioblast.org/cv/referenceContent#AcousticBehaviour",""
"references","","52574","http://purl.obolibrary.org/obo/IAO_0000136","taxa","","582","https://vocab.audioblast.org/cv/referenceContent#AcousticBehaviour",""
"references","","52575","http://purl.obolibrary.org/obo/IAO_0000136","taxa","","5973","https://vocab.audioblast.org/cv/referenceContent#AcousticBehaviour",""
"references","","52576","http://purl.obolibrary.org/obo/IAO_0000136","taxa","","5977","https://vocab.audioblast.org/cv/referenceContent#AcousticBehaviour",""
"references","","52577","http://purl.obolibrary.org/obo/IAO_0000136","taxa","","738","https://vocab.audioblast.org/cv/referenceContent#AcousticBehaviour",""
"references","","52577","http://purl.obolibrary.org/obo/IAO_0000136","term","","https://vocab.audioblast.org/cv/topic#Methods","",""
"references","","52578","http://purl.obolibrary.org/obo/IAO_0000136","taxa","","5980","https://vocab.audioblast.org/cv/referenceContent#AcousticBehaviour",""
"references","","52579","http://purl.obolibrary.org/obo/IAO_0000136","taxa","","5981","https://vocab.audioblast.org/cv/referenceContent#AcousticBehaviour",""
"references","","52580","http://purl.obolibrary.org/obo/IAO_0000136","taxa","","5982","https://vocab.audioblast.org/cv/referenceContent#AcousticBehaviour",""
"references","","52580","http://purl.obolibrary.org/obo/IAO_0000136","taxa","","5983","https://vocab.audioblast.org/cv/referenceContent#AcousticBehaviour",""
"references","","52581","http://purl.obolibrary.org/obo/IAO_0000136","taxa","","574","https://vocab.audioblast.org/cv/referenceContent#AcousticBehaviour",""
"references","","52581","http://purl.obolibrary.org/obo/IAO_0000136","taxa","","5985","https://vocab.audioblast.org/cv/referenceContent#AcousticBehaviour",""
"references","","52581","http://purl.obolibrary.org/obo/IAO_0000136","taxa","","5986","https://vocab.audioblast.org/cv/referenceContent#AcousticBehaviour",""
"references","","52594","http://purl.obolibrary.org/obo/IAO_0000136","term","","https://vocab.audioblast.org/cv/topic#Soundscapes","",""
"references","","52595","http://purl.obolibrary.org/obo/IAO_0000136","term","","https://vocab.audioblast.org/cv/topic#Soundscapes","",""
"references","","52596","http://purl.obolibrary.org/obo/IAO_0000136","taxa","","5988","https://vocab.audioblast.org/cv/referenceContent#AcousticBehaviour",""
"references","","52597","http://purl.obolibrary.org/obo/IAO_0000136","taxa","","4999","https://vocab.audioblast.org/cv/referenceContent#AcousticBehaviour",""
"references","","52597","http://purl.obolibrary.org/obo/IAO_0000136","taxa","","5936","https://vocab.audioblast.org/cv/referenceContent#AcousticBehaviour",""
"references","","52597","http://purl.obolibrary.org/obo/IAO_0000136","taxa","","5939","https://vocab.audioblast.org/cv/referenceContent#AcousticBehaviour",""
"references","","52597","http://purl.obolibrary.org/obo/IAO_0000136","taxa","","5991","https://vocab.audioblast.org/cv/referenceContent#AcousticBehaviour",""
"references","","52597","http://purl.obolibrary.org/obo/IAO_0000136","taxa","","5993","https://vocab.audioblast.org/cv/referenceContent#AcousticBehaviour",""
"references","","52597","http://purl.obolibrary.org/obo/IAO_0000136","taxa","","5995","https://vocab.audioblast.org/cv/referenceContent#AcousticBehaviour",""
"references","","52597","http://purl.obolibrary.org/obo/IAO_0000136","taxa","","5997","https://vocab.audioblast.org/cv/referenceContent#AcousticBehaviour",""
"references","","52597","http://purl.obolibrary.org/obo/IAO_0000136","taxa","","5999","https://vocab.audioblast.org/cv/referenceContent#AcousticBehaviour",""
"references","","52597","http://purl.obolibrary.org/obo/IAO_0000136","taxa","","6001","https://vocab.audioblast.org/cv/referenceContent#AcousticBehaviour",""
"references","","52597","http://purl.obolibrary.org/obo/IAO_0000136","taxa","","6003","https://vocab.audioblast.org/cv/referenceContent#AcousticBehaviour",""
"references","","52597","http://purl.obolibrary.org/obo/IAO_0000136","taxa","","6007","https://vocab.audioblast.org/cv/referenceContent#AcousticBehaviour",""
"references","","52597","http://purl.obolibrary.org/obo/IAO_0000136","taxa","","6009","https://vocab.audioblast.org/cv/referenceContent#AcousticBehaviour",""
"references","","52597","http://purl.obolibrary.org/obo/IAO_0000136","taxa","","6011","https://vocab.audioblast.org/cv/referenceContent#AcousticBehaviour",""
"references","","52597","http://purl.obolibrary.org/obo/IAO_0000136","taxa","","6013","https://vocab.audioblast.org/cv/referenceContent#AcousticBehaviour",""
"references","","52597","http://purl.obolibrary.org/obo/IAO_0000136","taxa","","6015","https://vocab.audioblast.org/cv/referenceContent#AcousticBehaviour",""
"references","","52597","http://purl.obolibrary.org/obo/IAO_0000136","taxa","","6016","https://vocab.audioblast.org/cv/referenceContent#AcousticBehaviour",""
"references","","52597","http://purl.obolibrary.org/obo/IAO_0000136","taxa","","6018","https://vocab.audioblast.org/cv/referenceContent#AcousticBehaviour",""
"references","","52597","http://purl.obolibrary.org/obo/IAO_0000136","taxa","","6019","https://vocab.audioblast.org/cv/referenceContent#AcousticBehaviour",""
"references","","52598","http://purl.obolibrary.org/obo/IAO_0000136","taxa","","6021","https://vocab.audioblast.org/cv/referenceContent#AcousticBehaviour",""
"references","","52600","http://purl.obolibrary.org/obo/IAO_0000136","taxa","","6022","https://vocab.audioblast.org/cv/referenceContent#AcousticBehaviour",""
"references","","52601","http://purl.obolibrary.org/obo/IAO_0000136","taxa","","6025","https://vocab.audioblast.org/cv/referenceContent#AcousticBehaviour",""
"references","","52601","http://purl.obolibrary.org/obo/IAO_0000136","taxa","","6029","https://vocab.audioblast.org/cv/referenceContent#AcousticBehaviour",""
"references","","52601","http://purl.obolibrary.org/obo/IAO_0000136","taxa","","6031","https://vocab.audioblast.org/cv/referenceContent#AcousticBehaviour",""
"references","","52601","http://purl.obolibrary.org/obo/IAO_0000136","taxa","","6033","https://vocab.audioblast.org/cv/referenceContent#AcousticBehaviour",""
"references","","52601","http://purl.obolibrary.org/obo/IAO_0000136","taxa","","6035","https://vocab.audioblast.org/cv/referenceContent#AcousticBehaviour",""
"references","","52601","http://purl.obolibrary.org/obo/IAO_0000136","taxa","","6038","https://vocab.audioblast.org/cv/referenceContent#AcousticBehaviour",""
"references","","52601","http://purl.obolibrary.org/obo/IAO_0000136","taxa","","6041","https://vocab.audioblast.org/cv/referenceContent#AcousticBehaviour",""
"references","","52602","http://purl.obolibrary.org/obo/IAO_0000136","taxa","","264","https://vocab.audioblast.org/cv/referenceContent#AcousticBehaviour",""
"references","","52602","http://purl.obolibrary.org/obo/IAO_0000136","taxa","","6041","https://vocab.audioblast.org/cv/referenceContent#AcousticBehaviour",""
"references","","52603","http://purl.obolibrary.org/obo/IAO_0000136","taxa","","6040","https://vocab.audioblast.org/cv/referenceContent#AcousticBehaviour",""
"references","","52603","http://purl.obolibrary.org/obo/IAO_0000136","taxa","","6041","https://vocab.audioblast.org/cv/referenceContent#AcousticBehaviour",""
"references","","52603","http://purl.obolibrary.org/obo/IAO_0000136","taxa","","6042","https://vocab.audioblast.org/cv/referenceContent#AcousticBehaviour",""
"references","","52604","http://purl.obolibrary.org/obo/IAO_0000136","taxa","","192","https://vocab.audioblast.org/cv/referenceContent#AcousticBehaviour",""
"references","","52605","http://purl.obolibrary.org/obo/IAO_0000136","taxa","","6044","https://vocab.audioblast.org/cv/referenceContent#AcousticBehaviour",""
"references","","52605","http://purl.obolibrary.org/obo/IAO_0000136","taxa","","6046","https://vocab.audioblast.org/cv/referenceContent#AcousticBehaviour",""
"references","","52605","http://purl.obolibrary.org/obo/IAO_0000136","taxa","","6048","https://vocab.audioblast.org/cv/referenceContent#AcousticBehaviour",""
"references","","52605","http://purl.obolibrary.org/obo/IAO_0000136","taxa","","6050","https://vocab.audioblast.org/cv/referenceContent#AcousticBehaviour",""
"references","","52605","http://purl.obolibrary.org/obo/IAO_0000136","taxa","","6052","https://vocab.audioblast.org/cv/referenceContent#AcousticBehaviour",""
"references","","52605","http://purl.obolibrary.org/obo/IAO_0000136","taxa","","6054","https://vocab.audioblast.org/cv/referenceContent#AcousticBehaviour",""
"references","","52605","http://purl.obolibrary.org/obo/IAO_0000136","taxa","","6056","https://vocab.audioblast.org/cv/referenceContent#AcousticBehaviour",""
"references","","52605","http://purl.obolibrary.org/obo/IAO_0000136","taxa","","6058","https://vocab.audioblast.org/cv/referenceContent#AcousticBehaviour",""
"references","","52605","http://purl.obolibrary.org/obo/IAO_0000136","taxa","","6060","https://vocab.audioblast.org/cv/referenceContent#AcousticBehaviour",""
"references","","52605","http://purl.obolibrary.org/obo/IAO_0000136","taxa","","6061","https://vocab.audioblast.org/cv/referenceContent#AcousticBehaviour",""
"references","","52605","http://purl.obolibrary.org/obo/IAO_0000136","taxa","","6063","https://vocab.audioblast.org/cv/referenceContent#AcousticBehaviour",""
"references","","52605","http://purl.obolibrary.org/obo/IAO_0000136","taxa","","6064","https://vocab.audioblast.org/cv/referenceContent#AcousticBehaviour",""
"references","","52605","http://purl.obolibrary.org/obo/IAO_0000136","taxa","","6065","https://vocab.audioblast.org/cv/referenceContent#AcousticBehaviour",""
"references","","52605","http://purl.obolibrary.org/obo/IAO_0000136","taxa","","6066","https://vocab.audioblast.org/cv/referenceContent#AcousticBehaviour",""
"references","","52605","http://purl.obolibrary.org/obo/IAO_0000136","taxa","","6067","https://vocab.audioblast.org/cv/referenceContent#AcousticBehaviour",""
"references","","52605","http://purl.obolibrary.org/obo/IAO_0000136","taxa","","6069","https://vocab.audioblast.org/cv/referenceContent#AcousticBehaviour",""
"references","","52605","http://purl.obolibrary.org/obo/IAO_0000136","taxa","","6070","https://vocab.audioblast.org/cv/referenceContent#AcousticBehaviour",""
"references","","52605","http://purl.obolibrary.org/obo/IAO_0000136","taxa","","6071","https://vocab.audioblast.org/cv/referenceContent#AcousticBehaviour",""
"references","","52605","http://purl.obolibrary.org/obo/IAO_0000136","taxa","","6072","https://vocab.audioblast.org/cv/referenceContent#AcousticBehaviour",""
"references","","52605","http://purl.obolibrary.org/obo/IAO_0000136","taxa","","6074","https://vocab.audioblast.org/cv/referenceContent#AcousticBehaviour",""
"references","","52605","http://purl.obolibrary.org/obo/IAO_0000136","taxa","","6075","https://vocab.audioblast.org/cv/referenceContent#AcousticBehaviour",""
"references","","52605","http://purl.obolibrary.org/obo/IAO_0000136","taxa","","6077","https://vocab.audioblast.org/cv/referenceContent#AcousticBehaviour",""
"references","","52605","http://purl.obolibrary.org/obo/IAO_0000136","taxa","","6078","https://vocab.audioblast.org/cv/referenceContent#AcousticBehaviour",""
"references","","52605","http://purl.obolibrary.org/obo/IAO_0000136","taxa","","6080","https://vocab.audioblast.org/cv/referenceContent#AcousticBehaviour",""
"references","","52605","http://purl.obolibrary.org/obo/IAO_0000136","taxa","","6081","https://vocab.audioblast.org/cv/referenceContent#AcousticBehaviour",""
"references","","52606","http://purl.obolibrary.org/obo/IAO_0000136","taxa","","529","https://vocab.audioblast.org/cv/referenceContent#AcousticBehaviour",""
"references","","52608","http://purl.obolibrary.org/obo/IAO_0000136","taxa","","6082","https://vocab.audioblast.org/cv/referenceContent#AcousticBehaviour",""
"references","","52611","http://purl.obolibrary.org/obo/IAO_0000136","taxa","","6088","https://vocab.audioblast.org/cv/referenceContent#AcousticBehaviour",""
"references","","52611","http://purl.obolibrary.org/obo/IAO_0000136","taxa","","6089","https://vocab.audioblast.org/cv/referenceContent#AcousticBehaviour",""
"references","","52611","http://purl.obolibrary.org/obo/IAO_0000136","taxa","","6091","https://vocab.audioblast.org/cv/referenceContent#AcousticBehaviour",""
"references","","52611","http://purl.obolibrary.org/obo/IAO_0000136","taxa","","6092","https://vocab.audioblast.org/cv/referenceContent#AcousticBehaviour",""
"references","","52612","http://purl.obolibrary.org/obo/IAO_0000136","taxa","","738","https://vocab.audioblast.org/cv/referenceContent#AcousticBehaviour",""
"references","","52613","http://purl.obolibrary.org/obo/IAO_0000136","taxa","","1357","https://vocab.audioblast.org/cv/referenceContent#AcousticBehaviour",""
"references","","52613","http://purl.obolibrary.org/obo/IAO_0000136","taxa","","590","https://vocab.audioblast.org/cv/referenceContent#AcousticBehaviour",""
"references","","52657","http://purl.obolibrary.org/obo/IAO_0000136","taxa","","6100","https://vocab.audioblast.org/cv/referenceContent#AcousticBehaviour",""
"references","","52670","http://purl.obolibrary.org/obo/IAO_0000136","taxa","","1357","https://vocab.audioblast.org/cv/referenceContent#AcousticBehaviour",""
"references","","52670","http://purl.obolibrary.org/obo/IAO_0000136","term","","https://vocab.audioblast.org/cv/topic#Methods","",""
"references","","52672","http://purl.obolibrary.org/obo/IAO_0000136","taxa","","6102","https://vocab.audioblast.org/cv/referenceContent#AcousticBehaviour",""
"references","","52674","http://purl.obolibrary.org/obo/IAO_0000136","term","","https://vocab.audioblast.org/cv/topic#RainfallDetection","",""
"references","","52675","http://purl.obolibrary.org/obo/IAO_0000136","term","","https://vocab.audioblast.org/cv/topic#NoiseRemoval","",""
"references","","52676","http://purl.obolibrary.org/obo/IAO_0000136","term","","https://vocab.audioblast.org/cv/topic#NoiseRemoval","",""
"references","","52678","http://purl.obolibrary.org/obo/IAO_0000136","taxa","","6107","https://vocab.audioblast.org/cv/referenceContent#AcousticBehaviour",""
"references","","52679","http://purl.obolibrary.org/obo/IAO_0000136","term","","https://vocab.audioblast.org/cv/topic#Ecoacoustics","",""
"references","","52679","http://purl.obolibrary.org/obo/IAO_0000136","term","","https://vocab.audioblast.org/cv/topic#Soundscapes","",""
"references","","52680","http://purl.obolibrary.org/obo/IAO_0000136","taxa","","606","https://vocab.audioblast.org/cv/referenceContent#AcousticBehaviour",""
"references","","52683","http://purl.obolibrary.org/obo/IAO_0000136","taxa","","5185","https://vocab.audioblast.org/cv/referenceContent#AcousticBehaviour",""
"references","","52683","http://purl.obolibrary.org/obo/IAO_0000136","taxa","","5187","https://vocab.audioblast.org/cv/referenceContent#AcousticBehaviour",""
"references","","52683","http://purl.obolibrary.org/obo/IAO_0000136","taxa","","5198","https://vocab.audioblast.org/cv/referenceContent#AcousticBehaviour",""
"references","","52683","http://purl.obolibrary.org/obo/IAO_0000136","taxa","","5204","https://vocab.audioblast.org/cv/referenceContent#AcousticBehaviour",""
"references","","52683","http://purl.obolibrary.org/obo/IAO_0000136","taxa","","5206","https://vocab.audioblast.org/cv/referenceContent#AcousticBehaviour",""
"references","","52683","http://purl.obolibrary.org/obo/IAO_0000136","taxa","","5219","https://vocab.audioblast.org/cv/referenceContent#AcousticBehaviour",""
"references","","52683","http://purl.obolibrary.org/obo/IAO_0000136","taxa","","5232","https://vocab.audioblast.org/cv/referenceContent#AcousticBehaviour",""
"references","","52683","http://purl.obolibrary.org/obo/IAO_0000136","taxa","","5250","https://vocab.audioblast.org/cv/referenceContent#AcousticBehaviour",""
"references","","52683","http://purl.obolibrary.org/obo/IAO_0000136","taxa","","5252","https://vocab.audioblast.org/cv/referenceContent#AcousticBehaviour",""
"references","","52683","http://purl.obolibrary.org/obo/IAO_0000136","taxa","","5254","https://vocab.audioblast.org/cv/referenceContent#AcousticBehaviour",""
"references","","52683","http://purl.obolibrary.org/obo/IAO_0000136","taxa","","5256","https://vocab.audioblast.org/cv/referenceContent#AcousticBehaviour",""
"references","","52683","http://purl.obolibrary.org/obo/IAO_0000136","taxa","","5258","https://vocab.audioblast.org/cv/referenceContent#AcousticBehaviour",""
"references","","52683","http://purl.obolibrary.org/obo/IAO_0000136","taxa","","6109","https://vocab.audioblast.org/cv/referenceContent#AcousticBehaviour",""
"references","","52683","http://purl.obolibrary.org/obo/IAO_0000136","taxa","","6110","https://vocab.audioblast.org/cv/referenceContent#AcousticBehaviour",""
"references","","52724","http://purl.obolibrary.org/obo/IAO_0000136","taxa","","764","https://vocab.audioblast.org/cv/referenceContent#AcousticBehaviour",""
"references","","52726","http://purl.obolibrary.org/obo/IAO_0000136","taxa","","6114","https://vocab.audioblast.org/cv/referenceContent#AcousticBehaviour",""
"references","","52731","http://purl.obolibrary.org/obo/IAO_0000136","taxa","","5475","https://vocab.audioblast.org/cv/referenceContent#AcousticBehaviour",""
"references","","52731","http://purl.obolibrary.org/obo/IAO_0000136","taxa","","5476","https://vocab.audioblast.org/cv/referenceContent#AcousticBehaviour",""
"references","","52731","http://purl.obolibrary.org/obo/IAO_0000136","taxa","","560","https://vocab.audioblast.org/cv/referenceContent#AcousticBehaviour",""
"references","","52731","http://purl.obolibrary.org/obo/IAO_0000136","taxa","","574","https://vocab.audioblast.org/cv/referenceContent#AcousticBehaviour",""
"references","","52731","http://purl.obolibrary.org/obo/IAO_0000136","taxa","","6115","https://vocab.audioblast.org/cv/referenceContent#AcousticBehaviour",""
"references","","52732","http://purl.obolibrary.org/obo/IAO_0000136","taxa","","615","https://vocab.audioblast.org/cv/referenceContent#AcousticBehaviour",""
"references","","52733","http://purl.obolibrary.org/obo/IAO_0000136","taxa","","594","https://vocab.audioblast.org/cv/referenceContent#AcousticBehaviour",""
"references","","52734","http://purl.obolibrary.org/obo/IAO_0000136","taxa","","6117","https://vocab.audioblast.org/cv/referenceContent#AcousticBehaviour",""
"references","","52734","http://purl.obolibrary.org/obo/IAO_0000136","taxa","","6118","https://vocab.audioblast.org/cv/referenceContent#AcousticBehaviour",""
"references","","52734","http://purl.obolibrary.org/obo/IAO_0000136","taxa","","6119","https://vocab.audioblast.org/cv/referenceContent#AcousticBehaviour",""
"references","","52734","http://purl.obolibrary.org/obo/IAO_0000136","taxa","","6120","https://vocab.audioblast.org/cv/referenceContent#AcousticBehaviour",""
"references","","52736","http://purl.obolibrary.org/obo/IAO_0000136","taxa","","594","https://vocab.audioblast.org/cv/referenceContent#AcousticBehaviour",""
"references","","52737","http://purl.obolibrary.org/obo/IAO_0000136","taxa","","594","https://vocab.audioblast.org/cv/referenceContent#AcousticBehaviour",""
"references","","52743","http://purl.obolibrary.org/obo/IAO_0000136","taxa","","2654","https://vocab.audioblast.org/cv/referenceContent#AcousticBehaviour",""
"references","","52743","http://purl.obolibrary.org/obo/IAO_0000136","taxa","","2656","https://vocab.audioblast.org/cv/referenceContent#AcousticBehaviour",""
"references","","52744","http://purl.obolibrary.org/obo/IAO_0000136","taxa","","2656","https://vocab.audioblast.org/cv/referenceContent#AcousticBehaviour",""
"references","","52745","http://purl.obolibrary.org/obo/IAO_0000136","taxa","","2656","https://vocab.audioblast.org/cv/referenceContent#AcousticBehaviour",""
"references","","52746","http://purl.obolibrary.org/obo/IAO_0000136","taxa","","6128","https://vocab.audioblast.org/cv/referenceContent#AcousticBehaviour",""
"references","","52746","http://purl.obolibrary.org/obo/IAO_0000136","taxa","","6129","https://vocab.audioblast.org/cv/referenceContent#AcousticBehaviour",""
"references","","52747","http://purl.obolibrary.org/obo/IAO_0000136","taxa","","3918","https://vocab.audioblast.org/cv/referenceContent#AcousticBehaviour",""
"references","","52747","http://purl.obolibrary.org/obo/IAO_0000136","taxa","","559","https://vocab.audioblast.org/cv/referenceContent#AcousticBehaviour",""
"references","","52747","http://purl.obolibrary.org/obo/IAO_0000136","taxa","","56","https://vocab.audioblast.org/cv/referenceContent#AcousticBehaviour",""
"references","","52747","http://purl.obolibrary.org/obo/IAO_0000136","taxa","","6131","https://vocab.audioblast.org/cv/referenceContent#AcousticBehaviour",""
"references","","52747","http://purl.obolibrary.org/obo/IAO_0000136","taxa","","6133","https://vocab.audioblast.org/cv/referenceContent#AcousticBehaviour",""
"references","","52748","http://purl.obolibrary.org/obo/IAO_0000136","term","","https://vocab.audioblast.org/cv/topic#Soundscapes","",""
"references","","52749","http://purl.obolibrary.org/obo/IAO_0000136","term","","https://vocab.audioblast.org/cv/topic#Soundscapes","",""
"references","","52750","http://purl.obolibrary.org/obo/IAO_0000136","taxa","","56","https://vocab.audioblast.org/cv/referenceContent#AcousticBehaviour",""
"references","","52750","http://purl.obolibrary.org/obo/IAO_0000136","taxa","","6135","https://vocab.audioblast.org/cv/referenceContent#AcousticBehaviour",""
"references","","52753","http://purl.obolibrary.org/obo/IAO_0000136","taxa","","2505","https://vocab.audioblast.org/cv/referenceContent#AcousticBehaviour",""
"references","","52753","http://purl.obolibrary.org/obo/IAO_0000136","taxa","","315","https://vocab.audioblast.org/cv/referenceContent#AcousticBehaviour",""
"references","","52754","http://purl.obolibrary.org/obo/IAO_0000136","taxa","","4878","https://vocab.audioblast.org/cv/referenceContent#AcousticBehaviour",""
"references","","52754","http://purl.obolibrary.org/obo/IAO_0000136","taxa","","6138","https://vocab.audioblast.org/cv/referenceContent#AcousticBehaviour",""
"references","","52755","http://purl.obolibrary.org/obo/IAO_0000136","taxa","","4878","https://vocab.audioblast.org/cv/referenceContent#AcousticBehaviour",""
"references","","52756","http://purl.obolibrary.org/obo/IAO_0000136","taxa","","4878","https://vocab.audioblast.org/cv/referenceContent#AcousticBehaviour",""
"references","","52757","http://purl.obolibrary.org/obo/IAO_0000136","taxa","","315","https://vocab.audioblast.org/cv/referenceContent#AcousticBehaviour",""
"references","","52757","http://purl.obolibrary.org/obo/IAO_0000136","taxa","","4841","https://vocab.audioblast.org/cv/referenceContent#AcousticBehaviour",""
"references","","52757","http://purl.obolibrary.org/obo/IAO_0000136","term","","https://vocab.audioblast.org/cv/topic#Dipteran","",""
"references","","52757","http://purl.obolibrary.org/obo/IAO_0000136","term","","https://vocab.audioblast.org/cv/topic#HostBehaviour","",""
"references","","52757","http://purl.obolibrary.org/obo/IAO_0000136","term","","https://vocab.audioblast.org/cv/topic#Orthopteran","",""
"references","","52757","http://purl.obolibrary.org/obo/IAO_0000136","term","","https://vocab.audioblast.org/cv/topic#Parasitoid","",""
"references","","52757","http://purl.obolibrary.org/obo/IAO_0000136","term","","https://vocab.audioblast.org/cv/topic#Reproduction","",""
"references","","52758","http://purl.obolibrary.org/obo/IAO_0000136","taxa","","4841","https://vocab.audioblast.org/cv/referenceContent#AcousticBehaviour",""
"references","","52758","http://purl.obolibrary.org/obo/IAO_0000136","taxa","","6144","https://vocab.audioblast.org/cv/referenceContent#AcousticBehaviour",""
"references","","52759","http://purl.obolibrary.org/obo/IAO_0000136","taxa","","6138","https://vocab.audioblast.org/cv/referenceContent#AcousticBehaviour",""
"references","","52765","http://purl.obolibrary.org/obo/IAO_0000136","taxa","","2103","https://vocab.audioblast.org/cv/referenceContent#AcousticBehaviour",""
"references","","52768","http://purl.obolibrary.org/obo/IAO_0000136","taxa","","4567","https://vocab.audioblast.org/cv/referenceContent#AcousticBehaviour",""
"references","","52768","http://purl.obolibrary.org/obo/IAO_0000136","taxa","","56","https://vocab.audioblast.org/cv/referenceContent#AcousticBehaviour",""
"references","","52768","http://purl.obolibrary.org/obo/IAO_0000136","taxa","","6147","https://vocab.audioblast.org/cv/referenceContent#AcousticBehaviour",""
"references","","52782","http://purl.obolibrary.org/obo/IAO_0000136","taxa","","6127","https://vocab.audioblast.org/cv/referenceContent#AcousticBehaviour",""
"references","","52782","http://purl.obolibrary.org/obo/IAO_0000136","taxa","","6150","https://vocab.audioblast.org/cv/referenceContent#AcousticBehaviour",""
"references","","52782","http://purl.obolibrary.org/obo/IAO_0000136","taxa","","6151","https://vocab.audioblast.org/cv/referenceContent#AcousticBehaviour",""
"references","","52782","http://purl.obolibrary.org/obo/IAO_0000136","taxa","","6152","https://vocab.audioblast.org/cv/referenceContent#AcousticBehaviour",""
"references","","52787","http://purl.obolibrary.org/obo/IAO_0000136","taxa","","5626","https://vocab.audioblast.org/cv/referenceContent#AcousticBehaviour",""
"references","","52790","http://purl.obolibrary.org/obo/IAO_0000136","taxa","","6155","https://vocab.audioblast.org/cv/referenceContent#AcousticBehaviour",""
"references","","52790","http://purl.obolibrary.org/obo/IAO_0000136","term","","https://vocab.audioblast.org/cv/topic#KraussOrgan","",""
"references","","52791","http://purl.obolibrary.org/obo/IAO_0000136","taxa","","1249","https://vocab.audioblast.org/cv/referenceContent#AcousticBehaviour",""
"references","","52791","http://purl.obolibrary.org/obo/IAO_0000136","term","","https://vocab.audioblast.org/cv/topic#SongEvolution","",""
"references","","52812","http://purl.obolibrary.org/obo/IAO_0000136","taxa","","2605","https://vocab.audioblast.org/cv/referenceContent#AcousticBehaviour",""
"references","","52834","http://purl.obolibrary.org/obo/IAO_0000136","taxa","","6160","https://vocab.audioblast.org/cv/referenceContent#AcousticBehaviour",""
"references","","52834","http://purl.obolibrary.org/obo/IAO_0000136","taxa","","6162","https://vocab.audioblast.org/cv/referenceContent#AcousticBehaviour",""
"references","","52835","http://purl.obolibrary.org/obo/IAO_0000136","taxa","","238","https://vocab.audioblast.org/cv/referenceContent#AcousticBehaviour",""
"references","","52835","http://purl.obolibrary.org/obo/IAO_0000136","taxa","","243","https://vocab.audioblast.org/cv/referenceContent#AcousticBehaviour",""
"references","","52835","http://purl.obolibrary.org/obo/IAO_0000136","taxa","","485","https://vocab.audioblast.org/cv/referenceContent#AcousticBehaviour",""
"references","","52835","http://purl.obolibrary.org/obo/IAO_0000136","taxa","","531","https://vocab.audioblast.org/cv/referenceContent#AcousticBehaviour",""
"references","","52835","http://purl.obolibrary.org/obo/IAO_0000136","taxa","","5451","https://vocab.audioblast.org/cv/referenceContent#AcousticBehaviour",""
"references","","52835","http://purl.obolibrary.org/obo/IAO_0000136","taxa","","5453","https://vocab.audioblast.org/cv/referenceContent#AcousticBehaviour",""
"references","","52835","http://purl.obolibrary.org/obo/IAO_0000136","taxa","","552","https://vocab.audioblast.org/cv/referenceContent#AcousticBehaviour",""
"references","","52835","http://purl.obolibrary.org/obo/IAO_0000136","taxa","","6163","https://vocab.audioblast.org/cv/referenceContent#AcousticBehaviour",""
"references","","52843","http://purl.obolibrary.org/obo/IAO_0000136","taxa","","6164","https://vocab.audioblast.org/cv/referenceContent#AcousticBehaviour",""
"references","","52855","http://purl.obolibrary.org/obo/IAO_0000136","term","","https://vocab.audioblast.org/cv/topic#Soundscapes","",""
"references","","52857","http://purl.obolibrary.org/obo/IAO_0000136","taxa","","6180","https://vocab.audioblast.org/cv/referenceContent#AcousticBehaviour",""
"references","","52858","http://purl.obolibrary.org/obo/IAO_0000136","taxa","","1796","https://vocab.audioblast.org/cv/referenceContent#AcousticBehaviour",""
"references","","52859","http://purl.obolibrary.org/obo/IAO_0000136","taxa","","6181","https://vocab.audioblast.org/cv/referenceContent#AcousticBehaviour",""
"references","","52881","http://purl.obolibrary.org/obo/IAO_0000136","term","","https://vocab.audioblast.org/cv/topic#Soundscapes","",""
"references","","52882","http://purl.obolibrary.org/obo/IAO_0000136","taxa","","5969","https://vocab.audioblast.org/cv/referenceContent#AcousticBehaviour",""
"references","","52947","http://purl.obolibrary.org/obo/IAO_0000136","taxa","","1186","https://vocab.audioblast.org/cv/referenceContent#AcousticBehaviour",""
"references","","52947","http://purl.obolibrary.org/obo/IAO_0000136","taxa","","4481","https://vocab.audioblast.org/cv/referenceContent#AcousticBehaviour",""
"references","","52947","http://purl.obolibrary.org/obo/IAO_0000136","taxa","","6189","https://vocab.audioblast.org/cv/referenceContent#AcousticBehaviour",""
"references","","53007","http://purl.obolibrary.org/obo/IAO_0000136","taxa","","1724","https://vocab.audioblast.org/cv/referenceContent#AcousticBehaviour",""
"references","","53023","http://purl.obolibrary.org/obo/IAO_0000136","taxa","","6193","https://vocab.audioblast.org/cv/referenceContent#AcousticBehaviour",""
"references","","53023","http://purl.obolibrary.org/obo/IAO_0000136","taxa","","6195","https://vocab.audioblast.org/cv/referenceContent#AcousticBehaviour",""
"references","","53024","http://purl.obolibrary.org/obo/IAO_0000136","taxa","","6198","https://vocab.audioblast.org/cv/referenceContent#AcousticBehaviour",""
"references","","53025","http://purl.obolibrary.org/obo/IAO_0000136","term","","https://vocab.audioblast.org/cv/topic#MarineSoundscapes","",""
"references","","53026","http://purl.obolibrary.org/obo/IAO_0000136","taxa","","6203","https://vocab.audioblast.org/cv/referenceContent#AcousticBehaviour",""
"references","","53027","http://purl.obolibrary.org/obo/IAO_0000136","taxa","","1724","https://vocab.audioblast.org/cv/referenceContent#AcousticBehaviour",""
"references","","53028","http://purl.obolibrary.org/obo/IAO_0000136","taxa","","1724","https://vocab.audioblast.org/cv/referenceContent#AcousticBehaviour",""
"references","","53029","http://purl.obolibrary.org/obo/IAO_0000136","taxa","","6205","https://vocab.audioblast.org/cv/referenceContent#AcousticBehaviour",""
"references","","53030","http://purl.obolibrary.org/obo/IAO_0000136","taxa","","1724","https://vocab.audioblast.org/cv/referenceContent#AcousticBehaviour",""
"references","","53056","http://purl.obolibrary.org/obo/IAO_0000136","taxa","","6544","https://vocab.audioblast.org/cv/referenceContent#StridulatoryFileSEMImage",""
"references","","53057","http://purl.obolibrary.org/obo/IAO_0000136","term","","https://vocab.audioblast.org/cv/topic#Methods","",""
"references","","53063","http://purl.obolibrary.org/obo/IAO_0000136","taxa","","6245","https://vocab.audioblast.org/cv/referenceContent#AcousticBehaviour",""
"references","","53064","http://purl.obolibrary.org/obo/IAO_0000136","taxa","","1722","https://vocab.audioblast.org/cv/referenceContent#AcousticBehaviour",""
"references","","53065","http://purl.obolibrary.org/obo/IAO_0000136","taxa","","56","https://vocab.audioblast.org/cv/referenceContent#AcousticBehaviour",""
"references","","53065","http://purl.obolibrary.org/obo/IAO_0000136","taxa","","738","https://vocab.audioblast.org/cv/referenceContent#AcousticBehaviour",""
"references","","53065","http://purl.obolibrary.org/obo/IAO_0000136","term","","https://vocab.audioblast.org/cv/topic#Soundscapes","",""
"references","","53066","http://purl.obolibrary.org/obo/IAO_0000136","taxa","","6248","https://vocab.audioblast.org/cv/referenceContent#AcousticBehaviour",""
"references","","53067","http://purl.obolibrary.org/obo/IAO_0000136","taxa","","143","https://vocab.audioblast.org/cv/referenceContent#AcousticBehaviour",""
"references","","53068","http://purl.obolibrary.org/obo/IAO_0000136","taxa","","1648","https://vocab.audioblast.org/cv/referenceContent#AcousticBehaviour",""
"references","","53068","http://purl.obolibrary.org/obo/IAO_0000136","taxa","","6250","https://vocab.audioblast.org/cv/referenceContent#AcousticBehaviour",""
"references","","53069","http://purl.obolibrary.org/obo/IAO_0000136","taxa","","6251","https://vocab.audioblast.org/cv/referenceContent#AcousticBehaviour",""
"references","","53071","http://purl.obolibrary.org/obo/IAO_0000136","taxa","","4925","https://vocab.audioblast.org/cv/referenceContent#AcousticBehaviour",""
"references","","53088","http://purl.obolibrary.org/obo/IAO_0000136","taxa","","1437","https://vocab.audioblast.org/cv/referenceContent#AcousticBehaviour",""
"references","","53089","http://purl.obolibrary.org/obo/IAO_0000136","taxa","","6259","https://vocab.audioblast.org/cv/referenceContent#AcousticBehaviour",""
"references","","53090","http://purl.obolibrary.org/obo/IAO_0000136","taxa","","6262","https://vocab.audioblast.org/cv/referenceContent#AcousticBehaviour",""
"references","","53090","http://purl.obolibrary.org/obo/IAO_0000136","taxa","","6263","https://vocab.audioblast.org/cv/referenceContent#AcousticBehaviour",""
"references","","53092","http://purl.obolibrary.org/obo/IAO_0000136","taxa","","235","https://vocab.audioblast.org/cv/referenceContent#AcousticBehaviour",""
"references","","53092","http://purl.obolibrary.org/obo/IAO_0000136","taxa","","6265","https://vocab.audioblast.org/cv/referenceContent#AcousticBehaviour",""
"references","","53094","http://purl.obolibrary.org/obo/IAO_0000136","taxa","","5699","https://vocab.audioblast.org/cv/referenceContent#AcousticBehaviour",""
"references","","53094","http://purl.obolibrary.org/obo/IAO_0000136","taxa","","5706","https://vocab.audioblast.org/cv/referenceContent#AcousticBehaviour",""
"references","","53094","http://purl.obolibrary.org/obo/IAO_0000136","taxa","","5712","https://vocab.audioblast.org/cv/referenceContent#AcousticBehaviour",""
"references","","53094","http://purl.obolibrary.org/obo/IAO_0000136","taxa","","6266","https://vocab.audioblast.org/cv/referenceContent#AcousticBehaviour",""
"references","","53094","http://purl.obolibrary.org/obo/IAO_0000136","taxa","","6267","https://vocab.audioblast.org/cv/referenceContent#AcousticBehaviour",""
"references","","53094","http://purl.obolibrary.org/obo/IAO_0000136","taxa","","6268","https://vocab.audioblast.org/cv/referenceContent#AcousticBehaviour",""
"references","","53094","http://purl.obolibrary.org/obo/IAO_0000136","taxa","","6269","https://vocab.audioblast.org/cv/referenceContent#AcousticBehaviour",""
"references","","53094","http://purl.obolibrary.org/obo/IAO_0000136","taxa","","6270","https://vocab.audioblast.org/cv/referenceContent#AcousticBehaviour",""
"references","","53094","http://purl.obolibrary.org/obo/IAO_0000136","taxa","","6271","https://vocab.audioblast.org/cv/referenceContent#AcousticBehaviour",""
"references","","53096","http://purl.obolibrary.org/obo/IAO_0000136","taxa","","327","https://vocab.audioblast.org/cv/referenceContent#AcousticBehaviour",""
"references","","53096","http://purl.obolibrary.org/obo/IAO_0000136","taxa","","562","https://vocab.audioblast.org/cv/referenceContent#AcousticBehaviour",""
"references","","53096","http://purl.obolibrary.org/obo/IAO_0000136","taxa","","57","https://vocab.audioblast.org/cv/referenceContent#AcousticBehaviour",""
"references","","53096","http://purl.obolibrary.org/obo/IAO_0000136","taxa","","574","https://vocab.audioblast.org/cv/referenceContent#AcousticBehaviour",""
"references","","53096","http://purl.obolibrary.org/obo/IAO_0000136","taxa","","6275","https://vocab.audioblast.org/cv/referenceContent#AcousticBehaviour",""
"references","","53101","http://purl.obolibrary.org/obo/IAO_0000136","taxa","","6278","https://vocab.audioblast.org/cv/referenceContent#AcousticBehaviour",""
"references","","53102","http://purl.obolibrary.org/obo/IAO_0000136","taxa","","6278","https://vocab.audioblast.org/cv/referenceContent#AcousticBehaviour",""
"references","","53103","http://purl.obolibrary.org/obo/IAO_0000136","taxa","","6279","https://vocab.audioblast.org/cv/referenceContent#AcousticBehaviour",""
"references","","53107","http://purl.obolibrary.org/obo/IAO_0000136","taxa","","6281","https://vocab.audioblast.org/cv/referenceContent#AcousticBehaviour",""
"references","","53107","http://purl.obolibrary.org/obo/IAO_0000136","taxa","","6282","https://vocab.audioblast.org/cv/referenceContent#AcousticBehaviour",""
"references","","53107","http://purl.obolibrary.org/obo/IAO_0000136","taxa","","6283","https://vocab.audioblast.org/cv/referenceContent#AcousticBehaviour",""
"references","","53107","http://purl.obolibrary.org/obo/IAO_0000136","taxa","","6284","https://vocab.audioblast.org/cv/referenceContent#AcousticBehaviour",""
"references","","53107","http://purl.obolibrary.org/obo/IAO_0000136","taxa","","6285","https://vocab.audioblast.org/cv/referenceContent#AcousticBehaviour",""
"references","","53107","http://purl.obolibrary.org/obo/IAO_0000136","taxa","","6286","https://vocab.audioblast.org/cv/referenceContent#AcousticBehaviour",""
"references","","53107","http://purl.obolibrary.org/obo/IAO_0000136","taxa","","6287","https://vocab.audioblast.org/cv/referenceContent#AcousticBehaviour",""
"references","","53107","http://purl.obolibrary.org/obo/IAO_0000136","taxa","","6288","https://vocab.audioblast.org/cv/referenceContent#AcousticBehaviour",""
"references","","53107","http://purl.obolibrary.org/obo/IAO_0000136","taxa","","6289","https://vocab.audioblast.org/cv/referenceContent#AcousticBehaviour",""
"references","","53108","http://purl.obolibrary.org/obo/IAO_0000136","taxa","","6290","https://vocab.audioblast.org/cv/referenceContent#AcousticBehaviour",""
"references","","53109","http://purl.obolibrary.org/obo/IAO_0000136","taxa","","6285","https://vocab.audioblast.org/cv/referenceContent#AcousticBehaviour",""
"references","","53109","http://purl.obolibrary.org/obo/IAO_0000136","taxa","","6291","https://vocab.audioblast.org/cv/referenceContent#AcousticBehaviour",""
"references","","53109","http://purl.obolibrary.org/obo/IAO_0000136","taxa","","6292","https://vocab.audioblast.org/cv/referenceContent#AcousticBehaviour",""
"references","","53110","http://purl.obolibrary.org/obo/IAO_0000136","taxa","","6289","https://vocab.audioblast.org/cv/referenceContent#AcousticBehaviour",""
"references","","53114","http://purl.obolibrary.org/obo/IAO_0000136","taxa","","4991","https://vocab.audioblast.org/cv/referenceContent#AcousticBehaviour",""
"references","","53115","http://purl.obolibrary.org/obo/IAO_0000136","taxa","","4991","https://vocab.audioblast.org/cv/referenceContent#AcousticBehaviour",""
"references","","53116","http://purl.obolibrary.org/obo/IAO_0000136","taxa","","6293","https://vocab.audioblast.org/cv/referenceContent#AcousticBehaviour",""
"references","","53116","http://purl.obolibrary.org/obo/IAO_0000136","taxa","","6295","https://vocab.audioblast.org/cv/referenceContent#AcousticBehaviour",""
"references","","53116","http://purl.obolibrary.org/obo/IAO_0000136","taxa","","6297","https://vocab.audioblast.org/cv/referenceContent#AcousticBehaviour",""
"references","","53116","http://purl.obolibrary.org/obo/IAO_0000136","taxa","","6299","https://vocab.audioblast.org/cv/referenceContent#AcousticBehaviour",""
"references","","53116","http://purl.obolibrary.org/obo/IAO_0000136","taxa","","6301","https://vocab.audioblast.org/cv/referenceContent#AcousticBehaviour",""
"references","","53117","http://purl.obolibrary.org/obo/IAO_0000136","taxa","","6084","https://vocab.audioblast.org/cv/referenceContent#AcousticBehaviour",""
"references","","53118","http://purl.obolibrary.org/obo/IAO_0000136","taxa","","315","https://vocab.audioblast.org/cv/referenceContent#AcousticBehaviour",""
"references","","53118","http://purl.obolibrary.org/obo/IAO_0000136","term","","https://vocab.audioblast.org/cv/topic#AnthropogenicNoise","",""
"references","","53123","http://purl.obolibrary.org/obo/IAO_0000136","taxa","","2523","https://vocab.audioblast.org/cv/referenceContent#AcousticBehaviour",""
"references","","53124","http://purl.obolibrary.org/obo/IAO_0000136","taxa","","2523","https://vocab.audioblast.org/cv/referenceContent#AcousticBehaviour",""
"references","","53128","http://purl.obolibrary.org/obo/IAO_0000136","taxa","","1796","https://vocab.audioblast.org/cv/referenceContent#AcousticBehaviour",""
"references","","53128","http://purl.obolibrary.org/obo/IAO_0000136","taxa","","6309","https://vocab.audioblast.org/cv/referenceContent#AcousticBehaviour",""
"references","","53128","http://purl.obolibrary.org/obo/IAO_0000136","taxa","","6310","https://vocab.audioblast.org/cv/referenceContent#AcousticBehaviour",""
"references","","53131","http://purl.obolibrary.org/obo/IAO_0000136","taxa","","4841","https://vocab.audioblast.org/cv/referenceContent#AcousticBehaviour",""
"references","","53132","http://purl.obolibrary.org/obo/IAO_0000136","taxa","","1845","https://vocab.audioblast.org/cv/referenceContent#AcousticBehaviour",""
"references","","53132","http://purl.obolibrary.org/obo/IAO_0000136","taxa","","4077","https://vocab.audioblast.org/cv/referenceContent#AcousticBehaviour",""
"references","","53132","http://purl.obolibrary.org/obo/IAO_0000136","taxa","","5611","https://vocab.audioblast.org/cv/referenceContent#AcousticBehaviour",""
"references","","53133","http://purl.obolibrary.org/obo/IAO_0000136","taxa","","489","https://vocab.audioblast.org/cv/referenceContent#AcousticBehaviour",""
"references","","53134","http://purl.obolibrary.org/obo/IAO_0000136","taxa","","489","https://vocab.audioblast.org/cv/referenceContent#AcousticBehaviour",""
"references","","53135","http://purl.obolibrary.org/obo/IAO_0000136","taxa","","489","https://vocab.audioblast.org/cv/referenceContent#AcousticBehaviour",""
"references","","53136","http://purl.obolibrary.org/obo/IAO_0000136","taxa","","192","https://vocab.audioblast.org/cv/referenceContent#AcousticBehaviour",""
"references","","53136","http://purl.obolibrary.org/obo/IAO_0000136","taxa","","2505","https://vocab.audioblast.org/cv/referenceContent#AcousticBehaviour",""
"references","","53136","http://purl.obolibrary.org/obo/IAO_0000136","taxa","","3532","https://vocab.audioblast.org/cv/referenceContent#AcousticBehaviour",""
"references","","53136","http://purl.obolibrary.org/obo/IAO_0000136","taxa","","6311","https://vocab.audioblast.org/cv/referenceContent#AcousticBehaviour",""
"references","","53136","http://purl.obolibrary.org/obo/IAO_0000136","taxa","","6312","https://vocab.audioblast.org/cv/referenceContent#AcousticBehaviour",""
"references","","53136","http://purl.obolibrary.org/obo/IAO_0000136","taxa","","6313","https://vocab.audioblast.org/cv/referenceContent#AcousticBehaviour",""
"references","","53136","http://purl.obolibrary.org/obo/IAO_0000136","taxa","","6314","https://vocab.audioblast.org/cv/referenceContent#AcousticBehaviour",""
"references","","53136","http://purl.obolibrary.org/obo/IAO_0000136","taxa","","92","https://vocab.audioblast.org/cv/referenceContent#AcousticBehaviour",""
"references","","53137","http://purl.obolibrary.org/obo/IAO_0000136","taxa","","216","https://vocab.audioblast.org/cv/referenceContent#AcousticBehaviour",""
"references","","53138","http://purl.obolibrary.org/obo/IAO_0000136","taxa","","6317","https://vocab.audioblast.org/cv/referenceContent#AcousticBehaviour",""
"references","","53138","http://purl.obolibrary.org/obo/IAO_0000136","taxa","","6318","https://vocab.audioblast.org/cv/referenceContent#AcousticBehaviour",""
"references","","53139","http://purl.obolibrary.org/obo/IAO_0000136","taxa","","6317","https://vocab.audioblast.org/cv/referenceContent#AcousticBehaviour",""
"references","","53140","http://purl.obolibrary.org/obo/IAO_0000136","term","","https://vocab.audioblast.org/cv/topic#SongEvolution","",""
"references","","53141","http://purl.obolibrary.org/obo/IAO_0000136","taxa","","4077","https://vocab.audioblast.org/cv/referenceContent#AcousticBehaviour",""
"references","","53142","http://purl.obolibrary.org/obo/IAO_0000136","taxa","","1805","https://vocab.audioblast.org/cv/referenceContent#AcousticBehaviour",""
"references","","53142","http://purl.obolibrary.org/obo/IAO_0000136","taxa","","1815","https://vocab.audioblast.org/cv/referenceContent#AcousticBehaviour",""
"references","","53142","http://purl.obolibrary.org/obo/IAO_0000136","taxa","","1835","https://vocab.audioblast.org/cv/referenceContent#AcousticBehaviour",""
"references","","53142","http://purl.obolibrary.org/obo/IAO_0000136","taxa","","246","https://vocab.audioblast.org/cv/referenceContent#AcousticBehaviour",""
"references","","53142","http://purl.obolibrary.org/obo/IAO_0000136","taxa","","247","https://vocab.audioblast.org/cv/referenceContent#AcousticBehaviour",""
"references","","53142","http://purl.obolibrary.org/obo/IAO_0000136","taxa","","2490","https://vocab.audioblast.org/cv/referenceContent#AcousticBehaviour",""
"references","","53142","http://purl.obolibrary.org/obo/IAO_0000136","taxa","","2505","https://vocab.audioblast.org/cv/referenceContent#AcousticBehaviour",""
"references","","53142","http://purl.obolibrary.org/obo/IAO_0000136","taxa","","2521","https://vocab.audioblast.org/cv/referenceContent#AcousticBehaviour",""
"references","","53142","http://purl.obolibrary.org/obo/IAO_0000136","taxa","","309","https://vocab.audioblast.org/cv/referenceContent#AcousticBehaviour",""
"references","","53142","http://purl.obolibrary.org/obo/IAO_0000136","taxa","","4858","https://vocab.audioblast.org/cv/referenceContent#AcousticBehaviour",""
"references","","53142","http://purl.obolibrary.org/obo/IAO_0000136","taxa","","489","https://vocab.audioblast.org/cv/referenceContent#AcousticBehaviour",""
"references","","53142","http://purl.obolibrary.org/obo/IAO_0000136","taxa","","5596","https://vocab.audioblast.org/cv/referenceContent#AcousticBehaviour",""
"references","","53142","http://purl.obolibrary.org/obo/IAO_0000136","taxa","","6319","https://vocab.audioblast.org/cv/referenceContent#AcousticBehaviour",""
"references","","53142","http://purl.obolibrary.org/obo/IAO_0000136","taxa","","6320","https://vocab.audioblast.org/cv/referenceContent#AcousticBehaviour",""
"references","","53142","http://purl.obolibrary.org/obo/IAO_0000136","taxa","","6321","https://vocab.audioblast.org/cv/referenceContent#AcousticBehaviour",""
"references","","53143","http://purl.obolibrary.org/obo/IAO_0000136","taxa","","216","https://vocab.audioblast.org/cv/referenceContent#AcousticBehaviour",""
"references","","53144","http://purl.obolibrary.org/obo/IAO_0000136","taxa","","6324","https://vocab.audioblast.org/cv/referenceContent#AcousticBehaviour",""
"references","","53145","http://purl.obolibrary.org/obo/IAO_0000136","taxa","","5981","https://vocab.audioblast.org/cv/referenceContent#AcousticBehaviour",""
"references","","53145","http://purl.obolibrary.org/obo/IAO_0000136","taxa","","6325","https://vocab.audioblast.org/cv/referenceContent#AcousticBehaviour",""
"references","","53146","http://purl.obolibrary.org/obo/IAO_0000136","taxa","","315","https://vocab.audioblast.org/cv/referenceContent#AcousticBehaviour",""
"references","","53147","http://purl.obolibrary.org/obo/IAO_0000136","taxa","","2404","https://vocab.audioblast.org/cv/referenceContent#AcousticBehaviour",""
"references","","53148","http://purl.obolibrary.org/obo/IAO_0000136","taxa","","143","https://vocab.audioblast.org/cv/referenceContent#AcousticBehaviour",""
"references","","53149","http://purl.obolibrary.org/obo/IAO_0000136","taxa","","2299","https://vocab.audioblast.org/cv/referenceContent#AcousticBehaviour",""
"references","","53150","http://purl.obolibrary.org/obo/IAO_0000136","taxa","","4841","https://vocab.audioblast.org/cv/referenceContent#AcousticBehaviour",""
"references","","53151","http://purl.obolibrary.org/obo/IAO_0000136","taxa","","4991","https://vocab.audioblast.org/cv/referenceContent#AcousticBehaviour",""
"references","","53152","http://purl.obolibrary.org/obo/IAO_0000136","taxa","","143","https://vocab.audioblast.org/cv/referenceContent#AcousticBehaviour",""
"references","","53153","http://purl.obolibrary.org/obo/IAO_0000136","taxa","","5056","https://vocab.audioblast.org/cv/referenceContent#AcousticBehaviour",""
"references","","53154","http://purl.obolibrary.org/obo/IAO_0000136","taxa","","239","https://vocab.audioblast.org/cv/referenceContent#AcousticBehaviour",""
"references","","53154","http://purl.obolibrary.org/obo/IAO_0000136","taxa","","374","https://vocab.audioblast.org/cv/referenceContent#AcousticBehaviour",""
"references","","53155","http://purl.obolibrary.org/obo/IAO_0000136","taxa","","143","https://vocab.audioblast.org/cv/referenceContent#AcousticBehaviour",""
"references","","53156","http://purl.obolibrary.org/obo/IAO_0000136","taxa","","741","https://vocab.audioblast.org/cv/referenceContent#AcousticBehaviour",""
"references","","53227","http://purl.obolibrary.org/obo/IAO_0000136","taxa","","6329","https://vocab.audioblast.org/cv/referenceContent#AcousticBehaviour",""
"references","","53228","http://purl.obolibrary.org/obo/IAO_0000136","term","","https://vocab.audioblast.org/cv/topic#Methods","",""
"references","","53228","http://purl.obolibrary.org/obo/IAO_0000136","term","","https://vocab.audioblast.org/cv/topic#Soundscapes","",""
"references","","53229","http://purl.obolibrary.org/obo/IAO_0000136","taxa","","6331","https://vocab.audioblast.org/cv/referenceContent#AcousticBehaviour",""
"references","","53230","http://purl.obolibrary.org/obo/IAO_0000136","taxa","","6333","https://vocab.audioblast.org/cv/referenceContent#AcousticBehaviour",""
"references","","53231","http://purl.obolibrary.org/obo/IAO_0000136","taxa","","6335","https://vocab.audioblast.org/cv/referenceContent#AcousticBehaviour",""
"references","","53232","http://purl.obolibrary.org/obo/IAO_0000136","term","","https://vocab.audioblast.org/cv/topic#Methods","",""
"references","","53233","http://purl.obolibrary.org/obo/IAO_0000136","taxa","","248","https://vocab.audioblast.org/cv/referenceContent#AcousticBehaviour",""
"references","","53240","http://purl.obolibrary.org/obo/IAO_0000136","taxa","","4518","https://vocab.audioblast.org/cv/referenceContent#AcousticBehaviour",""
"references","","53241","http://purl.obolibrary.org/obo/IAO_0000136","taxa","","1431","https://vocab.audioblast.org/cv/referenceContent#AcousticBehaviour",""
"references","","53241","http://purl.obolibrary.org/obo/IAO_0000136","taxa","","6339","https://vocab.audioblast.org/cv/referenceContent#AcousticBehaviour",""
"references","","53241","http://purl.obolibrary.org/obo/IAO_0000136","term","","https://vocab.audioblast.org/cv/topic#Methods","",""
"references","","53242","http://purl.obolibrary.org/obo/IAO_0000136","taxa","","6341","https://vocab.audioblast.org/cv/referenceContent#AcousticBehaviour",""
"references","","53242","http://purl.obolibrary.org/obo/IAO_0000136","taxa","","6342","https://vocab.audioblast.org/cv/referenceContent#AcousticBehaviour",""
"references","","53242","http://purl.obolibrary.org/obo/IAO_0000136","taxa","","6343","https://vocab.audioblast.org/cv/referenceContent#AcousticBehaviour",""
"references","","53242","http://purl.obolibrary.org/obo/IAO_0000136","taxa","","6344","https://vocab.audioblast.org/cv/referenceContent#AcousticBehaviour",""
"references","","53242","http://purl.obolibrary.org/obo/IAO_0000136","taxa","","6345","https://vocab.audioblast.org/cv/referenceContent#AcousticBehaviour",""
"references","","53242","http://purl.obolibrary.org/obo/IAO_0000136","taxa","","6346","https://vocab.audioblast.org/cv/referenceContent#AcousticBehaviour",""
"references","","53242","http://purl.obolibrary.org/obo/IAO_0000136","taxa","","6347","https://vocab.audioblast.org/cv/referenceContent#AcousticBehaviour",""
"references","","53242","http://purl.obolibrary.org/obo/IAO_0000136","taxa","","6348","https://vocab.audioblast.org/cv/referenceContent#AcousticBehaviour",""
"references","","53242","http://purl.obolibrary.org/obo/IAO_0000136","taxa","","6349","https://vocab.audioblast.org/cv/referenceContent#AcousticBehaviour",""
"references","","53242","http://purl.obolibrary.org/obo/IAO_0000136","taxa","","6350","https://vocab.audioblast.org/cv/referenceContent#AcousticBehaviour",""
"references","","53242","http://purl.obolibrary.org/obo/IAO_0000136","taxa","","6351","https://vocab.audioblast.org/cv/referenceContent#AcousticBehaviour",""
"references","","53242","http://purl.obolibrary.org/obo/IAO_0000136","taxa","","6352","https://vocab.audioblast.org/cv/referenceContent#AcousticBehaviour",""
"references","","53242","http://purl.obolibrary.org/obo/IAO_0000136","taxa","","6483","https://vocab.audioblast.org/cv/referenceContent#AcousticBehaviour",""
"references","","53243","http://purl.obolibrary.org/obo/IAO_0000136","taxa","","4994","https://vocab.audioblast.org/cv/referenceContent#AcousticBehaviour",""
"references","","53244","http://purl.obolibrary.org/obo/IAO_0000136","taxa","","6353","https://vocab.audioblast.org/cv/referenceContent#AcousticBehaviour",""
"references","","53245","http://purl.obolibrary.org/obo/IAO_0000136","taxa","","6354","https://vocab.audioblast.org/cv/referenceContent#AcousticBehaviour",""
"references","","53246","http://purl.obolibrary.org/obo/IAO_0000136","taxa","","6356","https://vocab.audioblast.org/cv/referenceContent#AcousticBehaviour",""
"references","","53246","http://purl.obolibrary.org/obo/IAO_0000136","taxa","","6357","https://vocab.audioblast.org/cv/referenceContent#AcousticBehaviour",""
"references","","53246","http://purl.obolibrary.org/obo/IAO_0000136","taxa","","6358","https://vocab.audioblast.org/cv/referenceContent#AcousticBehaviour",""
"references","","53246","http://purl.obolibrary.org/obo/IAO_0000136","taxa","","6359","https://vocab.audioblast.org/cv/referenceContent#AcousticBehaviour",""
"references","","53246","http://purl.obolibrary.org/obo/IAO_0000136","taxa","","6360","https://vocab.audioblast.org/cv/referenceContent#AcousticBehaviour",""
"references","","53247","http://purl.obolibrary.org/obo/IAO_0000136","taxa","","315","https://vocab.audioblast.org/cv/referenceContent#AcousticBehaviour",""
"references","","53248","http://purl.obolibrary.org/obo/IAO_0000136","taxa","","235","https://vocab.audioblast.org/cv/referenceContent#AcousticBehaviour",""
"references","","53248","http://purl.obolibrary.org/obo/IAO_0000136","taxa","","6362","https://vocab.audioblast.org/cv/referenceContent#AcousticBehaviour",""
"references","","53248","http://purl.obolibrary.org/obo/IAO_0000136","taxa","","6363","https://vocab.audioblast.org/cv/referenceContent#AcousticBehaviour",""
"references","","53248","http://purl.obolibrary.org/obo/IAO_0000136","taxa","","6364","https://vocab.audioblast.org/cv/referenceContent#AcousticBehaviour",""
"references","","53248","http://purl.obolibrary.org/obo/IAO_0000136","taxa","","6365","https://vocab.audioblast.org/cv/referenceContent#AcousticBehaviour",""
"references","","53248","http://purl.obolibrary.org/obo/IAO_0000136","taxa","","803","https://vocab.audioblast.org/cv/referenceContent#AcousticBehaviour",""
"references","","53248","http://purl.obolibrary.org/obo/IAO_0000136","taxa","","816","https://vocab.audioblast.org/cv/referenceContent#AcousticBehaviour",""
"references","","53249","http://purl.obolibrary.org/obo/IAO_0000136","taxa","","4960","https://vocab.audioblast.org/cv/referenceContent#AcousticBehaviour",""
"references","","53249","http://purl.obolibrary.org/obo/IAO_0000136","taxa","","6369","https://vocab.audioblast.org/cv/referenceContent#AcousticBehaviour",""
"references","","53253","http://purl.obolibrary.org/obo/IAO_0000136","taxa","","6373","https://vocab.audioblast.org/cv/referenceContent#AcousticBehaviour",""
"references","","53253","http://purl.obolibrary.org/obo/IAO_0000136","taxa","","786","https://vocab.audioblast.org/cv/referenceContent#AcousticBehaviour",""
"references","","53254","http://purl.obolibrary.org/obo/IAO_0000136","taxa","","1792","https://vocab.audioblast.org/cv/referenceContent#AcousticBehaviour",""
"references","","53255","http://purl.obolibrary.org/obo/IAO_0000136","term","","https://vocab.audioblast.org/cv/topic#Methods","",""
"references","","53256","http://purl.obolibrary.org/obo/IAO_0000136","taxa","","6374","https://vocab.audioblast.org/cv/referenceContent#AcousticBehaviour",""
"references","","53257","http://purl.obolibrary.org/obo/IAO_0000136","term","","https://vocab.audioblast.org/cv/topic#Soundscapes","",""
"references","","53258","http://purl.obolibrary.org/obo/IAO_0000136","taxa","","4963","https://vocab.audioblast.org/cv/referenceContent#AcousticBehaviour",""
"references","","53259","http://purl.obolibrary.org/obo/IAO_0000136","taxa","","5977","https://vocab.audioblast.org/cv/referenceContent#AcousticBehaviour",""
"references","","53260","http://purl.obolibrary.org/obo/IAO_0000136","taxa","","1724","https://vocab.audioblast.org/cv/referenceContent#AcousticBehaviour",""
"references","","53261","http://purl.obolibrary.org/obo/IAO_0000136","taxa","","6376","https://vocab.audioblast.org/cv/referenceContent#AcousticBehaviour",""
"references","","53262","http://purl.obolibrary.org/obo/IAO_0000136","taxa","","6379","https://vocab.audioblast.org/cv/referenceContent#AcousticBehaviour",""
"references","","53265","http://purl.obolibrary.org/obo/IAO_0000136","taxa","","6387","https://vocab.audioblast.org/cv/referenceContent#AcousticBehaviour",""
"references","","53266","http://purl.obolibrary.org/obo/IAO_0000136","taxa","","6391","https://vocab.audioblast.org/cv/referenceContent#AcousticBehaviour",""
"references","","53267","http://purl.obolibrary.org/obo/IAO_0000136","taxa","","6198","https://vocab.audioblast.org/cv/referenceContent#AcousticBehaviour",""
"references","","53268","http://purl.obolibrary.org/obo/IAO_0000136","taxa","","1725","https://vocab.audioblast.org/cv/referenceContent#AcousticBehaviour",""
"references","","53269","http://purl.obolibrary.org/obo/IAO_0000136","taxa","","1719","https://vocab.audioblast.org/cv/referenceContent#AcousticBehaviour",""
"references","","53270","http://purl.obolibrary.org/obo/IAO_0000136","term","","https://vocab.audioblast.org/cv/topic#MarineSoundscapes","",""
"references","","53271","http://purl.obolibrary.org/obo/IAO_0000136","taxa","","1724","https://vocab.audioblast.org/cv/referenceContent#AcousticBehaviour",""
"references","","53272","http://purl.obolibrary.org/obo/IAO_0000136","taxa","","5947","https://vocab.audioblast.org/cv/referenceContent#AcousticBehaviour",""
"references","","53273","http://purl.obolibrary.org/obo/IAO_0000136","taxa","","6395","https://vocab.audioblast.org/cv/referenceContent#AcousticBehaviour",""
"references","","53273","http://purl.obolibrary.org/obo/IAO_0000136","taxa","","6397","https://vocab.audioblast.org/cv/referenceContent#AcousticBehaviour",""
"references","","53273","http://purl.obolibrary.org/obo/IAO_0000136","taxa","","6401","https://vocab.audioblast.org/cv/referenceContent#AcousticBehaviour",""
"references","","53274","http://purl.obolibrary.org/obo/IAO_0000136","taxa","","738","https://vocab.audioblast.org/cv/referenceContent#AcousticBehaviour",""
"references","","53275","http://purl.obolibrary.org/obo/IAO_0000136","taxa","","1724","https://vocab.audioblast.org/cv/referenceContent#AcousticBehaviour",""
"references","","53276","http://purl.obolibrary.org/obo/IAO_0000136","taxa","","6403","https://vocab.audioblast.org/cv/referenceContent#AcousticBehaviour",""
"references","","53277","http://purl.obolibrary.org/obo/IAO_0000136","term","","https://vocab.audioblast.org/cv/topic#MarineSoundscapes","",""
"references","","53277","http://purl.obolibrary.org/obo/IAO_0000136","term","","https://vocab.audioblast.org/cv/topic#Methods","",""
"references","","53278","http://purl.obolibrary.org/obo/IAO_0000136","taxa","","5947","https://vocab.audioblast.org/cv/referenceContent#AcousticBehaviour",""
"references","","53279","http://purl.obolibrary.org/obo/IAO_0000136","taxa","","4524","https://vocab.audioblast.org/cv/referenceContent#AcousticBehaviour",""
"references","","53280","http://purl.obolibrary.org/obo/IAO_0000136","taxa","","6405","https://vocab.audioblast.org/cv/referenceContent#AcousticBehaviour",""
"references","","53281","http://purl.obolibrary.org/obo/IAO_0000136","taxa","","5947","https://vocab.audioblast.org/cv/referenceContent#AcousticBehaviour",""
"references","","53282","http://purl.obolibrary.org/obo/IAO_0000136","term","","https://vocab.audioblast.org/cv/topic#AnthropogenicNoise","",""
"references","","53282","http://purl.obolibrary.org/obo/IAO_0000136","term","","https://vocab.audioblast.org/cv/topic#MarineSoundscapes","",""
"references","","53283","http://purl.obolibrary.org/obo/IAO_0000136","taxa","","6407","https://vocab.audioblast.org/cv/referenceContent#AcousticBehaviour",""
"references","","53284","http://purl.obolibrary.org/obo/IAO_0000136","taxa","","6405","https://vocab.audioblast.org/cv/referenceContent#AcousticBehaviour",""
"references","","53285","http://purl.obolibrary.org/obo/IAO_0000136","taxa","","1724","https://vocab.audioblast.org/cv/referenceContent#AcousticBehaviour",""
"references","","53287","http://purl.obolibrary.org/obo/IAO_0000136","taxa","","6409","https://vocab.audioblast.org/cv/referenceContent#AcousticBehaviour",""
"references","","53288","http://purl.obolibrary.org/obo/IAO_0000136","taxa","","6410","https://vocab.audioblast.org/cv/referenceContent#AcousticBehaviour",""
"references","","53289","http://purl.obolibrary.org/obo/IAO_0000136","taxa","","6412","https://vocab.audioblast.org/cv/referenceContent#AcousticBehaviour",""
"references","","53289","http://purl.obolibrary.org/obo/IAO_0000136","taxa","","6413","https://vocab.audioblast.org/cv/referenceContent#AcousticBehaviour",""
"references","","53289","http://purl.obolibrary.org/obo/IAO_0000136","taxa","","6415","https://vocab.audioblast.org/cv/referenceContent#AcousticBehaviour",""
"references","","53289","http://purl.obolibrary.org/obo/IAO_0000136","taxa","","6418","https://vocab.audioblast.org/cv/referenceContent#AcousticBehaviour",""
"references","","53289","http://purl.obolibrary.org/obo/IAO_0000136","taxa","","6419","https://vocab.audioblast.org/cv/referenceContent#AcousticBehaviour",""
"references","","53290","http://purl.obolibrary.org/obo/IAO_0000136","taxa","","4524","https://vocab.audioblast.org/cv/referenceContent#AcousticBehaviour",""
"references","","53291","http://purl.obolibrary.org/obo/IAO_0000136","taxa","","6421","https://vocab.audioblast.org/cv/referenceContent#AcousticBehaviour",""
"references","","53292","http://purl.obolibrary.org/obo/IAO_0000136","taxa","","5947","https://vocab.audioblast.org/cv/referenceContent#AcousticBehaviour",""
"references","","53292","http://purl.obolibrary.org/obo/IAO_0000136","term","","https://vocab.audioblast.org/cv/topic#AnthropogenicNoise","",""
"references","","53293","http://purl.obolibrary.org/obo/IAO_0000136","taxa","","4993","https://vocab.audioblast.org/cv/referenceContent#AcousticBehaviour",""
"references","","53294","http://purl.obolibrary.org/obo/IAO_0000136","taxa","","1357","https://vocab.audioblast.org/cv/referenceContent#AcousticBehaviour",""
"references","","53294","http://purl.obolibrary.org/obo/IAO_0000136","taxa","","457","https://vocab.audioblast.org/cv/referenceContent#AcousticBehaviour",""
"references","","53295","http://purl.obolibrary.org/obo/IAO_0000136","taxa","","1724","https://vocab.audioblast.org/cv/referenceContent#AcousticBehaviour",""
"references","","53296","http://purl.obolibrary.org/obo/IAO_0000136","term","","https://vocab.audioblast.org/cv/topic#MarineSoundscapes","",""
"references","","53297","http://purl.obolibrary.org/obo/IAO_0000136","taxa","","1722","https://vocab.audioblast.org/cv/referenceContent#AcousticBehaviour",""
"references","","53297","http://purl.obolibrary.org/obo/IAO_0000136","taxa","","6422","https://vocab.audioblast.org/cv/referenceContent#AcousticBehaviour",""
"references","","53298","http://purl.obolibrary.org/obo/IAO_0000136","taxa","","6425","https://vocab.audioblast.org/cv/referenceContent#AcousticBehaviour",""
"references","","53299","http://purl.obolibrary.org/obo/IAO_0000136","taxa","","1719","https://vocab.audioblast.org/cv/referenceContent#AcousticBehaviour",""
"references","","53300","http://purl.obolibrary.org/obo/IAO_0000136","taxa","","5971","https://vocab.audioblast.org/cv/referenceContent#AcousticBehaviour",""
"references","","53301","http://purl.obolibrary.org/obo/IAO_0000136","term","","https://vocab.audioblast.org/cv/topic#MarineSoundscapes","",""
"references","","53302","http://purl.obolibrary.org/obo/IAO_0000136","taxa","","2674","https://vocab.audioblast.org/cv/referenceContent#AcousticBehaviour",""
"references","","53303","http://purl.obolibrary.org/obo/IAO_0000136","taxa","","1724","https://vocab.audioblast.org/cv/referenceContent#AcousticBehaviour",""
"references","","53304","http://purl.obolibrary.org/obo/IAO_0000136","taxa","","2686","https://vocab.audioblast.org/cv/referenceContent#AcousticBehaviour",""
"references","","53304","http://purl.obolibrary.org/obo/IAO_0000136","term","","https://vocab.audioblast.org/cv/topic#MarineSoundscapes","",""
"references","","53305","http://purl.obolibrary.org/obo/IAO_0000136","taxa","","6427","https://vocab.audioblast.org/cv/referenceContent#AcousticBehaviour",""
"references","","53306","http://purl.obolibrary.org/obo/IAO_0000136","taxa","","2214","https://vocab.audioblast.org/cv/referenceContent#AcousticBehaviour",""
"references","","53307","http://purl.obolibrary.org/obo/IAO_0000136","term","","https://vocab.audioblast.org/cv/topic#Methods","",""
"references","","53308","http://purl.obolibrary.org/obo/IAO_0000136","taxa","","6084","https://vocab.audioblast.org/cv/referenceContent#AcousticBehaviour",""
"references","","53309","http://purl.obolibrary.org/obo/IAO_0000136","taxa","","1714","https://vocab.audioblast.org/cv/referenceContent#AcousticBehaviour",""
"references","","53310","http://purl.obolibrary.org/obo/IAO_0000136","taxa","","1724","https://vocab.audioblast.org/cv/referenceContent#AcousticBehaviour",""
"references","","53310","http://purl.obolibrary.org/obo/IAO_0000136","taxa","","4524","https://vocab.audioblast.org/cv/referenceContent#AcousticBehaviour",""
"references","","53311","http://purl.obolibrary.org/obo/IAO_0000136","taxa","","6430","https://vocab.audioblast.org/cv/referenceContent#AcousticBehaviour",""
"references","","53312","http://purl.obolibrary.org/obo/IAO_0000136","taxa","","6198","https://vocab.audioblast.org/cv/referenceContent#AcousticBehaviour",""
"references","","53314","http://purl.obolibrary.org/obo/IAO_0000136","taxa","","6432","https://vocab.audioblast.org/cv/referenceContent#AcousticBehaviour",""
"references","","53314","http://purl.obolibrary.org/obo/IAO_0000136","taxa","","6434","https://vocab.audioblast.org/cv/referenceContent#AcousticBehaviour",""
"references","","53315","http://purl.obolibrary.org/obo/IAO_0000136","term","","https://vocab.audioblast.org/cv/topic#MarineSoundscapes","",""
"references","","53316","http://purl.obolibrary.org/obo/IAO_0000136","taxa","","6198","https://vocab.audioblast.org/cv/referenceContent#AcousticBehaviour",""
"references","","53317","http://purl.obolibrary.org/obo/IAO_0000136","taxa","","5947","https://vocab.audioblast.org/cv/referenceContent#AcousticBehaviour",""
"references","","53318","http://purl.obolibrary.org/obo/IAO_0000136","taxa","","1725","https://vocab.audioblast.org/cv/referenceContent#AcousticBehaviour",""
"references","","53319","http://purl.obolibrary.org/obo/IAO_0000136","taxa","","552","https://vocab.audioblast.org/cv/referenceContent#AcousticBehaviour",""
"references","","53319","http://purl.obolibrary.org/obo/IAO_0000136","taxa","","56","https://vocab.audioblast.org/cv/referenceContent#AcousticBehaviour",""
"references","","53319","http://purl.obolibrary.org/obo/IAO_0000136","taxa","","6435","https://vocab.audioblast.org/cv/referenceContent#AcousticBehaviour",""
"references","","53321","http://purl.obolibrary.org/obo/IAO_0000136","taxa","","6438","https://vocab.audioblast.org/cv/referenceContent#AcousticBehaviour",""
"references","","53322","http://purl.obolibrary.org/obo/IAO_0000136","taxa","","6084","https://vocab.audioblast.org/cv/referenceContent#AcousticBehaviour",""
"references","","53322","http://purl.obolibrary.org/obo/IAO_0000136","term","","https://vocab.audioblast.org/cv/topic#MarineSoundscapes","",""
"references","","53323","http://purl.obolibrary.org/obo/IAO_0000136","taxa","","5980","https://vocab.audioblast.org/cv/referenceContent#AcousticBehaviour",""
"references","","53324","http://purl.obolibrary.org/obo/IAO_0000136","taxa","","5947","https://vocab.audioblast.org/cv/referenceContent#AcousticBehaviour",""
"references","","53325","http://purl.obolibrary.org/obo/IAO_0000136","taxa","","1453","https://vocab.audioblast.org/cv/referenceContent#AcousticBehaviour",""
"references","","53326","http://purl.obolibrary.org/obo/IAO_0000136","taxa","","6441","https://vocab.audioblast.org/cv/referenceContent#AcousticBehaviour",""
"references","","53326","http://purl.obolibrary.org/obo/IAO_0000136","taxa","","6442","https://vocab.audioblast.org/cv/referenceContent#AcousticBehaviour",""
"references","","53326","http://purl.obolibrary.org/obo/IAO_0000136","taxa","","6444","https://vocab.audioblast.org/cv/referenceContent#AcousticBehaviour",""
"references","","53327","http://purl.obolibrary.org/obo/IAO_0000136","term","","https://vocab.audioblast.org/cv/topic#MarineSoundscapes","",""
"references","","53327","http://purl.obolibrary.org/obo/IAO_0000136","term","","https://vocab.audioblast.org/cv/topic#Methods","",""
"references","","53328","http://purl.obolibrary.org/obo/IAO_0000136","taxa","","6191","https://vocab.audioblast.org/cv/referenceContent#AcousticBehaviour",""
"references","","53329","http://purl.obolibrary.org/obo/IAO_0000136","taxa","","6445","https://vocab.audioblast.org/cv/referenceContent#AcousticBehaviour",""
"references","","53330","http://purl.obolibrary.org/obo/IAO_0000136","taxa","","6202","https://vocab.audioblast.org/cv/referenceContent#AcousticBehaviour",""
"references","","53330","http://purl.obolibrary.org/obo/IAO_0000136","taxa","","6446","https://vocab.audioblast.org/cv/referenceContent#AcousticBehaviour",""
"references","","53331","http://purl.obolibrary.org/obo/IAO_0000136","taxa","","6449","https://vocab.audioblast.org/cv/referenceContent#AcousticBehaviour",""
"references","","53332","http://purl.obolibrary.org/obo/IAO_0000136","taxa","","6450","https://vocab.audioblast.org/cv/referenceContent#AcousticBehaviour",""
"references","","53333","http://purl.obolibrary.org/obo/IAO_0000136","taxa","","6448","https://vocab.audioblast.org/cv/referenceContent#AcousticBehaviour",""
"references","","53334","http://purl.obolibrary.org/obo/IAO_0000136","taxa","","235","https://vocab.audioblast.org/cv/referenceContent#AcousticBehaviour",""
"references","","53334","http://purl.obolibrary.org/obo/IAO_0000136","taxa","","6452","https://vocab.audioblast.org/cv/referenceContent#AcousticBehaviour",""
"references","","53336","http://purl.obolibrary.org/obo/IAO_0000136","taxa","","153","https://vocab.audioblast.org/cv/referenceContent#AcousticBehaviour",""
"references","","53337","http://purl.obolibrary.org/obo/IAO_0000136","taxa","","153","https://vocab.audioblast.org/cv/referenceContent#AcousticBehaviour",""
"references","","53338","http://purl.obolibrary.org/obo/IAO_0000136","taxa","","6454","https://vocab.audioblast.org/cv/referenceContent#AcousticBehaviour",""
"references","","53339","http://purl.obolibrary.org/obo/IAO_0000136","taxa","","1796","https://vocab.audioblast.org/cv/referenceContent#AcousticBehaviour",""
"references","","53340","http://purl.obolibrary.org/obo/IAO_0000136","taxa","","6457","https://vocab.audioblast.org/cv/referenceContent#AcousticBehaviour",""
"references","","53341","http://purl.obolibrary.org/obo/IAO_0000136","taxa","","5343","https://vocab.audioblast.org/cv/referenceContent#AcousticBehaviour",""
"references","","53341","http://purl.obolibrary.org/obo/IAO_0000136","taxa","","559","https://vocab.audioblast.org/cv/referenceContent#AcousticBehaviour",""
"references","","53341","http://purl.obolibrary.org/obo/IAO_0000136","taxa","","56","https://vocab.audioblast.org/cv/referenceContent#AcousticBehaviour",""
"references","","53341","http://purl.obolibrary.org/obo/IAO_0000136","taxa","","575","https://vocab.audioblast.org/cv/referenceContent#AcousticBehaviour",""
"references","","53341","http://purl.obolibrary.org/obo/IAO_0000136","taxa","","6458","https://vocab.audioblast.org/cv/referenceContent#AcousticBehaviour",""
"references","","53341","http://purl.obolibrary.org/obo/IAO_0000136","taxa","","6460","https://vocab.audioblast.org/cv/referenceContent#AcousticBehaviour",""
"references","","53345","http://purl.obolibrary.org/obo/IAO_0000136","taxa","","6461","https://vocab.audioblast.org/cv/referenceContent#AcousticBehaviour",""
"references","","53347","http://purl.obolibrary.org/obo/IAO_0000136","term","","https://vocab.audioblast.org/cv/topic#AudioCollections","",""
"references","","53348","http://purl.obolibrary.org/obo/IAO_0000136","taxa","","6464","https://vocab.audioblast.org/cv/referenceContent#AcousticBehaviour",""
"references","","53349","http://purl.obolibrary.org/obo/IAO_0000136","taxa","","6468","https://vocab.audioblast.org/cv/referenceContent#AcousticBehaviour",""
"references","","53350","http://purl.obolibrary.org/obo/IAO_0000136","taxa","","4977","https://vocab.audioblast.org/cv/referenceContent#AcousticBehaviour",""
"references","","53350","http://purl.obolibrary.org/obo/IAO_0000136","taxa","","6469","https://vocab.audioblast.org/cv/referenceContent#AcousticBehaviour",""
"references","","53350","http://purl.obolibrary.org/obo/IAO_0000136","taxa","","6470","https://vocab.audioblast.org/cv/referenceContent#AcousticBehaviour",""
"references","","53351","http://purl.obolibrary.org/obo/IAO_0000136","taxa","","1357","https://vocab.audioblast.org/cv/referenceContent#AcousticBehaviour",""
"references","","53351","http://purl.obolibrary.org/obo/IAO_0000136","term","","https://vocab.audioblast.org/cv/topic#AutomatedIdentification","",""
"references","","53351","http://purl.obolibrary.org/obo/IAO_0000136","term","","https://vocab.audioblast.org/cv/topic#Methods","",""
"references","","53352","http://purl.obolibrary.org/obo/IAO_0000136","taxa","","6084","https://vocab.audioblast.org/cv/referenceContent#AcousticBehaviour",""
"references","","53352","http://purl.obolibrary.org/obo/IAO_0000136","term","","https://vocab.audioblast.org/cv/topic#AnthropogenicNoise","",""
"references","","53357","http://purl.obolibrary.org/obo/IAO_0000136","taxa","","6279","https://vocab.audioblast.org/cv/referenceContent#AcousticBehaviour",""
"references","","53357","http://purl.obolibrary.org/obo/IAO_0000136","taxa","","6422","https://vocab.audioblast.org/cv/referenceContent#AcousticBehaviour",""
"references","","53357","http://purl.obolibrary.org/obo/IAO_0000136","taxa","","6445","https://vocab.audioblast.org/cv/referenceContent#AcousticBehaviour",""
"references","","53357","http://purl.obolibrary.org/obo/IAO_0000136","taxa","","6471","https://vocab.audioblast.org/cv/referenceContent#AcousticBehaviour",""
"references","","53360","http://purl.obolibrary.org/obo/IAO_0000136","taxa","","6473","https://vocab.audioblast.org/cv/referenceContent#AcousticBehaviour",""
"references","","53363","http://purl.obolibrary.org/obo/IAO_0000136","taxa","","6476","https://vocab.audioblast.org/cv/referenceContent#AcousticBehaviour",""
"references","","53364","http://purl.obolibrary.org/obo/IAO_0000136","taxa","","6479","https://vocab.audioblast.org/cv/referenceContent#AcousticBehaviour",""
"references","","53365","http://purl.obolibrary.org/obo/IAO_0000136","taxa","","178","https://vocab.audioblast.org/cv/referenceContent#AcousticBehaviour",""
"references","","53365","http://purl.obolibrary.org/obo/IAO_0000136","taxa","","4853","https://vocab.audioblast.org/cv/referenceContent#AcousticBehaviour",""
"references","","53366","http://purl.obolibrary.org/obo/IAO_0000136","taxa","","128","https://vocab.audioblast.org/cv/referenceContent#AcousticBehaviour",""
"references","","53367","http://purl.obolibrary.org/obo/IAO_0000136","taxa","","143","https://vocab.audioblast.org/cv/referenceContent#AcousticBehaviour",""
"references","","53368","http://purl.obolibrary.org/obo/IAO_0000136","taxa","","6480","https://vocab.audioblast.org/cv/referenceContent#AcousticBehaviour",""
"references","","53369","http://purl.obolibrary.org/obo/IAO_0000136","taxa","","6376","https://vocab.audioblast.org/cv/referenceContent#AcousticBehaviour",""
"references","","53370","http://purl.obolibrary.org/obo/IAO_0000136","taxa","","6482","https://vocab.audioblast.org/cv/referenceContent#AcousticBehaviour",""
"references","","53370","http://purl.obolibrary.org/obo/IAO_0000136","taxa","","6483","https://vocab.audioblast.org/cv/referenceContent#AcousticBehaviour",""
"references","","53370","http://purl.obolibrary.org/obo/IAO_0000136","taxa","","6484","https://vocab.audioblast.org/cv/referenceContent#AcousticBehaviour",""
"references","","53370","http://purl.obolibrary.org/obo/IAO_0000136","taxa","","6485","https://vocab.audioblast.org/cv/referenceContent#AcousticBehaviour",""
"references","","53370","http://purl.obolibrary.org/obo/IAO_0000136","taxa","","6486","https://vocab.audioblast.org/cv/referenceContent#AcousticBehaviour",""
"references","","53371","http://purl.obolibrary.org/obo/IAO_0000136","taxa","","6198","https://vocab.audioblast.org/cv/referenceContent#AcousticBehaviour",""
"references","","53372","http://purl.obolibrary.org/obo/IAO_0000136","taxa","","6488","https://vocab.audioblast.org/cv/referenceContent#AcousticBehaviour",""
"references","","53373","http://purl.obolibrary.org/obo/IAO_0000136","taxa","","6490","https://vocab.audioblast.org/cv/referenceContent#AcousticBehaviour",""
"references","","53374","http://purl.obolibrary.org/obo/IAO_0000136","taxa","","1421","https://vocab.audioblast.org/cv/referenceContent#AcousticBehaviour",""
"references","","53375","http://purl.obolibrary.org/obo/IAO_0000136","taxa","","6444","https://vocab.audioblast.org/cv/referenceContent#AcousticBehaviour",""
"references","","53376","http://purl.obolibrary.org/obo/IAO_0000136","taxa","","6493","https://vocab.audioblast.org/cv/referenceContent#AcousticBehaviour",""
"references","","53377","http://purl.obolibrary.org/obo/IAO_0000136","taxa","","143","https://vocab.audioblast.org/cv/referenceContent#AcousticBehaviour",""
"references","","53378","http://purl.obolibrary.org/obo/IAO_0000136","taxa","","4852","https://vocab.audioblast.org/cv/referenceContent#StridulatoryFilePhotograph",""
"references","","53378","http://purl.obolibrary.org/obo/IAO_0000136","taxa","","4874","https://vocab.audioblast.org/cv/referenceContent#StridulatoryFilePhotograph",""
"references","","53378","http://purl.obolibrary.org/obo/IAO_0000136","taxa","","4874","https://vocab.audioblast.org/cv/referenceContent#StridulatoryFileSEMImage",""
"references","","53378","http://purl.obolibrary.org/obo/IAO_0000136","taxa","","56","https://vocab.audioblast.org/cv/referenceContent#AcousticBehaviour",""
"references","","53378","http://purl.obolibrary.org/obo/IAO_0000136","taxa","","566","https://vocab.audioblast.org/cv/referenceContent#AcousticBehaviour",""
"references","","53378","http://purl.obolibrary.org/obo/IAO_0000136","taxa","","574","https://vocab.audioblast.org/cv/referenceContent#AcousticBehaviour",""
"references","","53378","http://purl.obolibrary.org/obo/IAO_0000136","taxa","","6494","https://vocab.audioblast.org/cv/referenceContent#AcousticBehaviour",""
"references","","53378","http://purl.obolibrary.org/obo/IAO_0000136","taxa","","6494","https://vocab.audioblast.org/cv/referenceContent#StridulatoryFilePhotograph",""
"references","","53378","http://purl.obolibrary.org/obo/IAO_0000136","taxa","","6494","https://vocab.audioblast.org/cv/referenceContent#StridulatoryFileSEMImage",""
"references","","53385","http://purl.obolibrary.org/obo/IAO_0000136","term","","https://vocab.audioblast.org/cv/topic#Ecoacoustics","",""
"references","","53385","http://purl.obolibrary.org/obo/IAO_0000136","term","","https://vocab.audioblast.org/cv/topic#Methods","",""
"references","","53388","http://purl.obolibrary.org/obo/IAO_0000136","term","","https://vocab.audioblast.org/cv/topic#Methods","",""
"references","","53389","http://purl.obolibrary.org/obo/IAO_0000136","taxa","","6500","https://vocab.audioblast.org/cv/referenceContent#AcousticBehaviour",""
"references","","53390","http://purl.obolibrary.org/obo/IAO_0000136","taxa","","1724","https://vocab.audioblast.org/cv/referenceContent#AcousticBehaviour",""
"references","","53391","http://purl.obolibrary.org/obo/IAO_0000136","taxa","","76","https://vocab.audioblast.org/cv/referenceContent#AcousticBehaviour",""
"references","","53392","http://purl.obolibrary.org/obo/IAO_0000136","taxa","","738","https://vocab.audioblast.org/cv/referenceContent#AcousticBehaviour",""
"references","","53393","http://purl.obolibrary.org/obo/IAO_0000136","taxa","","2505","https://vocab.audioblast.org/cv/referenceContent#AcousticBehaviour",""
"references","","53394","http://purl.obolibrary.org/obo/IAO_0000136","taxa","","4449","https://vocab.audioblast.org/cv/referenceContent#AcousticBehaviour",""
"references","","53395","http://purl.obolibrary.org/obo/IAO_0000136","taxa","","6503","https://vocab.audioblast.org/cv/referenceContent#AcousticBehaviour",""
"references","","53396","http://purl.obolibrary.org/obo/IAO_0000136","taxa","","6505","https://vocab.audioblast.org/cv/referenceContent#AcousticBehaviour",""
"references","","53397","http://purl.obolibrary.org/obo/IAO_0000136","taxa","","6507","https://vocab.audioblast.org/cv/referenceContent#AcousticBehaviour",""
"references","","53398","http://purl.obolibrary.org/obo/IAO_0000136","taxa","","6509","https://vocab.audioblast.org/cv/referenceContent#AcousticBehaviour",""
"references","","53398","http://purl.obolibrary.org/obo/IAO_0000136","taxa","","6510","https://vocab.audioblast.org/cv/referenceContent#AcousticBehaviour",""
"references","","53403","http://purl.obolibrary.org/obo/IAO_0000136","taxa","","6511","https://vocab.audioblast.org/cv/referenceContent#AcousticBehaviour",""
"references","","53406","http://purl.obolibrary.org/obo/IAO_0000136","taxa","","803","https://vocab.audioblast.org/cv/referenceContent#AcousticBehaviour",""
"references","","53407","http://purl.obolibrary.org/obo/IAO_0000136","taxa","","6514","https://vocab.audioblast.org/cv/referenceContent#AcousticBehaviour",""
"references","","53408","http://purl.obolibrary.org/obo/IAO_0000136","taxa","","6515","https://vocab.audioblast.org/cv/referenceContent#AcousticBehaviour",""
"references","","53409","http://purl.obolibrary.org/obo/IAO_0000136","taxa","","6517","https://vocab.audioblast.org/cv/referenceContent#AcousticBehaviour",""
"references","","53410","http://purl.obolibrary.org/obo/IAO_0000136","term","","https://vocab.audioblast.org/cv/topic#MarineSoundscapes","",""
"references","","53411","http://purl.obolibrary.org/obo/IAO_0000136","taxa","","6519","https://vocab.audioblast.org/cv/referenceContent#AcousticBehaviour",""
"references","","53412","http://purl.obolibrary.org/obo/IAO_0000136","taxa","","6409","https://vocab.audioblast.org/cv/referenceContent#AcousticBehaviour",""
"references","","53413","http://purl.obolibrary.org/obo/IAO_0000136","taxa","","6521","https://vocab.audioblast.org/cv/referenceContent#AcousticBehaviour",""
"references","","53413","http://purl.obolibrary.org/obo/IAO_0000136","taxa","","6522","https://vocab.audioblast.org/cv/referenceContent#AcousticBehaviour",""
"references","","53413","http://purl.obolibrary.org/obo/IAO_0000136","taxa","","6523","https://vocab.audioblast.org/cv/referenceContent#AcousticBehaviour",""
"references","","53413","http://purl.obolibrary.org/obo/IAO_0000136","taxa","","6524","https://vocab.audioblast.org/cv/referenceContent#AcousticBehaviour",""
"references","","53413","http://purl.obolibrary.org/obo/IAO_0000136","taxa","","803","https://vocab.audioblast.org/cv/referenceContent#AcousticBehaviour",""
"references","","53414","http://purl.obolibrary.org/obo/IAO_0000136","taxa","","5973","https://vocab.audioblast.org/cv/referenceContent#AcousticBehaviour",""
"references","","53415","http://purl.obolibrary.org/obo/IAO_0000136","taxa","","6525","https://vocab.audioblast.org/cv/referenceContent#AcousticBehaviour",""
"references","","53415","http://purl.obolibrary.org/obo/IAO_0000136","taxa","","6527","https://vocab.audioblast.org/cv/referenceContent#AcousticBehaviour",""
"references","","53416","http://purl.obolibrary.org/obo/IAO_0000136","taxa","","738","https://vocab.audioblast.org/cv/referenceContent#AcousticBehaviour",""
"references","","53416","http://purl.obolibrary.org/obo/IAO_0000136","term","","https://vocab.audioblast.org/cv/topic#Soundscapes","",""
"references","","53417","http://purl.obolibrary.org/obo/IAO_0000136","taxa","","235","https://vocab.audioblast.org/cv/referenceContent#AcousticBehaviour",""
"references","","53417","http://purl.obolibrary.org/obo/IAO_0000136","taxa","","6529","https://vocab.audioblast.org/cv/referenceContent#AcousticBehaviour",""
"references","","53417","http://purl.obolibrary.org/obo/IAO_0000136","taxa","","819","https://vocab.audioblast.org/cv/referenceContent#AcousticBehaviour",""
"references","","53418","http://purl.obolibrary.org/obo/IAO_0000136","taxa","","6532","https://vocab.audioblast.org/cv/referenceContent#AcousticBehaviour",""
"references","","53419","http://purl.obolibrary.org/obo/IAO_0000136","taxa","","1453","https://vocab.audioblast.org/cv/referenceContent#AcousticBehaviour",""
"references","","53420","http://purl.obolibrary.org/obo/IAO_0000136","taxa","","6536","https://vocab.audioblast.org/cv/referenceContent#AcousticBehaviour",""
"references","","53421","http://purl.obolibrary.org/obo/IAO_0000136","taxa","","6538","https://vocab.audioblast.org/cv/referenceContent#AcousticBehaviour",""
"references","","53421","http://purl.obolibrary.org/obo/IAO_0000136","taxa","","6540","https://vocab.audioblast.org/cv/referenceContent#AcousticBehaviour",""
"references","","53422","http://purl.obolibrary.org/obo/IAO_0000136","term","","https://vocab.audioblast.org/cv/topic#Soundscapes","",""
"references","","53423","http://purl.obolibrary.org/obo/IAO_0000136","taxa","","1725","https://vocab.audioblast.org/cv/referenceContent#AcousticBehaviour",""
"references","","53423","http://purl.obolibrary.org/obo/IAO_0000136","term","","https://vocab.audioblast.org/cv/topic#MarineSoundscapes","",""
"references","","53424","http://purl.obolibrary.org/obo/IAO_0000136","taxa","","6479","https://vocab.audioblast.org/cv/referenceContent#AcousticBehaviour",""
"references","","53425","http://purl.obolibrary.org/obo/IAO_0000136","taxa","","1444","https://vocab.audioblast.org/cv/referenceContent#AcousticBehaviour",""
"references","","53425","http://purl.obolibrary.org/obo/IAO_0000136","taxa","","4994","https://vocab.audioblast.org/cv/referenceContent#AcousticBehaviour",""
"references","","53426","http://purl.obolibrary.org/obo/IAO_0000136","taxa","","6546","https://vocab.audioblast.org/cv/referenceContent#AcousticBehaviour",""
"references","","53427","http://purl.obolibrary.org/obo/IAO_0000136","taxa","","2237","https://vocab.audioblast.org/cv/referenceContent#AcousticBehaviour",""
"references","","53427","http://purl.obolibrary.org/obo/IAO_0000136","taxa","","2237","https://vocab.audioblast.org/cv/referenceContent#StridulatoryPositionPhotograph",""
"references","","53428","http://purl.obolibrary.org/obo/IAO_0000136","taxa","","1249","https://vocab.audioblast.org/cv/referenceContent#AcousticBehaviour",""
"references","","53428","http://purl.obolibrary.org/obo/IAO_0000136","taxa","","590","https://vocab.audioblast.org/cv/referenceContent#AcousticBehaviour",""
"references","","53428","http://purl.obolibrary.org/obo/IAO_0000136","taxa","","6548","https://vocab.audioblast.org/cv/referenceContent#AcousticBehaviour",""
"references","","53430","http://purl.obolibrary.org/obo/IAO_0000136","taxa","","6551","https://vocab.audioblast.org/cv/referenceContent#AcousticBehaviour",""
"references","","53431","http://purl.obolibrary.org/obo/IAO_0000136","taxa","","738","https://vocab.audioblast.org/cv/referenceContent#AcousticBehaviour",""
"references","","53431","http://purl.obolibrary.org/obo/IAO_0000136","term","","https://vocab.audioblast.org/cv/topic#Methods","",""
"references","","53432","http://purl.obolibrary.org/obo/IAO_0000136","taxa","","738","https://vocab.audioblast.org/cv/referenceContent#AcousticBehaviour",""
"references","","53433","http://purl.obolibrary.org/obo/IAO_0000136","taxa","","6422","https://vocab.audioblast.org/cv/referenceContent#AcousticBehaviour",""
"references","","53434","http://purl.obolibrary.org/obo/IAO_0000136","taxa","","6552","https://vocab.audioblast.org/cv/referenceContent#AcousticBehaviour",""
"references","","53435","http://purl.obolibrary.org/obo/IAO_0000136","term","","https://vocab.audioblast.org/cv/topic#Ecoacoustics","",""
"references","","53436","http://purl.obolibrary.org/obo/IAO_0000136","taxa","","790","https://vocab.audioblast.org/cv/referenceContent#AcousticBehaviour",""
"references","","53437","http://purl.obolibrary.org/obo/IAO_0000136","taxa","","4979","https://vocab.audioblast.org/cv/referenceContent#AcousticBehaviour",""
"references","","53438","http://purl.obolibrary.org/obo/IAO_0000136","term","","https://vocab.audioblast.org/cv/topic#MarineSoundscapes","",""
"references","","53439","http://purl.obolibrary.org/obo/IAO_0000136","taxa","","1793","https://vocab.audioblast.org/cv/referenceContent#AcousticBehaviour",""
"references","","53439","http://purl.obolibrary.org/obo/IAO_0000136","taxa","","235","https://vocab.audioblast.org/cv/referenceContent#AcousticBehaviour",""
"references","","53439","http://purl.obolibrary.org/obo/IAO_0000136","taxa","","6554","https://vocab.audioblast.org/cv/referenceContent#AcousticBehaviour",""
"references","","53439","http://purl.obolibrary.org/obo/IAO_0000136","taxa","","803","https://vocab.audioblast.org/cv/referenceContent#AcousticBehaviour",""
"references","","53440","http://purl.obolibrary.org/obo/IAO_0000136","taxa","","6556","https://vocab.audioblast.org/cv/referenceContent#AcousticBehaviour",""
"references","","53441","http://purl.obolibrary.org/obo/IAO_0000136","term","","https://vocab.audioblast.org/cv/topic#MarineSoundscapes","",""
"references","","53442","http://purl.obolibrary.org/obo/IAO_0000136","term","","https://vocab.audioblast.org/cv/topic#MarineSoundscapes","",""
"references","","53442","http://purl.obolibrary.org/obo/IAO_0000136","term","","https://vocab.audioblast.org/cv/topic#Methods","",""
"references","","53442","http://purl.obolibrary.org/obo/IAO_0000136","term","","https://vocab.audioblast.org/cv/topic#Soundscapes","",""
"references","","53442","http://purl.obolibrary.org/obo/IAO_0000136","term","","https://vocab.audioblast.org/cv/topic#SoundscapeVisualisation","",""
"references","","53443","http://purl.obolibrary.org/obo/IAO_0000136","taxa","","6421","https://vocab.audioblast.org/cv/referenceContent#AcousticBehaviour",""
"references","","53444","http://purl.obolibrary.org/obo/IAO_0000136","taxa","","6558","https://vocab.audioblast.org/cv/referenceContent#AcousticBehaviour",""
"references","","53444","http://purl.obolibrary.org/obo/IAO_0000136","taxa","","6559","https://vocab.audioblast.org/cv/referenceContent#AcousticBehaviour",""
"references","","53445","http://purl.obolibrary.org/obo/IAO_0000136","taxa","","1357","https://vocab.audioblast.org/cv/referenceContent#AcousticBehaviour",""
"references","","53446","http://purl.obolibrary.org/obo/IAO_0000136","taxa","","6560","https://vocab.audioblast.org/cv/referenceContent#AcousticBehaviour",""
"references","","53447","http://purl.obolibrary.org/obo/IAO_0000136","taxa","","6563","https://vocab.audioblast.org/cv/referenceContent#AcousticBehaviour",""
"references","","53448","http://purl.obolibrary.org/obo/IAO_0000136","taxa","","1725","https://vocab.audioblast.org/cv/referenceContent#AcousticBehaviour",""
"references","","53452","http://purl.obolibrary.org/obo/IAO_0000136","taxa","","6567","https://vocab.audioblast.org/cv/referenceContent#AcousticBehaviour",""
"references","","53493","http://purl.obolibrary.org/obo/IAO_0000136","taxa","","6198","https://vocab.audioblast.org/cv/referenceContent#AcousticBehaviour",""
"references","","53494","http://purl.obolibrary.org/obo/IAO_0000136","taxa","","151","https://vocab.audioblast.org/cv/referenceContent#AcousticBehaviour",""
"references","","53494","http://purl.obolibrary.org/obo/IAO_0000136","taxa","","153","https://vocab.audioblast.org/cv/referenceContent#AcousticBehaviour",""
"references","","53494","http://purl.obolibrary.org/obo/IAO_0000136","taxa","","6571","https://vocab.audioblast.org/cv/referenceContent#AcousticBehaviour",""
"references","","53494","http://purl.obolibrary.org/obo/IAO_0000136","taxa","","6574","https://vocab.audioblast.org/cv/referenceContent#AcousticBehaviour",""
"references","","53494","http://purl.obolibrary.org/obo/IAO_0000136","taxa","","6578","https://vocab.audioblast.org/cv/referenceContent#AcousticBehaviour",""
"references","","53496","http://purl.obolibrary.org/obo/IAO_0000136","taxa","","583","https://vocab.audioblast.org/cv/referenceContent#AcousticBehaviour",""
"references","","53496","http://purl.obolibrary.org/obo/IAO_0000136","taxa","","6580","https://vocab.audioblast.org/cv/referenceContent#AcousticBehaviour",""
"references","","53497","http://purl.obolibrary.org/obo/IAO_0000136","taxa","","6581","https://vocab.audioblast.org/cv/referenceContent#AcousticBehaviour",""
"references","","53498","http://purl.obolibrary.org/obo/IAO_0000136","taxa","","235","https://vocab.audioblast.org/cv/referenceContent#AcousticBehaviour",""
"references","","53498","http://purl.obolibrary.org/obo/IAO_0000136","taxa","","6582","https://vocab.audioblast.org/cv/referenceContent#AcousticBehaviour",""
"references","","53498","http://purl.obolibrary.org/obo/IAO_0000136","taxa","","6584","https://vocab.audioblast.org/cv/referenceContent#AcousticBehaviour",""
"references","","53498","http://purl.obolibrary.org/obo/IAO_0000136","taxa","","803","https://vocab.audioblast.org/cv/referenceContent#AcousticBehaviour",""
"references","","53499","http://purl.obolibrary.org/obo/IAO_0000136","taxa","","56","https://vocab.audioblast.org/cv/referenceContent#AcousticBehaviour",""
"references","","53499","http://purl.obolibrary.org/obo/IAO_0000136","taxa","","803","https://vocab.audioblast.org/cv/referenceContent#AcousticBehaviour",""
"references","","53501","http://purl.obolibrary.org/obo/IAO_0000136","taxa","","6084","https://vocab.audioblast.org/cv/referenceContent#AcousticBehaviour",""
"references","","53503","http://purl.obolibrary.org/obo/IAO_0000136","taxa","","1774","https://vocab.audioblast.org/cv/referenceContent#AcousticBehaviour",""
"references","","53503","http://purl.obolibrary.org/obo/IAO_0000136","taxa","","1793","https://vocab.audioblast.org/cv/referenceContent#AcousticBehaviour",""
"references","","53503","http://purl.obolibrary.org/obo/IAO_0000136","taxa","","235","https://vocab.audioblast.org/cv/referenceContent#AcousticBehaviour",""
"references","","53503","http://purl.obolibrary.org/obo/IAO_0000136","taxa","","6586","https://vocab.audioblast.org/cv/referenceContent#AcousticBehaviour",""
"references","","53503","http://purl.obolibrary.org/obo/IAO_0000136","taxa","","6588","https://vocab.audioblast.org/cv/referenceContent#AcousticBehaviour",""
"references","","53503","http://purl.obolibrary.org/obo/IAO_0000136","taxa","","6590","https://vocab.audioblast.org/cv/referenceContent#AcousticBehaviour",""
"references","","53504","http://purl.obolibrary.org/obo/IAO_0000136","taxa","","6593","https://vocab.audioblast.org/cv/referenceContent#AcousticBehaviour",""
"references","","53504","http://purl.obolibrary.org/obo/IAO_0000136","taxa","","6595","https://vocab.audioblast.org/cv/referenceContent#AcousticBehaviour",""
"references","","53504","http://purl.obolibrary.org/obo/IAO_0000136","taxa","","6597","https://vocab.audioblast.org/cv/referenceContent#AcousticBehaviour",""
"references","","53505","http://purl.obolibrary.org/obo/IAO_0000136","taxa","","6602","https://vocab.audioblast.org/cv/referenceContent#AcousticBehaviour",""
"references","","53506","http://purl.obolibrary.org/obo/IAO_0000136","taxa","","6606","https://vocab.audioblast.org/cv/referenceContent#AcousticBehaviour",""
"references","","53507","http://purl.obolibrary.org/obo/IAO_0000136","taxa","","374","https://vocab.audioblast.org/cv/referenceContent#AcousticBehaviour",""
"references","","53509","http://purl.obolibrary.org/obo/IAO_0000136","taxa","","6609","https://vocab.audioblast.org/cv/referenceContent#AcousticBehaviour",""
"references","","53510","http://purl.obolibrary.org/obo/IAO_0000136","taxa","","6614","https://vocab.audioblast.org/cv/referenceContent#AcousticBehaviour",""
"references","","53510","http://purl.obolibrary.org/obo/IAO_0000136","taxa","","6615","https://vocab.audioblast.org/cv/referenceContent#AcousticBehaviour",""
"references","","53511","http://purl.obolibrary.org/obo/IAO_0000136","taxa","","1401","https://vocab.audioblast.org/cv/referenceContent#AcousticBehaviour",""
"references","","53511","http://purl.obolibrary.org/obo/IAO_0000136","taxa","","786","https://vocab.audioblast.org/cv/referenceContent#AcousticBehaviour",""
"references","","53512","http://purl.obolibrary.org/obo/IAO_0000136","taxa","","246","https://vocab.audioblast.org/cv/referenceContent#AcousticBehaviour",""
"references","","53512","http://purl.obolibrary.org/obo/IAO_0000136","taxa","","246","https://vocab.audioblast.org/cv/referenceContent#BurrowEntrancePhotograph",""
"references","","53518","http://purl.obolibrary.org/obo/IAO_0000136","taxa","","6626","https://vocab.audioblast.org/cv/referenceContent#AcousticBehaviour",""
"references","","53519","http://purl.obolibrary.org/obo/IAO_0000136","taxa","","35","https://vocab.audioblast.org/cv/referenceContent#AcousticBehaviour",""
"references","","53519","http://purl.obolibrary.org/obo/IAO_0000136","taxa","","492","https://vocab.audioblast.org/cv/referenceContent#AcousticBehaviour",""
"references","","53520","http://purl.obolibrary.org/obo/IAO_0000136","taxa","","6627","https://vocab.audioblast.org/cv/referenceContent#AcousticBehaviour",""
"references","","53521","http://purl.obolibrary.org/obo/IAO_0000136","taxa","","6445","https://vocab.audioblast.org/cv/referenceContent#AcousticBehaviour",""
"references","","53522","http://purl.obolibrary.org/obo/IAO_0000136","taxa","","6630","https://vocab.audioblast.org/cv/referenceContent#AcousticBehaviour",""
"references","","53523","http://purl.obolibrary.org/obo/IAO_0000136","term","","https://vocab.audioblast.org/cv/topic#MarineSoundscapes","",""
"references","","53524","http://purl.obolibrary.org/obo/IAO_0000136","term","","https://vocab.audioblast.org/cv/topic#Ecoacoustics","",""
"references","","53525","http://purl.obolibrary.org/obo/IAO_0000136","taxa","","1153","https://vocab.audioblast.org/cv/referenceContent#AcousticBehaviour",""
"references","","53525","http://purl.obolibrary.org/obo/IAO_0000136","taxa","","56","https://vocab.audioblast.org/cv/referenceContent#AcousticBehaviour",""
"references","","53525","http://purl.obolibrary.org/obo/IAO_0000136","taxa","","6632","https://vocab.audioblast.org/cv/referenceContent#AcousticBehaviour",""
"references","","53527","http://purl.obolibrary.org/obo/IAO_0000136","taxa","","4988","https://vocab.audioblast.org/cv/referenceContent#AcousticBehaviour",""
"references","","53529","http://purl.obolibrary.org/obo/IAO_0000136","taxa","","6633","https://vocab.audioblast.org/cv/referenceContent#AcousticBehaviour",""
"references","","53531","http://purl.obolibrary.org/obo/IAO_0000136","taxa","","235","https://vocab.audioblast.org/cv/referenceContent#AcousticBehaviour",""
"references","","53531","http://purl.obolibrary.org/obo/IAO_0000136","taxa","","6634","https://vocab.audioblast.org/cv/referenceContent#AcousticBehaviour",""
"references","","53535","http://purl.obolibrary.org/obo/IAO_0000136","taxa","","6636","https://vocab.audioblast.org/cv/referenceContent#AcousticBehaviour",""
"references","","53537","http://purl.obolibrary.org/obo/IAO_0000136","taxa","","6445","https://vocab.audioblast.org/cv/referenceContent#AcousticBehaviour",""
"references","","53538","http://purl.obolibrary.org/obo/IAO_0000136","taxa","","6639","https://vocab.audioblast.org/cv/referenceContent#AcousticBehaviour",""
"references","","53539","http://purl.obolibrary.org/obo/IAO_0000136","taxa","","6641","https://vocab.audioblast.org/cv/referenceContent#AcousticBehaviour",""
"references","","53539","http://purl.obolibrary.org/obo/IAO_0000136","taxa","","6642","https://vocab.audioblast.org/cv/referenceContent#AcousticBehaviour",""
"references","","53539","http://purl.obolibrary.org/obo/IAO_0000136","taxa","","6643","https://vocab.audioblast.org/cv/referenceContent#AcousticBehaviour",""
"references","","53540","http://purl.obolibrary.org/obo/IAO_0000136","taxa","","6645","https://vocab.audioblast.org/cv/referenceContent#AcousticBehaviour",""
"references","","53540","http://purl.obolibrary.org/obo/IAO_0000136","taxa","","6647","https://vocab.audioblast.org/cv/referenceContent#AcousticBehaviour",""
"references","","53543","http://purl.obolibrary.org/obo/IAO_0000136","taxa","","1793","https://vocab.audioblast.org/cv/referenceContent#AcousticBehaviour",""
"references","","53543","http://purl.obolibrary.org/obo/IAO_0000136","taxa","","235","https://vocab.audioblast.org/cv/referenceContent#AcousticBehaviour",""
"references","","53543","http://purl.obolibrary.org/obo/IAO_0000136","taxa","","6649","https://vocab.audioblast.org/cv/referenceContent#AcousticBehaviour",""
"references","","53543","http://purl.obolibrary.org/obo/IAO_0000136","taxa","","803","https://vocab.audioblast.org/cv/referenceContent#AcousticBehaviour",""
"references","","53544","http://purl.obolibrary.org/obo/IAO_0000136","taxa","","1724","https://vocab.audioblast.org/cv/referenceContent#AcousticBehaviour",""
"references","","53545","http://purl.obolibrary.org/obo/IAO_0000136","taxa","","1724","https://vocab.audioblast.org/cv/referenceContent#AcousticBehaviour",""
"references","","53547","http://purl.obolibrary.org/obo/IAO_0000136","taxa","","1212","https://vocab.audioblast.org/cv/referenceContent#AcousticBehaviour",""
"references","","53547","http://purl.obolibrary.org/obo/IAO_0000136","taxa","","2442","https://vocab.audioblast.org/cv/referenceContent#AcousticBehaviour",""
"references","","53547","http://purl.obolibrary.org/obo/IAO_0000136","taxa","","56","https://vocab.audioblast.org/cv/referenceContent#AcousticBehaviour",""
"references","","53547","http://purl.obolibrary.org/obo/IAO_0000136","taxa","","560","https://vocab.audioblast.org/cv/referenceContent#AcousticBehaviour",""
"references","","53547","http://purl.obolibrary.org/obo/IAO_0000136","taxa","","574","https://vocab.audioblast.org/cv/referenceContent#AcousticBehaviour",""
"references","","53547","http://purl.obolibrary.org/obo/IAO_0000136","taxa","","6651","https://vocab.audioblast.org/cv/referenceContent#AcousticBehaviour",""
"references","","53548","http://purl.obolibrary.org/obo/IAO_0000136","taxa","","4497","https://vocab.audioblast.org/cv/referenceContent#AcousticBehaviour",""
"references","","53550","http://purl.obolibrary.org/obo/IAO_0000136","taxa","","6652","https://vocab.audioblast.org/cv/referenceContent#AcousticBehaviour",""
"references","","53551","http://purl.obolibrary.org/obo/IAO_0000136","taxa","","6652","https://vocab.audioblast.org/cv/referenceContent#AcousticBehaviour",""
"references","","53552","http://purl.obolibrary.org/obo/IAO_0000136","taxa","","6652","https://vocab.audioblast.org/cv/referenceContent#AcousticBehaviour",""
"references","","53552","http://purl.obolibrary.org/obo/IAO_0000136","taxa","","6653","https://vocab.audioblast.org/cv/referenceContent#AcousticBehaviour",""
"references","","53552","http://purl.obolibrary.org/obo/IAO_0000136","taxa","","6654","https://vocab.audioblast.org/cv/referenceContent#AcousticBehaviour",""
"references","","53560","http://purl.obolibrary.org/obo/IAO_0000136","taxa","","6656","https://vocab.audioblast.org/cv/referenceContent#AcousticBehaviour",""
"references","","53560","http://purl.obolibrary.org/obo/IAO_0000136","taxa","","6656","https://vocab.audioblast.org/cv/referenceContent#StridulatoryFileSEMImage",""
"references","","53560","http://purl.obolibrary.org/obo/IAO_0000136","taxa","","6658","https://vocab.audioblast.org/cv/referenceContent#AcousticBehaviour",""
"references","","53560","http://purl.obolibrary.org/obo/IAO_0000136","taxa","","6658","https://vocab.audioblast.org/cv/referenceContent#StridulatoryFileSEMImage",""
"references","","53560","http://purl.obolibrary.org/obo/IAO_0000136","taxa","","6659","https://vocab.audioblast.org/cv/referenceContent#AcousticBehaviour",""
"references","","53560","http://purl.obolibrary.org/obo/IAO_0000136","taxa","","6659","https://vocab.audioblast.org/cv/referenceContent#StridulatoryFileSEMImage",""
"references","","53565","http://purl.obolibrary.org/obo/IAO_0000136","taxa","","6662","https://vocab.audioblast.org/cv/referenceContent#AcousticBehaviour",""
"references","","53565","http://purl.obolibrary.org/obo/IAO_0000136","taxa","","6664","https://vocab.audioblast.org/cv/referenceContent#AcousticBehaviour",""
"references","","53566","http://purl.obolibrary.org/obo/IAO_0000136","taxa","","35","https://vocab.audioblast.org/cv/referenceContent#AcousticBehaviour",""
"references","","53567","http://purl.obolibrary.org/obo/IAO_0000136","taxa","","216","https://vocab.audioblast.org/cv/referenceContent#AcousticBehaviour",""
"references","","53568","http://purl.obolibrary.org/obo/IAO_0000136","taxa","","574","https://vocab.audioblast.org/cv/referenceContent#AcousticBehaviour",""
"references","","53569","http://purl.obolibrary.org/obo/IAO_0000136","taxa","","4599","https://vocab.audioblast.org/cv/referenceContent#AcousticBehaviour",""
"references","","53569","http://purl.obolibrary.org/obo/IAO_0000136","taxa","","5190","https://vocab.audioblast.org/cv/referenceContent#AcousticBehaviour",""
"references","","53569","http://purl.obolibrary.org/obo/IAO_0000136","taxa","","5199","https://vocab.audioblast.org/cv/referenceContent#AcousticBehaviour",""
"references","","53569","http://purl.obolibrary.org/obo/IAO_0000136","taxa","","5239","https://vocab.audioblast.org/cv/referenceContent#AcousticBehaviour",""
"references","","53569","http://purl.obolibrary.org/obo/IAO_0000136","taxa","","5421","https://vocab.audioblast.org/cv/referenceContent#AcousticBehaviour",""
"references","","53569","http://purl.obolibrary.org/obo/IAO_0000136","taxa","","6665","https://vocab.audioblast.org/cv/referenceContent#AcousticBehaviour",""
"references","","53569","http://purl.obolibrary.org/obo/IAO_0000136","taxa","","6666","https://vocab.audioblast.org/cv/referenceContent#AcousticBehaviour",""
"references","","53569","http://purl.obolibrary.org/obo/IAO_0000136","taxa","","6667","https://vocab.audioblast.org/cv/referenceContent#AcousticBehaviour",""
"references","","53569","http://purl.obolibrary.org/obo/IAO_0000136","taxa","","6668","https://vocab.audioblast.org/cv/referenceContent#AcousticBehaviour",""
"references","","53569","http://purl.obolibrary.org/obo/IAO_0000136","taxa","","6669","https://vocab.audioblast.org/cv/referenceContent#AcousticBehaviour",""
"references","","53569","http://purl.obolibrary.org/obo/IAO_0000136","taxa","","6670","https://vocab.audioblast.org/cv/referenceContent#AcousticBehaviour",""
"references","","53569","http://purl.obolibrary.org/obo/IAO_0000136","taxa","","6671","https://vocab.audioblast.org/cv/referenceContent#AcousticBehaviour",""
"references","","53569","http://purl.obolibrary.org/obo/IAO_0000136","taxa","","6673","https://vocab.audioblast.org/cv/referenceContent#AcousticBehaviour",""
"references","","53569","http://purl.obolibrary.org/obo/IAO_0000136","taxa","","771","https://vocab.audioblast.org/cv/referenceContent#AcousticBehaviour",""
"references","","53569","http://purl.obolibrary.org/obo/IAO_0000136","taxa","","772","https://vocab.audioblast.org/cv/referenceContent#AcousticBehaviour",""
"references","","53569","http://purl.obolibrary.org/obo/IAO_0000136","taxa","","773","https://vocab.audioblast.org/cv/referenceContent#AcousticBehaviour",""
"references","","53573","http://purl.obolibrary.org/obo/IAO_0000136","taxa","","6675","https://vocab.audioblast.org/cv/referenceContent#AcousticBehaviour",""
"references","","53573","http://purl.obolibrary.org/obo/IAO_0000136","taxa","","6676","https://vocab.audioblast.org/cv/referenceContent#AcousticBehaviour",""
"references","","53574","http://purl.obolibrary.org/obo/IAO_0000136","taxa","","6678","https://vocab.audioblast.org/cv/referenceContent#AcousticBehaviour",""
"references","","53575","http://purl.obolibrary.org/obo/IAO_0000136","taxa","","3354","https://vocab.audioblast.org/cv/referenceContent#AcousticBehaviour",""
"references","","53577","http://purl.obolibrary.org/obo/IAO_0000136","term","","https://vocab.audioblast.org/cv/topic#AnthropogenicNoise","",""
"references","","53578","http://purl.obolibrary.org/obo/IAO_0000136","taxa","","4510","https://vocab.audioblast.org/cv/referenceContent#AcousticBehaviour",""
"references","","53579","http://purl.obolibrary.org/obo/IAO_0000136","taxa","","6681","https://vocab.audioblast.org/cv/referenceContent#AcousticBehaviour",""
"references","","53580","http://purl.obolibrary.org/obo/IAO_0000136","term","","https://vocab.audioblast.org/cv/topic#Soundscapes","",""
"references","","53581","http://purl.obolibrary.org/obo/IAO_0000136","taxa","","4988","https://vocab.audioblast.org/cv/referenceContent#AcousticBehaviour",""
"references","","53582","http://purl.obolibrary.org/obo/IAO_0000136","taxa","","6022","https://vocab.audioblast.org/cv/referenceContent#AcousticBehaviour",""
"references","","53584","http://purl.obolibrary.org/obo/IAO_0000136","taxa","","5973","https://vocab.audioblast.org/cv/referenceContent#AcousticBehaviour",""
"references","","53588","http://purl.obolibrary.org/obo/IAO_0000136","taxa","","6684","https://vocab.audioblast.org/cv/referenceContent#AcousticBehaviour",""
"references","","53598","http://purl.obolibrary.org/obo/IAO_0000136","taxa","","6689","https://vocab.audioblast.org/cv/referenceContent#AcousticBehaviour",""
"references","","57295","http://purl.obolibrary.org/obo/IAO_0000136","taxa","","5947","https://vocab.audioblast.org/cv/referenceContent#AcousticBehaviour",""
"references","","57296","http://purl.obolibrary.org/obo/IAO_0000136","taxa","","6757","https://vocab.audioblast.org/cv/referenceContent#AcousticBehaviour",""
"references","","57296","http://purl.obolibrary.org/obo/IAO_0000136","taxa","","6757","https://vocab.audioblast.org/cv/referenceContent#SongDescription",""
"references","","57296","http://purl.obolibrary.org/obo/IAO_0000136","taxa","","6757","https://vocab.audioblast.org/cv/referenceContent#Spectrogram",""
"references","","57299","http://purl.obolibrary.org/obo/IAO_0000136","taxa","","6762","https://vocab.audioblast.org/cv/referenceContent#AcousticBehaviour",""
"references","","57299","http://purl.obolibrary.org/obo/IAO_0000136","taxa","","6762","https://vocab.audioblast.org/cv/referenceContent#SongDescription",""
"references","","57332","http://purl.obolibrary.org/obo/IAO_0000136","taxa","","738","https://vocab.audioblast.org/cv/referenceContent#AcousticBehaviour",""
"references","","57332","http://purl.obolibrary.org/obo/IAO_0000136","term","","https://vocab.audioblast.org/cv/topic#Soundscapes","",""
"references","","57333","http://purl.obolibrary.org/obo/IAO_0000136","taxa","","803","https://vocab.audioblast.org/cv/referenceContent#AcousticBehaviour",""
"references","","57334","http://purl.obolibrary.org/obo/IAO_0000136","taxa","","6781","https://vocab.audioblast.org/cv/referenceContent#AcousticBehaviour",""
"references","","57335","http://purl.obolibrary.org/obo/IAO_0000136","taxa","","6373","https://vocab.audioblast.org/cv/referenceContent#AcousticBehaviour",""
"references","","57336","http://purl.obolibrary.org/obo/IAO_0000136","term","","https://vocab.audioblast.org/cv/topic#Ecoacoustics","",""
"references","","57336","http://purl.obolibrary.org/obo/IAO_0000136","term","","https://vocab.audioblast.org/cv/topic#Methods","",""
"references","","57337","http://purl.obolibrary.org/obo/IAO_0000136","taxa","","6783","https://vocab.audioblast.org/cv/referenceContent#AcousticBehaviour",""
"references","","57338","http://purl.obolibrary.org/obo/IAO_0000136","taxa","","6787","https://vocab.audioblast.org/cv/referenceContent#AcousticBehaviour",""
"references","","57338","http://purl.obolibrary.org/obo/IAO_0000136","taxa","","6791","https://vocab.audioblast.org/cv/referenceContent#AcousticBehaviour",""
"references","","57339","http://purl.obolibrary.org/obo/IAO_0000136","taxa","","6794","https://vocab.audioblast.org/cv/referenceContent#AcousticBehaviour",""
"references","","57340","http://purl.obolibrary.org/obo/IAO_0000136","taxa","","738","https://vocab.audioblast.org/cv/referenceContent#AcousticBehaviour",""
"references","","57340","http://purl.obolibrary.org/obo/IAO_0000136","term","","https://vocab.audioblast.org/cv/topic#EducationalResources","",""
"references","","57341","http://purl.obolibrary.org/obo/IAO_0000136","taxa","","6797","https://vocab.audioblast.org/cv/referenceContent#AcousticBehaviour",""
"references","","57342","http://purl.obolibrary.org/obo/IAO_0000136","taxa","","492","https://vocab.audioblast.org/cv/referenceContent#AcousticBehaviour",""
"references","","57342","http://purl.obolibrary.org/obo/IAO_0000136","taxa","","6798","https://vocab.audioblast.org/cv/referenceContent#AcousticBehaviour",""
"references","","57343","http://purl.obolibrary.org/obo/IAO_0000136","taxa","","6801","https://vocab.audioblast.org/cv/referenceContent#AcousticBehaviour",""
"references","","57344","http://purl.obolibrary.org/obo/IAO_0000136","taxa","","6803","https://vocab.audioblast.org/cv/referenceContent#AcousticBehaviour",""
"references","","57345","http://purl.obolibrary.org/obo/IAO_0000136","term","","https://vocab.audioblast.org/cv/topic#MarineSoundscapes","",""
"references","","57346","http://purl.obolibrary.org/obo/IAO_0000136","taxa","","6022","https://vocab.audioblast.org/cv/referenceContent#AcousticBehaviour",""
"references","","57347","http://purl.obolibrary.org/obo/IAO_0000136","taxa","","6805","https://vocab.audioblast.org/cv/referenceContent#AcousticBehaviour",""
"references","","57347","http://purl.obolibrary.org/obo/IAO_0000136","taxa","","6806","https://vocab.audioblast.org/cv/referenceContent#AcousticBehaviour",""
"references","","57347","http://purl.obolibrary.org/obo/IAO_0000136","taxa","","6807","https://vocab.audioblast.org/cv/referenceContent#AcousticBehaviour",""
"references","","57347","http://purl.obolibrary.org/obo/IAO_0000136","taxa","","6808","https://vocab.audioblast.org/cv/referenceContent#AcousticBehaviour",""
"references","","57347","http://purl.obolibrary.org/obo/IAO_0000136","taxa","","6809","https://vocab.audioblast.org/cv/referenceContent#AcousticBehaviour",""
"references","","57347","http://purl.obolibrary.org/obo/IAO_0000136","taxa","","6810","https://vocab.audioblast.org/cv/referenceContent#AcousticBehaviour",""
"references","","57347","http://purl.obolibrary.org/obo/IAO_0000136","taxa","","6811","https://vocab.audioblast.org/cv/referenceContent#AcousticBehaviour",""
"references","","57347","http://purl.obolibrary.org/obo/IAO_0000136","taxa","","6813","https://vocab.audioblast.org/cv/referenceContent#AcousticBehaviour",""
"references","","57351","http://purl.obolibrary.org/obo/IAO_0000136","term","","https://vocab.audioblast.org/cv/topic#MarineSoundscapes","",""
"references","","57352","http://purl.obolibrary.org/obo/IAO_0000136","taxa","","4960","https://vocab.audioblast.org/cv/referenceContent#AcousticBehaviour",""
"references","","57352","http://purl.obolibrary.org/obo/IAO_0000136","taxa","","4969","https://vocab.audioblast.org/cv/referenceContent#AcousticBehaviour",""
"references","","57352","http://purl.obolibrary.org/obo/IAO_0000136","taxa","","6814","https://vocab.audioblast.org/cv/referenceContent#AcousticBehaviour",""
"references","","57353","http://purl.obolibrary.org/obo/IAO_0000136","taxa","","6781","https://vocab.audioblast.org/cv/referenceContent#AcousticBehaviour",""
"references","","57354","http://purl.obolibrary.org/obo/IAO_0000136","taxa","","1248","https://vocab.audioblast.org/cv/referenceContent#AcousticBehaviour",""
"references","","57354","http://purl.obolibrary.org/obo/IAO_0000136","taxa","","6815","https://vocab.audioblast.org/cv/referenceContent#AcousticBehaviour",""
"references","","57356","http://purl.obolibrary.org/obo/IAO_0000136","taxa","","6816","https://vocab.audioblast.org/cv/referenceContent#AcousticBehaviour",""
"references","","57357","http://purl.obolibrary.org/obo/IAO_0000136","taxa","","1780","https://vocab.audioblast.org/cv/referenceContent#AcousticBehaviour",""
"references","","57357","http://purl.obolibrary.org/obo/IAO_0000136","taxa","","1781","https://vocab.audioblast.org/cv/referenceContent#AcousticBehaviour",""
"references","","57357","http://purl.obolibrary.org/obo/IAO_0000136","taxa","","6817","https://vocab.audioblast.org/cv/referenceContent#AcousticBehaviour",""
"references","","57357","http://purl.obolibrary.org/obo/IAO_0000136","taxa","","6818","https://vocab.audioblast.org/cv/referenceContent#AcousticBehaviour",""
"references","","57361","http://purl.obolibrary.org/obo/IAO_0000136","taxa","","6820","https://vocab.audioblast.org/cv/referenceContent#AcousticBehaviour",""
"references","","57362","http://purl.obolibrary.org/obo/IAO_0000136","taxa","","6822","https://vocab.audioblast.org/cv/referenceContent#AcousticBehaviour",""
"references","","57363","http://purl.obolibrary.org/obo/IAO_0000136","taxa","","6198","https://vocab.audioblast.org/cv/referenceContent#AcousticBehaviour",""
"references","","57364","http://purl.obolibrary.org/obo/IAO_0000136","taxa","","6824","https://vocab.audioblast.org/cv/referenceContent#AcousticBehaviour",""
"references","","57364","http://purl.obolibrary.org/obo/IAO_0000136","taxa","","6825","https://vocab.audioblast.org/cv/referenceContent#AcousticBehaviour",""
"references","","57364","http://purl.obolibrary.org/obo/IAO_0000136","taxa","","6826","https://vocab.audioblast.org/cv/referenceContent#AcousticBehaviour",""
"references","","57365","http://purl.obolibrary.org/obo/IAO_0000136","taxa","","6827","https://vocab.audioblast.org/cv/referenceContent#AcousticBehaviour",""
"references","","57366","http://purl.obolibrary.org/obo/IAO_0000136","taxa","","6781","https://vocab.audioblast.org/cv/referenceContent#AcousticBehaviour",""
"references","","57368","http://purl.obolibrary.org/obo/IAO_0000136","taxa","","6831","https://vocab.audioblast.org/cv/referenceContent#AcousticBehaviour",""
"references","","57370","http://purl.obolibrary.org/obo/IAO_0000136","taxa","","235","https://vocab.audioblast.org/cv/referenceContent#AcousticBehaviour",""
"references","","57370","http://purl.obolibrary.org/obo/IAO_0000136","taxa","","6832","https://vocab.audioblast.org/cv/referenceContent#AcousticBehaviour",""
"references","","57373","http://purl.obolibrary.org/obo/IAO_0000136","taxa","","4524","https://vocab.audioblast.org/cv/referenceContent#AcousticBehaviour",""
"references","","57374","http://purl.obolibrary.org/obo/IAO_0000136","taxa","","6293","https://vocab.audioblast.org/cv/referenceContent#AcousticBehaviour",""
"references","","57374","http://purl.obolibrary.org/obo/IAO_0000136","taxa","","6295","https://vocab.audioblast.org/cv/referenceContent#AcousticBehaviour",""
"references","","57374","http://purl.obolibrary.org/obo/IAO_0000136","taxa","","6833","https://vocab.audioblast.org/cv/referenceContent#AcousticBehaviour",""
"references","","57374","http://purl.obolibrary.org/obo/IAO_0000136","taxa","","6835","https://vocab.audioblast.org/cv/referenceContent#AcousticBehaviour",""
"references","","57374","http://purl.obolibrary.org/obo/IAO_0000136","taxa","","6837","https://vocab.audioblast.org/cv/referenceContent#AcousticBehaviour",""
"references","","57374","http://purl.obolibrary.org/obo/IAO_0000136","taxa","","6839","https://vocab.audioblast.org/cv/referenceContent#AcousticBehaviour",""
"references","","57375","http://purl.obolibrary.org/obo/IAO_0000136","taxa","","1668","https://vocab.audioblast.org/cv/referenceContent#AcousticBehaviour",""
"references","","57375","http://purl.obolibrary.org/obo/IAO_0000136","taxa","","1669","https://vocab.audioblast.org/cv/referenceContent#AcousticBehaviour",""
"references","","57375","http://purl.obolibrary.org/obo/IAO_0000136","taxa","","404","https://vocab.audioblast.org/cv/referenceContent#AcousticBehaviour",""
"references","","57375","http://purl.obolibrary.org/obo/IAO_0000136","taxa","","407","https://vocab.audioblast.org/cv/referenceContent#AcousticBehaviour",""
"references","","57375","http://purl.obolibrary.org/obo/IAO_0000136","taxa","","56","https://vocab.audioblast.org/cv/referenceContent#AcousticBehaviour",""
"references","","57375","http://purl.obolibrary.org/obo/IAO_0000136","taxa","","6840","https://vocab.audioblast.org/cv/referenceContent#AcousticBehaviour",""
"references","","57375","http://purl.obolibrary.org/obo/IAO_0000136","taxa","","6841","https://vocab.audioblast.org/cv/referenceContent#AcousticBehaviour",""
"references","","57375","http://purl.obolibrary.org/obo/IAO_0000136","taxa","","6842","https://vocab.audioblast.org/cv/referenceContent#AcousticBehaviour",""
"references","","57375","http://purl.obolibrary.org/obo/IAO_0000136","taxa","","6843","https://vocab.audioblast.org/cv/referenceContent#AcousticBehaviour",""
"references","","57375","http://purl.obolibrary.org/obo/IAO_0000136","taxa","","6844","https://vocab.audioblast.org/cv/referenceContent#AcousticBehaviour",""
"references","","57384","http://purl.obolibrary.org/obo/IAO_0000136","taxa","","6845","https://vocab.audioblast.org/cv/referenceContent#AcousticBehaviour",""
"references","","57386","http://purl.obolibrary.org/obo/IAO_0000136","taxa","","1796","https://vocab.audioblast.org/cv/referenceContent#AcousticBehaviour",""
"references","","57387","http://purl.obolibrary.org/obo/IAO_0000136","taxa","","6846","https://vocab.audioblast.org/cv/referenceContent#AcousticBehaviour",""
"references","","57388","http://purl.obolibrary.org/obo/IAO_0000136","taxa","","6310","https://vocab.audioblast.org/cv/referenceContent#AcousticBehaviour",""
"references","","57389","http://purl.obolibrary.org/obo/IAO_0000136","taxa","","6850","https://vocab.audioblast.org/cv/referenceContent#AcousticBehaviour",""
"references","","57389","http://purl.obolibrary.org/obo/IAO_0000136","taxa","","6852","https://vocab.audioblast.org/cv/referenceContent#AcousticBehaviour",""
"references","","57390","http://purl.obolibrary.org/obo/IAO_0000136","taxa","","6855","https://vocab.audioblast.org/cv/referenceContent#AcousticBehaviour",""
"references","","57391","http://purl.obolibrary.org/obo/IAO_0000136","taxa","","6857","https://vocab.audioblast.org/cv/referenceContent#AcousticBehaviour",""
"references","","57391","http://purl.obolibrary.org/obo/IAO_0000136","taxa","","6860","https://vocab.audioblast.org/cv/referenceContent#AcousticBehaviour",""
"references","","57392","http://purl.obolibrary.org/obo/IAO_0000136","taxa","","6861","https://vocab.audioblast.org/cv/referenceContent#AcousticBehaviour",""
"references","","57394","http://purl.obolibrary.org/obo/IAO_0000136","taxa","","1453","https://vocab.audioblast.org/cv/referenceContent#AcousticBehaviour",""
"references","","57394","http://purl.obolibrary.org/obo/IAO_0000136","taxa","","1461","https://vocab.audioblast.org/cv/referenceContent#AcousticBehaviour",""
"references","","57394","http://purl.obolibrary.org/obo/IAO_0000136","taxa","","6870","https://vocab.audioblast.org/cv/referenceContent#AcousticBehaviour",""
"references","","57394","http://purl.obolibrary.org/obo/IAO_0000136","taxa","","6871","https://vocab.audioblast.org/cv/referenceContent#AcousticBehaviour",""
"references","","57395","http://purl.obolibrary.org/obo/IAO_0000136","taxa","","6611","https://vocab.audioblast.org/cv/referenceContent#AcousticBehaviour",""
"references","","57395","http://purl.obolibrary.org/obo/IAO_0000136","taxa","","6872","https://vocab.audioblast.org/cv/referenceContent#AcousticBehaviour",""
"references","","57395","http://purl.obolibrary.org/obo/IAO_0000136","taxa","","6873","https://vocab.audioblast.org/cv/referenceContent#AcousticBehaviour",""
"references","","57396","http://purl.obolibrary.org/obo/IAO_0000136","taxa","","4076","https://vocab.audioblast.org/cv/referenceContent#AcousticBehaviour",""
"references","","57397","http://purl.obolibrary.org/obo/IAO_0000136","taxa","","6878","https://vocab.audioblast.org/cv/referenceContent#AcousticBehaviour",""
"references","","57398","http://purl.obolibrary.org/obo/IAO_0000136","taxa","","143","https://vocab.audioblast.org/cv/referenceContent#AcousticBehaviour",""
"references","","57398","http://purl.obolibrary.org/obo/IAO_0000136","taxa","","143","https://vocab.audioblast.org/cv/referenceContent#Oscillogram",""
"references","","57398","http://purl.obolibrary.org/obo/IAO_0000136","taxa","","143","https://vocab.audioblast.org/cv/referenceContent#SongDescription",""
"references","","57398","http://purl.obolibrary.org/obo/IAO_0000136","taxa","","143","https://vocab.audioblast.org/cv/referenceContent#Spectrogram",""
"references","","57399","http://purl.obolibrary.org/obo/IAO_0000136","taxa","","240","https://vocab.audioblast.org/cv/referenceContent#AcousticBehaviour",""
"references","","57399","http://purl.obolibrary.org/obo/IAO_0000136","taxa","","6136","https://vocab.audioblast.org/cv/referenceContent#AcousticBehaviour",""
"references","","57403","http://purl.obolibrary.org/obo/IAO_0000136","taxa","","6138","https://vocab.audioblast.org/cv/referenceContent#AcousticBehaviour",""
"references","","57404","http://purl.obolibrary.org/obo/IAO_0000136","taxa","","6883","https://vocab.audioblast.org/cv/referenceContent#AcousticBehaviour",""
"references","","57405","http://purl.obolibrary.org/obo/IAO_0000136","taxa","","6884","https://vocab.audioblast.org/cv/referenceContent#AcousticBehaviour",""
"references","","57405","http://purl.obolibrary.org/obo/IAO_0000136","taxa","","6885","https://vocab.audioblast.org/cv/referenceContent#AcousticBehaviour",""
"references","","57407","http://purl.obolibrary.org/obo/IAO_0000136","taxa","","6889","https://vocab.audioblast.org/cv/referenceContent#AcousticBehaviour",""
"references","","57408","http://purl.obolibrary.org/obo/IAO_0000136","taxa","","92","https://vocab.audioblast.org/cv/referenceContent#AcousticBehaviour",""
"references","","57409","http://purl.obolibrary.org/obo/IAO_0000136","taxa","","6891","https://vocab.audioblast.org/cv/referenceContent#AcousticBehaviour",""
"references","","57410","http://purl.obolibrary.org/obo/IAO_0000136","taxa","","6203","https://vocab.audioblast.org/cv/referenceContent#AcousticBehaviour",""
"references","","57411","http://purl.obolibrary.org/obo/IAO_0000136","term","","https://vocab.audioblast.org/cv/topic#MarineSoundscapes","",""
"references","","57412","http://purl.obolibrary.org/obo/IAO_0000136","taxa","","1834","https://vocab.audioblast.org/cv/referenceContent#AcousticBehaviour",""
"references","","57413","http://purl.obolibrary.org/obo/IAO_0000136","taxa","","6678","https://vocab.audioblast.org/cv/referenceContent#AcousticBehaviour",""
"references","","57414","http://purl.obolibrary.org/obo/IAO_0000136","taxa","","6441","https://vocab.audioblast.org/cv/referenceContent#AcousticBehaviour",""
"references","","57415","http://purl.obolibrary.org/obo/IAO_0000136","taxa","","6781","https://vocab.audioblast.org/cv/referenceContent#AcousticBehaviour",""
"references","","57416","http://purl.obolibrary.org/obo/IAO_0000136","taxa","","6084","https://vocab.audioblast.org/cv/referenceContent#AcousticBehaviour",""
"references","","57416","http://purl.obolibrary.org/obo/IAO_0000136","taxa","","6874","https://vocab.audioblast.org/cv/referenceContent#AcousticBehaviour",""
"references","","57416","http://purl.obolibrary.org/obo/IAO_0000136","term","","https://vocab.audioblast.org/cv/topic#Methods","",""
"references","","57417","http://purl.obolibrary.org/obo/IAO_0000136","taxa","","6814","https://vocab.audioblast.org/cv/referenceContent#AcousticBehaviour",""
"references","","57418","http://purl.obolibrary.org/obo/IAO_0000136","taxa","","6894","https://vocab.audioblast.org/cv/referenceContent#AcousticBehaviour",""
"references","","57419","http://purl.obolibrary.org/obo/IAO_0000136","taxa","","6441","https://vocab.audioblast.org/cv/referenceContent#AcousticBehaviour",""
"references","","57420","http://purl.obolibrary.org/obo/IAO_0000136","taxa","","738","https://vocab.audioblast.org/cv/referenceContent#AcousticBehaviour",""
"references","","57421","http://purl.obolibrary.org/obo/IAO_0000136","taxa","","6898","https://vocab.audioblast.org/cv/referenceContent#AcousticBehaviour",""
"references","","57422","http://purl.obolibrary.org/obo/IAO_0000136","taxa","","6900","https://vocab.audioblast.org/cv/referenceContent#AcousticBehaviour",""
"references","","57423","http://purl.obolibrary.org/obo/IAO_0000136","taxa","","6801","https://vocab.audioblast.org/cv/referenceContent#AcousticBehaviour",""
"references","","57427","http://purl.obolibrary.org/obo/IAO_0000136","taxa","","327","https://vocab.audioblast.org/cv/referenceContent#AcousticBehaviour",""
"references","","57427","http://purl.obolibrary.org/obo/IAO_0000136","taxa","","327","https://vocab.audioblast.org/cv/referenceContent#Oscillogram",""
"references","","57427","http://purl.obolibrary.org/obo/IAO_0000136","taxa","","327","https://vocab.audioblast.org/cv/referenceContent#SongDescription",""
"references","","57427","http://purl.obolibrary.org/obo/IAO_0000136","taxa","","327","https://vocab.audioblast.org/cv/referenceContent#Spectrogram",""
"references","","57427","http://purl.obolibrary.org/obo/IAO_0000136","taxa","","4591","https://vocab.audioblast.org/cv/referenceContent#AcousticBehaviour",""
"references","","57427","http://purl.obolibrary.org/obo/IAO_0000136","taxa","","4591","https://vocab.audioblast.org/cv/referenceContent#Oscillogram",""
"references","","57427","http://purl.obolibrary.org/obo/IAO_0000136","taxa","","4591","https://vocab.audioblast.org/cv/referenceContent#SongDescription",""
"references","","57427","http://purl.obolibrary.org/obo/IAO_0000136","taxa","","4591","https://vocab.audioblast.org/cv/referenceContent#Spectrogram",""
"references","","57427","http://purl.obolibrary.org/obo/IAO_0000136","taxa","","4611","https://vocab.audioblast.org/cv/referenceContent#AcousticBehaviour",""
"references","","57427","http://purl.obolibrary.org/obo/IAO_0000136","taxa","","4611","https://vocab.audioblast.org/cv/referenceContent#SongDescription",""
"references","","57427","http://purl.obolibrary.org/obo/IAO_0000136","taxa","","4613","https://vocab.audioblast.org/cv/referenceContent#AcousticBehaviour",""
"references","","57427","http://purl.obolibrary.org/obo/IAO_0000136","taxa","","4613","https://vocab.audioblast.org/cv/referenceContent#Oscillogram",""
"references","","57427","http://purl.obolibrary.org/obo/IAO_0000136","taxa","","4613","https://vocab.audioblast.org/cv/referenceContent#SongDescription",""
"references","","57427","http://purl.obolibrary.org/obo/IAO_0000136","taxa","","4613","https://vocab.audioblast.org/cv/referenceContent#Spectrogram",""
"references","","57427","http://purl.obolibrary.org/obo/IAO_0000136","taxa","","56","https://vocab.audioblast.org/cv/referenceContent#AcousticBehaviour",""
"references","","57427","http://purl.obolibrary.org/obo/IAO_0000136","taxa","","619","https://vocab.audioblast.org/cv/referenceContent#AcousticBehaviour",""
"references","","57427","http://purl.obolibrary.org/obo/IAO_0000136","taxa","","619","https://vocab.audioblast.org/cv/referenceContent#SongDescription",""
"references","","57427","http://purl.obolibrary.org/obo/IAO_0000136","taxa","","6901","https://vocab.audioblast.org/cv/referenceContent#AcousticBehaviour",""
"references","","57427","http://purl.obolibrary.org/obo/IAO_0000136","taxa","","6901","https://vocab.audioblast.org/cv/referenceContent#Oscillogram",""
"references","","57427","http://purl.obolibrary.org/obo/IAO_0000136","taxa","","6901","https://vocab.audioblast.org/cv/referenceContent#SongDescription",""
"references","","57427","http://purl.obolibrary.org/obo/IAO_0000136","taxa","","6902","https://vocab.audioblast.org/cv/referenceContent#AcousticBehaviour",""
"references","","57427","http://purl.obolibrary.org/obo/IAO_0000136","taxa","","6902","https://vocab.audioblast.org/cv/referenceContent#Oscillogram",""
"references","","57427","http://purl.obolibrary.org/obo/IAO_0000136","taxa","","6902","https://vocab.audioblast.org/cv/referenceContent#SongDescription",""
"references","","57427","http://purl.obolibrary.org/obo/IAO_0000136","taxa","","6902","https://vocab.audioblast.org/cv/referenceContent#Spectrogram",""
"references","","57427","http://purl.obolibrary.org/obo/IAO_0000136","taxa","","6904","https://vocab.audioblast.org/cv/referenceContent#AcousticBehaviour",""
"references","","57427","http://purl.obolibrary.org/obo/IAO_0000136","taxa","","6904","https://vocab.audioblast.org/cv/referenceContent#Oscillogram",""
"references","","57427","http://purl.obolibrary.org/obo/IAO_0000136","taxa","","6904","https://vocab.audioblast.org/cv/referenceContent#SongDescription",""
"references","","57427","http://purl.obolibrary.org/obo/IAO_0000136","taxa","","6904","https://vocab.audioblast.org/cv/referenceContent#Spectrogram",""
"references","","57427","http://purl.obolibrary.org/obo/IAO_0000136","taxa","","6906","https://vocab.audioblast.org/cv/referenceContent#AcousticBehaviour",""
"references","","57427","http://purl.obolibrary.org/obo/IAO_0000136","taxa","","6906","https://vocab.audioblast.org/cv/referenceContent#Oscillogram",""
"references","","57427","http://purl.obolibrary.org/obo/IAO_0000136","taxa","","6906","https://vocab.audioblast.org/cv/referenceContent#SongDescription",""
"references","","57427","http://purl.obolibrary.org/obo/IAO_0000136","taxa","","6906","https://vocab.audioblast.org/cv/referenceContent#Spectrogram",""
"references","","57427","http://purl.obolibrary.org/obo/IAO_0000136","taxa","","6906","https://vocab.audioblast.org/cv/referenceContent#StridulatoryFilePhotograph",""
"references","","57427","http://purl.obolibrary.org/obo/IAO_0000136","taxa","","6907","https://vocab.audioblast.org/cv/referenceContent#AcousticBehaviour",""
"references","","57427","http://purl.obolibrary.org/obo/IAO_0000136","taxa","","6907","https://vocab.audioblast.org/cv/referenceContent#Oscillogram",""
"references","","57427","http://purl.obolibrary.org/obo/IAO_0000136","taxa","","6907","https://vocab.audioblast.org/cv/referenceContent#SongDescription",""
"references","","57427","http://purl.obolibrary.org/obo/IAO_0000136","taxa","","6907","https://vocab.audioblast.org/cv/referenceContent#Spectrogram",""
"references","","57427","http://purl.obolibrary.org/obo/IAO_0000136","taxa","","6907","https://vocab.audioblast.org/cv/referenceContent#StridulatoryApparatusDescription",""
"references","","57427","http://purl.obolibrary.org/obo/IAO_0000136","taxa","","6907","https://vocab.audioblast.org/cv/referenceContent#StridulatoryFilePhotograph",""
"references","","57427","http://purl.obolibrary.org/obo/IAO_0000136","taxa","","6908","https://vocab.audioblast.org/cv/referenceContent#AcousticBehaviour",""
"references","","57427","http://purl.obolibrary.org/obo/IAO_0000136","taxa","","6908","https://vocab.audioblast.org/cv/referenceContent#Oscillogram",""
"references","","57427","http://purl.obolibrary.org/obo/IAO_0000136","taxa","","6908","https://vocab.audioblast.org/cv/referenceContent#SongDescription",""
"references","","57427","http://purl.obolibrary.org/obo/IAO_0000136","taxa","","6908","https://vocab.audioblast.org/cv/referenceContent#Spectrogram",""
"references","","57427","http://purl.obolibrary.org/obo/IAO_0000136","taxa","","6908","https://vocab.audioblast.org/cv/referenceContent#StridulatoryFilePhotograph",""
"references","","57427","http://purl.obolibrary.org/obo/IAO_0000136","taxa","","6909","https://vocab.audioblast.org/cv/referenceContent#AcousticBehaviour",""
"references","","57427","http://purl.obolibrary.org/obo/IAO_0000136","taxa","","6909","https://vocab.audioblast.org/cv/referenceContent#Oscillogram",""
"references","","57427","http://purl.obolibrary.org/obo/IAO_0000136","taxa","","6909","https://vocab.audioblast.org/cv/referenceContent#SongDescription",""
"references","","57427","http://purl.obolibrary.org/obo/IAO_0000136","taxa","","6909","https://vocab.audioblast.org/cv/referenceContent#Spectrogram",""
"references","","57427","http://purl.obolibrary.org/obo/IAO_0000136","taxa","","6909","https://vocab.audioblast.org/cv/referenceContent#StridulatoryApparatusDescription",""
"references","","57427","http://purl.obolibrary.org/obo/IAO_0000136","taxa","","6909","https://vocab.audioblast.org/cv/referenceContent#StridulatoryFilePhotograph",""
"references","","57427","http://purl.obolibrary.org/obo/IAO_0000136","taxa","","6910","https://vocab.audioblast.org/cv/referenceContent#AcousticBehaviour",""
"references","","57427","http://purl.obolibrary.org/obo/IAO_0000136","taxa","","6910","https://vocab.audioblast.org/cv/referenceContent#Oscillogram",""
"references","","57427","http://purl.obolibrary.org/obo/IAO_0000136","taxa","","6910","https://vocab.audioblast.org/cv/referenceContent#SongDescription",""
"references","","57427","http://purl.obolibrary.org/obo/IAO_0000136","taxa","","6910","https://vocab.audioblast.org/cv/referenceContent#Spectrogram",""
"references","","57427","http://purl.obolibrary.org/obo/IAO_0000136","taxa","","6910","https://vocab.audioblast.org/cv/referenceContent#StridulatoryApparatusDescription",""
"references","","57427","http://purl.obolibrary.org/obo/IAO_0000136","taxa","","6910","https://vocab.audioblast.org/cv/referenceContent#StridulatoryFilePhotograph",""
"references","","57427","http://purl.obolibrary.org/obo/IAO_0000136","taxa","","6911","https://vocab.audioblast.org/cv/referenceContent#AcousticBehaviour",""
"references","","57427","http://purl.obolibrary.org/obo/IAO_0000136","taxa","","6911","https://vocab.audioblast.org/cv/referenceContent#Oscillogram",""
"references","","57427","http://purl.obolibrary.org/obo/IAO_0000136","taxa","","6911","https://vocab.audioblast.org/cv/referenceContent#SongDescription",""
"references","","57427","http://purl.obolibrary.org/obo/IAO_0000136","taxa","","6911","https://vocab.audioblast.org/cv/referenceContent#Spectrogram",""
"references","","57427","http://purl.obolibrary.org/obo/IAO_0000136","taxa","","6911","https://vocab.audioblast.org/cv/referenceContent#StridulatoryApparatusDescription",""
"references","","57427","http://purl.obolibrary.org/obo/IAO_0000136","taxa","","6913","https://vocab.audioblast.org/cv/referenceContent#AcousticBehaviour",""
"references","","57427","http://purl.obolibrary.org/obo/IAO_0000136","taxa","","6913","https://vocab.audioblast.org/cv/referenceContent#Oscillogram",""
"references","","57427","http://purl.obolibrary.org/obo/IAO_0000136","taxa","","6913","https://vocab.audioblast.org/cv/referenceContent#SongDescription",""
"references","","57427","http://purl.obolibrary.org/obo/IAO_0000136","taxa","","6913","https://vocab.audioblast.org/cv/referenceContent#Spectrogram",""
"references","","57427","http://purl.obolibrary.org/obo/IAO_0000136","taxa","","6913","https://vocab.audioblast.org/cv/referenceContent#StridulatoryApparatusDescription",""
"references","","57427","http://purl.obolibrary.org/obo/IAO_0000136","taxa","","6913","https://vocab.audioblast.org/cv/referenceContent#StridulatoryFilePhotograph",""
"references","","57427","http://purl.obolibrary.org/obo/IAO_0000136","taxa","","6917","https://vocab.audioblast.org/cv/referenceContent#AcousticBehaviour",""
"references","","57427","http://purl.obolibrary.org/obo/IAO_0000136","taxa","","6917","https://vocab.audioblast.org/cv/referenceContent#Oscillogram",""
"references","","57427","http://purl.obolibrary.org/obo/IAO_0000136","taxa","","6917","https://vocab.audioblast.org/cv/referenceContent#SongDescription",""
"references","","57427","http://purl.obolibrary.org/obo/IAO_0000136","taxa","","6917","https://vocab.audioblast.org/cv/referenceContent#Spectrogram",""
"references","","57427","http://purl.obolibrary.org/obo/IAO_0000136","taxa","","6917","https://vocab.audioblast.org/cv/referenceContent#StridulatoryApparatusDescription",""
"references","","57427","http://purl.obolibrary.org/obo/IAO_0000136","taxa","","6917","https://vocab.audioblast.org/cv/referenceContent#StridulatoryFilePhotograph",""
"references","","57427","http://purl.obolibrary.org/obo/IAO_0000136","taxa","","6918","https://vocab.audioblast.org/cv/referenceContent#AcousticBehaviour",""
"references","","57427","http://purl.obolibrary.org/obo/IAO_0000136","taxa","","6918","https://vocab.audioblast.org/cv/referenceContent#Oscillogram",""
"references","","57427","http://purl.obolibrary.org/obo/IAO_0000136","taxa","","6918","https://vocab.audioblast.org/cv/referenceContent#SongDescription",""
"references","","57427","http://purl.obolibrary.org/obo/IAO_0000136","taxa","","6918","https://vocab.audioblast.org/cv/referenceContent#Spectrogram",""
"references","","57427","http://purl.obolibrary.org/obo/IAO_0000136","taxa","","6918","https://vocab.audioblast.org/cv/referenceContent#StridulatoryApparatusDescription",""
"references","","57427","http://purl.obolibrary.org/obo/IAO_0000136","taxa","","6918","https://vocab.audioblast.org/cv/referenceContent#StridulatoryFilePhotograph",""
"references","","57427","http://purl.obolibrary.org/obo/IAO_0000136","taxa","","6919","https://vocab.audioblast.org/cv/referenceContent#AcousticBehaviour",""
"references","","57427","http://purl.obolibrary.org/obo/IAO_0000136","taxa","","6919","https://vocab.audioblast.org/cv/referenceContent#Oscillogram",""
"references","","57427","http://purl.obolibrary.org/obo/IAO_0000136","taxa","","6919","https://vocab.audioblast.org/cv/referenceContent#SongDescription",""
"references","","57427","http://purl.obolibrary.org/obo/IAO_0000136","taxa","","6919","https://vocab.audioblast.org/cv/referenceContent#Spectrogram",""
"references","","57427","http://purl.obolibrary.org/obo/IAO_0000136","taxa","","6919","https://vocab.audioblast.org/cv/referenceContent#StridulatoryApparatusDescription",""
"references","","57427","http://purl.obolibrary.org/obo/IAO_0000136","taxa","","6919","https://vocab.audioblast.org/cv/referenceContent#StridulatoryFilePhotograph",""
"references","","57427","http://purl.obolibrary.org/obo/IAO_0000136","taxa","","6924","https://vocab.audioblast.org/cv/referenceContent#AcousticBehaviour",""
"references","","57427","http://purl.obolibrary.org/obo/IAO_0000136","taxa","","6924","https://vocab.audioblast.org/cv/referenceContent#Oscillogram",""
"references","","57427","http://purl.obolibrary.org/obo/IAO_0000136","taxa","","6924","https://vocab.audioblast.org/cv/referenceContent#SongDescription",""
"references","","57427","http://purl.obolibrary.org/obo/IAO_0000136","taxa","","6924","https://vocab.audioblast.org/cv/referenceContent#Spectrogram",""
"references","","57427","http://purl.obolibrary.org/obo/IAO_0000136","taxa","","6924","https://vocab.audioblast.org/cv/referenceContent#StridulatoryFilePhotograph",""
"references","","57427","http://purl.obolibrary.org/obo/IAO_0000136","taxa","","6925","https://vocab.audioblast.org/cv/referenceContent#AcousticBehaviour",""
"references","","57427","http://purl.obolibrary.org/obo/IAO_0000136","taxa","","6925","https://vocab.audioblast.org/cv/referenceContent#Oscillogram",""
"references","","57427","http://purl.obolibrary.org/obo/IAO_0000136","taxa","","6925","https://vocab.audioblast.org/cv/referenceContent#SongDescription",""
"references","","57427","http://purl.obolibrary.org/obo/IAO_0000136","taxa","","6925","https://vocab.audioblast.org/cv/referenceContent#Spectrogram",""
"references","","57427","http://purl.obolibrary.org/obo/IAO_0000136","taxa","","6927","https://vocab.audioblast.org/cv/referenceContent#AcousticBehaviour",""
"references","","57427","http://purl.obolibrary.org/obo/IAO_0000136","taxa","","6927","https://vocab.audioblast.org/cv/referenceContent#Oscillogram",""
"references","","57427","http://purl.obolibrary.org/obo/IAO_0000136","taxa","","6927","https://vocab.audioblast.org/cv/referenceContent#SongDescription",""
"references","","57427","http://purl.obolibrary.org/obo/IAO_0000136","taxa","","6930","https://vocab.audioblast.org/cv/referenceContent#AcousticBehaviour",""
"references","","57427","http://purl.obolibrary.org/obo/IAO_0000136","taxa","","6930","https://vocab.audioblast.org/cv/referenceContent#Oscillogram",""
"references","","57427","http://purl.obolibrary.org/obo/IAO_0000136","taxa","","6930","https://vocab.audioblast.org/cv/referenceContent#SongDescription",""
"references","","57427","http://purl.obolibrary.org/obo/IAO_0000136","taxa","","6930","https://vocab.audioblast.org/cv/referenceContent#Spectrogram",""
"references","","57427","http://purl.obolibrary.org/obo/IAO_0000136","taxa","","6932","https://vocab.audioblast.org/cv/referenceContent#AcousticBehaviour",""
"references","","57427","http://purl.obolibrary.org/obo/IAO_0000136","taxa","","6932","https://vocab.audioblast.org/cv/referenceContent#SongDescription",""
"references","","57427","http://purl.obolibrary.org/obo/IAO_0000136","taxa","","6934","https://vocab.audioblast.org/cv/referenceContent#AcousticBehaviour",""
"references","","57427","http://purl.obolibrary.org/obo/IAO_0000136","taxa","","6934","https://vocab.audioblast.org/cv/referenceContent#Oscillogram",""
"references","","57427","http://purl.obolibrary.org/obo/IAO_0000136","taxa","","6934","https://vocab.audioblast.org/cv/referenceContent#SongDescription",""
"references","","57427","http://purl.obolibrary.org/obo/IAO_0000136","taxa","","6934","https://vocab.audioblast.org/cv/referenceContent#Spectrogram",""
"references","","57427","http://purl.obolibrary.org/obo/IAO_0000136","taxa","","6935","https://vocab.audioblast.org/cv/referenceContent#AcousticBehaviour",""
"references","","57427","http://purl.obolibrary.org/obo/IAO_0000136","taxa","","6935","https://vocab.audioblast.org/cv/referenceContent#Oscillogram",""
"references","","57427","http://purl.obolibrary.org/obo/IAO_0000136","taxa","","6935","https://vocab.audioblast.org/cv/referenceContent#SongDescription",""
"references","","57427","http://purl.obolibrary.org/obo/IAO_0000136","taxa","","6935","https://vocab.audioblast.org/cv/referenceContent#Spectrogram",""
"references","","57427","http://purl.obolibrary.org/obo/IAO_0000136","taxa","","6936","https://vocab.audioblast.org/cv/referenceContent#AcousticBehaviour",""
"references","","57427","http://purl.obolibrary.org/obo/IAO_0000136","taxa","","6936","https://vocab.audioblast.org/cv/referenceContent#Oscillogram",""
"references","","57427","http://purl.obolibrary.org/obo/IAO_0000136","taxa","","6936","https://vocab.audioblast.org/cv/referenceContent#SongDescription",""
"references","","57427","http://purl.obolibrary.org/obo/IAO_0000136","taxa","","6936","https://vocab.audioblast.org/cv/referenceContent#Spectrogram",""
"references","","57427","http://purl.obolibrary.org/obo/IAO_0000136","taxa","","6939","https://vocab.audioblast.org/cv/referenceContent#AcousticBehaviour",""
"references","","57427","http://purl.obolibrary.org/obo/IAO_0000136","taxa","","6939","https://vocab.audioblast.org/cv/referenceContent#Oscillogram",""
"references","","57427","http://purl.obolibrary.org/obo/IAO_0000136","taxa","","6939","https://vocab.audioblast.org/cv/referenceContent#SongDescription",""
"references","","57427","http://purl.obolibrary.org/obo/IAO_0000136","taxa","","6939","https://vocab.audioblast.org/cv/referenceContent#Spectrogram",""
"references","","57427","http://purl.obolibrary.org/obo/IAO_0000136","taxa","","6939","https://vocab.audioblast.org/cv/referenceContent#StridulatoryApparatusDescription",""
"references","","57427","http://purl.obolibrary.org/obo/IAO_0000136","taxa","","6939","https://vocab.audioblast.org/cv/referenceContent#StridulatoryFilePhotograph",""
"references","","57427","http://purl.obolibrary.org/obo/IAO_0000136","taxa","","6941","https://vocab.audioblast.org/cv/referenceContent#AcousticBehaviour",""
"references","","57427","http://purl.obolibrary.org/obo/IAO_0000136","taxa","","6941","https://vocab.audioblast.org/cv/referenceContent#Oscillogram",""
"references","","57427","http://purl.obolibrary.org/obo/IAO_0000136","taxa","","6941","https://vocab.audioblast.org/cv/referenceContent#SongDescription",""
"references","","57427","http://purl.obolibrary.org/obo/IAO_0000136","taxa","","6941","https://vocab.audioblast.org/cv/referenceContent#Spectrogram",""
"references","","57427","http://purl.obolibrary.org/obo/IAO_0000136","taxa","","6941","https://vocab.audioblast.org/cv/referenceContent#StridulatoryApparatusDescription",""
"references","","57427","http://purl.obolibrary.org/obo/IAO_0000136","taxa","","6941","https://vocab.audioblast.org/cv/referenceContent#StridulatoryFilePhotograph",""
"references","","57427","http://purl.obolibrary.org/obo/IAO_0000136","taxa","","6942","https://vocab.audioblast.org/cv/referenceContent#AcousticBehaviour",""
"references","","57427","http://purl.obolibrary.org/obo/IAO_0000136","taxa","","6942","https://vocab.audioblast.org/cv/referenceContent#StridulatoryApparatusDescription",""
"references","","57427","http://purl.obolibrary.org/obo/IAO_0000136","taxa","","6942","https://vocab.audioblast.org/cv/referenceContent#StridulatoryFileSEMImage",""
"references","","57427","http://purl.obolibrary.org/obo/IAO_0000136","taxa","","6944","https://vocab.audioblast.org/cv/referenceContent#AcousticBehaviour",""
"references","","57427","http://purl.obolibrary.org/obo/IAO_0000136","taxa","","6944","https://vocab.audioblast.org/cv/referenceContent#Oscillogram",""
"references","","57427","http://purl.obolibrary.org/obo/IAO_0000136","taxa","","6944","https://vocab.audioblast.org/cv/referenceContent#Spectrogram",""
"references","","57427","http://purl.obolibrary.org/obo/IAO_0000136","taxa","","6946","https://vocab.audioblast.org/cv/referenceContent#AcousticBehaviour",""
"references","","57427","http://purl.obolibrary.org/obo/IAO_0000136","taxa","","6946","https://vocab.audioblast.org/cv/referenceContent#Oscillogram",""
"references","","57427","http://purl.obolibrary.org/obo/IAO_0000136","taxa","","6946","https://vocab.audioblast.org/cv/referenceContent#SongDescription",""
"references","","57427","http://purl.obolibrary.org/obo/IAO_0000136","taxa","","6946","https://vocab.audioblast.org/cv/referenceContent#Spectrogram",""
"references","","57427","http://purl.obolibrary.org/obo/IAO_0000136","taxa","","6946","https://vocab.audioblast.org/cv/referenceContent#StridulatoryFilePhotograph",""
"references","","57427","http://purl.obolibrary.org/obo/IAO_0000136","taxa","","6947","https://vocab.audioblast.org/cv/referenceContent#AcousticBehaviour",""
"references","","57427","http://purl.obolibrary.org/obo/IAO_0000136","taxa","","6947","https://vocab.audioblast.org/cv/referenceContent#SongDescription",""
"references","","57427","http://purl.obolibrary.org/obo/IAO_0000136","taxa","","6948","https://vocab.audioblast.org/cv/referenceContent#AcousticBehaviour",""
"references","","57427","http://purl.obolibrary.org/obo/IAO_0000136","taxa","","6948","https://vocab.audioblast.org/cv/referenceContent#Oscillogram",""
"references","","57427","http://purl.obolibrary.org/obo/IAO_0000136","taxa","","6948","https://vocab.audioblast.org/cv/referenceContent#SongDescription",""
"references","","57427","http://purl.obolibrary.org/obo/IAO_0000136","taxa","","6948","https://vocab.audioblast.org/cv/referenceContent#Spectrogram",""
"references","","57427","http://purl.obolibrary.org/obo/IAO_0000136","taxa","","6949","https://vocab.audioblast.org/cv/referenceContent#AcousticBehaviour",""
"references","","57427","http://purl.obolibrary.org/obo/IAO_0000136","taxa","","6949","https://vocab.audioblast.org/cv/referenceContent#Oscillogram",""
"references","","57427","http://purl.obolibrary.org/obo/IAO_0000136","taxa","","6949","https://vocab.audioblast.org/cv/referenceContent#SongDescription",""
"references","","57427","http://purl.obolibrary.org/obo/IAO_0000136","taxa","","6949","https://vocab.audioblast.org/cv/referenceContent#Spectrogram",""
"references","","57427","http://purl.obolibrary.org/obo/IAO_0000136","taxa","","6949","https://vocab.audioblast.org/cv/referenceContent#StridulatoryFilePhotograph",""
"references","","57427","http://purl.obolibrary.org/obo/IAO_0000136","taxa","","6950","https://vocab.audioblast.org/cv/referenceContent#AcousticBehaviour",""
"references","","57427","http://purl.obolibrary.org/obo/IAO_0000136","taxa","","6950","https://vocab.audioblast.org/cv/referenceContent#Oscillogram",""
"references","","57427","http://purl.obolibrary.org/obo/IAO_0000136","taxa","","6950","https://vocab.audioblast.org/cv/referenceContent#SongDescription",""
"references","","57427","http://purl.obolibrary.org/obo/IAO_0000136","taxa","","6950","https://vocab.audioblast.org/cv/referenceContent#Spectrogram",""
"references","","57427","http://purl.obolibrary.org/obo/IAO_0000136","taxa","","6952","https://vocab.audioblast.org/cv/referenceContent#AcousticBehaviour",""
"references","","57427","http://purl.obolibrary.org/obo/IAO_0000136","taxa","","6952","https://vocab.audioblast.org/cv/referenceContent#Oscillogram",""
"references","","57427","http://purl.obolibrary.org/obo/IAO_0000136","taxa","","6952","https://vocab.audioblast.org/cv/referenceContent#SongDescription",""
"references","","57427","http://purl.obolibrary.org/obo/IAO_0000136","taxa","","6952","https://vocab.audioblast.org/cv/referenceContent#Spectrogram",""
"references","","57427","http://purl.obolibrary.org/obo/IAO_0000136","taxa","","6953","https://vocab.audioblast.org/cv/referenceContent#Oscillogram",""
"references","","57427","http://purl.obolibrary.org/obo/IAO_0000136","taxa","","6953","https://vocab.audioblast.org/cv/referenceContent#SongDescription",""
"references","","57427","http://purl.obolibrary.org/obo/IAO_0000136","taxa","","6953","https://vocab.audioblast.org/cv/referenceContent#Spectrogram",""
"references","","57427","http://purl.obolibrary.org/obo/IAO_0000136","taxa","","6956","https://vocab.audioblast.org/cv/referenceContent#AcousticBehaviour",""
"references","","57427","http://purl.obolibrary.org/obo/IAO_0000136","taxa","","6956","https://vocab.audioblast.org/cv/referenceContent#Oscillogram",""
"references","","57427","http://purl.obolibrary.org/obo/IAO_0000136","taxa","","6956","https://vocab.audioblast.org/cv/referenceContent#SongDescription",""
"references","","57427","http://purl.obolibrary.org/obo/IAO_0000136","taxa","","6956","https://vocab.audioblast.org/cv/referenceContent#Spectrogram",""
"references","","57427","http://purl.obolibrary.org/obo/IAO_0000136","taxa","","6958","https://vocab.audioblast.org/cv/referenceContent#AcousticBehaviour",""
"references","","57427","http://purl.obolibrary.org/obo/IAO_0000136","taxa","","6958","https://vocab.audioblast.org/cv/referenceContent#Oscillogram",""
"references","","57427","http://purl.obolibrary.org/obo/IAO_0000136","taxa","","6958","https://vocab.audioblast.org/cv/referenceContent#SongDescription",""
"references","","57427","http://purl.obolibrary.org/obo/IAO_0000136","taxa","","6958","https://vocab.audioblast.org/cv/referenceContent#Spectrogram",""
"references","","57427","http://purl.obolibrary.org/obo/IAO_0000136","taxa","","6958","https://vocab.audioblast.org/cv/referenceContent#StridulatoryApparatusDescription",""
"references","","57427","http://purl.obolibrary.org/obo/IAO_0000136","taxa","","6958","https://vocab.audioblast.org/cv/referenceContent#StridulatoryFilePhotograph",""
"references","","57427","http://purl.obolibrary.org/obo/IAO_0000136","taxa","","6959","https://vocab.audioblast.org/cv/referenceContent#AcousticBehaviour",""
"references","","57427","http://purl.obolibrary.org/obo/IAO_0000136","taxa","","6959","https://vocab.audioblast.org/cv/referenceContent#Oscillogram",""
"references","","57427","http://purl.obolibrary.org/obo/IAO_0000136","taxa","","6959","https://vocab.audioblast.org/cv/referenceContent#SongDescription",""
"references","","57427","http://purl.obolibrary.org/obo/IAO_0000136","taxa","","6959","https://vocab.audioblast.org/cv/referenceContent#Spectrogram",""
"references","","57427","http://purl.obolibrary.org/obo/IAO_0000136","taxa","","6959","https://vocab.audioblast.org/cv/referenceContent#StridulatoryFilePhotograph",""
"references","","57427","http://purl.obolibrary.org/obo/IAO_0000136","taxa","","6961","https://vocab.audioblast.org/cv/referenceContent#AcousticBehaviour",""
"references","","57427","http://purl.obolibrary.org/obo/IAO_0000136","taxa","","6961","https://vocab.audioblast.org/cv/referenceContent#Oscillogram",""
"references","","57427","http://purl.obolibrary.org/obo/IAO_0000136","taxa","","6961","https://vocab.audioblast.org/cv/referenceContent#SongDescription",""
"references","","57427","http://purl.obolibrary.org/obo/IAO_0000136","taxa","","6961","https://vocab.audioblast.org/cv/referenceContent#Spectrogram",""
"references","","57427","http://purl.obolibrary.org/obo/IAO_0000136","taxa","","6964","https://vocab.audioblast.org/cv/referenceContent#AcousticBehaviour",""
"references","","57427","http://purl.obolibrary.org/obo/IAO_0000136","taxa","","6964","https://vocab.audioblast.org/cv/referenceContent#Oscillogram",""
"references","","57427","http://purl.obolibrary.org/obo/IAO_0000136","taxa","","6964","https://vocab.audioblast.org/cv/referenceContent#SongDescription",""
"references","","57427","http://purl.obolibrary.org/obo/IAO_0000136","taxa","","6964","https://vocab.audioblast.org/cv/referenceContent#Spectrogram",""
"references","","57427","http://purl.obolibrary.org/obo/IAO_0000136","taxa","","6964","https://vocab.audioblast.org/cv/referenceContent#StridulatoryFilePhotograph",""
"references","","57427","http://purl.obolibrary.org/obo/IAO_0000136","taxa","","6965","https://vocab.audioblast.org/cv/referenceContent#AcousticBehaviour",""
"references","","57427","http://purl.obolibrary.org/obo/IAO_0000136","taxa","","6965","https://vocab.audioblast.org/cv/referenceContent#Oscillogram",""
"references","","57427","http://purl.obolibrary.org/obo/IAO_0000136","taxa","","6965","https://vocab.audioblast.org/cv/referenceContent#SongDescription",""
"references","","57427","http://purl.obolibrary.org/obo/IAO_0000136","taxa","","6965","https://vocab.audioblast.org/cv/referenceContent#Spectrogram",""
"references","","57427","http://purl.obolibrary.org/obo/IAO_0000136","taxa","","6967","https://vocab.audioblast.org/cv/referenceContent#AcousticBehaviour",""
"references","","57427","http://purl.obolibrary.org/obo/IAO_0000136","taxa","","6967","https://vocab.audioblast.org/cv/referenceContent#Oscillogram",""
"references","","57427","http://purl.obolibrary.org/obo/IAO_0000136","taxa","","6967","https://vocab.audioblast.org/cv/referenceContent#SongDescription",""
"references","","57427","http://purl.obolibrary.org/obo/IAO_0000136","taxa","","6967","https://vocab.audioblast.org/cv/referenceContent#Spectrogram",""
"references","","57427","http://purl.obolibrary.org/obo/IAO_0000136","taxa","","6967","https://vocab.audioblast.org/cv/referenceContent#StridulatoryApparatusDescription",""
"references","","57427","http://purl.obolibrary.org/obo/IAO_0000136","taxa","","6967","https://vocab.audioblast.org/cv/referenceContent#StridulatoryFilePhotograph",""
"references","","57427","http://purl.obolibrary.org/obo/IAO_0000136","taxa","","6969","https://vocab.audioblast.org/cv/referenceContent#AcousticBehaviour",""
"references","","57427","http://purl.obolibrary.org/obo/IAO_0000136","taxa","","6969","https://vocab.audioblast.org/cv/referenceContent#Oscillogram",""
"references","","57427","http://purl.obolibrary.org/obo/IAO_0000136","taxa","","6969","https://vocab.audioblast.org/cv/referenceContent#SongDescription",""
"references","","57427","http://purl.obolibrary.org/obo/IAO_0000136","taxa","","6969","https://vocab.audioblast.org/cv/referenceContent#Spectrogram",""
"references","","57427","http://purl.obolibrary.org/obo/IAO_0000136","taxa","","6969","https://vocab.audioblast.org/cv/referenceContent#StridulatoryFileSEMImage",""
"references","","57427","http://purl.obolibrary.org/obo/IAO_0000136","taxa","","6970","https://vocab.audioblast.org/cv/referenceContent#AcousticBehaviour",""
"references","","57427","http://purl.obolibrary.org/obo/IAO_0000136","taxa","","6970","https://vocab.audioblast.org/cv/referenceContent#Oscillogram",""
"references","","57427","http://purl.obolibrary.org/obo/IAO_0000136","taxa","","6970","https://vocab.audioblast.org/cv/referenceContent#SongDescription",""
"references","","57427","http://purl.obolibrary.org/obo/IAO_0000136","taxa","","6970","https://vocab.audioblast.org/cv/referenceContent#Spectrogram",""
"references","","57427","http://purl.obolibrary.org/obo/IAO_0000136","taxa","","6970","https://vocab.audioblast.org/cv/referenceContent#StridulatoryFileSEMImage",""
"references","","57427","http://purl.obolibrary.org/obo/IAO_0000136","taxa","","6971","https://vocab.audioblast.org/cv/referenceContent#AcousticBehaviour",""
"references","","57427","http://purl.obolibrary.org/obo/IAO_0000136","taxa","","6971","https://vocab.audioblast.org/cv/referenceContent#StridulatoryFileSEMImage",""
"references","","57427","http://purl.obolibrary.org/obo/IAO_0000136","taxa","","6972","https://vocab.audioblast.org/cv/referenceContent#Oscillogram",""
"references","","57427","http://purl.obolibrary.org/obo/IAO_0000136","taxa","","6972","https://vocab.audioblast.org/cv/referenceContent#SongDescription",""
"references","","57427","http://purl.obolibrary.org/obo/IAO_0000136","taxa","","6972","https://vocab.audioblast.org/cv/referenceContent#Spectrogram",""
"references","","57427","http://purl.obolibrary.org/obo/IAO_0000136","taxa","","6972","https://vocab.audioblast.org/cv/referenceContent#StridulatoryApparatusDescription",""
"references","","57427","http://purl.obolibrary.org/obo/IAO_0000136","taxa","","6972","https://vocab.audioblast.org/cv/referenceContent#StridulatoryFileSEMImage",""
"references","","57427","http://purl.obolibrary.org/obo/IAO_0000136","taxa","","6973","https://vocab.audioblast.org/cv/referenceContent#AcousticBehaviour",""
"references","","57427","http://purl.obolibrary.org/obo/IAO_0000136","taxa","","6973","https://vocab.audioblast.org/cv/referenceContent#Oscillogram",""
"references","","57427","http://purl.obolibrary.org/obo/IAO_0000136","taxa","","6973","https://vocab.audioblast.org/cv/referenceContent#SongDescription",""
"references","","57427","http://purl.obolibrary.org/obo/IAO_0000136","taxa","","6973","https://vocab.audioblast.org/cv/referenceContent#Spectrogram",""
"references","","57427","http://purl.obolibrary.org/obo/IAO_0000136","taxa","","6973","https://vocab.audioblast.org/cv/referenceContent#StridulatoryApparatusDescription",""
"references","","57427","http://purl.obolibrary.org/obo/IAO_0000136","taxa","","6973","https://vocab.audioblast.org/cv/referenceContent#StridulatoryFileSEMImage",""
"references","","57427","http://purl.obolibrary.org/obo/IAO_0000136","taxa","","6976","https://vocab.audioblast.org/cv/referenceContent#AcousticBehaviour",""
"references","","57427","http://purl.obolibrary.org/obo/IAO_0000136","taxa","","6976","https://vocab.audioblast.org/cv/referenceContent#Oscillogram",""
"references","","57427","http://purl.obolibrary.org/obo/IAO_0000136","taxa","","6976","https://vocab.audioblast.org/cv/referenceContent#SongDescription",""
"references","","57427","http://purl.obolibrary.org/obo/IAO_0000136","taxa","","6976","https://vocab.audioblast.org/cv/referenceContent#Spectrogram",""
"references","","57427","http://purl.obolibrary.org/obo/IAO_0000136","taxa","","897","https://vocab.audioblast.org/cv/referenceContent#AcousticBehaviour",""
"references","","57427","http://purl.obolibrary.org/obo/IAO_0000136","taxa","","897","https://vocab.audioblast.org/cv/referenceContent#Oscillogram",""
"references","","57427","http://purl.obolibrary.org/obo/IAO_0000136","taxa","","897","https://vocab.audioblast.org/cv/referenceContent#SongDescription",""
"references","","57427","http://purl.obolibrary.org/obo/IAO_0000136","taxa","","897","https://vocab.audioblast.org/cv/referenceContent#Spectrogram",""
"references","","57427","http://purl.obolibrary.org/obo/IAO_0000136","taxa","","913","https://vocab.audioblast.org/cv/referenceContent#Oscillogram",""
"references","","57427","http://purl.obolibrary.org/obo/IAO_0000136","taxa","","913","https://vocab.audioblast.org/cv/referenceContent#SongDescription",""
"references","","57427","http://purl.obolibrary.org/obo/IAO_0000136","taxa","","913","https://vocab.audioblast.org/cv/referenceContent#Spectrogram",""
"references","","57427","http://purl.obolibrary.org/obo/IAO_0000136","taxa","","933","https://vocab.audioblast.org/cv/referenceContent#AcousticBehaviour",""
"references","","57427","http://purl.obolibrary.org/obo/IAO_0000136","taxa","","933","https://vocab.audioblast.org/cv/referenceContent#Oscillogram",""
"references","","57427","http://purl.obolibrary.org/obo/IAO_0000136","taxa","","933","https://vocab.audioblast.org/cv/referenceContent#SongDescription",""
"references","","57427","http://purl.obolibrary.org/obo/IAO_0000136","taxa","","933","https://vocab.audioblast.org/cv/referenceContent#Spectrogram",""
"references","","57427","http://purl.obolibrary.org/obo/IAO_0000136","taxa","","933","https://vocab.audioblast.org/cv/referenceContent#StridulatoryFilePhotograph",""
"references","","57543","http://purl.obolibrary.org/obo/IAO_0000136","taxa","","6977","https://vocab.audioblast.org/cv/referenceContent#AcousticBehaviour",""
"references","","57543","http://purl.obolibrary.org/obo/IAO_0000136","taxa","","6977","https://vocab.audioblast.org/cv/referenceContent#Oscillogram",""
"references","","57543","http://purl.obolibrary.org/obo/IAO_0000136","taxa","","6977","https://vocab.audioblast.org/cv/referenceContent#SongDescription",""
"references","","57543","http://purl.obolibrary.org/obo/IAO_0000136","taxa","","6977","https://vocab.audioblast.org/cv/referenceContent#Spectrogram",""
"references","","57546","http://purl.obolibrary.org/obo/IAO_0000136","taxa","","6983","https://vocab.audioblast.org/cv/referenceContent#AcousticBehaviour",""
"references","","57546","http://purl.obolibrary.org/obo/IAO_0000136","taxa","","6983","https://vocab.audioblast.org/cv/referenceContent#Oscillogram",""
"references","","57546","http://purl.obolibrary.org/obo/IAO_0000136","taxa","","6983","https://vocab.audioblast.org/cv/referenceContent#SongDescription",""
"references","","57546","http://purl.obolibrary.org/obo/IAO_0000136","taxa","","6983","https://vocab.audioblast.org/cv/referenceContent#Spectrogram",""
"references","","57546","http://purl.obolibrary.org/obo/IAO_0000136","taxa","","6985","https://vocab.audioblast.org/cv/referenceContent#AcousticBehaviour",""
"references","","57546","http://purl.obolibrary.org/obo/IAO_0000136","taxa","","6985","https://vocab.audioblast.org/cv/referenceContent#Oscillogram",""
"references","","57546","http://purl.obolibrary.org/obo/IAO_0000136","taxa","","6985","https://vocab.audioblast.org/cv/referenceContent#SongDescription",""
"references","","57546","http://purl.obolibrary.org/obo/IAO_0000136","taxa","","6985","https://vocab.audioblast.org/cv/referenceContent#Spectrogram",""
"references","","57551","http://purl.obolibrary.org/obo/IAO_0000136","taxa","","6987","https://vocab.audioblast.org/cv/referenceContent#AcousticBehaviour",""
"references","","57551","http://purl.obolibrary.org/obo/IAO_0000136","taxa","","6987","https://vocab.audioblast.org/cv/referenceContent#Oscillogram",""
"references","","57551","http://purl.obolibrary.org/obo/IAO_0000136","taxa","","6987","https://vocab.audioblast.org/cv/referenceContent#SongDescription",""
"references","","57551","http://purl.obolibrary.org/obo/IAO_0000136","taxa","","6987","https://vocab.audioblast.org/cv/referenceContent#Spectrogram",""
"references","","57551","http://purl.obolibrary.org/obo/IAO_0000136","taxa","","6989","https://vocab.audioblast.org/cv/referenceContent#AcousticBehaviour",""
"references","","57551","http://purl.obolibrary.org/obo/IAO_0000136","taxa","","6989","https://vocab.audioblast.org/cv/referenceContent#Oscillogram",""
"references","","57551","http://purl.obolibrary.org/obo/IAO_0000136","taxa","","6989","https://vocab.audioblast.org/cv/referenceContent#SongDescription",""
"references","","57551","http://purl.obolibrary.org/obo/IAO_0000136","taxa","","6989","https://vocab.audioblast.org/cv/referenceContent#Spectrogram",""
"references","","57555","http://purl.obolibrary.org/obo/IAO_0000136","taxa","","5973","https://vocab.audioblast.org/cv/referenceContent#AcousticBehaviour",""
"references","","57555","http://purl.obolibrary.org/obo/IAO_0000136","taxa","","5973","https://vocab.audioblast.org/cv/referenceContent#FemaleBehaviourDescription",""
"references","","57555","http://purl.obolibrary.org/obo/IAO_0000136","taxa","","5973","https://vocab.audioblast.org/cv/referenceContent#LaryngealMorphologyDescription",""
"references","","57555","http://purl.obolibrary.org/obo/IAO_0000136","taxa","","5973","https://vocab.audioblast.org/cv/referenceContent#LaryngealMorphologyImage",""
"references","","57555","http://purl.obolibrary.org/obo/IAO_0000136","taxa","","5973","https://vocab.audioblast.org/cv/referenceContent#Oscillogram",""
"references","","57555","http://purl.obolibrary.org/obo/IAO_0000136","taxa","","5973","https://vocab.audioblast.org/cv/referenceContent#SongDescription",""
"references","","57555","http://purl.obolibrary.org/obo/IAO_0000136","taxa","","5973","https://vocab.audioblast.org/cv/referenceContent#Spectrogram",""
"references","","57555","http://purl.obolibrary.org/obo/IAO_0000136","taxa","","6507","https://vocab.audioblast.org/cv/referenceContent#AcousticallyOrientatingPredatorDescription",""
"references","","57555","http://purl.obolibrary.org/obo/IAO_0000136","taxa","","6507","https://vocab.audioblast.org/cv/referenceContent#AcousticBehaviour",""
"references","","57555","http://purl.obolibrary.org/obo/IAO_0000136","taxa","","7006","https://vocab.audioblast.org/cv/referenceContent#AcousticallyOrientatingPredatorDescription",""
"references","","57555","http://purl.obolibrary.org/obo/IAO_0000136","taxa","","7006","https://vocab.audioblast.org/cv/referenceContent#AcousticBehaviour",""
"references","","57555","http://purl.obolibrary.org/obo/IAO_0000136","taxa","","7012","https://vocab.audioblast.org/cv/referenceContent#AcousticallyOrientatingPredatorDescription",""
"references","","57564","http://purl.obolibrary.org/obo/IAO_0000136","taxa","","143","https://vocab.audioblast.org/cv/referenceContent#AcousticBehaviour",""
"references","","57565","http://purl.obolibrary.org/obo/IAO_0000136","taxa","","7015","https://vocab.audioblast.org/cv/referenceContent#AcousticBehaviour",""
"references","","57565","http://purl.obolibrary.org/obo/IAO_0000136","taxa","","7018","https://vocab.audioblast.org/cv/referenceContent#AcousticBehaviour",""
"references","","57565","http://purl.obolibrary.org/obo/IAO_0000136","taxa","","7018","https://vocab.audioblast.org/cv/referenceContent#Spectrogram","Alarm Call"
"references","","57565","http://purl.obolibrary.org/obo/IAO_0000136","taxa","","7018","https://vocab.audioblast.org/cv/referenceContent#Spectrogram","Wing Whistle"
"references","","57565","http://purl.obolibrary.org/obo/IAO_0000136","taxa","","7020","https://vocab.audioblast.org/cv/referenceContent#AcousticBehaviour",""
"references","","57565","http://purl.obolibrary.org/obo/IAO_0000136","taxa","","7020","https://vocab.audioblast.org/cv/referenceContent#Spectrogram","Alarm Call"
"references","","57565","http://purl.obolibrary.org/obo/IAO_0000136","taxa","","7021","https://vocab.audioblast.org/cv/referenceContent#AcousticBehaviour",""
"references","","57565","http://purl.obolibrary.org/obo/IAO_0000136","taxa","","7021","https://vocab.audioblast.org/cv/referenceContent#Spectrogram",""
"references","","57571","http://purl.obolibrary.org/obo/IAO_0000136","taxa","","1792","https://vocab.audioblast.org/cv/referenceContent#AcousticBehaviour",""
"references","","57571","http://purl.obolibrary.org/obo/IAO_0000136","taxa","","1792","https://vocab.audioblast.org/cv/referenceContent#FemaleBehaviourDescription",""
"references","","57571","http://purl.obolibrary.org/obo/IAO_0000136","taxa","","1792","https://vocab.audioblast.org/cv/referenceContent#Oscillogram",""
"references","","57571","http://purl.obolibrary.org/obo/IAO_0000136","taxa","","1792","https://vocab.audioblast.org/cv/referenceContent#SongDescription",""
"references","","57571","http://purl.obolibrary.org/obo/IAO_0000136","taxa","","1792","https://vocab.audioblast.org/cv/referenceContent#Spectrogram",""
"references","","57573","http://purl.obolibrary.org/obo/IAO_0000136","taxa","","235","https://vocab.audioblast.org/cv/referenceContent#AcousticBehaviour",""
"references","","57573","http://purl.obolibrary.org/obo/IAO_0000136","taxa","","7027","https://vocab.audioblast.org/cv/referenceContent#AcousticBehaviour",""
"references","","57573","http://purl.obolibrary.org/obo/IAO_0000136","taxa","","7027","https://vocab.audioblast.org/cv/referenceContent#Oscillogram",""
"references","","57573","http://purl.obolibrary.org/obo/IAO_0000136","taxa","","7027","https://vocab.audioblast.org/cv/referenceContent#SongDescription",""
"references","","57573","http://purl.obolibrary.org/obo/IAO_0000136","taxa","","7027","https://vocab.audioblast.org/cv/referenceContent#Spectrogram",""
"references","","57576","http://purl.obolibrary.org/obo/IAO_0000136","taxa","","1661","https://vocab.audioblast.org/cv/referenceContent#AcousticBehaviour",""
"references","","57578","http://purl.obolibrary.org/obo/IAO_0000136","taxa","","6373","https://vocab.audioblast.org/cv/referenceContent#AcousticBehaviour",""
"references","","57579","http://purl.obolibrary.org/obo/IAO_0000136","taxa","","6987","https://vocab.audioblast.org/cv/referenceContent#AcousticBehaviour",""
"references","","57579","http://purl.obolibrary.org/obo/IAO_0000136","taxa","","6987","https://vocab.audioblast.org/cv/referenceContent#Oscillogram",""
"references","","57579","http://purl.obolibrary.org/obo/IAO_0000136","taxa","","6987","https://vocab.audioblast.org/cv/referenceContent#Spectrogram",""
"references","","57579","http://purl.obolibrary.org/obo/IAO_0000136","taxa","","6989","https://vocab.audioblast.org/cv/referenceContent#AcousticBehaviour",""
"references","","57579","http://purl.obolibrary.org/obo/IAO_0000136","taxa","","6989","https://vocab.audioblast.org/cv/referenceContent#Oscillogram",""
"references","","57579","http://purl.obolibrary.org/obo/IAO_0000136","taxa","","6989","https://vocab.audioblast.org/cv/referenceContent#Spectrogram",""
"references","","57579","http://purl.obolibrary.org/obo/IAO_0000136","taxa","","7006","https://vocab.audioblast.org/cv/referenceContent#AcousticallyOrientatingPredatorDescription",""
"references","","57579","http://purl.obolibrary.org/obo/IAO_0000136","taxa","","7006","https://vocab.audioblast.org/cv/referenceContent#AcousticBehaviour",""
"references","","57582","http://purl.obolibrary.org/obo/IAO_0000136","taxa","","7034","https://vocab.audioblast.org/cv/referenceContent#AcousticBehaviour",""
"references","","57582","http://purl.obolibrary.org/obo/IAO_0000136","taxa","","7034","https://vocab.audioblast.org/cv/referenceContent#Oscillogram",""
"references","","57582","http://purl.obolibrary.org/obo/IAO_0000136","taxa","","7034","https://vocab.audioblast.org/cv/referenceContent#SongDescription",""
"references","","57582","http://purl.obolibrary.org/obo/IAO_0000136","taxa","","7034","https://vocab.audioblast.org/cv/referenceContent#Spectrogram",""
"references","","57584","http://purl.obolibrary.org/obo/IAO_0000136","taxa","","6331","https://vocab.audioblast.org/cv/referenceContent#AcousticBehaviour",""
"references","","57584","http://purl.obolibrary.org/obo/IAO_0000136","taxa","","6331","https://vocab.audioblast.org/cv/referenceContent#Oscillogram",""
"references","","57584","http://purl.obolibrary.org/obo/IAO_0000136","taxa","","6331","https://vocab.audioblast.org/cv/referenceContent#Spectrogram",""
"references","","57587","http://purl.obolibrary.org/obo/IAO_0000136","taxa","","6781","https://vocab.audioblast.org/cv/referenceContent#AcousticBehaviour",""
"references","","57588","http://purl.obolibrary.org/obo/IAO_0000136","taxa","","7035","https://vocab.audioblast.org/cv/referenceContent#AcousticBehaviour",""
"references","","57589","http://purl.obolibrary.org/obo/IAO_0000136","term","","https://vocab.audioblast.org/cv/topic#AnthropogenicNoise","",""
"references","","57589","http://purl.obolibrary.org/obo/IAO_0000136","term","","https://vocab.audioblast.org/cv/topic#NoisePollution","",""
"references","","57590","http://purl.obolibrary.org/obo/IAO_0000136","taxa","","7124","https://vocab.audioblast.org/cv/referenceContent#Oscillogram",""
"references","","57590","http://purl.obolibrary.org/obo/IAO_0000136","taxa","","7124","https://vocab.audioblast.org/cv/referenceContent#SongDescription",""
"references","","57590","http://purl.obolibrary.org/obo/IAO_0000136","taxa","","7124","https://vocab.audioblast.org/cv/referenceContent#Spectrogram",""
"references","","57590","http://purl.obolibrary.org/obo/IAO_0000136","taxa","","7125","https://vocab.audioblast.org/cv/referenceContent#Oscillogram",""
"references","","57590","http://purl.obolibrary.org/obo/IAO_0000136","taxa","","7125","https://vocab.audioblast.org/cv/referenceContent#SongDescription",""
"references","","57590","http://purl.obolibrary.org/obo/IAO_0000136","taxa","","7125","https://vocab.audioblast.org/cv/referenceContent#Spectrogram",""
"references","","57595","http://purl.obolibrary.org/obo/IAO_0000136","taxa","","7126","https://vocab.audioblast.org/cv/referenceContent#AcousticBehaviour",""
"references","","57595","http://purl.obolibrary.org/obo/IAO_0000136","taxa","","7127","https://vocab.audioblast.org/cv/referenceContent#AcousticBehaviour",""
"references","","57596","http://purl.obolibrary.org/obo/IAO_0000136","term","","https://vocab.audioblast.org/cv/topic#RainfallDetection","",""
"references","","57597","http://purl.obolibrary.org/obo/IAO_0000136","taxa","","7130","https://vocab.audioblast.org/cv/referenceContent#AcousticBehaviour",""
"references","","57597","http://purl.obolibrary.org/obo/IAO_0000136","taxa","","7132","https://vocab.audioblast.org/cv/referenceContent#AcousticBehaviour",""
"references","","57599","http://purl.obolibrary.org/obo/IAO_0000136","taxa","","7133","https://vocab.audioblast.org/cv/referenceContent#AcousticBehaviour",""
"references","","57600","http://purl.obolibrary.org/obo/IAO_0000136","taxa","","7135","https://vocab.audioblast.org/cv/referenceContent#AcousticBehaviour",""
"references","","57601","http://purl.obolibrary.org/obo/IAO_0000136","taxa","","1638","https://vocab.audioblast.org/cv/referenceContent#AcousticBehaviour",""
"references","","57601","http://purl.obolibrary.org/obo/IAO_0000136","taxa","","6137","https://vocab.audioblast.org/cv/referenceContent#AcousticBehaviour",""
"references","","57602","http://purl.obolibrary.org/obo/IAO_0000136","term","","https://vocab.audioblast.org/cv/topic#SoilSoundscapes","",""
"references","","57603","http://purl.obolibrary.org/obo/IAO_0000136","taxa","","315","https://vocab.audioblast.org/cv/referenceContent#AcousticBehaviour",""
"references","","57603","http://purl.obolibrary.org/obo/IAO_0000136","taxa","","315","https://vocab.audioblast.org/cv/referenceContent#Spectrogram",""
"references","","57604","http://purl.obolibrary.org/obo/IAO_0000136","term","","https://vocab.audioblast.org/cv/topic#MarineSoundscapes","",""
"references","","57605","http://purl.obolibrary.org/obo/IAO_0000136","term","","https://vocab.audioblast.org/cv/topic#Soundscapes","",""
"references","","57607","http://purl.obolibrary.org/obo/IAO_0000136","taxa","","6418","https://vocab.audioblast.org/cv/referenceContent#AcousticBehaviour",""
"references","","57608","http://purl.obolibrary.org/obo/IAO_0000136","taxa","","7138","https://vocab.audioblast.org/cv/referenceContent#AcousticBehaviour",""
"references","","57609","http://purl.obolibrary.org/obo/IAO_0000136","taxa","","7143","https://vocab.audioblast.org/cv/referenceContent#AcousticBehaviour",""
"references","","57610","http://purl.obolibrary.org/obo/IAO_0000136","taxa","","1319","https://vocab.audioblast.org/cv/referenceContent#AcousticBehaviour",""
"references","","57610","http://purl.obolibrary.org/obo/IAO_0000136","taxa","","1320","https://vocab.audioblast.org/cv/referenceContent#AcousticBehaviour",""
"references","","57610","http://purl.obolibrary.org/obo/IAO_0000136","taxa","","1321","https://vocab.audioblast.org/cv/referenceContent#AcousticBehaviour",""
"references","","57610","http://purl.obolibrary.org/obo/IAO_0000136","taxa","","7144","https://vocab.audioblast.org/cv/referenceContent#AcousticBehaviour",""
"references","","57610","http://purl.obolibrary.org/obo/IAO_0000136","taxa","","7145","https://vocab.audioblast.org/cv/referenceContent#AcousticBehaviour",""
"references","","57610","http://purl.obolibrary.org/obo/IAO_0000136","taxa","","7146","https://vocab.audioblast.org/cv/referenceContent#AcousticBehaviour",""
"references","","57610","http://purl.obolibrary.org/obo/IAO_0000136","taxa","","7147","https://vocab.audioblast.org/cv/referenceContent#AcousticBehaviour",""
"references","","57610","http://purl.obolibrary.org/obo/IAO_0000136","taxa","","7148","https://vocab.audioblast.org/cv/referenceContent#AcousticBehaviour",""
"references","","57610","http://purl.obolibrary.org/obo/IAO_0000136","taxa","","7149","https://vocab.audioblast.org/cv/referenceContent#AcousticBehaviour",""
"references","","57610","http://purl.obolibrary.org/obo/IAO_0000136","taxa","","7150","https://vocab.audioblast.org/cv/referenceContent#AcousticBehaviour",""
"references","","57610","http://purl.obolibrary.org/obo/IAO_0000136","taxa","","7151","https://vocab.audioblast.org/cv/referenceContent#AcousticBehaviour",""
"references","","57610","http://purl.obolibrary.org/obo/IAO_0000136","taxa","","7152","https://vocab.audioblast.org/cv/referenceContent#AcousticBehaviour",""
"references","","57610","http://purl.obolibrary.org/obo/IAO_0000136","taxa","","7153","https://vocab.audioblast.org/cv/referenceContent#AcousticBehaviour",""
"references","","57610","http://purl.obolibrary.org/obo/IAO_0000136","taxa","","7154","https://vocab.audioblast.org/cv/referenceContent#AcousticBehaviour",""
"references","","57610","http://purl.obolibrary.org/obo/IAO_0000136","taxa","","7155","https://vocab.audioblast.org/cv/referenceContent#AcousticBehaviour",""
"references","","57610","http://purl.obolibrary.org/obo/IAO_0000136","taxa","","7156","https://vocab.audioblast.org/cv/referenceContent#AcousticBehaviour",""
"references","","57610","http://purl.obolibrary.org/obo/IAO_0000136","taxa","","7157","https://vocab.audioblast.org/cv/referenceContent#AcousticBehaviour",""
"references","","57610","http://purl.obolibrary.org/obo/IAO_0000136","taxa","","7158","https://vocab.audioblast.org/cv/referenceContent#AcousticBehaviour",""
"references","","57610","http://purl.obolibrary.org/obo/IAO_0000136","taxa","","7159","https://vocab.audioblast.org/cv/referenceContent#AcousticBehaviour",""
"references","","57610","http://purl.obolibrary.org/obo/IAO_0000136","taxa","","7160","https://vocab.audioblast.org/cv/referenceContent#AcousticBehaviour",""
"references","","57610","http://purl.obolibrary.org/obo/IAO_0000136","taxa","","7161","https://vocab.audioblast.org/cv/referenceContent#AcousticBehaviour",""
"references","","57610","http://purl.obolibrary.org/obo/IAO_0000136","taxa","","7163","https://vocab.audioblast.org/cv/referenceContent#AcousticBehaviour",""
"references","","57611","http://purl.obolibrary.org/obo/IAO_0000136","taxa","","738","https://vocab.audioblast.org/cv/referenceContent#AcousticBehaviour",""
"references","","57611","http://purl.obolibrary.org/obo/IAO_0000136","term","","https://vocab.audioblast.org/cv/topic#Soundscapes","",""
"references","","57612","http://purl.obolibrary.org/obo/IAO_0000136","taxa","","7167","https://vocab.audioblast.org/cv/referenceContent#AcousticBehaviour",""
"references","","57613","http://purl.obolibrary.org/obo/IAO_0000136","taxa","","7169","https://vocab.audioblast.org/cv/referenceContent#AcousticBehaviour",""
"references","","57614","http://purl.obolibrary.org/obo/IAO_0000136","taxa","","4518","https://vocab.audioblast.org/cv/referenceContent#AcousticBehaviour",""
"references","","57615","http://purl.obolibrary.org/obo/IAO_0000136","taxa","","5980","https://vocab.audioblast.org/cv/referenceContent#AcousticBehaviour",""
"references","","57617","http://purl.obolibrary.org/obo/IAO_0000136","taxa","","6138","https://vocab.audioblast.org/cv/referenceContent#AcousticBehaviour",""
"references","","57618","http://purl.obolibrary.org/obo/IAO_0000136","taxa","","143","https://vocab.audioblast.org/cv/referenceContent#AcousticBehaviour",""
"references","","57619","http://purl.obolibrary.org/obo/IAO_0000136","taxa","","738","https://vocab.audioblast.org/cv/referenceContent#AcousticBehaviour",""
"references","","57619","http://purl.obolibrary.org/obo/IAO_0000136","term","","https://vocab.audioblast.org/cv/topic#MachineLearning","",""
"references","","57620","http://purl.obolibrary.org/obo/IAO_0000136","taxa","","143","https://vocab.audioblast.org/cv/referenceContent#AcousticBehaviour",""
"references","","57621","http://purl.obolibrary.org/obo/IAO_0000136","term","","https://vocab.audioblast.org/cv/topic#ClimateChange","",""
"references","","57621","http://purl.obolibrary.org/obo/IAO_0000136","term","","https://vocab.audioblast.org/cv/topic#Ecoacoustics","",""
"references","","57622","http://purl.obolibrary.org/obo/IAO_0000136","taxa","","1638","https://vocab.audioblast.org/cv/referenceContent#AcousticBehaviour",""
"references","","57622","http://purl.obolibrary.org/obo/IAO_0000136","taxa","","7173","https://vocab.audioblast.org/cv/referenceContent#AcousticBehaviour",""
"references","","57623","http://purl.obolibrary.org/obo/IAO_0000136","taxa","","222","https://vocab.audioblast.org/cv/referenceContent#AcousticBehaviour",""
"references","","57623","http://purl.obolibrary.org/obo/IAO_0000136","taxa","","222","https://vocab.audioblast.org/cv/referenceContent#Oscillogram",""
"references","","57623","http://purl.obolibrary.org/obo/IAO_0000136","taxa","","222","https://vocab.audioblast.org/cv/referenceContent#SongDescription",""
"references","","57625","http://purl.obolibrary.org/obo/IAO_0000136","taxa","","6622","https://vocab.audioblast.org/cv/referenceContent#AcousticBehaviour",""
"references","","57625","http://purl.obolibrary.org/obo/IAO_0000136","taxa","","6622","https://vocab.audioblast.org/cv/referenceContent#Oscillogram",""
"references","","57625","http://purl.obolibrary.org/obo/IAO_0000136","taxa","","6622","https://vocab.audioblast.org/cv/referenceContent#SongDescription",""
"references","","57625","http://purl.obolibrary.org/obo/IAO_0000136","taxa","","6622","https://vocab.audioblast.org/cv/referenceContent#Spectrogram",""
"references","","57625","http://purl.obolibrary.org/obo/IAO_0000136","taxa","","6623","https://vocab.audioblast.org/cv/referenceContent#AcousticBehaviour",""
"references","","57625","http://purl.obolibrary.org/obo/IAO_0000136","taxa","","6623","https://vocab.audioblast.org/cv/referenceContent#Oscillogram",""
"references","","57625","http://purl.obolibrary.org/obo/IAO_0000136","taxa","","6623","https://vocab.audioblast.org/cv/referenceContent#SongDescription",""
"references","","57625","http://purl.obolibrary.org/obo/IAO_0000136","taxa","","6623","https://vocab.audioblast.org/cv/referenceContent#Spectrogram",""
"references","","57625","http://purl.obolibrary.org/obo/IAO_0000136","taxa","","878","https://vocab.audioblast.org/cv/referenceContent#AcousticBehaviour",""
"references","","57626","http://purl.obolibrary.org/obo/IAO_0000136","taxa","","6781","https://vocab.audioblast.org/cv/referenceContent#AcousticBehaviour",""
"references","","57627","http://purl.obolibrary.org/obo/IAO_0000136","taxa","","6373","https://vocab.audioblast.org/cv/referenceContent#AcousticBehaviour",""
"references","","57628","http://purl.obolibrary.org/obo/IAO_0000136","term","","https://vocab.audioblast.org/cv/topic#FreshwaterSoundscapes","",""
"references","","57629","http://purl.obolibrary.org/obo/IAO_0000136","taxa","","143","https://vocab.audioblast.org/cv/referenceContent#AcousticBehaviour",""
"references","","57630","http://purl.obolibrary.org/obo/IAO_0000136","term","","https://vocab.audioblast.org/cv/topic#AudioCollections","",""
"references","","57634","http://purl.obolibrary.org/obo/IAO_0000136","taxa","","6138","https://vocab.audioblast.org/cv/referenceContent#AcousticBehaviour",""
"references","","57635","http://purl.obolibrary.org/obo/IAO_0000136","taxa","","1638","https://vocab.audioblast.org/cv/referenceContent#AcousticBehaviour",""
"references","","57635","http://purl.obolibrary.org/obo/IAO_0000136","taxa","","7173","https://vocab.audioblast.org/cv/referenceContent#AcousticBehaviour",""
"references","","57636","http://purl.obolibrary.org/obo/IAO_0000136","taxa","","2666","https://vocab.audioblast.org/cv/referenceContent#AcousticBehaviour",""
"references","","57637","http://purl.obolibrary.org/obo/IAO_0000136","taxa","","1639","https://vocab.audioblast.org/cv/referenceContent#AcousticBehaviour",""
"references","","57638","http://purl.obolibrary.org/obo/IAO_0000136","taxa","","7176","https://vocab.audioblast.org/cv/referenceContent#AcousticBehaviour",""
"references","","57639","http://purl.obolibrary.org/obo/IAO_0000136","taxa","","1716","https://vocab.audioblast.org/cv/referenceContent#AcousticBehaviour",""
"references","","57640","http://purl.obolibrary.org/obo/IAO_0000136","taxa","","235","https://vocab.audioblast.org/cv/referenceContent#AcousticBehaviour",""
"references","","57640","http://purl.obolibrary.org/obo/IAO_0000136","taxa","","7179","https://vocab.audioblast.org/cv/referenceContent#AcousticBehaviour",""
"references","","57641","http://purl.obolibrary.org/obo/IAO_0000136","taxa","","7180","https://vocab.audioblast.org/cv/referenceContent#AcousticBehaviour",""
"references","","57643","http://purl.obolibrary.org/obo/IAO_0000136","taxa","","421","https://vocab.audioblast.org/cv/referenceContent#AcousticBehaviour",""
"references","","57643","http://purl.obolibrary.org/obo/IAO_0000136","taxa","","56","https://vocab.audioblast.org/cv/referenceContent#AcousticBehaviour",""
"references","","57644","http://purl.obolibrary.org/obo/IAO_0000136","taxa","","7184","https://vocab.audioblast.org/cv/referenceContent#AcousticBehaviour",""
"references","","57645","http://purl.obolibrary.org/obo/IAO_0000136","taxa","","4983","https://vocab.audioblast.org/cv/referenceContent#AcousticBehaviour",""
"references","","57646","http://purl.obolibrary.org/obo/IAO_0000136","taxa","","7186","https://vocab.audioblast.org/cv/referenceContent#AcousticBehaviour",""
"references","","57646","http://purl.obolibrary.org/obo/IAO_0000136","taxa","","7187","https://vocab.audioblast.org/cv/referenceContent#AcousticBehaviour",""
"references","","57647","http://purl.obolibrary.org/obo/IAO_0000136","taxa","","7190","https://vocab.audioblast.org/cv/referenceContent#AcousticBehaviour",""
"references","","57648","http://purl.obolibrary.org/obo/IAO_0000136","term","","https://vocab.audioblast.org/cv/topic#MarineSoundscapes","",""
"references","","57649","http://purl.obolibrary.org/obo/IAO_0000136","taxa","","6094","https://vocab.audioblast.org/cv/referenceContent#AcousticBehaviour",""
"references","","57650","http://purl.obolibrary.org/obo/IAO_0000136","taxa","","309","https://vocab.audioblast.org/cv/referenceContent#AcousticBehaviour",""
"references","","57650","http://purl.obolibrary.org/obo/IAO_0000136","taxa","","315","https://vocab.audioblast.org/cv/referenceContent#AcousticBehaviour",""
"references","","57651","http://purl.obolibrary.org/obo/IAO_0000136","taxa","","6645","https://vocab.audioblast.org/cv/referenceContent#AcousticBehaviour",""
"references","","57652","http://purl.obolibrary.org/obo/IAO_0000136","taxa","","6441","https://vocab.audioblast.org/cv/referenceContent#AcousticBehaviour",""
"references","","57653","http://purl.obolibrary.org/obo/IAO_0000136","taxa","","738","https://vocab.audioblast.org/cv/referenceContent#AcousticBehaviour",""
"references","","57653","http://purl.obolibrary.org/obo/IAO_0000136","term","","https://vocab.audioblast.org/cv/topic#Soundscapes","",""
"references","","57654","http://purl.obolibrary.org/obo/IAO_0000136","taxa","","7192","https://vocab.audioblast.org/cv/referenceContent#AcousticBehaviour",""
"references","","57654","http://purl.obolibrary.org/obo/IAO_0000136","taxa","","7193","https://vocab.audioblast.org/cv/referenceContent#AcousticBehaviour",""
"references","","57654","http://purl.obolibrary.org/obo/IAO_0000136","taxa","","7194","https://vocab.audioblast.org/cv/referenceContent#AcousticBehaviour",""
"references","","57655","http://purl.obolibrary.org/obo/IAO_0000136","taxa","","4979","https://vocab.audioblast.org/cv/referenceContent#AcousticBehaviour",""
"references","","57656","http://purl.obolibrary.org/obo/IAO_0000136","taxa","","7197","https://vocab.audioblast.org/cv/referenceContent#AcousticBehaviour",""
"references","","57657","http://purl.obolibrary.org/obo/IAO_0000136","taxa","","4950","https://vocab.audioblast.org/cv/referenceContent#AcousticBehaviour",""
"references","","57657","http://purl.obolibrary.org/obo/IAO_0000136","taxa","","7198","https://vocab.audioblast.org/cv/referenceContent#AcousticBehaviour",""
"references","","57657","http://purl.obolibrary.org/obo/IAO_0000136","taxa","","803","https://vocab.audioblast.org/cv/referenceContent#AcousticBehaviour",""
"references","","57658","http://purl.obolibrary.org/obo/IAO_0000136","taxa","","7202","https://vocab.audioblast.org/cv/referenceContent#AcousticBehaviour",""
"references","","57659","http://purl.obolibrary.org/obo/IAO_0000136","taxa","","7203","https://vocab.audioblast.org/cv/referenceContent#AcousticBehaviour",""
"references","","57660","http://purl.obolibrary.org/obo/IAO_0000136","taxa","","315","https://vocab.audioblast.org/cv/referenceContent#AcousticBehaviour",""
"references","","57661","http://purl.obolibrary.org/obo/IAO_0000136","taxa","","492","https://vocab.audioblast.org/cv/referenceContent#AcousticBehaviour",""
"references","","57661","http://purl.obolibrary.org/obo/IAO_0000136","taxa","","630","https://vocab.audioblast.org/cv/referenceContent#AcousticBehaviour",""
"references","","57661","http://purl.obolibrary.org/obo/IAO_0000136","taxa","","7206","https://vocab.audioblast.org/cv/referenceContent#AcousticBehaviour",""
"references","","57662","http://purl.obolibrary.org/obo/IAO_0000136","taxa","","7208","https://vocab.audioblast.org/cv/referenceContent#AcousticBehaviour",""
"references","","57663","http://purl.obolibrary.org/obo/IAO_0000136","taxa","","4960","https://vocab.audioblast.org/cv/referenceContent#AcousticBehaviour",""
"references","","57664","http://purl.obolibrary.org/obo/IAO_0000136","taxa","","7124","https://vocab.audioblast.org/cv/referenceContent#AcousticBehaviour",""
"references","","57664","http://purl.obolibrary.org/obo/IAO_0000136","taxa","","7125","https://vocab.audioblast.org/cv/referenceContent#AcousticBehaviour",""
"references","","57665","http://purl.obolibrary.org/obo/IAO_0000136","taxa","","2787","https://vocab.audioblast.org/cv/referenceContent#AcousticBehaviour",""
"references","","57666","http://purl.obolibrary.org/obo/IAO_0000136","taxa","","6259","https://vocab.audioblast.org/cv/referenceContent#AcousticBehaviour",""
"references","","57667","http://purl.obolibrary.org/obo/IAO_0000136","taxa","","240","https://vocab.audioblast.org/cv/referenceContent#AcousticBehaviour",""
"references","","57668","http://purl.obolibrary.org/obo/IAO_0000136","taxa","","143","https://vocab.audioblast.org/cv/referenceContent#AcousticBehaviour",""
"references","","57668","http://purl.obolibrary.org/obo/IAO_0000136","taxa","","2352","https://vocab.audioblast.org/cv/referenceContent#AcousticBehaviour",""
"references","","57668","http://purl.obolibrary.org/obo/IAO_0000136","taxa","","2568","https://vocab.audioblast.org/cv/referenceContent#AcousticBehaviour",""
"references","","57668","http://purl.obolibrary.org/obo/IAO_0000136","taxa","","315","https://vocab.audioblast.org/cv/referenceContent#AcousticBehaviour",""
"references","","57668","http://purl.obolibrary.org/obo/IAO_0000136","taxa","","604","https://vocab.audioblast.org/cv/referenceContent#AcousticBehaviour",""
"references","","57668","http://purl.obolibrary.org/obo/IAO_0000136","taxa","","67","https://vocab.audioblast.org/cv/referenceContent#AcousticBehaviour",""
"references","","57668","http://purl.obolibrary.org/obo/IAO_0000136","taxa","","7210","https://vocab.audioblast.org/cv/referenceContent#AcousticBehaviour",""
"references","","57884","http://purl.obolibrary.org/obo/IAO_0000136","taxa","","1436","https://vocab.audioblast.org/cv/referenceContent#AcousticBehaviour",""
"references","","57884","http://purl.obolibrary.org/obo/IAO_0000136","taxa","","4846","https://vocab.audioblast.org/cv/referenceContent#AcousticBehaviour",""
"references","","57885","http://purl.obolibrary.org/obo/IAO_0000136","term","","https://vocab.audioblast.org/cv/topic#MarineSoundscapes","",""
"references","","57886","http://purl.obolibrary.org/obo/IAO_0000136","taxa","","572","https://vocab.audioblast.org/cv/referenceContent#AcousticBehaviour",""
"references","","57886","http://purl.obolibrary.org/obo/IAO_0000136","taxa","","7469","https://vocab.audioblast.org/cv/referenceContent#AcousticBehaviour",""
"references","","57887","http://purl.obolibrary.org/obo/IAO_0000136","taxa","","308","https://vocab.audioblast.org/cv/referenceContent#AcousticBehaviour",""
"references","","57887","http://purl.obolibrary.org/obo/IAO_0000136","taxa","","364","https://vocab.audioblast.org/cv/referenceContent#AcousticBehaviour",""
"references","","57887","http://purl.obolibrary.org/obo/IAO_0000136","taxa","","561","https://vocab.audioblast.org/cv/referenceContent#AcousticBehaviour",""
"references","","57888","http://purl.obolibrary.org/obo/IAO_0000136","taxa","","6180","https://vocab.audioblast.org/cv/referenceContent#AcousticBehaviour",""
"references","","57888","http://purl.obolibrary.org/obo/IAO_0000136","taxa","","7473","https://vocab.audioblast.org/cv/referenceContent#AcousticBehaviour",""
"references","","57888","http://purl.obolibrary.org/obo/IAO_0000136","taxa","","7474","https://vocab.audioblast.org/cv/referenceContent#AcousticBehaviour",""
"references","","57889","http://purl.obolibrary.org/obo/IAO_0000136","taxa","","6783","https://vocab.audioblast.org/cv/referenceContent#AcousticBehaviour",""
"references","","57891","http://purl.obolibrary.org/obo/IAO_0000136","taxa","","240","https://vocab.audioblast.org/cv/referenceContent#AcousticBehaviour",""
"references","","57891","http://purl.obolibrary.org/obo/IAO_0000136","taxa","","574","https://vocab.audioblast.org/cv/referenceContent#AcousticBehaviour",""
"references","","57892","http://purl.obolibrary.org/obo/IAO_0000136","taxa","","240","https://vocab.audioblast.org/cv/referenceContent#AcousticBehaviour",""
"references","","57905","http://purl.obolibrary.org/obo/IAO_0000136","taxa","","309","https://vocab.audioblast.org/cv/referenceContent#AcousticBehaviour",""
"references","","57906","http://purl.obolibrary.org/obo/IAO_0000136","taxa","","4939","https://vocab.audioblast.org/cv/referenceContent#AcousticBehaviour",""
"references","","57907","http://purl.obolibrary.org/obo/IAO_0000136","term","","https://vocab.audioblast.org/cv/topic#Soundscapes","",""
"references","","57908","http://purl.obolibrary.org/obo/IAO_0000136","term","","https://vocab.audioblast.org/cv/topic#Soundscapes","",""
"references","","57909","http://purl.obolibrary.org/obo/IAO_0000136","taxa","","7751","https://vocab.audioblast.org/cv/referenceContent#AcousticBehaviour",""
"references","","57909","http://purl.obolibrary.org/obo/IAO_0000136","taxa","","7755","https://vocab.audioblast.org/cv/referenceContent#AcousticBehaviour",""
"references","","57909","http://purl.obolibrary.org/obo/IAO_0000136","taxa","","7757","https://vocab.audioblast.org/cv/referenceContent#AcousticBehaviour",""
"references","","57910","http://purl.obolibrary.org/obo/IAO_0000136","taxa","","1724","https://vocab.audioblast.org/cv/referenceContent#AcousticBehaviour",""
"references","","57911","http://purl.obolibrary.org/obo/IAO_0000136","taxa","","7758","https://vocab.audioblast.org/cv/referenceContent#AcousticBehaviour",""
"references","","57911","http://purl.obolibrary.org/obo/IAO_0000136","taxa","","7759","https://vocab.audioblast.org/cv/referenceContent#AcousticBehaviour",""
"references","","57912","http://purl.obolibrary.org/obo/IAO_0000136","taxa","","1405","https://vocab.audioblast.org/cv/referenceContent#AcousticBehaviour",""
"references","","57912","http://purl.obolibrary.org/obo/IAO_0000136","taxa","","7761","https://vocab.audioblast.org/cv/referenceContent#AcousticBehaviour",""
"references","","57913","http://purl.obolibrary.org/obo/IAO_0000136","taxa","","7764","https://vocab.audioblast.org/cv/referenceContent#AcousticBehaviour",""
"references","","57914","http://purl.obolibrary.org/obo/IAO_0000136","taxa","","1357","https://vocab.audioblast.org/cv/referenceContent#AcousticBehaviour",""
"references","","57914","http://purl.obolibrary.org/obo/IAO_0000136","taxa","","1648","https://vocab.audioblast.org/cv/referenceContent#AcousticBehaviour",""
"references","","57914","http://purl.obolibrary.org/obo/IAO_0000136","taxa","","7321","https://vocab.audioblast.org/cv/referenceContent#AcousticBehaviour",""
"references","","57915","http://purl.obolibrary.org/obo/IAO_0000136","term","","https://vocab.audioblast.org/cv/topic#MarineSoundscapes","",""
"references","","57916","http://purl.obolibrary.org/obo/IAO_0000136","taxa","","7768","https://vocab.audioblast.org/cv/referenceContent#AcousticBehaviour",""
"references","","57917","http://purl.obolibrary.org/obo/IAO_0000136","taxa","","4524","https://vocab.audioblast.org/cv/referenceContent#AcousticBehaviour",""
"references","","57918","http://purl.obolibrary.org/obo/IAO_0000136","taxa","","1661","https://vocab.audioblast.org/cv/referenceContent#AcousticBehaviour",""
"references","","57918","http://purl.obolibrary.org/obo/IAO_0000136","taxa","","7769","https://vocab.audioblast.org/cv/referenceContent#AcousticBehaviour",""
"references","","57919","http://purl.obolibrary.org/obo/IAO_0000136","taxa","","4991","https://vocab.audioblast.org/cv/referenceContent#AcousticBehaviour",""
"references","","57919","http://purl.obolibrary.org/obo/IAO_0000136","taxa","","6331","https://vocab.audioblast.org/cv/referenceContent#AcousticBehaviour",""
"references","","57920","http://purl.obolibrary.org/obo/IAO_0000136","taxa","","4960","https://vocab.audioblast.org/cv/referenceContent#AcousticBehaviour",""
"references","","57920","http://purl.obolibrary.org/obo/IAO_0000136","taxa","","4969","https://vocab.audioblast.org/cv/referenceContent#AcousticBehaviour",""
"references","","57921","http://purl.obolibrary.org/obo/IAO_0000136","taxa","","803","https://vocab.audioblast.org/cv/referenceContent#AcousticBehaviour",""
"references","","57921","http://purl.obolibrary.org/obo/IAO_0000136","term","","https://vocab.audioblast.org/cv/topic#Terminology","",""
"references","","57922","http://purl.obolibrary.org/obo/IAO_0000136","taxa","","6565","https://vocab.audioblast.org/cv/referenceContent#AcousticBehaviour",""
"references","","57923","http://purl.obolibrary.org/obo/IAO_0000136","taxa","","4962","https://vocab.audioblast.org/cv/referenceContent#AcousticBehaviour",""
"references","","57923","http://purl.obolibrary.org/obo/IAO_0000136","taxa","","4963","https://vocab.audioblast.org/cv/referenceContent#AcousticBehaviour",""
"references","","57924","http://purl.obolibrary.org/obo/IAO_0000136","taxa","","4960","https://vocab.audioblast.org/cv/referenceContent#AcousticBehaviour",""
"references","","57925","http://purl.obolibrary.org/obo/IAO_0000136","taxa","","1376","https://vocab.audioblast.org/cv/referenceContent#AcousticBehaviour",""
"references","","57925","http://purl.obolibrary.org/obo/IAO_0000136","taxa","","7771","https://vocab.audioblast.org/cv/referenceContent#AcousticBehaviour",""
"references","","57926","http://purl.obolibrary.org/obo/IAO_0000136","taxa","","803","https://vocab.audioblast.org/cv/referenceContent#AcousticBehaviour",""
"references","","57927","http://purl.obolibrary.org/obo/IAO_0000136","taxa","","7773","https://vocab.audioblast.org/cv/referenceContent#AcousticBehaviour",""
"references","","57928","http://purl.obolibrary.org/obo/IAO_0000136","taxa","","6395","https://vocab.audioblast.org/cv/referenceContent#AcousticBehaviour",""
"references","","57928","http://purl.obolibrary.org/obo/IAO_0000136","taxa","","6397","https://vocab.audioblast.org/cv/referenceContent#AcousticBehaviour",""
"references","","57928","http://purl.obolibrary.org/obo/IAO_0000136","taxa","","7775","https://vocab.audioblast.org/cv/referenceContent#AcousticBehaviour",""
"references","","57928","http://purl.obolibrary.org/obo/IAO_0000136","taxa","","7776","https://vocab.audioblast.org/cv/referenceContent#AcousticBehaviour",""
"references","","57928","http://purl.obolibrary.org/obo/IAO_0000136","taxa","","7779","https://vocab.audioblast.org/cv/referenceContent#AcousticBehaviour",""
"references","","57928","http://purl.obolibrary.org/obo/IAO_0000136","taxa","","7781","https://vocab.audioblast.org/cv/referenceContent#AcousticBehaviour",""
"references","","57928","http://purl.obolibrary.org/obo/IAO_0000136","taxa","","7783","https://vocab.audioblast.org/cv/referenceContent#AcousticBehaviour",""
"references","","57929","http://purl.obolibrary.org/obo/IAO_0000136","taxa","","1357","https://vocab.audioblast.org/cv/referenceContent#AcousticBehaviour",""
"references","","57930","http://purl.obolibrary.org/obo/IAO_0000136","taxa","","4991","https://vocab.audioblast.org/cv/referenceContent#AcousticBehaviour",""
"references","","57930","http://purl.obolibrary.org/obo/IAO_0000136","taxa","","5953","https://vocab.audioblast.org/cv/referenceContent#AcousticBehaviour",""
"references","","57931","http://purl.obolibrary.org/obo/IAO_0000136","term","","https://vocab.audioblast.org/cv/topic#Soundscapes","",""
"references","","57932","http://purl.obolibrary.org/obo/IAO_0000136","taxa","","2345","https://vocab.audioblast.org/cv/referenceContent#AcousticBehaviour",""
"references","","57933","http://purl.obolibrary.org/obo/IAO_0000136","taxa","","2352","https://vocab.audioblast.org/cv/referenceContent#AcousticBehaviour",""
"references","","57934","http://purl.obolibrary.org/obo/IAO_0000136","taxa","","1802","https://vocab.audioblast.org/cv/referenceContent#AcousticBehaviour",""
"references","","57934","http://purl.obolibrary.org/obo/IAO_0000136","taxa","","3321","https://vocab.audioblast.org/cv/referenceContent#AcousticBehaviour",""
"references","","57935","http://purl.obolibrary.org/obo/IAO_0000136","taxa","","2580","https://vocab.audioblast.org/cv/referenceContent#AcousticBehaviour",""
"references","","57935","http://purl.obolibrary.org/obo/IAO_0000136","taxa","","4967","https://vocab.audioblast.org/cv/referenceContent#AcousticBehaviour",""
"references","","57935","http://purl.obolibrary.org/obo/IAO_0000136","taxa","","7786","https://vocab.audioblast.org/cv/referenceContent#AcousticBehaviour",""
"references","","57936","http://purl.obolibrary.org/obo/IAO_0000136","taxa","","6095","https://vocab.audioblast.org/cv/referenceContent#AcousticBehaviour",""
"references","","57937","http://purl.obolibrary.org/obo/IAO_0000136","taxa","","240","https://vocab.audioblast.org/cv/referenceContent#AcousticBehaviour",""
"references","","57938","http://purl.obolibrary.org/obo/IAO_0000136","taxa","","240","https://vocab.audioblast.org/cv/referenceContent#AcousticBehaviour",""
"references","","57939","http://purl.obolibrary.org/obo/IAO_0000136","taxa","","444","https://vocab.audioblast.org/cv/referenceContent#AcousticBehaviour",""
"references","","57939","http://purl.obolibrary.org/obo/IAO_0000136","taxa","","84","https://vocab.audioblast.org/cv/referenceContent#AcousticBehaviour",""
"references","","57940","http://purl.obolibrary.org/obo/IAO_0000136","taxa","","4969","https://vocab.audioblast.org/cv/referenceContent#AcousticBehaviour",""
"references","","57941","http://purl.obolibrary.org/obo/IAO_0000136","taxa","","1185","https://vocab.audioblast.org/cv/referenceContent#AcousticBehaviour",""
"references","","57941","http://purl.obolibrary.org/obo/IAO_0000136","taxa","","4458","https://vocab.audioblast.org/cv/referenceContent#AcousticBehaviour",""
"references","","57941","http://purl.obolibrary.org/obo/IAO_0000136","taxa","","4459","https://vocab.audioblast.org/cv/referenceContent#AcousticBehaviour",""
"references","","57941","http://purl.obolibrary.org/obo/IAO_0000136","taxa","","4460","https://vocab.audioblast.org/cv/referenceContent#AcousticBehaviour",""
"references","","57941","http://purl.obolibrary.org/obo/IAO_0000136","taxa","","4464","https://vocab.audioblast.org/cv/referenceContent#AcousticBehaviour",""
"references","","57941","http://purl.obolibrary.org/obo/IAO_0000136","taxa","","4467","https://vocab.audioblast.org/cv/referenceContent#AcousticBehaviour",""
"references","","57941","http://purl.obolibrary.org/obo/IAO_0000136","taxa","","4468","https://vocab.audioblast.org/cv/referenceContent#AcousticBehaviour",""
"references","","57941","http://purl.obolibrary.org/obo/IAO_0000136","taxa","","4827","https://vocab.audioblast.org/cv/referenceContent#AcousticBehaviour",""
"references","","57941","http://purl.obolibrary.org/obo/IAO_0000136","taxa","","5426","https://vocab.audioblast.org/cv/referenceContent#AcousticBehaviour",""
"references","","57941","http://purl.obolibrary.org/obo/IAO_0000136","taxa","","5433","https://vocab.audioblast.org/cv/referenceContent#AcousticBehaviour",""
"references","","57941","http://purl.obolibrary.org/obo/IAO_0000136","taxa","","5436","https://vocab.audioblast.org/cv/referenceContent#AcousticBehaviour",""
"references","","57941","http://purl.obolibrary.org/obo/IAO_0000136","taxa","","7787","https://vocab.audioblast.org/cv/referenceContent#AcousticBehaviour",""
"references","","57941","http://purl.obolibrary.org/obo/IAO_0000136","taxa","","7788","https://vocab.audioblast.org/cv/referenceContent#AcousticBehaviour",""
"references","","57941","http://purl.obolibrary.org/obo/IAO_0000136","taxa","","7789","https://vocab.audioblast.org/cv/referenceContent#AcousticBehaviour",""
"references","","57941","http://purl.obolibrary.org/obo/IAO_0000136","taxa","","7790","https://vocab.audioblast.org/cv/referenceContent#AcousticBehaviour",""
"references","","57941","http://purl.obolibrary.org/obo/IAO_0000136","taxa","","7791","https://vocab.audioblast.org/cv/referenceContent#AcousticBehaviour",""
"references","","57941","http://purl.obolibrary.org/obo/IAO_0000136","taxa","","7792","https://vocab.audioblast.org/cv/referenceContent#AcousticBehaviour",""
"references","","57941","http://purl.obolibrary.org/obo/IAO_0000136","taxa","","7793","https://vocab.audioblast.org/cv/referenceContent#AcousticBehaviour",""
"references","","57941","http://purl.obolibrary.org/obo/IAO_0000136","taxa","","7794","https://vocab.audioblast.org/cv/referenceContent#AcousticBehaviour",""
"references","","57941","http://purl.obolibrary.org/obo/IAO_0000136","taxa","","7795","https://vocab.audioblast.org/cv/referenceContent#AcousticBehaviour",""
"references","","57942","http://purl.obolibrary.org/obo/IAO_0000136","taxa","","5430","https://vocab.audioblast.org/cv/referenceContent#AcousticBehaviour",""
"references","","57942","http://purl.obolibrary.org/obo/IAO_0000136","taxa","","5437","https://vocab.audioblast.org/cv/referenceContent#AcousticBehaviour",""
"references","","57942","http://purl.obolibrary.org/obo/IAO_0000136","taxa","","552","https://vocab.audioblast.org/cv/referenceContent#AcousticBehaviour",""
"references","","57942","http://purl.obolibrary.org/obo/IAO_0000136","taxa","","56","https://vocab.audioblast.org/cv/referenceContent#AcousticBehaviour",""
"references","","57942","http://purl.obolibrary.org/obo/IAO_0000136","taxa","","7796","https://vocab.audioblast.org/cv/referenceContent#AcousticBehaviour",""
"references","","57942","http://purl.obolibrary.org/obo/IAO_0000136","taxa","","7797","https://vocab.audioblast.org/cv/referenceContent#AcousticBehaviour",""
"references","","57942","http://purl.obolibrary.org/obo/IAO_0000136","taxa","","918","https://vocab.audioblast.org/cv/referenceContent#AcousticBehaviour",""
"references","","57943","http://purl.obolibrary.org/obo/IAO_0000136","taxa","","1248","https://vocab.audioblast.org/cv/referenceContent#AcousticBehaviour",""
"references","","57943","http://purl.obolibrary.org/obo/IAO_0000136","taxa","","2656","https://vocab.audioblast.org/cv/referenceContent#AcousticBehaviour",""
"references","","57944","http://purl.obolibrary.org/obo/IAO_0000136","taxa","","169","https://vocab.audioblast.org/cv/referenceContent#AcousticBehaviour",""
"references","","57944","http://purl.obolibrary.org/obo/IAO_0000136","taxa","","385","https://vocab.audioblast.org/cv/referenceContent#AcousticBehaviour",""
"references","","57944","http://purl.obolibrary.org/obo/IAO_0000136","taxa","","388","https://vocab.audioblast.org/cv/referenceContent#AcousticBehaviour",""
"references","","57944","http://purl.obolibrary.org/obo/IAO_0000136","taxa","","398","https://vocab.audioblast.org/cv/referenceContent#AcousticBehaviour",""
"references","","57944","http://purl.obolibrary.org/obo/IAO_0000136","taxa","","399","https://vocab.audioblast.org/cv/referenceContent#AcousticBehaviour",""
"references","","57944","http://purl.obolibrary.org/obo/IAO_0000136","taxa","","401","https://vocab.audioblast.org/cv/referenceContent#AcousticBehaviour",""
"references","","57944","http://purl.obolibrary.org/obo/IAO_0000136","taxa","","403","https://vocab.audioblast.org/cv/referenceContent#AcousticBehaviour",""
"references","","57944","http://purl.obolibrary.org/obo/IAO_0000136","taxa","","4442","https://vocab.audioblast.org/cv/referenceContent#AcousticBehaviour",""
"references","","57944","http://purl.obolibrary.org/obo/IAO_0000136","taxa","","4444","https://vocab.audioblast.org/cv/referenceContent#AcousticBehaviour",""
"references","","57944","http://purl.obolibrary.org/obo/IAO_0000136","taxa","","4448","https://vocab.audioblast.org/cv/referenceContent#AcousticBehaviour",""
"references","","57944","http://purl.obolibrary.org/obo/IAO_0000136","taxa","","4449","https://vocab.audioblast.org/cv/referenceContent#AcousticBehaviour",""
"references","","57944","http://purl.obolibrary.org/obo/IAO_0000136","taxa","","4453","https://vocab.audioblast.org/cv/referenceContent#AcousticBehaviour",""
"references","","57944","http://purl.obolibrary.org/obo/IAO_0000136","taxa","","5433","https://vocab.audioblast.org/cv/referenceContent#AcousticBehaviour",""
"references","","57944","http://purl.obolibrary.org/obo/IAO_0000136","taxa","","5705","https://vocab.audioblast.org/cv/referenceContent#AcousticBehaviour",""
"references","","57944","http://purl.obolibrary.org/obo/IAO_0000136","taxa","","5709","https://vocab.audioblast.org/cv/referenceContent#AcousticBehaviour",""
"references","","57944","http://purl.obolibrary.org/obo/IAO_0000136","taxa","","7798","https://vocab.audioblast.org/cv/referenceContent#AcousticBehaviour",""
"references","","57945","http://purl.obolibrary.org/obo/IAO_0000136","taxa","","7800","https://vocab.audioblast.org/cv/referenceContent#AcousticBehaviour",""
"references","","57946","http://purl.obolibrary.org/obo/IAO_0000136","taxa","","2105","https://vocab.audioblast.org/cv/referenceContent#AcousticBehaviour",""
"references","","57946","http://purl.obolibrary.org/obo/IAO_0000136","taxa","","67","https://vocab.audioblast.org/cv/referenceContent#AcousticBehaviour",""
"references","","57947","http://purl.obolibrary.org/obo/IAO_0000136","taxa","","315","https://vocab.audioblast.org/cv/referenceContent#AcousticBehaviour",""
"references","","57948","http://purl.obolibrary.org/obo/IAO_0000136","taxa","","2105","https://vocab.audioblast.org/cv/referenceContent#AcousticBehaviour",""
"references","","57949","http://purl.obolibrary.org/obo/IAO_0000136","taxa","","2105","https://vocab.audioblast.org/cv/referenceContent#AcousticBehaviour",""
"references","","57950","http://purl.obolibrary.org/obo/IAO_0000136","taxa","","7798","https://vocab.audioblast.org/cv/referenceContent#AcousticBehaviour",""
"references","","57951","http://purl.obolibrary.org/obo/IAO_0000136","taxa","","6198","https://vocab.audioblast.org/cv/referenceContent#AcousticBehaviour",""
"references","","57952","http://purl.obolibrary.org/obo/IAO_0000136","taxa","","6198","https://vocab.audioblast.org/cv/referenceContent#AcousticBehaviour",""
"references","","57953","http://purl.obolibrary.org/obo/IAO_0000136","taxa","","1726","https://vocab.audioblast.org/cv/referenceContent#AcousticBehaviour",""
"references","","57956","http://purl.obolibrary.org/obo/IAO_0000136","taxa","","1309","https://vocab.audioblast.org/cv/referenceContent#AcousticBehaviour",""
"references","","57956","http://purl.obolibrary.org/obo/IAO_0000136","taxa","","1639","https://vocab.audioblast.org/cv/referenceContent#AcousticBehaviour",""
"references","","57956","http://purl.obolibrary.org/obo/IAO_0000136","taxa","","7173","https://vocab.audioblast.org/cv/referenceContent#AcousticBehaviour",""
"references","","57957","http://purl.obolibrary.org/obo/IAO_0000136","taxa","","7801","https://vocab.audioblast.org/cv/referenceContent#AcousticBehaviour",""
"references","","57958","http://purl.obolibrary.org/obo/IAO_0000136","taxa","","738","https://vocab.audioblast.org/cv/referenceContent#AcousticBehaviour",""
"references","","57959","http://purl.obolibrary.org/obo/IAO_0000136","taxa","","7804","https://vocab.audioblast.org/cv/referenceContent#AcousticBehaviour",""
"references","","57960","http://purl.obolibrary.org/obo/IAO_0000136","taxa","","6783","https://vocab.audioblast.org/cv/referenceContent#AcousticBehaviour",""
"references","","57961","http://purl.obolibrary.org/obo/IAO_0000136","taxa","","7404","https://vocab.audioblast.org/cv/referenceContent#AcousticBehaviour",""
"references","","57962","http://purl.obolibrary.org/obo/IAO_0000136","taxa","","1357","https://vocab.audioblast.org/cv/referenceContent#AcousticBehaviour",""
"references","","57963","http://purl.obolibrary.org/obo/IAO_0000136","taxa","","168","https://vocab.audioblast.org/cv/referenceContent#AcousticBehaviour",""
"references","","57963","http://purl.obolibrary.org/obo/IAO_0000136","taxa","","552","https://vocab.audioblast.org/cv/referenceContent#AcousticBehaviour",""
"references","","57963","http://purl.obolibrary.org/obo/IAO_0000136","taxa","","5699","https://vocab.audioblast.org/cv/referenceContent#AcousticBehaviour",""
"references","","57963","http://purl.obolibrary.org/obo/IAO_0000136","taxa","","5713","https://vocab.audioblast.org/cv/referenceContent#AcousticBehaviour",""
"references","","57963","http://purl.obolibrary.org/obo/IAO_0000136","taxa","","6266","https://vocab.audioblast.org/cv/referenceContent#AcousticBehaviour",""
"references","","57963","http://purl.obolibrary.org/obo/IAO_0000136","taxa","","6268","https://vocab.audioblast.org/cv/referenceContent#AcousticBehaviour",""
"references","","57963","http://purl.obolibrary.org/obo/IAO_0000136","taxa","","6269","https://vocab.audioblast.org/cv/referenceContent#AcousticBehaviour",""
"references","","57963","http://purl.obolibrary.org/obo/IAO_0000136","taxa","","6270","https://vocab.audioblast.org/cv/referenceContent#AcousticBehaviour",""
"references","","57963","http://purl.obolibrary.org/obo/IAO_0000136","taxa","","6271","https://vocab.audioblast.org/cv/referenceContent#AcousticBehaviour",""
"references","","57963","http://purl.obolibrary.org/obo/IAO_0000136","taxa","","6272","https://vocab.audioblast.org/cv/referenceContent#AcousticBehaviour",""
"references","","57963","http://purl.obolibrary.org/obo/IAO_0000136","taxa","","6273","https://vocab.audioblast.org/cv/referenceContent#AcousticBehaviour",""
"references","","57965","http://purl.obolibrary.org/obo/IAO_0000136","taxa","","7806","https://vocab.audioblast.org/cv/referenceContent#AcousticBehaviour",""
"references","","57966","http://purl.obolibrary.org/obo/IAO_0000136","taxa","","216","https://vocab.audioblast.org/cv/referenceContent#AcousticBehaviour",""
"references","","57966","http://purl.obolibrary.org/obo/IAO_0000136","taxa","","84","https://vocab.audioblast.org/cv/referenceContent#AcousticBehaviour",""
"references","","57967","http://purl.obolibrary.org/obo/IAO_0000136","taxa","","7812","https://vocab.audioblast.org/cv/referenceContent#AcousticBehaviour",""
"references","","57968","http://purl.obolibrary.org/obo/IAO_0000136","taxa","","457","https://vocab.audioblast.org/cv/referenceContent#AcousticBehaviour",""
"references","","57968","http://purl.obolibrary.org/obo/IAO_0000136","taxa","","7813","https://vocab.audioblast.org/cv/referenceContent#AcousticBehaviour",""
"references","","57969","http://purl.obolibrary.org/obo/IAO_0000136","taxa","","7815","https://vocab.audioblast.org/cv/referenceContent#AcousticBehaviour",""
"references","","57970","http://purl.obolibrary.org/obo/IAO_0000136","taxa","","7816","https://vocab.audioblast.org/cv/referenceContent#AcousticBehaviour",""
"references","","57971","http://purl.obolibrary.org/obo/IAO_0000136","taxa","","7818","https://vocab.audioblast.org/cv/referenceContent#AcousticBehaviour",""
"references","","57972","http://purl.obolibrary.org/obo/IAO_0000136","taxa","","1357","https://vocab.audioblast.org/cv/referenceContent#AcousticBehaviour",""
"references","","57973","http://purl.obolibrary.org/obo/IAO_0000136","term","","https://vocab.audioblast.org/cv/topic#MarineSoundscapes","",""
"references","","57974","http://purl.obolibrary.org/obo/IAO_0000136","taxa","","7821","https://vocab.audioblast.org/cv/referenceContent#AcousticBehaviour",""
"references","","57975","http://purl.obolibrary.org/obo/IAO_0000136","taxa","","7822","https://vocab.audioblast.org/cv/referenceContent#AcousticBehaviour",""
"references","","57976","http://purl.obolibrary.org/obo/IAO_0000136","term","","https://vocab.audioblast.org/cv/topic#MachineLearning","",""
"references","","57977","http://purl.obolibrary.org/obo/IAO_0000136","term","","https://vocab.audioblast.org/cv/topic#Soundscapes","",""
"references","","57978","http://purl.obolibrary.org/obo/IAO_0000136","taxa","","7826","https://vocab.audioblast.org/cv/referenceContent#AcousticBehaviour",""
"references","","57979","http://purl.obolibrary.org/obo/IAO_0000136","taxa","","7828","https://vocab.audioblast.org/cv/referenceContent#AcousticBehaviour",""
"references","","57979","http://purl.obolibrary.org/obo/IAO_0000136","taxa","","7829","https://vocab.audioblast.org/cv/referenceContent#AcousticBehaviour",""
"references","","57979","http://purl.obolibrary.org/obo/IAO_0000136","taxa","","7830","https://vocab.audioblast.org/cv/referenceContent#AcousticBehaviour",""
"references","","57980","http://purl.obolibrary.org/obo/IAO_0000136","term","","https://vocab.audioblast.org/cv/topic#Soundscapes","",""
"references","","57981","http://purl.obolibrary.org/obo/IAO_0000136","term","","https://vocab.audioblast.org/cv/topic#FreshwaterSoundscapes","",""
"references","","57982","http://purl.obolibrary.org/obo/IAO_0000136","taxa","","235","https://vocab.audioblast.org/cv/referenceContent#AcousticBehaviour",""
"references","","57982","http://purl.obolibrary.org/obo/IAO_0000136","taxa","","7833","https://vocab.audioblast.org/cv/referenceContent#AcousticBehaviour",""
"references","","57983","http://purl.obolibrary.org/obo/IAO_0000136","taxa","","6781","https://vocab.audioblast.org/cv/referenceContent#AcousticBehaviour",""
"references","","57986","http://purl.obolibrary.org/obo/IAO_0000136","taxa","","1724","https://vocab.audioblast.org/cv/referenceContent#AcousticBehaviour",""
"references","","57987","http://purl.obolibrary.org/obo/IAO_0000136","taxa","","5980","https://vocab.audioblast.org/cv/referenceContent#AcousticBehaviour",""
"references","","57991","http://purl.obolibrary.org/obo/IAO_0000136","taxa","","7469","https://vocab.audioblast.org/cv/referenceContent#AcousticBehaviour",""
"references","","57992","http://purl.obolibrary.org/obo/IAO_0000136","taxa","","6801","https://vocab.audioblast.org/cv/referenceContent#AcousticBehaviour",""
"references","","57992","http://purl.obolibrary.org/obo/IAO_0000136","taxa","","7836","https://vocab.audioblast.org/cv/referenceContent#AcousticBehaviour",""
"references","","57993","http://purl.obolibrary.org/obo/IAO_0000136","taxa","","4455","https://vocab.audioblast.org/cv/referenceContent#AcousticBehaviour",""
"references","","57993","http://purl.obolibrary.org/obo/IAO_0000136","taxa","","5697","https://vocab.audioblast.org/cv/referenceContent#AcousticBehaviour",""
"references","","57993","http://purl.obolibrary.org/obo/IAO_0000136","taxa","","5700","https://vocab.audioblast.org/cv/referenceContent#AcousticBehaviour",""
"references","","57993","http://purl.obolibrary.org/obo/IAO_0000136","taxa","","5707","https://vocab.audioblast.org/cv/referenceContent#AcousticBehaviour",""
"references","","57993","http://purl.obolibrary.org/obo/IAO_0000136","taxa","","5724","https://vocab.audioblast.org/cv/referenceContent#AcousticBehaviour",""
"references","","57993","http://purl.obolibrary.org/obo/IAO_0000136","taxa","","7837","https://vocab.audioblast.org/cv/referenceContent#AcousticBehaviour",""
"references","","57993","http://purl.obolibrary.org/obo/IAO_0000136","taxa","","7838","https://vocab.audioblast.org/cv/referenceContent#AcousticBehaviour",""
"references","","57993","http://purl.obolibrary.org/obo/IAO_0000136","taxa","","7841","https://vocab.audioblast.org/cv/referenceContent#AcousticBehaviour",""
"references","","57993","http://purl.obolibrary.org/obo/IAO_0000136","taxa","","7842","https://vocab.audioblast.org/cv/referenceContent#AcousticBehaviour",""
"references","","57993","http://purl.obolibrary.org/obo/IAO_0000136","taxa","","7843","https://vocab.audioblast.org/cv/referenceContent#AcousticBehaviour",""
"references","","57994","http://purl.obolibrary.org/obo/IAO_0000136","taxa","","240","https://vocab.audioblast.org/cv/referenceContent#AcousticBehaviour",""
"references","","57995","http://purl.obolibrary.org/obo/IAO_0000136","taxa","","5513","https://vocab.audioblast.org/cv/referenceContent#AcousticBehaviour",""
"references","","57995","http://purl.obolibrary.org/obo/IAO_0000136","taxa","","7844","https://vocab.audioblast.org/cv/referenceContent#AcousticBehaviour",""
"references","","57996","http://purl.obolibrary.org/obo/IAO_0000136","taxa","","2550","https://vocab.audioblast.org/cv/referenceContent#AcousticBehaviour",""
"references","","57997","http://purl.obolibrary.org/obo/IAO_0000136","taxa","","1780","https://vocab.audioblast.org/cv/referenceContent#AcousticBehaviour",""
"references","","57997","http://purl.obolibrary.org/obo/IAO_0000136","taxa","","1781","https://vocab.audioblast.org/cv/referenceContent#AcousticBehaviour",""
"references","","57997","http://purl.obolibrary.org/obo/IAO_0000136","taxa","","6817","https://vocab.audioblast.org/cv/referenceContent#AcousticBehaviour",""
"references","","57998","http://purl.obolibrary.org/obo/IAO_0000136","taxa","","4518","https://vocab.audioblast.org/cv/referenceContent#AcousticBehaviour",""
"references","","57998","http://purl.obolibrary.org/obo/IAO_0000136","taxa","","7845","https://vocab.audioblast.org/cv/referenceContent#AcousticBehaviour",""
"references","","57999","http://purl.obolibrary.org/obo/IAO_0000136","taxa","","1357","https://vocab.audioblast.org/cv/referenceContent#AcousticBehaviour",""
"references","","58000","http://purl.obolibrary.org/obo/IAO_0000136","taxa","","4963","https://vocab.audioblast.org/cv/referenceContent#AcousticBehaviour",""
"references","","58001","http://purl.obolibrary.org/obo/IAO_0000136","taxa","","7849","https://vocab.audioblast.org/cv/referenceContent#AcousticBehaviour",""
"references","","58002","http://purl.obolibrary.org/obo/IAO_0000136","taxa","","581","https://vocab.audioblast.org/cv/referenceContent#AcousticBehaviour",""
"references","","58003","http://purl.obolibrary.org/obo/IAO_0000136","taxa","","6084","https://vocab.audioblast.org/cv/referenceContent#AcousticBehaviour",""
"references","","58003","http://purl.obolibrary.org/obo/IAO_0000136","taxa","","6874","https://vocab.audioblast.org/cv/referenceContent#AcousticBehaviour",""
"references","","58004","http://purl.obolibrary.org/obo/IAO_0000136","taxa","","1719","https://vocab.audioblast.org/cv/referenceContent#AcousticBehaviour",""
"references","","58004","http://purl.obolibrary.org/obo/IAO_0000136","taxa","","6405","https://vocab.audioblast.org/cv/referenceContent#AcousticBehaviour",""
"references","","58004","http://purl.obolibrary.org/obo/IAO_0000136","taxa","","7852","https://vocab.audioblast.org/cv/referenceContent#AcousticBehaviour",""
"references","","58004","http://purl.obolibrary.org/obo/IAO_0000136","taxa","","7854","https://vocab.audioblast.org/cv/referenceContent#AcousticBehaviour",""
"references","","58004","http://purl.obolibrary.org/obo/IAO_0000136","taxa","","7856","https://vocab.audioblast.org/cv/referenceContent#AcousticBehaviour",""
"references","","58005","http://purl.obolibrary.org/obo/IAO_0000136","taxa","","7857","https://vocab.audioblast.org/cv/referenceContent#AcousticBehaviour",""
"references","","58006","http://purl.obolibrary.org/obo/IAO_0000136","taxa","","1162","https://vocab.audioblast.org/cv/referenceContent#AcousticBehaviour",""
"references","","58006","http://purl.obolibrary.org/obo/IAO_0000136","taxa","","168","https://vocab.audioblast.org/cv/referenceContent#AcousticBehaviour",""
"references","","58006","http://purl.obolibrary.org/obo/IAO_0000136","taxa","","56","https://vocab.audioblast.org/cv/referenceContent#AcousticBehaviour",""
"references","","58006","http://purl.obolibrary.org/obo/IAO_0000136","taxa","","5704","https://vocab.audioblast.org/cv/referenceContent#AcousticBehaviour",""
"references","","58006","http://purl.obolibrary.org/obo/IAO_0000136","taxa","","5726","https://vocab.audioblast.org/cv/referenceContent#AcousticBehaviour",""
"references","","58006","http://purl.obolibrary.org/obo/IAO_0000136","taxa","","7858","https://vocab.audioblast.org/cv/referenceContent#AcousticBehaviour",""
"references","","58008","http://purl.obolibrary.org/obo/IAO_0000136","taxa","","1162","https://vocab.audioblast.org/cv/referenceContent#AcousticBehaviour",""
"references","","58008","http://purl.obolibrary.org/obo/IAO_0000136","taxa","","168","https://vocab.audioblast.org/cv/referenceContent#AcousticBehaviour",""
"references","","58008","http://purl.obolibrary.org/obo/IAO_0000136","taxa","","5708","https://vocab.audioblast.org/cv/referenceContent#AcousticBehaviour",""
"references","","58008","http://purl.obolibrary.org/obo/IAO_0000136","taxa","","5714","https://vocab.audioblast.org/cv/referenceContent#AcousticBehaviour",""
"references","","58008","http://purl.obolibrary.org/obo/IAO_0000136","taxa","","5720","https://vocab.audioblast.org/cv/referenceContent#AcousticBehaviour",""
"references","","58008","http://purl.obolibrary.org/obo/IAO_0000136","taxa","","5722","https://vocab.audioblast.org/cv/referenceContent#AcousticBehaviour",""
"references","","58010","http://purl.obolibrary.org/obo/IAO_0000136","taxa","","7469","https://vocab.audioblast.org/cv/referenceContent#AcousticBehaviour",""
"references","","58012","http://purl.obolibrary.org/obo/IAO_0000136","taxa","","199","https://vocab.audioblast.org/cv/referenceContent#AcousticBehaviour",""
"references","","58012","http://purl.obolibrary.org/obo/IAO_0000136","taxa","","2367","https://vocab.audioblast.org/cv/referenceContent#AcousticBehaviour",""
"references","","58012","http://purl.obolibrary.org/obo/IAO_0000136","taxa","","2377","https://vocab.audioblast.org/cv/referenceContent#AcousticBehaviour",""
"references","","58012","http://purl.obolibrary.org/obo/IAO_0000136","taxa","","4865","https://vocab.audioblast.org/cv/referenceContent#AcousticBehaviour",""
"references","","58012","http://purl.obolibrary.org/obo/IAO_0000136","taxa","","4865","https://vocab.audioblast.org/cv/referenceContent#Oscillogram",""
"references","","58012","http://purl.obolibrary.org/obo/IAO_0000136","taxa","","4865","https://vocab.audioblast.org/cv/referenceContent#Spectrogram",""
"references","","58012","http://purl.obolibrary.org/obo/IAO_0000136","taxa","","7859","https://vocab.audioblast.org/cv/referenceContent#AcousticBehaviour",""
"references","","58012","http://purl.obolibrary.org/obo/IAO_0000136","taxa","","7859","https://vocab.audioblast.org/cv/referenceContent#Oscillogram",""
"references","","58012","http://purl.obolibrary.org/obo/IAO_0000136","taxa","","7859","https://vocab.audioblast.org/cv/referenceContent#Spectrogram",""
"references","","58012","http://purl.obolibrary.org/obo/IAO_0000136","taxa","","7860","https://vocab.audioblast.org/cv/referenceContent#AcousticBehaviour",""
"references","","58012","http://purl.obolibrary.org/obo/IAO_0000136","taxa","","7860","https://vocab.audioblast.org/cv/referenceContent#Oscillogram",""
"references","","58012","http://purl.obolibrary.org/obo/IAO_0000136","taxa","","7860","https://vocab.audioblast.org/cv/referenceContent#Spectrogram",""
"references","","58012","http://purl.obolibrary.org/obo/IAO_0000136","taxa","","7861","https://vocab.audioblast.org/cv/referenceContent#AcousticBehaviour",""
"references","","58012","http://purl.obolibrary.org/obo/IAO_0000136","taxa","","7861","https://vocab.audioblast.org/cv/referenceContent#Oscillogram",""
"references","","58012","http://purl.obolibrary.org/obo/IAO_0000136","taxa","","7861","https://vocab.audioblast.org/cv/referenceContent#Spectrogram",""
"references","","58012","http://purl.obolibrary.org/obo/IAO_0000136","taxa","","7862","https://vocab.audioblast.org/cv/referenceContent#AcousticBehaviour",""
"references","","58012","http://purl.obolibrary.org/obo/IAO_0000136","taxa","","7862","https://vocab.audioblast.org/cv/referenceContent#Oscillogram",""
"references","","58012","http://purl.obolibrary.org/obo/IAO_0000136","taxa","","7862","https://vocab.audioblast.org/cv/referenceContent#Spectrogram",""
"references","","58012","http://purl.obolibrary.org/obo/IAO_0000136","taxa","","7863","https://vocab.audioblast.org/cv/referenceContent#AcousticBehaviour",""
"references","","58012","http://purl.obolibrary.org/obo/IAO_0000136","taxa","","7863","https://vocab.audioblast.org/cv/referenceContent#Oscillogram",""
"references","","58012","http://purl.obolibrary.org/obo/IAO_0000136","taxa","","7863","https://vocab.audioblast.org/cv/referenceContent#Spectrogram",""
"references","","58026","http://purl.obolibrary.org/obo/IAO_0000136","taxa","","6340","https://vocab.audioblast.org/cv/referenceContent#AcousticBehaviour",""
"references","","58026","http://purl.obolibrary.org/obo/IAO_0000136","taxa","","7864","https://vocab.audioblast.org/cv/referenceContent#AcousticBehaviour",""
"references","","58027","http://purl.obolibrary.org/obo/IAO_0000136","taxa","","128","https://vocab.audioblast.org/cv/referenceContent#AcousticBehaviour",""
"references","","58027","http://purl.obolibrary.org/obo/IAO_0000136","taxa","","1937","https://vocab.audioblast.org/cv/referenceContent#AcousticBehaviour",""
"references","","58027","http://purl.obolibrary.org/obo/IAO_0000136","taxa","","2335","https://vocab.audioblast.org/cv/referenceContent#AcousticBehaviour",""
"references","","58027","http://purl.obolibrary.org/obo/IAO_0000136","taxa","","2367","https://vocab.audioblast.org/cv/referenceContent#AcousticBehaviour",""
"references","","58027","http://purl.obolibrary.org/obo/IAO_0000136","taxa","","2379","https://vocab.audioblast.org/cv/referenceContent#AcousticBehaviour",""
"references","","58027","http://purl.obolibrary.org/obo/IAO_0000136","taxa","","246","https://vocab.audioblast.org/cv/referenceContent#AcousticBehaviour",""
"references","","58027","http://purl.obolibrary.org/obo/IAO_0000136","taxa","","2504","https://vocab.audioblast.org/cv/referenceContent#AcousticBehaviour",""
"references","","58027","http://purl.obolibrary.org/obo/IAO_0000136","taxa","","2508","https://vocab.audioblast.org/cv/referenceContent#AcousticBehaviour",""
"references","","58027","http://purl.obolibrary.org/obo/IAO_0000136","taxa","","2585","https://vocab.audioblast.org/cv/referenceContent#AcousticBehaviour",""
"references","","58027","http://purl.obolibrary.org/obo/IAO_0000136","taxa","","309","https://vocab.audioblast.org/cv/referenceContent#AcousticBehaviour",""
"references","","58027","http://purl.obolibrary.org/obo/IAO_0000136","taxa","","315","https://vocab.audioblast.org/cv/referenceContent#AcousticBehaviour",""
"references","","58027","http://purl.obolibrary.org/obo/IAO_0000136","taxa","","364","https://vocab.audioblast.org/cv/referenceContent#AcousticBehaviour",""
"references","","58027","http://purl.obolibrary.org/obo/IAO_0000136","taxa","","430","https://vocab.audioblast.org/cv/referenceContent#AcousticBehaviour",""
"references","","58027","http://purl.obolibrary.org/obo/IAO_0000136","taxa","","5103","https://vocab.audioblast.org/cv/referenceContent#AcousticBehaviour",""
"references","","58027","http://purl.obolibrary.org/obo/IAO_0000136","taxa","","6801","https://vocab.audioblast.org/cv/referenceContent#AcousticBehaviour",""
"references","","58027","http://purl.obolibrary.org/obo/IAO_0000136","taxa","","7836","https://vocab.audioblast.org/cv/referenceContent#AcousticBehaviour",""
"references","","58027","http://purl.obolibrary.org/obo/IAO_0000136","taxa","","7865","https://vocab.audioblast.org/cv/referenceContent#AcousticBehaviour",""
"references","","58027","http://purl.obolibrary.org/obo/IAO_0000136","taxa","","7866","https://vocab.audioblast.org/cv/referenceContent#AcousticBehaviour",""
"references","","58027","http://purl.obolibrary.org/obo/IAO_0000136","taxa","","7867","https://vocab.audioblast.org/cv/referenceContent#AcousticBehaviour",""
"references","","58027","http://purl.obolibrary.org/obo/IAO_0000136","taxa","","7868","https://vocab.audioblast.org/cv/referenceContent#AcousticBehaviour",""
"references","","58027","http://purl.obolibrary.org/obo/IAO_0000136","taxa","","7869","https://vocab.audioblast.org/cv/referenceContent#AcousticBehaviour",""
"references","","58027","http://purl.obolibrary.org/obo/IAO_0000136","taxa","","7870","https://vocab.audioblast.org/cv/referenceContent#AcousticBehaviour",""
"references","","58028","http://purl.obolibrary.org/obo/IAO_0000136","taxa","","5702","https://vocab.audioblast.org/cv/referenceContent#AcousticBehaviour",""
"references","","58028","http://purl.obolibrary.org/obo/IAO_0000136","taxa","","5702","https://vocab.audioblast.org/cv/referenceContent#Oscillogram",""
"references","","58028","http://purl.obolibrary.org/obo/IAO_0000136","taxa","","5702","https://vocab.audioblast.org/cv/referenceContent#SongDescription",""
"references","","58028","http://purl.obolibrary.org/obo/IAO_0000136","taxa","","5702","https://vocab.audioblast.org/cv/referenceContent#StridulatoryApparatusDescription",""
"references","","58030","http://purl.obolibrary.org/obo/IAO_0000136","taxa","","7872","https://vocab.audioblast.org/cv/referenceContent#AcousticBehaviour",""
"references","","58031","http://purl.obolibrary.org/obo/IAO_0000136","taxa","","5226","https://vocab.audioblast.org/cv/referenceContent#AcousticBehaviour",""
"references","","58031","http://purl.obolibrary.org/obo/IAO_0000136","taxa","","5272","https://vocab.audioblast.org/cv/referenceContent#AcousticBehaviour",""
"references","","58031","http://purl.obolibrary.org/obo/IAO_0000136","taxa","","5272","https://vocab.audioblast.org/cv/referenceContent#Spectrogram",""
"references","","58031","http://purl.obolibrary.org/obo/IAO_0000136","taxa","","56","https://vocab.audioblast.org/cv/referenceContent#AcousticBehaviour",""
"references","","58035","http://purl.obolibrary.org/obo/IAO_0000136","taxa","","7873","https://vocab.audioblast.org/cv/referenceContent#AcousticBehaviour",""
"references","","58035","http://purl.obolibrary.org/obo/IAO_0000136","taxa","","7873","https://vocab.audioblast.org/cv/referenceContent#Oscillogram",""
"references","","58035","http://purl.obolibrary.org/obo/IAO_0000136","taxa","","7873","https://vocab.audioblast.org/cv/referenceContent#SongDescription",""
"references","","58035","http://purl.obolibrary.org/obo/IAO_0000136","taxa","","7873","https://vocab.audioblast.org/cv/referenceContent#Spectrogram",""
"references","","58035","http://purl.obolibrary.org/obo/IAO_0000136","taxa","","7874","https://vocab.audioblast.org/cv/referenceContent#AcousticBehaviour",""
"references","","58035","http://purl.obolibrary.org/obo/IAO_0000136","taxa","","7874","https://vocab.audioblast.org/cv/referenceContent#Oscillogram",""
"references","","58035","http://purl.obolibrary.org/obo/IAO_0000136","taxa","","7874","https://vocab.audioblast.org/cv/referenceContent#SongDescription",""
"references","","58035","http://purl.obolibrary.org/obo/IAO_0000136","taxa","","7874","https://vocab.audioblast.org/cv/referenceContent#Spectrogram",""
"references","","58035","http://purl.obolibrary.org/obo/IAO_0000136","taxa","","7875","https://vocab.audioblast.org/cv/referenceContent#AcousticBehaviour",""
"references","","58035","http://purl.obolibrary.org/obo/IAO_0000136","taxa","","7875","https://vocab.audioblast.org/cv/referenceContent#Oscillogram",""
"references","","58035","http://purl.obolibrary.org/obo/IAO_0000136","taxa","","7875","https://vocab.audioblast.org/cv/referenceContent#Spectrogram",""
"references","","58035","http://purl.obolibrary.org/obo/IAO_0000136","taxa","","7876","https://vocab.audioblast.org/cv/referenceContent#AcousticBehaviour",""
"references","","58035","http://purl.obolibrary.org/obo/IAO_0000136","taxa","","7876","https://vocab.audioblast.org/cv/referenceContent#Oscillogram",""
"references","","58035","http://purl.obolibrary.org/obo/IAO_0000136","taxa","","7876","https://vocab.audioblast.org/cv/referenceContent#Spectrogram",""
"references","","58035","http://purl.obolibrary.org/obo/IAO_0000136","taxa","","7877","https://vocab.audioblast.org/cv/referenceContent#AcousticBehaviour",""
"references","","58035","http://purl.obolibrary.org/obo/IAO_0000136","taxa","","7877","https://vocab.audioblast.org/cv/referenceContent#Oscillogram",""
"references","","58035","http://purl.obolibrary.org/obo/IAO_0000136","taxa","","7877","https://vocab.audioblast.org/cv/referenceContent#Spectrogram",""
"references","","58040","http://purl.obolibrary.org/obo/IAO_0000136","term","","https://vocab.audioblast.org/cv/topic#MarineSoundscapes","",""
"references","","58041","http://purl.obolibrary.org/obo/IAO_0000136","taxa","","7880","https://vocab.audioblast.org/cv/referenceContent#AcousticBehaviour",""
"references","","58041","http://purl.obolibrary.org/obo/IAO_0000136","taxa","","7880","https://vocab.audioblast.org/cv/referenceContent#Oscillogram",""
"references","","58041","http://purl.obolibrary.org/obo/IAO_0000136","taxa","","7880","https://vocab.audioblast.org/cv/referenceContent#Sonagram",""
"references","","58041","http://purl.obolibrary.org/obo/IAO_0000136","taxa","","7880","https://vocab.audioblast.org/cv/referenceContent#SongDescription",""
"references","","58041","http://purl.obolibrary.org/obo/IAO_0000136","taxa","","7880","https://vocab.audioblast.org/cv/referenceContent#Spectrogram",""
"references","","58045","http://purl.obolibrary.org/obo/IAO_0000136","taxa","","1248","https://vocab.audioblast.org/cv/referenceContent#AcousticBehaviour",""
"references","","58045","http://purl.obolibrary.org/obo/IAO_0000136","taxa","","2074","https://vocab.audioblast.org/cv/referenceContent#AcousticBehaviour",""
"references","","58045","http://purl.obolibrary.org/obo/IAO_0000136","taxa","","7883","https://vocab.audioblast.org/cv/referenceContent#AcousticBehaviour",""
"references","","58045","http://purl.obolibrary.org/obo/IAO_0000136","taxa","","7883","https://vocab.audioblast.org/cv/referenceContent#PlectrumPhotograph",""
"references","","58047","http://purl.obolibrary.org/obo/IAO_0000136","taxa","","315","https://vocab.audioblast.org/cv/referenceContent#AcousticBehaviour",""
"references","","58048","http://purl.obolibrary.org/obo/IAO_0000136","taxa","","6441","https://vocab.audioblast.org/cv/referenceContent#AcousticBehaviour",""
"references","","58049","http://purl.obolibrary.org/obo/IAO_0000136","taxa","","7887","https://vocab.audioblast.org/cv/referenceContent#AcousticBehaviour",""
"references","","58050","http://purl.obolibrary.org/obo/IAO_0000136","taxa","","1357","https://vocab.audioblast.org/cv/referenceContent#AcousticBehaviour",""
"references","","58051","http://purl.obolibrary.org/obo/IAO_0000136","taxa","","1357","https://vocab.audioblast.org/cv/referenceContent#AcousticBehaviour",""
"references","","58051","http://purl.obolibrary.org/obo/IAO_0000136","taxa","","6608","https://vocab.audioblast.org/cv/referenceContent#AcousticBehaviour",""
"references","","58051","http://purl.obolibrary.org/obo/IAO_0000136","taxa","","6647","https://vocab.audioblast.org/cv/referenceContent#AcousticBehaviour",""
"references","","58051","http://purl.obolibrary.org/obo/IAO_0000136","taxa","","7270","https://vocab.audioblast.org/cv/referenceContent#AcousticBehaviour",""
"references","","58051","http://purl.obolibrary.org/obo/IAO_0000136","taxa","","7310","https://vocab.audioblast.org/cv/referenceContent#AcousticBehaviour",""
"references","","58051","http://purl.obolibrary.org/obo/IAO_0000136","taxa","","7313","https://vocab.audioblast.org/cv/referenceContent#AcousticBehaviour",""
"references","","58051","http://purl.obolibrary.org/obo/IAO_0000136","taxa","","7324","https://vocab.audioblast.org/cv/referenceContent#AcousticBehaviour",""
"references","","58051","http://purl.obolibrary.org/obo/IAO_0000136","taxa","","7357","https://vocab.audioblast.org/cv/referenceContent#AcousticBehaviour",""
"references","","58051","http://purl.obolibrary.org/obo/IAO_0000136","taxa","","7374","https://vocab.audioblast.org/cv/referenceContent#AcousticBehaviour",""
"references","","58051","http://purl.obolibrary.org/obo/IAO_0000136","taxa","","7386","https://vocab.audioblast.org/cv/referenceContent#AcousticBehaviour",""
"references","","58051","http://purl.obolibrary.org/obo/IAO_0000136","taxa","","7394","https://vocab.audioblast.org/cv/referenceContent#AcousticBehaviour",""
"references","","58051","http://purl.obolibrary.org/obo/IAO_0000136","taxa","","7397","https://vocab.audioblast.org/cv/referenceContent#AcousticBehaviour",""
"references","","58051","http://purl.obolibrary.org/obo/IAO_0000136","taxa","","7411","https://vocab.audioblast.org/cv/referenceContent#AcousticBehaviour",""
"references","","58051","http://purl.obolibrary.org/obo/IAO_0000136","taxa","","7414","https://vocab.audioblast.org/cv/referenceContent#AcousticBehaviour",""
"references","","58051","http://purl.obolibrary.org/obo/IAO_0000136","taxa","","7451","https://vocab.audioblast.org/cv/referenceContent#AcousticBehaviour",""
"references","","58052","http://purl.obolibrary.org/obo/IAO_0000136","taxa","","1357","https://vocab.audioblast.org/cv/referenceContent#AcousticBehaviour",""
"references","","58052","http://purl.obolibrary.org/obo/IAO_0000136","taxa","","7211","https://vocab.audioblast.org/cv/referenceContent#AcousticBehaviour",""
"references","","58052","http://purl.obolibrary.org/obo/IAO_0000136","taxa","","7233","https://vocab.audioblast.org/cv/referenceContent#AcousticBehaviour",""
"references","","58052","http://purl.obolibrary.org/obo/IAO_0000136","taxa","","7270","https://vocab.audioblast.org/cv/referenceContent#AcousticBehaviour",""
"references","","58052","http://purl.obolibrary.org/obo/IAO_0000136","taxa","","7273","https://vocab.audioblast.org/cv/referenceContent#AcousticBehaviour",""
"references","","58052","http://purl.obolibrary.org/obo/IAO_0000136","taxa","","7327","https://vocab.audioblast.org/cv/referenceContent#AcousticBehaviour",""
"references","","58052","http://purl.obolibrary.org/obo/IAO_0000136","taxa","","7330","https://vocab.audioblast.org/cv/referenceContent#AcousticBehaviour",""
"references","","58052","http://purl.obolibrary.org/obo/IAO_0000136","taxa","","7339","https://vocab.audioblast.org/cv/referenceContent#AcousticBehaviour",""
"references","","58052","http://purl.obolibrary.org/obo/IAO_0000136","taxa","","7340","https://vocab.audioblast.org/cv/referenceContent#AcousticBehaviour",""
"references","","58052","http://purl.obolibrary.org/obo/IAO_0000136","taxa","","7357","https://vocab.audioblast.org/cv/referenceContent#AcousticBehaviour",""
"references","","58052","http://purl.obolibrary.org/obo/IAO_0000136","taxa","","7364","https://vocab.audioblast.org/cv/referenceContent#AcousticBehaviour",""
"references","","58052","http://purl.obolibrary.org/obo/IAO_0000136","taxa","","7374","https://vocab.audioblast.org/cv/referenceContent#AcousticBehaviour",""
"references","","58052","http://purl.obolibrary.org/obo/IAO_0000136","taxa","","7420","https://vocab.audioblast.org/cv/referenceContent#AcousticBehaviour",""
"references","","58052","http://purl.obolibrary.org/obo/IAO_0000136","taxa","","7467","https://vocab.audioblast.org/cv/referenceContent#AcousticBehaviour",""
"references","","58053","http://purl.obolibrary.org/obo/IAO_0000136","taxa","","7268","https://vocab.audioblast.org/cv/referenceContent#AcousticBehaviour",""
"references","","58053","http://purl.obolibrary.org/obo/IAO_0000136","taxa","","7270","https://vocab.audioblast.org/cv/referenceContent#AcousticBehaviour",""
"references","","58053","http://purl.obolibrary.org/obo/IAO_0000136","taxa","","7330","https://vocab.audioblast.org/cv/referenceContent#AcousticBehaviour",""
"references","","58053","http://purl.obolibrary.org/obo/IAO_0000136","taxa","","7339","https://vocab.audioblast.org/cv/referenceContent#AcousticBehaviour",""
"references","","58053","http://purl.obolibrary.org/obo/IAO_0000136","taxa","","7340","https://vocab.audioblast.org/cv/referenceContent#AcousticBehaviour",""
"references","","58055","http://purl.obolibrary.org/obo/IAO_0000136","taxa","","1813","https://vocab.audioblast.org/cv/referenceContent#AcousticBehaviour",""
"references","","58055","http://purl.obolibrary.org/obo/IAO_0000136","taxa","","199","https://vocab.audioblast.org/cv/referenceContent#AcousticBehaviour",""
"references","","58055","http://purl.obolibrary.org/obo/IAO_0000136","taxa","","56","https://vocab.audioblast.org/cv/referenceContent#AcousticBehaviour",""
"references","","58055","http://purl.obolibrary.org/obo/IAO_0000136","taxa","","572","https://vocab.audioblast.org/cv/referenceContent#AcousticBehaviour",""
"references","","58055","http://purl.obolibrary.org/obo/IAO_0000136","taxa","","7888","https://vocab.audioblast.org/cv/referenceContent#AcousticBehaviour",""
"references","","58068","http://purl.obolibrary.org/obo/IAO_0000136","taxa","","1249","https://vocab.audioblast.org/cv/referenceContent#AcousticBehaviour",""
"references","","58068","http://purl.obolibrary.org/obo/IAO_0000136","taxa","","7896","https://vocab.audioblast.org/cv/referenceContent#AcousticBehaviour",""
"references","","58068","http://purl.obolibrary.org/obo/IAO_0000136","taxa","","7896","https://vocab.audioblast.org/cv/referenceContent#StridulatoryApparatusDescription",""
"references","","58068","http://purl.obolibrary.org/obo/IAO_0000136","taxa","","7897","https://vocab.audioblast.org/cv/referenceContent#AcousticBehaviour",""
"references","","58071","http://purl.obolibrary.org/obo/IAO_0000136","taxa","","1162","https://vocab.audioblast.org/cv/referenceContent#AcousticBehaviour",""
"references","","58071","http://purl.obolibrary.org/obo/IAO_0000136","taxa","","7899","https://vocab.audioblast.org/cv/referenceContent#AcousticBehaviour",""
"references","","58084","http://purl.obolibrary.org/obo/IAO_0000136","taxa","","7901","https://vocab.audioblast.org/cv/referenceContent#AcousticBehaviour",""
"references","","58143","http://purl.obolibrary.org/obo/IAO_0000136","taxa","","7939","https://vocab.audioblast.org/cv/referenceContent#AcousticBehaviour",""
"references","","58161","http://purl.obolibrary.org/obo/IAO_0000136","taxa","","2499","https://vocab.audioblast.org/cv/referenceContent#AcousticBehaviour",""
"references","","58161","http://purl.obolibrary.org/obo/IAO_0000136","taxa","","2499","https://vocab.audioblast.org/cv/referenceContent#FluidExpulsionDescription",""
"references","","58161","http://purl.obolibrary.org/obo/IAO_0000136","taxa","","2499","https://vocab.audioblast.org/cv/referenceContent#SongDescription",""
"references","","58164","http://purl.obolibrary.org/obo/IAO_0000136","taxa","","378","https://vocab.audioblast.org/cv/referenceContent#AcousticBehaviour",""
"references","","58167","http://purl.obolibrary.org/obo/IAO_0000136","taxa","","7945","https://vocab.audioblast.org/cv/referenceContent#AcousticBehaviour",""
"references","","58168","http://purl.obolibrary.org/obo/IAO_0000136","taxa","","1309","https://vocab.audioblast.org/cv/referenceContent#AcousticBehaviour",""
"references","","58168","http://purl.obolibrary.org/obo/IAO_0000136","taxa","","1639","https://vocab.audioblast.org/cv/referenceContent#AcousticBehaviour",""
"references","","58168","http://purl.obolibrary.org/obo/IAO_0000136","taxa","","35","https://vocab.audioblast.org/cv/referenceContent#AcousticBehaviour",""
"references","","58168","http://purl.obolibrary.org/obo/IAO_0000136","taxa","","583","https://vocab.audioblast.org/cv/referenceContent#AcousticBehaviour",""
"references","","58168","http://purl.obolibrary.org/obo/IAO_0000136","taxa","","7173","https://vocab.audioblast.org/cv/referenceContent#AcousticBehaviour",""
"references","","58168","http://purl.obolibrary.org/obo/IAO_0000136","taxa","","7947","https://vocab.audioblast.org/cv/referenceContent#AcousticBehaviour",""
"references","","58168","http://purl.obolibrary.org/obo/IAO_0000136","taxa","","7949","https://vocab.audioblast.org/cv/referenceContent#AcousticBehaviour",""
"references","","58169","http://purl.obolibrary.org/obo/IAO_0000136","taxa","","7951","https://vocab.audioblast.org/cv/referenceContent#AcousticBehaviour",""
"references","","58170","http://purl.obolibrary.org/obo/IAO_0000136","taxa","","1383","https://vocab.audioblast.org/cv/referenceContent#AcousticBehaviour",""
"references","","58171","http://purl.obolibrary.org/obo/IAO_0000136","taxa","","6441","https://vocab.audioblast.org/cv/referenceContent#AcousticBehaviour",""
"references","","58172","http://purl.obolibrary.org/obo/IAO_0000136","term","","https://vocab.audioblast.org/cv/topic#MarineSoundscapes","",""
"references","","58173","http://purl.obolibrary.org/obo/IAO_0000136","taxa","","6425","https://vocab.audioblast.org/cv/referenceContent#AcousticBehaviour",""
"references","","58174","http://purl.obolibrary.org/obo/IAO_0000136","taxa","","7952","https://vocab.audioblast.org/cv/referenceContent#AcousticBehaviour",""
"references","","58180","http://purl.obolibrary.org/obo/IAO_0000136","taxa","","1937","https://vocab.audioblast.org/cv/referenceContent#AcousticBehaviour",""
"references","","58180","http://purl.obolibrary.org/obo/IAO_0000136","taxa","","2025","https://vocab.audioblast.org/cv/referenceContent#AcousticBehaviour",""
"references","","58182","http://purl.obolibrary.org/obo/IAO_0000136","taxa","","1185","https://vocab.audioblast.org/cv/referenceContent#AcousticBehaviour",""
"references","","58182","http://purl.obolibrary.org/obo/IAO_0000136","taxa","","4433","https://vocab.audioblast.org/cv/referenceContent#AcousticBehaviour",""
"references","","58182","http://purl.obolibrary.org/obo/IAO_0000136","taxa","","4435","https://vocab.audioblast.org/cv/referenceContent#AcousticBehaviour",""
"references","","58185","http://purl.obolibrary.org/obo/IAO_0000136","taxa","","544","https://vocab.audioblast.org/cv/referenceContent#AcousticBehaviour",""
"references","","58187","http://purl.obolibrary.org/obo/IAO_0000136","taxa","","544","https://vocab.audioblast.org/cv/referenceContent#AcousticBehaviour",""
"references","","58188","http://purl.obolibrary.org/obo/IAO_0000136","taxa","","7958","https://vocab.audioblast.org/cv/referenceContent#AcousticBehaviour",""
"references","","58190","http://purl.obolibrary.org/obo/IAO_0000136","term","","https://vocab.audioblast.org/cv/topic#FreshwaterSoundscapes","",""
"references","","58191","http://purl.obolibrary.org/obo/IAO_0000136","taxa","","6198","https://vocab.audioblast.org/cv/referenceContent#AcousticBehaviour",""
"references","","58191","http://purl.obolibrary.org/obo/IAO_0000136","taxa","","7270","https://vocab.audioblast.org/cv/referenceContent#AcousticBehaviour",""
"references","","58191","http://purl.obolibrary.org/obo/IAO_0000136","taxa","","7960","https://vocab.audioblast.org/cv/referenceContent#AcousticBehaviour",""
"references","","58192","http://purl.obolibrary.org/obo/IAO_0000136","taxa","","56","https://vocab.audioblast.org/cv/referenceContent#AcousticBehaviour",""
"references","","58192","http://purl.obolibrary.org/obo/IAO_0000136","taxa","","7961","https://vocab.audioblast.org/cv/referenceContent#AcousticBehaviour",""
"references","","58197","http://purl.obolibrary.org/obo/IAO_0000136","taxa","","7135","https://vocab.audioblast.org/cv/referenceContent#AcousticBehaviour",""
"references","","58198","http://purl.obolibrary.org/obo/IAO_0000136","taxa","","7963","https://vocab.audioblast.org/cv/referenceContent#AcousticBehaviour",""
"references","","58199","http://purl.obolibrary.org/obo/IAO_0000136","taxa","","7964","https://vocab.audioblast.org/cv/referenceContent#AcousticBehaviour",""
"references","","58199","http://purl.obolibrary.org/obo/IAO_0000136","taxa","","7965","https://vocab.audioblast.org/cv/referenceContent#AcousticBehaviour",""
"references","","58199","http://purl.obolibrary.org/obo/IAO_0000136","taxa","","7966","https://vocab.audioblast.org/cv/referenceContent#AcousticBehaviour",""
"references","","58201","http://purl.obolibrary.org/obo/IAO_0000136","taxa","","7969","https://vocab.audioblast.org/cv/referenceContent#AcousticBehaviour",""
"references","","58203","http://purl.obolibrary.org/obo/IAO_0000136","taxa","","1357","https://vocab.audioblast.org/cv/referenceContent#AcousticBehaviour",""
"references","","58203","http://purl.obolibrary.org/obo/IAO_0000136","taxa","","1433","https://vocab.audioblast.org/cv/referenceContent#AcousticBehaviour",""
"references","","58203","http://purl.obolibrary.org/obo/IAO_0000136","taxa","","457","https://vocab.audioblast.org/cv/referenceContent#AcousticBehaviour",""
"references","","58203","http://purl.obolibrary.org/obo/IAO_0000136","taxa","","4939","https://vocab.audioblast.org/cv/referenceContent#AcousticBehaviour",""
"references","","58203","http://purl.obolibrary.org/obo/IAO_0000136","taxa","","6339","https://vocab.audioblast.org/cv/referenceContent#AcousticBehaviour",""
"references","","58203","http://purl.obolibrary.org/obo/IAO_0000136","taxa","","6678","https://vocab.audioblast.org/cv/referenceContent#AcousticBehaviour",""
"references","","58203","http://purl.obolibrary.org/obo/IAO_0000136","taxa","","7124","https://vocab.audioblast.org/cv/referenceContent#AcousticBehaviour",""
"references","","58203","http://purl.obolibrary.org/obo/IAO_0000136","taxa","","7125","https://vocab.audioblast.org/cv/referenceContent#AcousticBehaviour",""
"references","","58203","http://purl.obolibrary.org/obo/IAO_0000136","taxa","","7394","https://vocab.audioblast.org/cv/referenceContent#AcousticBehaviour",""
"references","","58203","http://purl.obolibrary.org/obo/IAO_0000136","taxa","","7421","https://vocab.audioblast.org/cv/referenceContent#AcousticBehaviour",""
"references","","58203","http://purl.obolibrary.org/obo/IAO_0000136","taxa","","7445","https://vocab.audioblast.org/cv/referenceContent#AcousticBehaviour",""
"references","","58203","http://purl.obolibrary.org/obo/IAO_0000136","taxa","","7813","https://vocab.audioblast.org/cv/referenceContent#AcousticBehaviour",""
"references","","58203","http://purl.obolibrary.org/obo/IAO_0000136","taxa","","7972","https://vocab.audioblast.org/cv/referenceContent#AcousticBehaviour",""
"references","","58203","http://purl.obolibrary.org/obo/IAO_0000136","taxa","","7974","https://vocab.audioblast.org/cv/referenceContent#AcousticBehaviour",""
"references","","58204","http://purl.obolibrary.org/obo/IAO_0000136","taxa","","458","https://vocab.audioblast.org/cv/referenceContent#AcousticBehaviour",""
"references","","58204","http://purl.obolibrary.org/obo/IAO_0000136","taxa","","7975","https://vocab.audioblast.org/cv/referenceContent#AcousticBehaviour",""
"references","","58204","http://purl.obolibrary.org/obo/IAO_0000136","taxa","","7976","https://vocab.audioblast.org/cv/referenceContent#AcousticBehaviour",""
"references","","58204","http://purl.obolibrary.org/obo/IAO_0000136","taxa","","7980","https://vocab.audioblast.org/cv/referenceContent#AcousticBehaviour",""
"references","","58204","http://purl.obolibrary.org/obo/IAO_0000136","taxa","","7981","https://vocab.audioblast.org/cv/referenceContent#AcousticBehaviour",""
"references","","58204","http://purl.obolibrary.org/obo/IAO_0000136","taxa","","8017","https://vocab.audioblast.org/cv/referenceContent#AcousticBehaviour",""
"references","","58205","http://purl.obolibrary.org/obo/IAO_0000136","taxa","","7983","https://vocab.audioblast.org/cv/referenceContent#AcousticBehaviour",""
"references","","58207","http://purl.obolibrary.org/obo/IAO_0000136","taxa","","5225","https://vocab.audioblast.org/cv/referenceContent#AcousticBehaviour",""
"references","","58207","http://purl.obolibrary.org/obo/IAO_0000136","taxa","","5226","https://vocab.audioblast.org/cv/referenceContent#AcousticBehaviour",""
"references","","58207","http://purl.obolibrary.org/obo/IAO_0000136","taxa","","5227","https://vocab.audioblast.org/cv/referenceContent#AcousticBehaviour",""
"references","","58207","http://purl.obolibrary.org/obo/IAO_0000136","taxa","","5228","https://vocab.audioblast.org/cv/referenceContent#AcousticBehaviour",""
"references","","58207","http://purl.obolibrary.org/obo/IAO_0000136","taxa","","5229","https://vocab.audioblast.org/cv/referenceContent#AcousticBehaviour",""
"references","","58207","http://purl.obolibrary.org/obo/IAO_0000136","taxa","","5230","https://vocab.audioblast.org/cv/referenceContent#AcousticBehaviour",""
"references","","58207","http://purl.obolibrary.org/obo/IAO_0000136","taxa","","7984","https://vocab.audioblast.org/cv/referenceContent#AcousticBehaviour",""
"references","","58221","http://purl.obolibrary.org/obo/IAO_0000136","taxa","","7987","https://vocab.audioblast.org/cv/referenceContent#AcousticBehaviour",""
"references","","58221","http://purl.obolibrary.org/obo/IAO_0000136","taxa","","7988","https://vocab.audioblast.org/cv/referenceContent#AcousticBehaviour",""
"references","","58221","http://purl.obolibrary.org/obo/IAO_0000136","taxa","","7989","https://vocab.audioblast.org/cv/referenceContent#AcousticBehaviour",""
"references","","58221","http://purl.obolibrary.org/obo/IAO_0000136","taxa","","7990","https://vocab.audioblast.org/cv/referenceContent#AcousticBehaviour",""
"references","","58223","http://purl.obolibrary.org/obo/IAO_0000136","taxa","","7994","https://vocab.audioblast.org/cv/referenceContent#AcousticBehaviour",""
"references","","58226","http://purl.obolibrary.org/obo/IAO_0000136","taxa","","1724","https://vocab.audioblast.org/cv/referenceContent#AcousticBehaviour",""
"references","","58227","http://purl.obolibrary.org/obo/IAO_0000136","taxa","","4960","https://vocab.audioblast.org/cv/referenceContent#AcousticBehaviour",""
"references","","58228","http://purl.obolibrary.org/obo/IAO_0000136","taxa","","5947","https://vocab.audioblast.org/cv/referenceContent#AcousticBehaviour",""
"references","","58229","http://purl.obolibrary.org/obo/IAO_0000136","taxa","","7995","https://vocab.audioblast.org/cv/referenceContent#AcousticBehaviour",""
"references","","58230","http://purl.obolibrary.org/obo/IAO_0000136","taxa","","5947","https://vocab.audioblast.org/cv/referenceContent#AcousticBehaviour",""
"references","","58231","http://purl.obolibrary.org/obo/IAO_0000136","taxa","","8001","https://vocab.audioblast.org/cv/referenceContent#AcousticBehaviour",""
"references","","58234","http://purl.obolibrary.org/obo/IAO_0000136","taxa","","590","https://vocab.audioblast.org/cv/referenceContent#AcousticBehaviour",""
"references","","58235","http://purl.obolibrary.org/obo/IAO_0000136","taxa","","8003","https://vocab.audioblast.org/cv/referenceContent#AcousticBehaviour",""
"references","","58235","http://purl.obolibrary.org/obo/IAO_0000136","taxa","","803","https://vocab.audioblast.org/cv/referenceContent#AcousticBehaviour",""
"references","","58236","http://purl.obolibrary.org/obo/IAO_0000136","taxa","","8006","https://vocab.audioblast.org/cv/referenceContent#AcousticBehaviour",""
"references","","58237","http://purl.obolibrary.org/obo/IAO_0000136","taxa","","103","https://vocab.audioblast.org/cv/referenceContent#AcousticBehaviour",""
"references","","58237","http://purl.obolibrary.org/obo/IAO_0000136","taxa","","122","https://vocab.audioblast.org/cv/referenceContent#AcousticBehaviour",""
"references","","58237","http://purl.obolibrary.org/obo/IAO_0000136","taxa","","79","https://vocab.audioblast.org/cv/referenceContent#AcousticBehaviour",""
"references","","58237","http://purl.obolibrary.org/obo/IAO_0000136","taxa","","80","https://vocab.audioblast.org/cv/referenceContent#AcousticBehaviour",""
"references","","58238","http://purl.obolibrary.org/obo/IAO_0000136","taxa","","1725","https://vocab.audioblast.org/cv/referenceContent#AcousticBehaviour",""
"references","","58239","http://purl.obolibrary.org/obo/IAO_0000136","taxa","","8008","https://vocab.audioblast.org/cv/referenceContent#AcousticBehaviour",""
"references","","58240","http://purl.obolibrary.org/obo/IAO_0000136","taxa","","738","https://vocab.audioblast.org/cv/referenceContent#AcousticBehaviour",""
"references","","58241","http://purl.obolibrary.org/obo/IAO_0000136","taxa","","8011","https://vocab.audioblast.org/cv/referenceContent#AcousticBehaviour",""
"references","","58242","http://purl.obolibrary.org/obo/IAO_0000136","taxa","","76","https://vocab.audioblast.org/cv/referenceContent#AcousticBehaviour",""
"references","","58243","http://purl.obolibrary.org/obo/IAO_0000136","taxa","","398","https://vocab.audioblast.org/cv/referenceContent#AcousticBehaviour",""
"references","","58243","http://purl.obolibrary.org/obo/IAO_0000136","taxa","","399","https://vocab.audioblast.org/cv/referenceContent#AcousticBehaviour",""
"references","","58244","http://purl.obolibrary.org/obo/IAO_0000136","taxa","","8014","https://vocab.audioblast.org/cv/referenceContent#AcousticBehaviour",""
"references","","58245","http://purl.obolibrary.org/obo/IAO_0000136","taxa","","8018","https://vocab.audioblast.org/cv/referenceContent#AcousticBehaviour",""
"references","","58246","http://purl.obolibrary.org/obo/IAO_0000136","taxa","","8020","https://vocab.audioblast.org/cv/referenceContent#AcousticBehaviour",""
"references","","58247","http://purl.obolibrary.org/obo/IAO_0000136","taxa","","2257","https://vocab.audioblast.org/cv/referenceContent#AcousticBehaviour",""
"references","","58248","http://purl.obolibrary.org/obo/IAO_0000136","taxa","","8023","https://vocab.audioblast.org/cv/referenceContent#AcousticBehaviour",""
"references","","58249","http://purl.obolibrary.org/obo/IAO_0000136","taxa","","5141","https://vocab.audioblast.org/cv/referenceContent#AcousticBehaviour",""
"references","","58249","http://purl.obolibrary.org/obo/IAO_0000136","taxa","","56","https://vocab.audioblast.org/cv/referenceContent#AcousticBehaviour",""
"references","","58249","http://purl.obolibrary.org/obo/IAO_0000136","taxa","","8029","https://vocab.audioblast.org/cv/referenceContent#AcousticBehaviour",""
"references","","58251","http://purl.obolibrary.org/obo/IAO_0000136","taxa","","8030","https://vocab.audioblast.org/cv/referenceContent#AcousticBehaviour",""
"references","","58251","http://purl.obolibrary.org/obo/IAO_0000136","taxa","","8031","https://vocab.audioblast.org/cv/referenceContent#AcousticBehaviour",""
"references","","58252","http://purl.obolibrary.org/obo/IAO_0000136","taxa","","8034","https://vocab.audioblast.org/cv/referenceContent#AcousticBehaviour",""
"references","","58253","http://purl.obolibrary.org/obo/IAO_0000136","taxa","","7857","https://vocab.audioblast.org/cv/referenceContent#AcousticBehaviour",""
"references","","58254","http://purl.obolibrary.org/obo/IAO_0000136","taxa","","6422","https://vocab.audioblast.org/cv/referenceContent#AcousticBehaviour",""
"references","","58255","http://purl.obolibrary.org/obo/IAO_0000136","taxa","","2370","https://vocab.audioblast.org/cv/referenceContent#AcousticBehaviour",""
"references","","58255","http://purl.obolibrary.org/obo/IAO_0000136","taxa","","2372","https://vocab.audioblast.org/cv/referenceContent#AcousticBehaviour",""
"references","","58255","http://purl.obolibrary.org/obo/IAO_0000136","taxa","","2374","https://vocab.audioblast.org/cv/referenceContent#AcousticBehaviour",""
"references","","58255","http://purl.obolibrary.org/obo/IAO_0000136","taxa","","2375","https://vocab.audioblast.org/cv/referenceContent#AcousticBehaviour",""
"references","","58255","http://purl.obolibrary.org/obo/IAO_0000136","taxa","","2378","https://vocab.audioblast.org/cv/referenceContent#AcousticBehaviour",""
"references","","58255","http://purl.obolibrary.org/obo/IAO_0000136","taxa","","2623","https://vocab.audioblast.org/cv/referenceContent#AcousticBehaviour",""
"references","","58255","http://purl.obolibrary.org/obo/IAO_0000136","taxa","","3370","https://vocab.audioblast.org/cv/referenceContent#AcousticBehaviour",""
"references","","58255","http://purl.obolibrary.org/obo/IAO_0000136","taxa","","3371","https://vocab.audioblast.org/cv/referenceContent#AcousticBehaviour",""
"references","","58255","http://purl.obolibrary.org/obo/IAO_0000136","taxa","","3373","https://vocab.audioblast.org/cv/referenceContent#AcousticBehaviour",""
"references","","58255","http://purl.obolibrary.org/obo/IAO_0000136","taxa","","3374","https://vocab.audioblast.org/cv/referenceContent#AcousticBehaviour",""
"references","","58255","http://purl.obolibrary.org/obo/IAO_0000136","taxa","","3376","https://vocab.audioblast.org/cv/referenceContent#AcousticBehaviour",""
"references","","58255","http://purl.obolibrary.org/obo/IAO_0000136","taxa","","3377","https://vocab.audioblast.org/cv/referenceContent#AcousticBehaviour",""
"references","","58255","http://purl.obolibrary.org/obo/IAO_0000136","taxa","","3378","https://vocab.audioblast.org/cv/referenceContent#AcousticBehaviour",""
"references","","58255","http://purl.obolibrary.org/obo/IAO_0000136","taxa","","3379","https://vocab.audioblast.org/cv/referenceContent#AcousticBehaviour",""
"references","","58255","http://purl.obolibrary.org/obo/IAO_0000136","taxa","","3380","https://vocab.audioblast.org/cv/referenceContent#AcousticBehaviour",""
"references","","58255","http://purl.obolibrary.org/obo/IAO_0000136","taxa","","3383","https://vocab.audioblast.org/cv/referenceContent#AcousticBehaviour",""
"references","","58255","http://purl.obolibrary.org/obo/IAO_0000136","taxa","","3391","https://vocab.audioblast.org/cv/referenceContent#AcousticBehaviour",""
"references","","58255","http://purl.obolibrary.org/obo/IAO_0000136","taxa","","3396","https://vocab.audioblast.org/cv/referenceContent#AcousticBehaviour",""
"references","","58255","http://purl.obolibrary.org/obo/IAO_0000136","taxa","","3398","https://vocab.audioblast.org/cv/referenceContent#AcousticBehaviour",""
"references","","58255","http://purl.obolibrary.org/obo/IAO_0000136","taxa","","3399","https://vocab.audioblast.org/cv/referenceContent#AcousticBehaviour",""
"references","","58255","http://purl.obolibrary.org/obo/IAO_0000136","taxa","","4815","https://vocab.audioblast.org/cv/referenceContent#AcousticBehaviour",""
"references","","58255","http://purl.obolibrary.org/obo/IAO_0000136","taxa","","5835","https://vocab.audioblast.org/cv/referenceContent#AcousticBehaviour",""
"references","","58255","http://purl.obolibrary.org/obo/IAO_0000136","taxa","","5836","https://vocab.audioblast.org/cv/referenceContent#AcousticBehaviour",""
"references","","58255","http://purl.obolibrary.org/obo/IAO_0000136","taxa","","6686","https://vocab.audioblast.org/cv/referenceContent#AcousticBehaviour",""
"references","","58255","http://purl.obolibrary.org/obo/IAO_0000136","taxa","","8035","https://vocab.audioblast.org/cv/referenceContent#AcousticBehaviour",""
"references","","58255","http://purl.obolibrary.org/obo/IAO_0000136","taxa","","8037","https://vocab.audioblast.org/cv/referenceContent#AcousticBehaviour",""
"references","","58255","http://purl.obolibrary.org/obo/IAO_0000136","taxa","","8038","https://vocab.audioblast.org/cv/referenceContent#AcousticBehaviour",""
"references","","58255","http://purl.obolibrary.org/obo/IAO_0000136","taxa","","8039","https://vocab.audioblast.org/cv/referenceContent#AcousticBehaviour",""
"references","","58255","http://purl.obolibrary.org/obo/IAO_0000136","taxa","","8040","https://vocab.audioblast.org/cv/referenceContent#AcousticBehaviour",""
"references","","58255","http://purl.obolibrary.org/obo/IAO_0000136","taxa","","8041","https://vocab.audioblast.org/cv/referenceContent#AcousticBehaviour",""
"references","","58255","http://purl.obolibrary.org/obo/IAO_0000136","taxa","","8042","https://vocab.audioblast.org/cv/referenceContent#AcousticBehaviour",""
"references","","58255","http://purl.obolibrary.org/obo/IAO_0000136","taxa","","8043","https://vocab.audioblast.org/cv/referenceContent#AcousticBehaviour",""
"references","","58255","http://purl.obolibrary.org/obo/IAO_0000136","taxa","","8044","https://vocab.audioblast.org/cv/referenceContent#AcousticBehaviour",""
"references","","58255","http://purl.obolibrary.org/obo/IAO_0000136","taxa","","8045","https://vocab.audioblast.org/cv/referenceContent#AcousticBehaviour",""
"references","","58255","http://purl.obolibrary.org/obo/IAO_0000136","taxa","","8046","https://vocab.audioblast.org/cv/referenceContent#AcousticBehaviour",""
"references","","58255","http://purl.obolibrary.org/obo/IAO_0000136","taxa","","8047","https://vocab.audioblast.org/cv/referenceContent#AcousticBehaviour",""
"references","","58255","http://purl.obolibrary.org/obo/IAO_0000136","taxa","","8048","https://vocab.audioblast.org/cv/referenceContent#AcousticBehaviour",""
"references","","58255","http://purl.obolibrary.org/obo/IAO_0000136","taxa","","8049","https://vocab.audioblast.org/cv/referenceContent#AcousticBehaviour",""
"references","","58255","http://purl.obolibrary.org/obo/IAO_0000136","taxa","","8050","https://vocab.audioblast.org/cv/referenceContent#AcousticBehaviour",""
"references","","58255","http://purl.obolibrary.org/obo/IAO_0000136","taxa","","8051","https://vocab.audioblast.org/cv/referenceContent#AcousticBehaviour",""
"references","","58255","http://purl.obolibrary.org/obo/IAO_0000136","taxa","","8052","https://vocab.audioblast.org/cv/referenceContent#AcousticBehaviour",""
"references","","58255","http://purl.obolibrary.org/obo/IAO_0000136","taxa","","8055","https://vocab.audioblast.org/cv/referenceContent#AcousticBehaviour",""
"references","","58255","http://purl.obolibrary.org/obo/IAO_0000136","taxa","","8056","https://vocab.audioblast.org/cv/referenceContent#AcousticBehaviour",""
"references","","58255","http://purl.obolibrary.org/obo/IAO_0000136","taxa","","8057","https://vocab.audioblast.org/cv/referenceContent#AcousticBehaviour",""
"references","","58255","http://purl.obolibrary.org/obo/IAO_0000136","taxa","","8058","https://vocab.audioblast.org/cv/referenceContent#AcousticBehaviour",""
"references","","58255","http://purl.obolibrary.org/obo/IAO_0000136","taxa","","8059","https://vocab.audioblast.org/cv/referenceContent#AcousticBehaviour",""
"references","","58255","http://purl.obolibrary.org/obo/IAO_0000136","taxa","","8060","https://vocab.audioblast.org/cv/referenceContent#AcousticBehaviour",""
"references","","58255","http://purl.obolibrary.org/obo/IAO_0000136","taxa","","8061","https://vocab.audioblast.org/cv/referenceContent#AcousticBehaviour",""
"references","","58255","http://purl.obolibrary.org/obo/IAO_0000136","taxa","","8062","https://vocab.audioblast.org/cv/referenceContent#AcousticBehaviour",""
"references","","58255","http://purl.obolibrary.org/obo/IAO_0000136","taxa","","8063","https://vocab.audioblast.org/cv/referenceContent#AcousticBehaviour",""
"references","","58255","http://purl.obolibrary.org/obo/IAO_0000136","taxa","","8064","https://vocab.audioblast.org/cv/referenceContent#AcousticBehaviour",""
"references","","58255","http://purl.obolibrary.org/obo/IAO_0000136","taxa","","8065","https://vocab.audioblast.org/cv/referenceContent#AcousticBehaviour",""
"references","","58255","http://purl.obolibrary.org/obo/IAO_0000136","taxa","","8066","https://vocab.audioblast.org/cv/referenceContent#AcousticBehaviour",""
"references","","58255","http://purl.obolibrary.org/obo/IAO_0000136","taxa","","8067","https://vocab.audioblast.org/cv/referenceContent#AcousticBehaviour",""
"references","","58310","http://purl.obolibrary.org/obo/IAO_0000136","taxa","","6891","https://vocab.audioblast.org/cv/referenceContent#AcousticBehaviour",""
"references","","58311","http://purl.obolibrary.org/obo/IAO_0000136","taxa","","1398","https://vocab.audioblast.org/cv/referenceContent#AcousticBehaviour",""
"references","","58311","http://purl.obolibrary.org/obo/IAO_0000136","taxa","","2501","https://vocab.audioblast.org/cv/referenceContent#AcousticBehaviour",""
"references","","58311","http://purl.obolibrary.org/obo/IAO_0000136","taxa","","4999","https://vocab.audioblast.org/cv/referenceContent#AcousticBehaviour",""
"references","","58311","http://purl.obolibrary.org/obo/IAO_0000136","taxa","","5939","https://vocab.audioblast.org/cv/referenceContent#AcousticBehaviour",""
"references","","58311","http://purl.obolibrary.org/obo/IAO_0000136","taxa","","5940","https://vocab.audioblast.org/cv/referenceContent#AcousticBehaviour",""
"references","","58311","http://purl.obolibrary.org/obo/IAO_0000136","taxa","","5997","https://vocab.audioblast.org/cv/referenceContent#AcousticBehaviour",""
"references","","58311","http://purl.obolibrary.org/obo/IAO_0000136","taxa","","5999","https://vocab.audioblast.org/cv/referenceContent#AcousticBehaviour",""
"references","","58311","http://purl.obolibrary.org/obo/IAO_0000136","taxa","","6480","https://vocab.audioblast.org/cv/referenceContent#AcousticBehaviour",""
"references","","58311","http://purl.obolibrary.org/obo/IAO_0000136","taxa","","7857","https://vocab.audioblast.org/cv/referenceContent#AcousticBehaviour",""
"references","","58311","http://purl.obolibrary.org/obo/IAO_0000136","taxa","","7887","https://vocab.audioblast.org/cv/referenceContent#AcousticBehaviour",""
"references","","58311","http://purl.obolibrary.org/obo/IAO_0000136","taxa","","8022","https://vocab.audioblast.org/cv/referenceContent#AcousticBehaviour",""
"references","","58311","http://purl.obolibrary.org/obo/IAO_0000136","taxa","","8069","https://vocab.audioblast.org/cv/referenceContent#AcousticBehaviour",""
"references","","58311","http://purl.obolibrary.org/obo/IAO_0000136","taxa","","8072","https://vocab.audioblast.org/cv/referenceContent#AcousticBehaviour",""
"references","","58311","http://purl.obolibrary.org/obo/IAO_0000136","taxa","","8074","https://vocab.audioblast.org/cv/referenceContent#AcousticBehaviour",""
"references","","58311","http://purl.obolibrary.org/obo/IAO_0000136","taxa","","8075","https://vocab.audioblast.org/cv/referenceContent#AcousticBehaviour",""
"references","","58311","http://purl.obolibrary.org/obo/IAO_0000136","taxa","","8076","https://vocab.audioblast.org/cv/referenceContent#AcousticBehaviour",""
"references","","58311","http://purl.obolibrary.org/obo/IAO_0000136","taxa","","8077","https://vocab.audioblast.org/cv/referenceContent#AcousticBehaviour",""
"references","","58311","http://purl.obolibrary.org/obo/IAO_0000136","taxa","","8078","https://vocab.audioblast.org/cv/referenceContent#AcousticBehaviour",""
"references","","58311","http://purl.obolibrary.org/obo/IAO_0000136","taxa","","8079","https://vocab.audioblast.org/cv/referenceContent#AcousticBehaviour",""
"references","","58311","http://purl.obolibrary.org/obo/IAO_0000136","taxa","","8080","https://vocab.audioblast.org/cv/referenceContent#AcousticBehaviour",""
"references","","58311","http://purl.obolibrary.org/obo/IAO_0000136","taxa","","8083","https://vocab.audioblast.org/cv/referenceContent#AcousticBehaviour",""
"references","","58311","http://purl.obolibrary.org/obo/IAO_0000136","taxa","","8085","https://vocab.audioblast.org/cv/referenceContent#AcousticBehaviour",""
"references","","58311","http://purl.obolibrary.org/obo/IAO_0000136","taxa","","8088","https://vocab.audioblast.org/cv/referenceContent#AcousticBehaviour",""
"references","","58311","http://purl.obolibrary.org/obo/IAO_0000136","taxa","","8089","https://vocab.audioblast.org/cv/referenceContent#AcousticBehaviour",""
"references","","58311","http://purl.obolibrary.org/obo/IAO_0000136","taxa","","8090","https://vocab.audioblast.org/cv/referenceContent#AcousticBehaviour",""
"references","","58311","http://purl.obolibrary.org/obo/IAO_0000136","taxa","","8091","https://vocab.audioblast.org/cv/referenceContent#AcousticBehaviour",""
"references","","58311","http://purl.obolibrary.org/obo/IAO_0000136","taxa","","8093","https://vocab.audioblast.org/cv/referenceContent#AcousticBehaviour",""
"references","","58311","http://purl.obolibrary.org/obo/IAO_0000136","taxa","","8094","https://vocab.audioblast.org/cv/referenceContent#AcousticBehaviour",""
"references","","58311","http://purl.obolibrary.org/obo/IAO_0000136","taxa","","8095","https://vocab.audioblast.org/cv/referenceContent#AcousticBehaviour",""
"references","","58311","http://purl.obolibrary.org/obo/IAO_0000136","taxa","","8097","https://vocab.audioblast.org/cv/referenceContent#AcousticBehaviour",""
"references","","58311","http://purl.obolibrary.org/obo/IAO_0000136","taxa","","8099","https://vocab.audioblast.org/cv/referenceContent#AcousticBehaviour",""
"references","","58311","http://purl.obolibrary.org/obo/IAO_0000136","taxa","","8100","https://vocab.audioblast.org/cv/referenceContent#AcousticBehaviour",""
"references","","58311","http://purl.obolibrary.org/obo/IAO_0000136","taxa","","8101","https://vocab.audioblast.org/cv/referenceContent#AcousticBehaviour",""
"references","","58311","http://purl.obolibrary.org/obo/IAO_0000136","taxa","","8102","https://vocab.audioblast.org/cv/referenceContent#AcousticBehaviour",""
"references","","58311","http://purl.obolibrary.org/obo/IAO_0000136","taxa","","8104","https://vocab.audioblast.org/cv/referenceContent#AcousticBehaviour",""
"references","","58311","http://purl.obolibrary.org/obo/IAO_0000136","taxa","","8106","https://vocab.audioblast.org/cv/referenceContent#AcousticBehaviour",""
"references","","58312","http://purl.obolibrary.org/obo/IAO_0000136","taxa","","7815","https://vocab.audioblast.org/cv/referenceContent#AcousticBehaviour",""
"references","","58313","http://purl.obolibrary.org/obo/IAO_0000136","term","","https://vocab.audioblast.org/cv/topic#Soundscapes","",""
"references","","58314","http://purl.obolibrary.org/obo/IAO_0000136","taxa","","2489","https://vocab.audioblast.org/cv/referenceContent#AcousticBehaviour",""
"references","","58314","http://purl.obolibrary.org/obo/IAO_0000136","taxa","","311","https://vocab.audioblast.org/cv/referenceContent#AcousticBehaviour",""
"references","","58314","http://purl.obolibrary.org/obo/IAO_0000136","taxa","","56","https://vocab.audioblast.org/cv/referenceContent#AcousticBehaviour",""
"references","","58315","http://purl.obolibrary.org/obo/IAO_0000136","taxa","","8108","https://vocab.audioblast.org/cv/referenceContent#AcousticBehaviour",""
"references","","58317","http://purl.obolibrary.org/obo/IAO_0000136","taxa","","8109","https://vocab.audioblast.org/cv/referenceContent#AcousticBehaviour",""
"references","","58318","http://purl.obolibrary.org/obo/IAO_0000136","taxa","","8111","https://vocab.audioblast.org/cv/referenceContent#AcousticBehaviour",""
"references","","58319","http://purl.obolibrary.org/obo/IAO_0000136","taxa","","8114","https://vocab.audioblast.org/cv/referenceContent#AcousticBehaviour",""
"references","","58326","http://purl.obolibrary.org/obo/IAO_0000136","taxa","","56","https://vocab.audioblast.org/cv/referenceContent#AcousticBehaviour",""
"references","","58326","http://purl.obolibrary.org/obo/IAO_0000136","taxa","","8117","https://vocab.audioblast.org/cv/referenceContent#AcousticBehaviour",""
"references","","58329","http://purl.obolibrary.org/obo/IAO_0000136","taxa","","8127","https://vocab.audioblast.org/cv/referenceContent#AcousticBehaviour",""
"references","","58330","http://purl.obolibrary.org/obo/IAO_0000136","taxa","","7849","https://vocab.audioblast.org/cv/referenceContent#AcousticBehaviour",""
"references","","58355","http://purl.obolibrary.org/obo/IAO_0000136","taxa","","8129","https://vocab.audioblast.org/cv/referenceContent#AcousticBehaviour",""
"references","","58356","http://purl.obolibrary.org/obo/IAO_0000136","taxa","","399","https://vocab.audioblast.org/cv/referenceContent#AcousticBehaviour",""
"references","","58356","http://purl.obolibrary.org/obo/IAO_0000136","taxa","","56","https://vocab.audioblast.org/cv/referenceContent#AcousticBehaviour",""
"references","","58356","http://purl.obolibrary.org/obo/IAO_0000136","taxa","","5709","https://vocab.audioblast.org/cv/referenceContent#AcousticBehaviour",""
"references","","58356","http://purl.obolibrary.org/obo/IAO_0000136","taxa","","8130","https://vocab.audioblast.org/cv/referenceContent#AcousticBehaviour",""
"references","","58356","http://purl.obolibrary.org/obo/IAO_0000136","taxa","","8132","https://vocab.audioblast.org/cv/referenceContent#AcousticBehaviour",""
"references","","58367","http://purl.obolibrary.org/obo/IAO_0000136","taxa","","2396","https://vocab.audioblast.org/cv/referenceContent#AcousticBehaviour",""
"references","","58367","http://purl.obolibrary.org/obo/IAO_0000136","taxa","","8135","https://vocab.audioblast.org/cv/referenceContent#AcousticBehaviour",""
"references","","58371","http://purl.obolibrary.org/obo/IAO_0000136","taxa","","4841","https://vocab.audioblast.org/cv/referenceContent#AcousticBehaviour",""
"references","","58373","http://purl.obolibrary.org/obo/IAO_0000136","taxa","","4841","https://vocab.audioblast.org/cv/referenceContent#AcousticBehaviour",""
"references","","58373","http://purl.obolibrary.org/obo/IAO_0000136","taxa","","6138","https://vocab.audioblast.org/cv/referenceContent#AcousticBehaviour",""
"references","","58375","http://purl.obolibrary.org/obo/IAO_0000136","taxa","","8137","https://vocab.audioblast.org/cv/referenceContent#AcousticBehaviour",""
"references","","58376","http://purl.obolibrary.org/obo/IAO_0000136","taxa","","8139","https://vocab.audioblast.org/cv/referenceContent#AcousticBehaviour",""
"references","","58377","http://purl.obolibrary.org/obo/IAO_0000136","taxa","","92","https://vocab.audioblast.org/cv/referenceContent#AcousticBehaviour",""
"references","","58379","http://purl.obolibrary.org/obo/IAO_0000136","taxa","","8142","https://vocab.audioblast.org/cv/referenceContent#AcousticBehaviour",""
"references","","58380","http://purl.obolibrary.org/obo/IAO_0000136","taxa","","1185","https://vocab.audioblast.org/cv/referenceContent#AcousticBehaviour",""
"references","","58387","http://purl.obolibrary.org/obo/IAO_0000136","taxa","","235","https://vocab.audioblast.org/cv/referenceContent#AcousticBehaviour",""
"references","","58387","http://purl.obolibrary.org/obo/IAO_0000136","taxa","","8154","https://vocab.audioblast.org/cv/referenceContent#AcousticBehaviour",""
"references","","58387","http://purl.obolibrary.org/obo/IAO_0000136","taxa","","8155","https://vocab.audioblast.org/cv/referenceContent#AcousticBehaviour",""
"references","","58390","http://purl.obolibrary.org/obo/IAO_0000136","taxa","","8157","https://vocab.audioblast.org/cv/referenceContent#AcousticBehaviour",""
"references","","58391","http://purl.obolibrary.org/obo/IAO_0000136","taxa","","8160","https://vocab.audioblast.org/cv/referenceContent#AcousticBehaviour",""
"references","","58393","http://purl.obolibrary.org/obo/IAO_0000136","taxa","","6395","https://vocab.audioblast.org/cv/referenceContent#AcousticBehaviour",""
"references","","58393","http://purl.obolibrary.org/obo/IAO_0000136","term","","https://vocab.audioblast.org/cv/topic#MarineSoundscapes","",""
"references","","58395","http://purl.obolibrary.org/obo/IAO_0000136","taxa","","738","https://vocab.audioblast.org/cv/referenceContent#AcousticBehaviour",""
"references","","58396","http://purl.obolibrary.org/obo/IAO_0000136","taxa","","8162","https://vocab.audioblast.org/cv/referenceContent#AcousticBehaviour",""
"references","","58401","http://purl.obolibrary.org/obo/IAO_0000136","taxa","","8165","https://vocab.audioblast.org/cv/referenceContent#AcousticBehaviour",""
"references","","58401","http://purl.obolibrary.org/obo/IAO_0000136","taxa","","8167","https://vocab.audioblast.org/cv/referenceContent#AcousticBehaviour",""
"references","","58402","http://purl.obolibrary.org/obo/IAO_0000136","term","","https://vocab.audioblast.org/cv/topic#MarineSoundscapes","",""
"references","","58403","http://purl.obolibrary.org/obo/IAO_0000136","taxa","","8169","https://vocab.audioblast.org/cv/referenceContent#AcousticBehaviour",""
"references","","58404","http://purl.obolibrary.org/obo/IAO_0000136","taxa","","1724","https://vocab.audioblast.org/cv/referenceContent#AcousticBehaviour",""
"references","","58405","http://purl.obolibrary.org/obo/IAO_0000136","taxa","","8173","https://vocab.audioblast.org/cv/referenceContent#AcousticBehaviour",""
"references","","58405","http://purl.obolibrary.org/obo/IAO_0000136","taxa","","8177","https://vocab.audioblast.org/cv/referenceContent#AcousticBehaviour",""
"references","","58406","http://purl.obolibrary.org/obo/IAO_0000136","taxa","","1724","https://vocab.audioblast.org/cv/referenceContent#AcousticBehaviour",""
"references","","58407","http://purl.obolibrary.org/obo/IAO_0000136","taxa","","8180","https://vocab.audioblast.org/cv/referenceContent#AcousticBehaviour",""
"references","","58408","http://purl.obolibrary.org/obo/IAO_0000136","taxa","","5995","https://vocab.audioblast.org/cv/referenceContent#AcousticBehaviour",""
"references","","58408","http://purl.obolibrary.org/obo/IAO_0000136","taxa","","5999","https://vocab.audioblast.org/cv/referenceContent#AcousticBehaviour",""
"references","","58408","http://purl.obolibrary.org/obo/IAO_0000136","taxa","","6013","https://vocab.audioblast.org/cv/referenceContent#AcousticBehaviour",""
"references","","58408","http://purl.obolibrary.org/obo/IAO_0000136","taxa","","8101","https://vocab.audioblast.org/cv/referenceContent#AcousticBehaviour",""
"references","","58408","http://purl.obolibrary.org/obo/IAO_0000136","taxa","","8102","https://vocab.audioblast.org/cv/referenceContent#AcousticBehaviour",""
"references","","58408","http://purl.obolibrary.org/obo/IAO_0000136","taxa","","8182","https://vocab.audioblast.org/cv/referenceContent#AcousticBehaviour",""
"references","","58408","http://purl.obolibrary.org/obo/IAO_0000136","taxa","","8185","https://vocab.audioblast.org/cv/referenceContent#AcousticBehaviour",""
"references","","58408","http://purl.obolibrary.org/obo/IAO_0000136","taxa","","8187","https://vocab.audioblast.org/cv/referenceContent#AcousticBehaviour",""
"references","","58408","http://purl.obolibrary.org/obo/IAO_0000136","taxa","","8188","https://vocab.audioblast.org/cv/referenceContent#AcousticBehaviour",""
"references","","58408","http://purl.obolibrary.org/obo/IAO_0000136","taxa","","8190","https://vocab.audioblast.org/cv/referenceContent#AcousticBehaviour",""
"references","","58408","http://purl.obolibrary.org/obo/IAO_0000136","taxa","","8192","https://vocab.audioblast.org/cv/referenceContent#AcousticBehaviour",""
"references","","58408","http://purl.obolibrary.org/obo/IAO_0000136","taxa","","8194","https://vocab.audioblast.org/cv/referenceContent#AcousticBehaviour",""
"references","","58408","http://purl.obolibrary.org/obo/IAO_0000136","taxa","","8196","https://vocab.audioblast.org/cv/referenceContent#AcousticBehaviour",""
"references","","58408","http://purl.obolibrary.org/obo/IAO_0000136","taxa","","8197","https://vocab.audioblast.org/cv/referenceContent#AcousticBehaviour",""
"references","","58408","http://purl.obolibrary.org/obo/IAO_0000136","taxa","","8198","https://vocab.audioblast.org/cv/referenceContent#AcousticBehaviour",""
"references","","58408","http://purl.obolibrary.org/obo/IAO_0000136","taxa","","8200","https://vocab.audioblast.org/cv/referenceContent#AcousticBehaviour",""
"references","","58408","http://purl.obolibrary.org/obo/IAO_0000136","taxa","","8201","https://vocab.audioblast.org/cv/referenceContent#AcousticBehaviour",""
"references","","58408","http://purl.obolibrary.org/obo/IAO_0000136","taxa","","8202","https://vocab.audioblast.org/cv/referenceContent#AcousticBehaviour",""
"references","","58408","http://purl.obolibrary.org/obo/IAO_0000136","taxa","","8204","https://vocab.audioblast.org/cv/referenceContent#AcousticBehaviour",""
"references","","58408","http://purl.obolibrary.org/obo/IAO_0000136","taxa","","8205","https://vocab.audioblast.org/cv/referenceContent#AcousticBehaviour",""
"references","","58408","http://purl.obolibrary.org/obo/IAO_0000136","taxa","","8206","https://vocab.audioblast.org/cv/referenceContent#AcousticBehaviour",""
"references","","58408","http://purl.obolibrary.org/obo/IAO_0000136","taxa","","8207","https://vocab.audioblast.org/cv/referenceContent#AcousticBehaviour",""
"references","","58408","http://purl.obolibrary.org/obo/IAO_0000136","taxa","","8208","https://vocab.audioblast.org/cv/referenceContent#AcousticBehaviour",""
"references","","58408","http://purl.obolibrary.org/obo/IAO_0000136","taxa","","8209","https://vocab.audioblast.org/cv/referenceContent#AcousticBehaviour",""
"references","","58408","http://purl.obolibrary.org/obo/IAO_0000136","taxa","","8210","https://vocab.audioblast.org/cv/referenceContent#AcousticBehaviour",""
"references","","58408","http://purl.obolibrary.org/obo/IAO_0000136","taxa","","8211","https://vocab.audioblast.org/cv/referenceContent#AcousticBehaviour",""
"references","","58408","http://purl.obolibrary.org/obo/IAO_0000136","taxa","","8212","https://vocab.audioblast.org/cv/referenceContent#AcousticBehaviour",""
"references","","58408","http://purl.obolibrary.org/obo/IAO_0000136","taxa","","8213","https://vocab.audioblast.org/cv/referenceContent#AcousticBehaviour",""
"references","","58408","http://purl.obolibrary.org/obo/IAO_0000136","taxa","","8214","https://vocab.audioblast.org/cv/referenceContent#AcousticBehaviour",""
"references","","58408","http://purl.obolibrary.org/obo/IAO_0000136","taxa","","8215","https://vocab.audioblast.org/cv/referenceContent#AcousticBehaviour",""
"references","","58408","http://purl.obolibrary.org/obo/IAO_0000136","taxa","","8216","https://vocab.audioblast.org/cv/referenceContent#AcousticBehaviour",""
"references","","58408","http://purl.obolibrary.org/obo/IAO_0000136","taxa","","8217","https://vocab.audioblast.org/cv/referenceContent#AcousticBehaviour",""
"references","","58408","http://purl.obolibrary.org/obo/IAO_0000136","taxa","","8218","https://vocab.audioblast.org/cv/referenceContent#AcousticBehaviour",""
"references","","58408","http://purl.obolibrary.org/obo/IAO_0000136","taxa","","8219","https://vocab.audioblast.org/cv/referenceContent#AcousticBehaviour",""
"references","","58408","http://purl.obolibrary.org/obo/IAO_0000136","taxa","","8221","https://vocab.audioblast.org/cv/referenceContent#AcousticBehaviour",""
"references","","58408","http://purl.obolibrary.org/obo/IAO_0000136","taxa","","8222","https://vocab.audioblast.org/cv/referenceContent#AcousticBehaviour",""
"references","","58409","http://purl.obolibrary.org/obo/IAO_0000136","taxa","","4515","https://vocab.audioblast.org/cv/referenceContent#AcousticBehaviour",""
"references","","58412","http://purl.obolibrary.org/obo/IAO_0000136","taxa","","6830","https://vocab.audioblast.org/cv/referenceContent#AcousticBehaviour",""
"references","","58413","http://purl.obolibrary.org/obo/IAO_0000136","taxa","","586","https://vocab.audioblast.org/cv/referenceContent#AcousticBehaviour",""
"references","","58413","http://purl.obolibrary.org/obo/IAO_0000136","taxa","","8224","https://vocab.audioblast.org/cv/referenceContent#AcousticBehaviour",""
"references","","58414","http://purl.obolibrary.org/obo/IAO_0000136","taxa","","6527","https://vocab.audioblast.org/cv/referenceContent#AcousticBehaviour",""
"references","","58414","http://purl.obolibrary.org/obo/IAO_0000136","taxa","","8225","https://vocab.audioblast.org/cv/referenceContent#AcousticBehaviour",""
"references","","58414","http://purl.obolibrary.org/obo/IAO_0000136","taxa","","8226","https://vocab.audioblast.org/cv/referenceContent#AcousticBehaviour",""
"references","","58414","http://purl.obolibrary.org/obo/IAO_0000136","taxa","","8227","https://vocab.audioblast.org/cv/referenceContent#AcousticBehaviour",""
"references","","58414","http://purl.obolibrary.org/obo/IAO_0000136","taxa","","8228","https://vocab.audioblast.org/cv/referenceContent#AcousticBehaviour",""
"references","","58414","http://purl.obolibrary.org/obo/IAO_0000136","taxa","","8229","https://vocab.audioblast.org/cv/referenceContent#AcousticBehaviour",""
"references","","58414","http://purl.obolibrary.org/obo/IAO_0000136","taxa","","8230","https://vocab.audioblast.org/cv/referenceContent#AcousticBehaviour",""
"references","","58414","http://purl.obolibrary.org/obo/IAO_0000136","taxa","","8231","https://vocab.audioblast.org/cv/referenceContent#AcousticBehaviour",""
"references","","58414","http://purl.obolibrary.org/obo/IAO_0000136","taxa","","8232","https://vocab.audioblast.org/cv/referenceContent#AcousticBehaviour",""
"references","","58415","http://purl.obolibrary.org/obo/IAO_0000136","taxa","","8092","https://vocab.audioblast.org/cv/referenceContent#AcousticBehaviour",""
"references","","58415","http://purl.obolibrary.org/obo/IAO_0000136","taxa","","8233","https://vocab.audioblast.org/cv/referenceContent#AcousticBehaviour",""
"references","","58416","http://purl.obolibrary.org/obo/IAO_0000136","taxa","","8235","https://vocab.audioblast.org/cv/referenceContent#AcousticBehaviour",""
"references","","58417","http://purl.obolibrary.org/obo/IAO_0000136","taxa","","7854","https://vocab.audioblast.org/cv/referenceContent#AcousticBehaviour",""
"references","","58418","http://purl.obolibrary.org/obo/IAO_0000136","term","","https://vocab.audioblast.org/cv/topic#MarineSoundscapes","",""
"references","","58419","http://purl.obolibrary.org/obo/IAO_0000136","taxa","","6821","https://vocab.audioblast.org/cv/referenceContent#AcousticBehaviour",""
"references","","58419","http://purl.obolibrary.org/obo/IAO_0000136","taxa","","8236","https://vocab.audioblast.org/cv/referenceContent#AcousticBehaviour",""
"references","","58419","http://purl.obolibrary.org/obo/IAO_0000136","taxa","","8237","https://vocab.audioblast.org/cv/referenceContent#AcousticBehaviour",""
"references","","58420","http://purl.obolibrary.org/obo/IAO_0000136","taxa","","8239","https://vocab.audioblast.org/cv/referenceContent#AcousticBehaviour",""
"references","","58421","http://purl.obolibrary.org/obo/IAO_0000136","taxa","","6625","https://vocab.audioblast.org/cv/referenceContent#AcousticBehaviour",""
"references","","58421","http://purl.obolibrary.org/obo/IAO_0000136","taxa","","8240","https://vocab.audioblast.org/cv/referenceContent#AcousticBehaviour",""
"references","","58425","http://purl.obolibrary.org/obo/IAO_0000136","taxa","","8241","https://vocab.audioblast.org/cv/referenceContent#AcousticBehaviour",""
"references","","58425","http://purl.obolibrary.org/obo/IAO_0000136","taxa","","8242","https://vocab.audioblast.org/cv/referenceContent#AcousticBehaviour",""
"references","","58429","http://purl.obolibrary.org/obo/IAO_0000136","taxa","","8251","https://vocab.audioblast.org/cv/referenceContent#AcousticBehaviour",""
"references","","58429","http://purl.obolibrary.org/obo/IAO_0000136","taxa","","8252","https://vocab.audioblast.org/cv/referenceContent#AcousticBehaviour",""
"references","","58432","http://purl.obolibrary.org/obo/IAO_0000136","taxa","","56","https://vocab.audioblast.org/cv/referenceContent#AcousticBehaviour",""
"references","","58433","http://purl.obolibrary.org/obo/IAO_0000136","taxa","","2509","https://vocab.audioblast.org/cv/referenceContent#AcousticBehaviour",""
"references","","58433","http://purl.obolibrary.org/obo/IAO_0000136","taxa","","2588","https://vocab.audioblast.org/cv/referenceContent#AcousticBehaviour",""
"references","","58434","http://purl.obolibrary.org/obo/IAO_0000136","taxa","","2201","https://vocab.audioblast.org/cv/referenceContent#AcousticBehaviour",""
"references","","58434","http://purl.obolibrary.org/obo/IAO_0000136","taxa","","2334","https://vocab.audioblast.org/cv/referenceContent#AcousticBehaviour",""
"references","","58436","http://purl.obolibrary.org/obo/IAO_0000136","taxa","","8255","https://vocab.audioblast.org/cv/referenceContent#AcousticBehaviour",""
"references","","58438","http://purl.obolibrary.org/obo/IAO_0000136","taxa","","8257","https://vocab.audioblast.org/cv/referenceContent#AcousticBehaviour",""
"references","","58440","http://purl.obolibrary.org/obo/IAO_0000136","taxa","","8259","https://vocab.audioblast.org/cv/referenceContent#AcousticBehaviour",""
"references","","58441","http://purl.obolibrary.org/obo/IAO_0000136","taxa","","1357","https://vocab.audioblast.org/cv/referenceContent#AcousticBehaviour",""
"references","","58442","http://purl.obolibrary.org/obo/IAO_0000136","term","","https://vocab.audioblast.org/cv/topic#Soundscapes","",""
"references","","58443","http://purl.obolibrary.org/obo/IAO_0000136","term","","https://vocab.audioblast.org/cv/topic#Soundscapes","",""
"references","","58444","http://purl.obolibrary.org/obo/IAO_0000136","taxa","","8262","https://vocab.audioblast.org/cv/referenceContent#AcousticBehaviour",""
"references","","58445","http://purl.obolibrary.org/obo/IAO_0000136","taxa","","8263","https://vocab.audioblast.org/cv/referenceContent#AcousticBehaviour",""
"references","","58446","http://purl.obolibrary.org/obo/IAO_0000136","taxa","","4882","https://vocab.audioblast.org/cv/referenceContent#AcousticBehaviour",""
"references","","58447","http://purl.obolibrary.org/obo/IAO_0000136","taxa","","8266","https://vocab.audioblast.org/cv/referenceContent#AcousticBehaviour",""
"references","","58449","http://purl.obolibrary.org/obo/IAO_0000136","taxa","","227","https://vocab.audioblast.org/cv/referenceContent#AcousticBehaviour",""
"references","","58451","http://purl.obolibrary.org/obo/IAO_0000136","taxa","","4841","https://vocab.audioblast.org/cv/referenceContent#AcousticBehaviour",""
"references","","58452","http://purl.obolibrary.org/obo/IAO_0000136","taxa","","6781","https://vocab.audioblast.org/cv/referenceContent#AcousticBehaviour",""
"references","","58453","http://purl.obolibrary.org/obo/IAO_0000136","term","","https://vocab.audioblast.org/cv/topic#Methods","",""
"references","","58453","http://purl.obolibrary.org/obo/IAO_0000136","term","","https://vocab.audioblast.org/cv/topic#Soundscapes","",""
"references","","58454","http://purl.obolibrary.org/obo/IAO_0000136","taxa","","235","https://vocab.audioblast.org/cv/referenceContent#AcousticBehaviour",""
"references","","58454","http://purl.obolibrary.org/obo/IAO_0000136","taxa","","3344","https://vocab.audioblast.org/cv/referenceContent#AcousticBehaviour",""
"references","","58454","http://purl.obolibrary.org/obo/IAO_0000136","taxa","","803","https://vocab.audioblast.org/cv/referenceContent#AcousticBehaviour",""
"references","","58454","http://purl.obolibrary.org/obo/IAO_0000136","taxa","","8269","https://vocab.audioblast.org/cv/referenceContent#AcousticBehaviour",""
"references","","58455","http://purl.obolibrary.org/obo/IAO_0000136","taxa","","6318","https://vocab.audioblast.org/cv/referenceContent#AcousticBehaviour",""
"references","","58456","http://purl.obolibrary.org/obo/IAO_0000136","taxa","","7974","https://vocab.audioblast.org/cv/referenceContent#AcousticBehaviour",""
"references","","58457","http://purl.obolibrary.org/obo/IAO_0000136","taxa","","5774","https://vocab.audioblast.org/cv/referenceContent#AcousticBehaviour",""
"references","","58458","http://purl.obolibrary.org/obo/IAO_0000136","taxa","","1834","https://vocab.audioblast.org/cv/referenceContent#AcousticBehaviour",""
"references","","58461","http://purl.obolibrary.org/obo/IAO_0000136","taxa","","5973","https://vocab.audioblast.org/cv/referenceContent#AcousticBehaviour",""
"references","","58462","http://purl.obolibrary.org/obo/IAO_0000136","taxa","","2248","https://vocab.audioblast.org/cv/referenceContent#AcousticBehaviour",""
"references","","58464","http://purl.obolibrary.org/obo/IAO_0000136","taxa","","6283","https://vocab.audioblast.org/cv/referenceContent#AcousticBehaviour",""
"references","","58465","http://purl.obolibrary.org/obo/IAO_0000136","taxa","","8273","https://vocab.audioblast.org/cv/referenceContent#AcousticBehaviour",""
"references","","58466","http://purl.obolibrary.org/obo/IAO_0000136","taxa","","8275","https://vocab.audioblast.org/cv/referenceContent#AcousticBehaviour",""
"references","","58467","http://purl.obolibrary.org/obo/IAO_0000136","taxa","","1722","https://vocab.audioblast.org/cv/referenceContent#AcousticBehaviour",""
"references","","58468","http://purl.obolibrary.org/obo/IAO_0000136","term","","https://vocab.audioblast.org/cv/topic#Soundscapes","",""
"references","","58469","http://purl.obolibrary.org/obo/IAO_0000136","taxa","","8277","https://vocab.audioblast.org/cv/referenceContent#AcousticBehaviour",""
"references","","58470","http://purl.obolibrary.org/obo/IAO_0000136","taxa","","8278","https://vocab.audioblast.org/cv/referenceContent#AcousticBehaviour",""
"references","","58471","http://purl.obolibrary.org/obo/IAO_0000136","taxa","","1357","https://vocab.audioblast.org/cv/referenceContent#AcousticBehaviour",""
"references","","58472","http://purl.obolibrary.org/obo/IAO_0000136","taxa","","6814","https://vocab.audioblast.org/cv/referenceContent#AcousticBehaviour",""
"references","","58473","http://purl.obolibrary.org/obo/IAO_0000136","taxa","","700","https://vocab.audioblast.org/cv/referenceContent#AcousticBehaviour",""
"references","","58474","http://purl.obolibrary.org/obo/IAO_0000136","taxa","","143","https://vocab.audioblast.org/cv/referenceContent#AcousticBehaviour",""
"references","","58482","http://purl.obolibrary.org/obo/IAO_0000136","taxa","","8289","https://vocab.audioblast.org/cv/referenceContent#AcousticBehaviour",""
"references","","58483","http://purl.obolibrary.org/obo/IAO_0000136","term","","https://vocab.audioblast.org/cv/topic#Methods","",""
"references","","58484","http://purl.obolibrary.org/obo/IAO_0000136","taxa","","8290","https://vocab.audioblast.org/cv/referenceContent#AcousticBehaviour",""
"references","","58485","http://purl.obolibrary.org/obo/IAO_0000136","taxa","","8293","https://vocab.audioblast.org/cv/referenceContent#AcousticBehaviour",""
"references","","58485","http://purl.obolibrary.org/obo/IAO_0000136","taxa","","8295","https://vocab.audioblast.org/cv/referenceContent#AcousticBehaviour",""
"references","","58485","http://purl.obolibrary.org/obo/IAO_0000136","taxa","","8296","https://vocab.audioblast.org/cv/referenceContent#AcousticBehaviour",""
"references","","58485","http://purl.obolibrary.org/obo/IAO_0000136","taxa","","8297","https://vocab.audioblast.org/cv/referenceContent#AcousticBehaviour",""
"references","","58485","http://purl.obolibrary.org/obo/IAO_0000136","taxa","","8300","https://vocab.audioblast.org/cv/referenceContent#AcousticBehaviour",""
"references","","58485","http://purl.obolibrary.org/obo/IAO_0000136","taxa","","8301","https://vocab.audioblast.org/cv/referenceContent#AcousticBehaviour",""
"references","","58485","http://purl.obolibrary.org/obo/IAO_0000136","taxa","","8302","https://vocab.audioblast.org/cv/referenceContent#AcousticBehaviour",""
"references","","58485","http://purl.obolibrary.org/obo/IAO_0000136","taxa","","8304","https://vocab.audioblast.org/cv/referenceContent#AcousticBehaviour",""
"references","","58485","http://purl.obolibrary.org/obo/IAO_0000136","taxa","","8305","https://vocab.audioblast.org/cv/referenceContent#AcousticBehaviour",""
"taxa","","337","http://rs.tdwg.org/dwc/terms/namePublishedInID","references","","15289","",""
"taxa","","501","http://rs.tdwg.org/dwc/terms/namePublishedInID","references","","50819","",""
"taxa","","754","http://rs.tdwg.org/dwc/terms/namePublishedInID","references","","12037","",""
"taxa","","758","http://rs.tdwg.org/dwc/terms/namePublishedInID","references","","12037","","22"
"taxa","","763","http://rs.tdwg.org/dwc/terms/namePublishedInID","references","","12037","","40"
"taxa","","775","http://rs.tdwg.org/dwc/terms/namePublishedInID","references","","12037","","124"
"taxa","","776","http://rs.tdwg.org/dwc/terms/namePublishedInID","references","","12037","","127"
"taxa","","781","http://rs.tdwg.org/dwc/terms/namePublishedInID","references","","12037","","122"
"taxa","","782","http://rs.tdwg.org/dwc/terms/namePublishedInID","references","","12037","",""
"taxa","","865","http://rs.tdwg.org/dwc/terms/namePublishedInID","references","","12288","","24"
"taxa","","866","http://rs.tdwg.org/dwc/terms/namePublishedInID","references","","12288","","24"
"taxa","","867","http://rs.tdwg.org/dwc/terms/namePublishedInID","references","","12288","","28"
"taxa","","869","http://rs.tdwg.org/dwc/terms/namePublishedInID","references","","12288","","30"
"taxa","","870","http://rs.tdwg.org/dwc/terms/namePublishedInID","references","","12299","","103"
"taxa","","871","http://rs.tdwg.org/dwc/terms/namePublishedInID","references","","12299","","107"
"taxa","","872","http://rs.tdwg.org/dwc/terms/namePublishedInID","references","","12299","","109"
"taxa","","873","http://rs.tdwg.org/dwc/terms/namePublishedInID","references","","12299","","112"
"taxa","","875","http://rs.tdwg.org/dwc/terms/namePublishedInID","references","","12318","","98"
"taxa","","885","http://rs.tdwg.org/dwc/terms/namePublishedInID","references","","12364","",""
"taxa","","1474","http://rs.tdwg.org/dwc/terms/namePublishedInID","references","","13434","",""
"taxa","","1477","http://rs.tdwg.org/dwc/terms/namePublishedInID","references","","12973","",""
"taxa","","1481","http://rs.tdwg.org/dwc/terms/namePublishedInID","references","","12973","",""
"taxa","","1482","http://rs.tdwg.org/dwc/terms/namePublishedInID","references","","12973","",""
"taxa","","1483","http://rs.tdwg.org/dwc/terms/namePublishedInID","references","","12973","",""
"taxa","","1489","http://rs.tdwg.org/dwc/terms/namePublishedInID","references","","12973","",""
"taxa","","1492","http://rs.tdwg.org/dwc/terms/namePublishedInID","references","","12973","",""
"taxa","","1493","http://rs.tdwg.org/dwc/terms/namePublishedInID","references","","12973","",""
"taxa","","1496","http://rs.tdwg.org/dwc/terms/namePublishedInID","references","","12973","",""
"taxa","","1497","http://rs.tdwg.org/dwc/terms/namePublishedInID","references","","12973","",""
"taxa","","1498","http://rs.tdwg.org/dwc/terms/namePublishedInID","references","","12973","",""
"taxa","","1501","http://rs.tdwg.org/dwc/terms/namePublishedInID","references","","12973","",""
"taxa","","1505","http://rs.tdwg.org/dwc/terms/namePublishedInID","references","","12973","",""
"taxa","","1506","http://rs.tdwg.org/dwc/terms/namePublishedInID","references","","12973","",""
"taxa","","1507","http://rs.tdwg.org/dwc/terms/namePublishedInID","references","","12973","",""
"taxa","","1509","http://rs.tdwg.org/dwc/terms/namePublishedInID","references","","12973","",""
"taxa","","1512","http://rs.tdwg.org/dwc/terms/namePublishedInID","references","","12973","",""
"taxa","","1516","http://rs.tdwg.org/dwc/terms/namePublishedInID","references","","12973","",""
"taxa","","1518","http://rs.tdwg.org/dwc/terms/namePublishedInID","references","","12973","",""
"taxa","","1520","http://rs.tdwg.org/dwc/terms/namePublishedInID","references","","12973","",""
"taxa","","1522","http://rs.tdwg.org/dwc/terms/namePublishedInID","references","","12973","",""
"taxa","","1526","http://rs.tdwg.org/dwc/terms/namePublishedInID","references","","12973","",""
"taxa","","1527","http://rs.tdwg.org/dwc/terms/namePublishedInID","references","","12973","",""
"taxa","","1530","http://rs.tdwg.org/dwc/terms/namePublishedInID","references","","12973","",""
"taxa","","1531","http://rs.tdwg.org/dwc/terms/namePublishedInID","references","","12973","",""
"taxa","","1532","http://rs.tdwg.org/dwc/terms/namePublishedInID","references","","12973","",""
"taxa","","1534","http://rs.tdwg.org/dwc/terms/namePublishedInID","references","","12973","",""
"taxa","","1535","http://rs.tdwg.org/dwc/terms/namePublishedInID","references","","12973","",""
"taxa","","1541","http://rs.tdwg.org/dwc/terms/namePublishedInID","references","","12973","",""
"taxa","","1558","http://rs.tdwg.org/dwc/terms/namePublishedInID","references","","12973","",""
"taxa","","1567","http://rs.tdwg.org/dwc/terms/namePublishedInID","references","","12973","",""
"taxa","","1568","http://rs.tdwg.org/dwc/terms/namePublishedInID","references","","12973","",""
"taxa","","1572","http://rs.tdwg.org/dwc/terms/namePublishedInID","references","","12973","",""
"taxa","","1580","http://rs.tdwg.org/dwc/terms/namePublishedInID","references","","12973","",""
"taxa","","1581","http://rs.tdwg.org/dwc/terms/namePublishedInID","references","","12973","",""
"taxa","","1582","http://rs.tdwg.org/dwc/terms/namePublishedInID","references","","12973","",""
"taxa","","1583","http://rs.tdwg.org/dwc/terms/namePublishedInID","references","","12973","",""
"taxa","","1584","http://rs.tdwg.org/dwc/terms/namePublishedInID","references","","12973","",""
"taxa","","1585","http://rs.tdwg.org/dwc/terms/namePublishedInID","references","","12973","",""
"taxa","","1586","http://rs.tdwg.org/dwc/terms/namePublishedInID","references","","12973","",""
"taxa","","1587","http://rs.tdwg.org/dwc/terms/namePublishedInID","references","","12973","",""
"taxa","","1588","http://rs.tdwg.org/dwc/terms/namePublishedInID","references","","12973","",""
"taxa","","1589","http://rs.tdwg.org/dwc/terms/namePublishedInID","references","","12973","",""
"taxa","","1590","http://rs.tdwg.org/dwc/terms/namePublishedInID","references","","12973","",""
"taxa","","1591","http://rs.tdwg.org/dwc/terms/namePublishedInID","references","","12973","",""
"taxa","","1592","http://rs.tdwg.org/dwc/terms/namePublishedInID","references","","12973","",""
"taxa","","1593","http://rs.tdwg.org/dwc/terms/namePublishedInID","references","","12973","",""
"taxa","","1594","http://rs.tdwg.org/dwc/terms/namePublishedInID","references","","12973","",""
"taxa","","1595","http://rs.tdwg.org/dwc/terms/namePublishedInID","references","","12973","",""
"taxa","","1596","http://rs.tdwg.org/dwc/terms/namePublishedInID","references","","12973","",""
"taxa","","1597","http://rs.tdwg.org/dwc/terms/namePublishedInID","references","","12973","",""
"taxa","","1598","http://rs.tdwg.org/dwc/terms/namePublishedInID","references","","12973","",""
"taxa","","1599","http://rs.tdwg.org/dwc/terms/namePublishedInID","references","","12973","",""
"taxa","","1600","http://rs.tdwg.org/dwc/terms/namePublishedInID","references","","12973","",""
"taxa","","1601","http://rs.tdwg.org/dwc/terms/namePublishedInID","references","","12973","",""
"taxa","","1602","http://rs.tdwg.org/dwc/terms/namePublishedInID","references","","12973","",""
"taxa","","1603","http://rs.tdwg.org/dwc/terms/namePublishedInID","references","","12973","",""
"taxa","","1604","http://rs.tdwg.org/dwc/terms/namePublishedInID","references","","12973","",""
"taxa","","1605","http://rs.tdwg.org/dwc/terms/namePublishedInID","references","","12973","",""
"taxa","","1606","http://rs.tdwg.org/dwc/terms/namePublishedInID","references","","12973","",""
"taxa","","1607","http://rs.tdwg.org/dwc/terms/namePublishedInID","references","","12973","",""
"taxa","","1608","http://rs.tdwg.org/dwc/terms/namePublishedInID","references","","12973","",""
"taxa","","1609","http://rs.tdwg.org/dwc/terms/namePublishedInID","references","","12973","",""
"taxa","","1614","http://rs.tdwg.org/dwc/terms/namePublishedInID","references","","13531","",""
"taxa","","1663","http://rs.tdwg.org/dwc/terms/namePublishedInID","references","","15234","",""
"taxa","","1671","http://rs.tdwg.org/dwc/terms/namePublishedInID","references","","15284","","68"
"taxa","","1681","http://rs.tdwg.org/dwc/terms/namePublishedInID","references","","15290","",""
"taxa","","1700","http://rs.tdwg.org/dwc/terms/namePublishedInID","references","","16408","",""
"taxa","","1701","http://rs.tdwg.org/dwc/terms/namePublishedInID","references","","16408","",""
"taxa","","1777","http://rs.tdwg.org/dwc/terms/namePublishedInID","references","","16158","",""
"taxa","","1778","http://rs.tdwg.org/dwc/terms/namePublishedInID","references","","16159","",""
"taxa","","1783","http://rs.tdwg.org/dwc/terms/namePublishedInID","references","","16169","",""
"taxa","","1789","http://rs.tdwg.org/dwc/terms/namePublishedInID","references","","16411","",""
"taxa","","1807","http://rs.tdwg.org/dwc/terms/namePublishedInID","references","","16467","",""
"taxa","","1809","http://rs.tdwg.org/dwc/terms/namePublishedInID","references","","16467","",""
"taxa","","1814","http://rs.tdwg.org/dwc/terms/namePublishedInID","references","","16468","",""
"taxa","","1817","http://rs.tdwg.org/dwc/terms/namePublishedInID","references","","16468","",""
"taxa","","1847","http://rs.tdwg.org/dwc/terms/namePublishedInID","references","","16473","",""
"taxa","","1848","http://rs.tdwg.org/dwc/terms/namePublishedInID","references","","16473","",""
"taxa","","1855","http://rs.tdwg.org/dwc/terms/namePublishedInID","references","","16473","",""
"taxa","","1856","http://rs.tdwg.org/dwc/terms/namePublishedInID","references","","16473","",""
"taxa","","1857","http://rs.tdwg.org/dwc/terms/namePublishedInID","references","","16473","",""
"taxa","","1858","http://rs.tdwg.org/dwc/terms/namePublishedInID","references","","16473","",""
"taxa","","1859","http://rs.tdwg.org/dwc/terms/namePublishedInID","references","","16624","",""
"taxa","","2426","http://rs.tdwg.org/dwc/terms/namePublishedInID","references","","16625","",""
"taxa","","2545","http://rs.tdwg.org/dwc/terms/namePublishedInID","references","","17247","",""
"taxa","","2573","http://rs.tdwg.org/dwc/terms/namePublishedInID","references","","17268","",""
"taxa","","2588","http://rs.tdwg.org/dwc/terms/namePublishedInID","references","","17274","",""
"taxa","","2589","http://rs.tdwg.org/dwc/terms/namePublishedInID","references","","17275","",""
"taxa","","2590","http://rs.tdwg.org/dwc/terms/namePublishedInID","references","","17275","",""
"taxa","","2591","http://rs.tdwg.org/dwc/terms/namePublishedInID","references","","17275","",""
"taxa","","2607","http://rs.tdwg.org/dwc/terms/namePublishedInID","references","","17292","",""
"taxa","","2972","http://rs.tdwg.org/dwc/terms/namePublishedInID","references","","40640","",""
"taxa","","2973","http://rs.tdwg.org/dwc/terms/namePublishedInID","references","","40640","",""
"taxa","","2975","http://rs.tdwg.org/dwc/terms/namePublishedInID","references","","40640","",""
"taxa","","2976","http://rs.tdwg.org/dwc/terms/namePublishedInID","references","","40640","",""
"taxa","","2977","http://rs.tdwg.org/dwc/terms/namePublishedInID","references","","40640","",""
"taxa","","2979","http://rs.tdwg.org/dwc/terms/namePublishedInID","references","","40640","",""
"taxa","","2980","http://rs.tdwg.org/dwc/terms/namePublishedInID","references","","40640","",""
"taxa","","2981","http://rs.tdwg.org/dwc/terms/namePublishedInID","references","","40640","",""
"taxa","","3398","http://rs.tdwg.org/dwc/terms/namePublishedInID","references","","47734","",""
"taxa","","4073","http://rs.tdwg.org/dwc/terms/namePublishedInID","references","","47291","",""
"taxa","","4434","http://rs.tdwg.org/dwc/terms/namePublishedInID","references","","58182","",""
"taxa","","4530","http://rs.tdwg.org/dwc/terms/namePublishedInID","references","","47329","",""
"taxa","","4531","http://rs.tdwg.org/dwc/terms/namePublishedInID","references","","47330","",""
"taxa","","4545","http://rs.tdwg.org/dwc/terms/namePublishedInID","references","","51514","",""
"taxa","","4550","http://rs.tdwg.org/dwc/terms/namePublishedInID","references","","51514","",""
"taxa","","4564","http://rs.tdwg.org/dwc/terms/namePublishedInID","references","","47334","",""
"taxa","","4566","http://rs.tdwg.org/dwc/terms/namePublishedInID","references","","47334","",""
"taxa","","4570","http://rs.tdwg.org/dwc/terms/namePublishedInID","references","","47335","",""
"taxa","","4573","http://rs.tdwg.org/dwc/terms/namePublishedInID","references","","47336","",""
"taxa","","4576","http://rs.tdwg.org/dwc/terms/namePublishedInID","references","","47336","",""
"taxa","","4577","http://rs.tdwg.org/dwc/terms/namePublishedInID","references","","47336","",""
"taxa","","4578","http://rs.tdwg.org/dwc/terms/namePublishedInID","references","","47336","",""
"taxa","","4587","http://rs.tdwg.org/dwc/terms/namePublishedInID","references","","47340","",""
"taxa","","4588","http://rs.tdwg.org/dwc/terms/namePublishedInID","references","","47340","",""
"taxa","","4589","http://rs.tdwg.org/dwc/terms/namePublishedInID","references","","47343","",""
"taxa","","4590","http://rs.tdwg.org/dwc/terms/namePublishedInID","references","","47343","",""
"taxa","","4591","http://rs.tdwg.org/dwc/terms/namePublishedInID","references","","47344","",""
"taxa","","4592","http://rs.tdwg.org/dwc/terms/namePublishedInID","references","","47344","",""
"taxa","","4759","http://rs.tdwg.org/dwc/terms/namePublishedInID","references","","47710","",""
"taxa","","4764","http://rs.tdwg.org/dwc/terms/namePublishedInID","references","","47708","",""
"taxa","","4825","http://rs.tdwg.org/dwc/terms/namePublishedInID","references","","47758","",""
"taxa","","4836","http://rs.tdwg.org/dwc/terms/namePublishedInID","references","","47786","",""
"taxa","","4862","http://rs.tdwg.org/dwc/terms/namePublishedInID","references","","47886","",""
"taxa","","4863","http://rs.tdwg.org/dwc/terms/namePublishedInID","references","","47890","",""
"taxa","","4865","http://rs.tdwg.org/dwc/terms/namePublishedInID","references","","58012","",""
"taxa","","4879","http://rs.tdwg.org/dwc/terms/namePublishedInID","references","","47913","",""
"taxa","","4899","http://rs.tdwg.org/dwc/terms/namePublishedInID","references","","47964","",""
"taxa","","4902","http://rs.tdwg.org/dwc/terms/namePublishedInID","references","","47981","",""
"taxa","","4905","http://rs.tdwg.org/dwc/terms/namePublishedInID","references","","47989","",""
"taxa","","4906","http://rs.tdwg.org/dwc/terms/namePublishedInID","references","","48012","",""
"taxa","","5007","http://rs.tdwg.org/dwc/terms/namePublishedInID","references","","50511","",""
"taxa","","5008","http://rs.tdwg.org/dwc/terms/namePublishedInID","references","","50511","",""
"taxa","","5009","http://rs.tdwg.org/dwc/terms/namePublishedInID","references","","50511","",""
"taxa","","5010","http://rs.tdwg.org/dwc/terms/namePublishedInID","references","","50511","",""
"taxa","","5011","http://rs.tdwg.org/dwc/terms/namePublishedInID","references","","50511","",""
"taxa","","5014","http://rs.tdwg.org/dwc/terms/namePublishedInID","references","","50524","",""
"taxa","","5016","http://rs.tdwg.org/dwc/terms/namePublishedInID","references","","50524","",""
"taxa","","5040","http://rs.tdwg.org/dwc/terms/namePublishedInID","references","","50688","",""
"taxa","","5041","http://rs.tdwg.org/dwc/terms/namePublishedInID","references","","47339","",""
"taxa","","5042","http://rs.tdwg.org/dwc/terms/namePublishedInID","references","","50695","",""
"taxa","","5043","http://rs.tdwg.org/dwc/terms/namePublishedInID","references","","50695","",""
"taxa","","5065","http://rs.tdwg.org/dwc/terms/namePublishedInID","references","","50731","",""
"taxa","","5066","http://rs.tdwg.org/dwc/terms/namePublishedInID","references","","50731","",""
"taxa","","5068","http://rs.tdwg.org/dwc/terms/namePublishedInID","references","","50735","",""
"taxa","","5069","http://rs.tdwg.org/dwc/terms/namePublishedInID","references","","50735","",""
"taxa","","5075","http://rs.tdwg.org/dwc/terms/namePublishedInID","references","","50742","",""
"taxa","","5117","http://rs.tdwg.org/dwc/terms/namePublishedInID","references","","50771","",""
"taxa","","5181","http://rs.tdwg.org/dwc/terms/namePublishedInID","references","","50916","",""
"taxa","","5182","http://rs.tdwg.org/dwc/terms/namePublishedInID","references","","50916","",""
"taxa","","5184","http://rs.tdwg.org/dwc/terms/namePublishedInID","references","","50916","",""
"taxa","","5226","http://rs.tdwg.org/dwc/terms/namePublishedInID","references","","58207","",""
"taxa","","5227","http://rs.tdwg.org/dwc/terms/namePublishedInID","references","","58207","",""
"taxa","","5228","http://rs.tdwg.org/dwc/terms/namePublishedInID","references","","58207","",""
"taxa","","5437","http://rs.tdwg.org/dwc/terms/namePublishedInID","references","","57942","",""
"taxa","","5462","http://rs.tdwg.org/dwc/terms/namePublishedInID","references","","51473","",""
"taxa","","5463","http://rs.tdwg.org/dwc/terms/namePublishedInID","references","","51475","",""
"taxa","","5464","http://rs.tdwg.org/dwc/terms/namePublishedInID","references","","51479","",""
"taxa","","5476","http://rs.tdwg.org/dwc/terms/namePublishedInID","references","","52731","",""
"taxa","","5483","http://rs.tdwg.org/dwc/terms/namePublishedInID","references","","51514","",""
"taxa","","5533","http://rs.tdwg.org/dwc/terms/namePublishedInID","references","","51640","",""
"taxa","","5702","http://rs.tdwg.org/dwc/terms/namePublishedInID","references","","58028","",""
"taxa","","5776","http://rs.tdwg.org/dwc/terms/namePublishedInID","references","","52245","",""
"taxa","","5868","http://rs.tdwg.org/dwc/terms/namePublishedInID","references","","17179","",""
"taxa","","5915","http://rs.tdwg.org/dwc/terms/namePublishedInID","references","","51466","",""
"taxa","","5916","http://rs.tdwg.org/dwc/terms/namePublishedInID","references","","51466","",""
"taxa","","5917","http://rs.tdwg.org/dwc/terms/namePublishedInID","references","","51466","",""
"taxa","","5919","http://rs.tdwg.org/dwc/terms/namePublishedInID","references","","51466","",""
"taxa","","5920","http://rs.tdwg.org/dwc/terms/namePublishedInID","references","","51466","",""
"taxa","","5922","http://rs.tdwg.org/dwc/terms/namePublishedInID","references","","51466","",""
"taxa","","5923","http://rs.tdwg.org/dwc/terms/namePublishedInID","references","","51466","",""
"taxa","","5924","http://rs.tdwg.org/dwc/terms/namePublishedInID","references","","51466","",""
"taxa","","5925","http://rs.tdwg.org/dwc/terms/namePublishedInID","references","","51466","",""
"taxa","","5926","http://rs.tdwg.org/dwc/terms/namePublishedInID","references","","51466","",""
"taxa","","5927","http://rs.tdwg.org/dwc/terms/namePublishedInID","references","","51466","",""
"taxa","","5928","http://rs.tdwg.org/dwc/terms/namePublishedInID","references","","51466","",""
"taxa","","5929","http://rs.tdwg.org/dwc/terms/namePublishedInID","references","","51466","",""
"taxa","","6094","http://rs.tdwg.org/dwc/terms/namePublishedInID","references","","57649","",""
"taxa","","6095","http://rs.tdwg.org/dwc/terms/namePublishedInID","references","","57936","",""
"taxa","","6109","http://rs.tdwg.org/dwc/terms/namePublishedInID","references","","52683","",""
"taxa","","6110","http://rs.tdwg.org/dwc/terms/namePublishedInID","references","","52683","",""
"taxa","","6115","http://rs.tdwg.org/dwc/terms/namePublishedInID","references","","52731","",""
"taxa","","6128","http://rs.tdwg.org/dwc/terms/namePublishedInID","references","","52746","",""
"taxa","","6129","http://rs.tdwg.org/dwc/terms/namePublishedInID","references","","52746","",""
"taxa","","6134","http://rs.tdwg.org/dwc/terms/namePublishedInID","references","","52750","",""
"taxa","","6147","http://rs.tdwg.org/dwc/terms/namePublishedInID","references","","52768","",""
"taxa","","6152","http://rs.tdwg.org/dwc/terms/namePublishedInID","references","","52782","",""
"taxa","","6188","http://rs.tdwg.org/dwc/terms/namePublishedInID","references","","52947","",""
"taxa","","6189","http://rs.tdwg.org/dwc/terms/namePublishedInID","references","","52947","",""
"taxa","","6262","http://rs.tdwg.org/dwc/terms/namePublishedInID","references","","53090","",""
"taxa","","6266","http://rs.tdwg.org/dwc/terms/namePublishedInID","references","","53094","",""
"taxa","","6270","http://rs.tdwg.org/dwc/terms/namePublishedInID","references","","53094","",""
"taxa","","6271","http://rs.tdwg.org/dwc/terms/namePublishedInID","references","","53094","",""
"taxa","","6273","http://rs.tdwg.org/dwc/terms/namePublishedInID","references","","53094","",""
"taxa","","6275","http://rs.tdwg.org/dwc/terms/namePublishedInID","references","","53096","",""
"taxa","","6379","http://rs.tdwg.org/dwc/terms/namePublishedInID","references","","53262","",""
"taxa","","6435","http://rs.tdwg.org/dwc/terms/namePublishedInID","references","","53319","",""
"taxa","","6494","http://rs.tdwg.org/dwc/terms/namePublishedInID","references","","53378","",""
"taxa","","6511","http://rs.tdwg.org/dwc/terms/namePublishedInID","references","","53403","",""
"taxa","","6581","http://rs.tdwg.org/dwc/terms/namePublishedInID","references","","53497","",""
"taxa","","6632","http://rs.tdwg.org/dwc/terms/namePublishedInID","references","","53525","",""
"taxa","","6634","http://rs.tdwg.org/dwc/terms/namePublishedInID","references","","53531","",""
"taxa","","6636","http://rs.tdwg.org/dwc/terms/namePublishedInID","references","","53535","",""
"taxa","","6650","http://rs.tdwg.org/dwc/terms/namePublishedInID","references","","53546","",""
"taxa","","6651","http://rs.tdwg.org/dwc/terms/namePublishedInID","references","","53547","",""
"taxa","","6762","http://rs.tdwg.org/dwc/terms/namePublishedInID","references","","57299","",""
"taxa","","6831","http://rs.tdwg.org/dwc/terms/namePublishedInID","references","","57368","",""
"taxa","","6832","http://rs.tdwg.org/dwc/terms/namePublishedInID","references","","57370","",""
"taxa","","6844","http://rs.tdwg.org/dwc/terms/namePublishedInID","references","","57375","",""
"taxa","","6885","http://rs.tdwg.org/dwc/terms/namePublishedInID","references","","57405","",""
"taxa","","6908","http://rs.tdwg.org/dwc/terms/namePublishedInID","references","","57427","",""
"taxa","","6909","http://rs.tdwg.org/dwc/terms/namePublishedInID","references","","57427","",""
"taxa","","6910","http://rs.tdwg.org/dwc/terms/namePublishedInID","references","","57427","",""
"taxa","","6911","http://rs.tdwg.org/dwc/terms/namePublishedInID","references","","57427","",""
"taxa","","6912","http://rs.tdwg.org/dwc/terms/namePublishedInID","references","","57427","",""
"taxa","","6913","http://rs.tdwg.org/dwc/terms/namePublishedInID","references","","57427","",""
"taxa","","6916","http://rs.tdwg.org/dwc/terms/namePublishedInID","references","","57427","",""
"taxa","","6917","http://rs.tdwg.org/dwc/terms/namePublishedInID","references","","57427","",""
"taxa","","6919","http://rs.tdwg.org/dwc/terms/namePublishedInID","references","","57427","",""
"taxa","","6958","http://rs.tdwg.org/dwc/terms/namePublishedInID","references","","57427","",""
"taxa","","6972","http://rs.tdwg.org/dwc/terms/namePublishedInID","references","","57427","",""
"taxa","","6973","http://rs.tdwg.org/dwc/terms/namePublishedInID","references","","57427","",""
"taxa","","6977","http://rs.tdwg.org/dwc/terms/namePublishedInID","references","","57543","",""
"taxa","","6983","http://rs.tdwg.org/dwc/terms/namePublishedInID","references","","57546","",""
"taxa","","7180","http://rs.tdwg.org/dwc/terms/namePublishedInID","references","","57641","",""
"taxa","","7186","http://rs.tdwg.org/dwc/terms/namePublishedInID","references","","57646","",""
"taxa","","7194","http://rs.tdwg.org/dwc/terms/namePublishedInID","references","","57654","",""
"taxa","","7208","http://rs.tdwg.org/dwc/terms/namePublishedInID","references","","57662","",""
"taxa","","7797","http://rs.tdwg.org/dwc/terms/namePublishedInID","references","","57942","",""
"taxa","","7859","http://rs.tdwg.org/dwc/terms/namePublishedInID","references","","58012","",""
"taxa","","7873","http://rs.tdwg.org/dwc/terms/namePublishedInID","references","","58035","",""
"taxa","","7874","http://rs.tdwg.org/dwc/terms/namePublishedInID","references","","58035","",""
"taxa","","7879","http://rs.tdwg.org/dwc/terms/namePublishedInID","references","","58041","",""
"taxa","","7880","http://rs.tdwg.org/dwc/terms/namePublishedInID","references","","58041","",""
"taxa","","7882","http://rs.tdwg.org/dwc/terms/namePublishedInID","references","","58044","",""
"taxa","","7896","http://rs.tdwg.org/dwc/terms/namePublishedInID","references","","58068","",""
"taxa","","7898","http://rs.tdwg.org/dwc/terms/namePublishedInID","references","","58071","",""
"taxa","","7899","http://rs.tdwg.org/dwc/terms/namePublishedInID","references","","58071","",""
"taxa","","7961","http://rs.tdwg.org/dwc/terms/namePublishedInID","references","","58192","",""
"taxa","","8029","http://rs.tdwg.org/dwc/terms/namePublishedInID","references","","58249","",""
"taxa","","8108","http://rs.tdwg.org/dwc/terms/namePublishedInID","references","","58315","",""
"taxa","","8111","http://rs.tdwg.org/dwc/terms/namePublishedInID","references","","58318","",""
"taxa","","8117","http://rs.tdwg.org/dwc/terms/namePublishedInID","references","","58326","",""
"taxa","","8232","http://rs.tdwg.org/dwc/terms/namePublishedInID","references","","58414","",""
"taxa","","8252","http://rs.tdwg.org/dwc/terms/namePublishedInID","references","","58429","",""
"taxa","","8257","http://rs.tdwg.org/dwc/terms/namePublishedInID","references","","58438","",""
"traits","","1616","http://purl.org/dc/terms/source","references","","50677","",""
"traits","","1654","http://purl.org/dc/terms/source","references","","16650","",""
"traits","","1655","http://purl.org/dc/terms/source","references","","17156","",""
"traits","","1657","http://purl.org/dc/terms/source","references","","16650","",""
"traits","","1658","http://purl.org/dc/terms/source","references","","17157","",""
"traits","","1659","http://purl.org/dc/terms/source","references","","16650","",""
"traits","","1664","http://purl.org/dc/terms/source","references","","16650","",""
"traits","","1709","http://purl.org/dc/terms/source","references","","16650","",""
"traits","","1711","http://purl.org/dc/terms/source","references","","16650","",""
"traits","","1713","http://purl.org/dc/terms/source","references","","16650","",""
"traits","","2021","http://purl.org/dc/terms/source","references","","16746","",""
"traits","","2022","http://purl.org/dc/terms/source","references","","16746","",""
"traits","","2023","http://purl.org/dc/terms/source","references","","16746","",""
"traits","","2024","http://purl.org/dc/terms/source","references","","16746","",""
"traits","","2025","http://purl.org/dc/terms/source","references","","16746","",""
"traits","","2026","http://purl.org/dc/terms/source","references","","16746","",""
"traits","","2027","http://purl.org/dc/terms/source","references","","16746","",""
"traits","","2028","http://purl.org/dc/terms/source","references","","16746","",""
"traits","","2029","http://purl.org/dc/terms/source","references","","16746","",""
"traits","","2030","http://purl.org/dc/terms/source","references","","16746","",""
"traits","","2031","http://purl.org/dc/terms/source","references","","16746","",""
"traits","","2032","http://purl.org/dc/terms/source","references","","16746","",""
"traits","","2033","http://purl.org/dc/terms/source","references","","16746","",""
"traits","","2034","http://purl.org/dc/terms/source","references","","16746","",""
"traits","","2035","http://purl.org/dc/terms/source","references","","16746","",""
"traits","","2036","http://purl.org/dc/terms/source","references","","16746","",""
"traits","","2037","http://purl.org/dc/terms/source","references","","16746","",""
"traits","","2038","http://purl.org/dc/terms/source","references","","16746","",""
"traits","","2039","http://purl.org/dc/terms/source","references","","16746","",""
"traits","","2040","http://purl.org/dc/terms/source","references","","16746","",""
"traits","","2041","http://purl.org/dc/terms/source","references","","16746","",""
"traits","","2042","http://purl.org/dc/terms/source","references","","16746","",""
"traits","","2043","http://purl.org/dc/terms/source","references","","16746","",""
"traits","","2044","http://purl.org/dc/terms/source","references","","16746","",""
"traits","","2045","http://purl.org/dc/terms/source","references","","16746","",""
"traits","","2046","http://purl.org/dc/terms/source","references","","16746","",""
"traits","","2047","http://purl.org/dc/terms/source","references","","16746","",""
"traits","","2048","http://purl.org/dc/terms/source","references","","16746","",""
"traits","","2049","http://purl.org/dc/terms/source","references","","16746","",""
"traits","","2050","http://purl.org/dc/terms/source","references","","16746","",""
"traits","","2051","http://purl.org/dc/terms/source","references","","16746","",""
"traits","","2052","http://purl.org/dc/terms/source","references","","16746","",""
"traits","","2053","http://purl.org/dc/terms/source","references","","16746","",""
"traits","","2054","http://purl.org/dc/terms/source","references","","16746","",""
"traits","","2055","http://purl.org/dc/terms/source","references","","16746","",""
"traits","","2056","http://purl.org/dc/terms/source","references","","16746","",""
"traits","","2057","http://purl.org/dc/terms/source","references","","16746","",""
"traits","","2058","http://purl.org/dc/terms/source","references","","16746","",""
"traits","","2059","http://purl.org/dc/terms/source","references","","16746","",""
"traits","","2060","http://purl.org/dc/terms/source","references","","16746","",""
"traits","","2061","http://purl.org/dc/terms/source","references","","16746","",""
"traits","","2062","http://purl.org/dc/terms/source","references","","16746","",""
"traits","","2063","http://purl.org/dc/terms/source","references","","16746","",""
"traits","","2064","http://purl.org/dc/terms/source","references","","16746","",""
"traits","","2065","http://purl.org/dc/terms/source","references","","16746","",""
"traits","","2066","http://purl.org/dc/terms/source","references","","16746","",""
"traits","","2067","http://purl.org/dc/terms/source","references","","16746","",""
"traits","","2068","http://purl.org/dc/terms/source","references","","16746","",""
"traits","","2069","http://purl.org/dc/terms/source","references","","16746","",""
"traits","","2070","http://purl.org/dc/terms/source","references","","16746","",""
"traits","","2071","http://purl.org/dc/terms/source","references","","16746","",""
"traits","","2072","http://purl.org/dc/terms/source","references","","16746","",""
"traits","","2073","http://purl.org/dc/terms/source","references","","16746","",""
"traits","","2074","http://purl.org/dc/terms/source","references","","16746","",""
"traits","","2075","http://purl.org/dc/terms/source","references","","16746","",""
"traits","","2077","http://purl.org/dc/terms/source","references","","16746","",""
"traits","","2078","http://purl.org/dc/terms/source","references","","16746","",""
"traits","","2079","http://purl.org/dc/terms/source","references","","16746","",""
"traits","","2080","http://purl.org/dc/terms/source","references","","16746","",""
"traits","","2081","http://purl.org/dc/terms/source","references","","16746","",""
"traits","","2082","http://purl.org/dc/terms/source","references","","16746","",""
"traits","","2083","http://purl.org/dc/terms/source","references","","16746","",""
"traits","","2084","http://purl.org/dc/terms/source","references","","16746","",""
"traits","","2085","http://purl.org/dc/terms/source","references","","16746","",""
"traits","","2086","http://purl.org/dc/terms/source","references","","16746","",""
"traits","","2088","http://purl.org/dc/terms/source","references","","16746","",""
"traits","","2090","http://purl.org/dc/terms/source","references","","16746","",""
"traits","","2091","http://purl.org/dc/terms/source","references","","16746","",""
"traits","","2092","http://purl.org/dc/terms/source","references","","16746","",""
"traits","","2093","http://purl.org/dc/terms/source","references","","16746","",""
"traits","","2094","http://purl.org/dc/terms/source","references","","16746","",""
"traits","","2095","http://purl.org/dc/terms/source","references","","16746","",""
"traits","","2096","http://purl.org/dc/terms/source","references","","16746","",""
"traits","","2097","http://purl.org/dc/terms/source","references","","16746","",""
"traits","","2098","http://purl.org/dc/terms/source","references","","16746","",""
"traits","","2099","http://purl.org/dc/terms/source","references","","16746","",""
"traits","","2100","http://purl.org/dc/terms/source","references","","16746","",""
"traits","","2101","http://purl.org/dc/terms/source","references","","16746","",""
"traits","","2102","http://purl.org/dc/terms/source","references","","16746","",""
"traits","","2103","http://purl.org/dc/terms/source","references","","16746","",""
"traits","","2104","http://purl.org/dc/terms/source","references","","16746","",""
"traits","","2105","http://purl.org/dc/terms/source","references","","16746","",""
"traits","","2106","http://purl.org/dc/terms/source","references","","16746","",""
"traits","","2107","http://purl.org/dc/terms/source","references","","16746","",""
"traits","","2108","http://purl.org/dc/terms/source","references","","16746","",""
"traits","","2109","http://purl.org/dc/terms/source","references","","16746","",""
"traits","","2110","http://purl.org/dc/terms/source","references","","16746","",""
"traits","","2111","http://purl.org/dc/terms/source","references","","16815","",""
"traits","","2114","http://purl.org/dc/terms/source","references","","16815","",""
"traits","","2115","http://purl.org/dc/terms/source","references","","16815","",""
"traits","","2117","http://purl.org/dc/terms/source","references","","16815","",""
"traits","","2118","http://purl.org/dc/terms/source","references","","16815","",""
"traits","","2121","http://purl.org/dc/terms/source","references","","16815","",""
"traits","","2122","http://purl.org/dc/terms/source","references","","16815","",""
"traits","","2123","http://purl.org/dc/terms/source","references","","16815","",""
"traits","","2124","http://purl.org/dc/terms/source","references","","16815","",""
"traits","","2125","http://purl.org/dc/terms/source","references","","16815","",""
"traits","","2126","http://purl.org/dc/terms/source","references","","16815","",""
"traits","","2127","http://purl.org/dc/terms/source","references","","16815","",""
"traits","","2128","http://purl.org/dc/terms/source","references","","16815","",""
"traits","","2129","http://purl.org/dc/terms/source","references","","16815","",""
"traits","","2130","http://purl.org/dc/terms/source","references","","16815","",""
"traits","","2131","http://purl.org/dc/terms/source","references","","16815","",""
"traits","","2132","http://purl.org/dc/terms/source","references","","16815","",""
"traits","","2133","http://purl.org/dc/terms/source","references","","16815","",""
"traits","","2134","http://purl.org/dc/terms/source","references","","16815","",""
"traits","","2135","http://purl.org/dc/terms/source","references","","16815","",""
"traits","","2137","http://purl.org/dc/terms/source","references","","16815","",""
"traits","","2138","http://purl.org/dc/terms/source","references","","16815","",""
"traits","","2139","http://purl.org/dc/terms/source","references","","16815","",""
"traits","","2140","http://purl.org/dc/terms/source","references","","16815","",""
"traits","","2141","http://purl.org/dc/terms/source","references","","16815","",""
"traits","","2142","http://purl.org/dc/terms/source","references","","16815","",""
"traits","","2143","http://purl.org/dc/terms/source","references","","16815","",""
"traits","","2144","http://purl.org/dc/terms/source","references","","16815","",""
"traits","","2145","http://purl.org/dc/terms/source","references","","16815","",""
"traits","","2146","http://purl.org/dc/terms/source","references","","16815","",""
"traits","","2147","http://purl.org/dc/terms/source","references","","16836","",""
"traits","","2170","http://purl.org/dc/terms/source","references","","17157","",""
"traits","","2171","http://purl.org/dc/terms/source","references","","17157","",""
"traits","","2172","http://purl.org/dc/terms/source","references","","17157","",""
"traits","","2173","http://purl.org/dc/terms/source","references","","17157","",""
"traits","","2174","http://purl.org/dc/terms/source","references","","17157","",""
"traits","","2175","http://purl.org/dc/terms/source","references","","17157","",""
"traits","","2176","http://purl.org/dc/terms/source","references","","17157","",""
"traits","","2177","http://purl.org/dc/terms/source","references","","17157","",""
"traits","","2181","http://purl.org/dc/terms/source","references","","17157","",""
"traits","","2182","http://purl.org/dc/terms/source","references","","17157","",""
"traits","","2183","http://purl.org/dc/terms/source","references","","17157","",""
"traits","","2184","http://purl.org/dc/terms/source","references","","17157","",""
"traits","","2185","http://purl.org/dc/terms/source","references","","17157","",""
"traits","","2188","http://purl.org/dc/terms/source","references","","17157","",""
"traits","","2189","http://purl.org/dc/terms/source","references","","17157","",""
"traits","","2190","http://purl.org/dc/terms/source","references","","17157","",""
"traits","","2191","http://purl.org/dc/terms/source","references","","17157","",""
"traits","","2192","http://purl.org/dc/terms/source","references","","17157","",""
"traits","","2193","http://purl.org/dc/terms/source","references","","17157","",""
"traits","","2194","http://purl.org/dc/terms/source","references","","17157","",""
"traits","","2195","http://purl.org/dc/terms/source","references","","17157","",""
"traits","","2199","http://purl.org/dc/terms/source","references","","17157","",""
"traits","","2200","http://purl.org/dc/terms/source","references","","17157","",""
"traits","","2201","http://purl.org/dc/terms/source","references","","17157","",""
"traits","","2202","http://purl.org/dc/terms/source","references","","17157","",""
"traits","","2203","http://purl.org/dc/terms/source","references","","17157","",""
"traits","","2204","http://purl.org/dc/terms/source","references","","17157","",""
"traits","","2205","http://purl.org/dc/terms/source","references","","17157","",""
"traits","","2245","http://purl.org/dc/terms/source","references","","17157","",""
"traits","","2246","http://purl.org/dc/terms/source","references","","17157","",""
"traits","","2247","http://purl.org/dc/terms/source","references","","17157","",""
"traits","","2248","http://purl.org/dc/terms/source","references","","17157","",""
"traits","","2249","http://purl.org/dc/terms/source","references","","17157","",""
"traits","","2250","http://purl.org/dc/terms/source","references","","17157","",""
"traits","","2251","http://purl.org/dc/terms/source","references","","17157","",""
"traits","","2252","http://purl.org/dc/terms/source","references","","17157","",""
"traits","","2253","http://purl.org/dc/terms/source","references","","17157","",""
"traits","","2254","http://purl.org/dc/terms/source","references","","17157","",""
"traits","","2255","http://purl.org/dc/terms/source","references","","17157","",""
"traits","","2256","http://purl.org/dc/terms/source","references","","17157","",""
"traits","","2257","http://purl.org/dc/terms/source","references","","17157","",""
"traits","","2258","http://purl.org/dc/terms/source","references","","17157","",""
"traits","","2261","http://purl.org/dc/terms/source","references","","17157","",""
"traits","","2262","http://purl.org/dc/terms/source","references","","17157","",""
"traits","","2263","http://purl.org/dc/terms/source","references","","17157","",""
"traits","","2264","http://purl.org/dc/terms/source","references","","17157","",""
"traits","","2265","http://purl.org/dc/terms/source","references","","17157","",""
"traits","","2266","http://purl.org/dc/terms/source","references","","17157","",""
"traits","","2320","http://purl.org/dc/terms/source","references","","17335","",""
"traits","","3815","http://purl.org/dc/terms/source","references","","47399","",""
"traits","","4840","http://purl.org/dc/terms/source","references","","19823","",""
"traits","","4841","http://purl.org/dc/terms/source","references","","19823","",""
"traits","","4974","http://purl.org/dc/terms/source","references","","19823","",""
"traits","","5153","http://purl.org/dc/terms/source","references","","20059","",""
"traits","","5499","http://purl.org/dc/terms/source","references","","20335","",""
"traits","","5500","http://purl.org/dc/terms/source","references","","20335","",""
"traits","","5501","http://purl.org/dc/terms/source","references","","20335","",""
"traits","","5502","http://purl.org/dc/terms/source","references","","20335","",""
"traits","","5503","http://purl.org/dc/terms/source","references","","20335","",""
"traits","","5504","http://purl.org/dc/terms/source","references","","20335","",""
"traits","","5505","http://purl.org/dc/terms/source","references","","20335","",""
"traits","","5506","http://purl.org/dc/terms/source","references","","20335","",""
"traits","","5507","http://purl.org/dc/terms/source","references","","20335","",""
"traits","","5509","http://purl.org/dc/terms/source","references","","20335","",""
"traits","","5530","http://purl.org/dc/terms/source","references","","20335","",""
"traits","","5557","http://purl.org/dc/terms/source","references","","20335","",""
"traits","","5625","http://purl.org/dc/terms/source","references","","20335","",""
"traits","","5626","http://purl.org/dc/terms/source","references","","20335","",""
"traits","","5918","http://purl.org/dc/terms/source","references","","20902","",""
"traits","","5919","http://purl.org/dc/terms/source","references","","20902","",""
"traits","","5920","http://purl.org/dc/terms/source","references","","20902","",""
"traits","","5921","http://purl.org/dc/terms/source","references","","20902","",""
"traits","","5922","http://purl.org/dc/terms/source","references","","20902","",""
"traits","","5923","http://purl.org/dc/terms/source","references","","20902","",""
"traits","","5924","http://purl.org/dc/terms/source","references","","20902","",""
"traits","","5925","http://purl.org/dc/terms/source","references","","20902","",""
"traits","","5926","http://purl.org/dc/terms/source","references","","20902","",""
"traits","","5927","http://purl.org/dc/terms/source","references","","20902","",""
"traits","","5928","http://purl.org/dc/terms/source","references","","20902","",""
"traits","","5929","http://purl.org/dc/terms/source","references","","20902","",""
"traits","","5930","http://purl.org/dc/terms/source","references","","20902","",""
"traits","","5931","http://purl.org/dc/terms/source","references","","20902","",""
"traits","","5932","http://purl.org/dc/terms/source","references","","20902","",""
"traits","","5933","http://purl.org/dc/terms/source","references","","20902","",""
"traits","","5934","http://purl.org/dc/terms/source","references","","20902","",""
"traits","","5935","http://purl.org/dc/terms/source","references","","20902","",""
"traits","","5936","http://purl.org/dc/terms/source","references","","20902","",""
"traits","","5937","http://purl.org/dc/terms/source","references","","20904","",""
"traits","","5938","http://purl.org/dc/terms/source","references","","20904","",""
"traits","","5939","http://purl.org/dc/terms/source","references","","20904","",""
"traits","","5940","http://purl.org/dc/terms/source","references","","20904","",""
"traits","","5941","http://purl.org/dc/terms/source","references","","20904","",""
"traits","","5942","http://purl.org/dc/terms/source","references","","20904","",""
"traits","","5943","http://purl.org/dc/terms/source","references","","20904","",""
"traits","","5944","http://purl.org/dc/terms/source","references","","20904","",""
"traits","","5945","http://purl.org/dc/terms/source","references","","20904","",""
"traits","","5946","http://purl.org/dc/terms/source","references","","20904","",""
"traits","","5947","http://purl.org/dc/terms/source","references","","20904","",""
"traits","","5948","http://purl.org/dc/terms/source","references","","20904","",""
"traits","","5949","http://purl.org/dc/terms/source","references","","20904","",""
"traits","","5950","http://purl.org/dc/terms/source","references","","20904","",""
"traits","","5951","http://purl.org/dc/terms/source","references","","20904","",""
"traits","","5952","http://purl.org/dc/terms/source","references","","20904","",""
"traits","","5953","http://purl.org/dc/terms/source","references","","20904","",""
"traits","","5954","http://purl.org/dc/terms/source","references","","20904","",""
"traits","","5955","http://purl.org/dc/terms/source","references","","20904","",""
"traits","","5956","http://purl.org/dc/terms/source","references","","20904","",""
"traits","","5957","http://purl.org/dc/terms/source","references","","20904","",""
"traits","","5958","http://purl.org/dc/terms/source","references","","20904","",""
"traits","","5959","http://purl.org/dc/terms/source","references","","20904","",""
"traits","","5960","http://purl.org/dc/terms/source","references","","20904","",""
"traits","","5961","http://purl.org/dc/terms/source","references","","20904","",""
"traits","","5962","http://purl.org/dc/terms/source","references","","20904","",""
"traits","","5963","http://purl.org/dc/terms/source","references","","20904","",""
"traits","","5964","http://purl.org/dc/terms/source","references","","20904","",""
"traits","","5965","http://purl.org/dc/terms/source","references","","20904","",""
"traits","","5966","http://purl.org/dc/terms/source","references","","20904","",""
"traits","","5967","http://purl.org/dc/terms/source","references","","20904","",""
"traits","","5968","http://purl.org/dc/terms/source","references","","20904","",""
"traits","","5969","http://purl.org/dc/terms/source","references","","20904","",""
"traits","","5970","http://purl.org/dc/terms/source","references","","20904","",""
"traits","","5971","http://purl.org/dc/terms/source","references","","20904","",""
"traits","","5972","http://purl.org/dc/terms/source","references","","20904","",""
"traits","","5973","http://purl.org/dc/terms/source","references","","20904","",""
"traits","","5974","http://purl.org/dc/terms/source","references","","20904","",""
"traits","","5975","http://purl.org/dc/terms/source","references","","20904","",""
"traits","","5976","http://purl.org/dc/terms/source","references","","20919","",""
"traits","","5977","http://purl.org/dc/terms/source","references","","20919","",""
"traits","","5978","http://purl.org/dc/terms/source","references","","20919","",""
"traits","","5979","http://purl.org/dc/terms/source","references","","20919","",""
"traits","","5980","http://purl.org/dc/terms/source","references","","20919","",""
"traits","","5981","http://purl.org/dc/terms/source","references","","20919","",""
"traits","","5982","http://purl.org/dc/terms/source","references","","20919","",""
"traits","","5983","http://purl.org/dc/terms/source","references","","20919","",""
"traits","","5984","http://purl.org/dc/terms/source","references","","20919","",""
"traits","","5985","http://purl.org/dc/terms/source","references","","20919","",""
"traits","","5986","http://purl.org/dc/terms/source","references","","20919","",""
"traits","","5987","http://purl.org/dc/terms/source","references","","20919","",""
"traits","","5988","http://purl.org/dc/terms/source","references","","20926","",""
"traits","","5989","http://purl.org/dc/terms/source","references","","20926","",""
"traits","","5990","http://purl.org/dc/terms/source","references","","20926","",""
"traits","","5991","http://purl.org/dc/terms/source","references","","20926","",""
"traits","","5992","http://purl.org/dc/terms/source","references","","20926","",""
"traits","","5993","http://purl.org/dc/terms/source","references","","20926","",""
"traits","","5994","http://purl.org/dc/terms/source","references","","20926","",""
"traits","","5995","http://purl.org/dc/terms/source","references","","20926","",""
"traits","","5996","http://purl.org/dc/terms/source","references","","20926","",""
"traits","","5997","http://purl.org/dc/terms/source","references","","20926","",""
"traits","","5998","http://purl.org/dc/terms/source","references","","20926","",""
"traits","","5999","http://purl.org/dc/terms/source","references","","20926","",""
"traits","","6000","http://purl.org/dc/terms/source","references","","20926","",""
"traits","","6001","http://purl.org/dc/terms/source","references","","20926","",""
"traits","","6002","http://purl.org/dc/terms/source","references","","20926","",""
"traits","","6003","http://purl.org/dc/terms/source","references","","20926","",""
"traits","","6004","http://purl.org/dc/terms/source","references","","20926","",""
"traits","","6005","http://purl.org/dc/terms/source","references","","20926","",""
"traits","","6006","http://purl.org/dc/terms/source","references","","20926","",""
"traits","","6007","http://purl.org/dc/terms/source","references","","20926","",""
"traits","","6008","http://purl.org/dc/terms/source","references","","20926","",""
"traits","","6009","http://purl.org/dc/terms/source","references","","20926","",""
"traits","","6010","http://purl.org/dc/terms/source","references","","20926","",""
"traits","","6011","http://purl.org/dc/terms/source","references","","20926","",""
"traits","","6012","http://purl.org/dc/terms/source","references","","20926","",""
"traits","","6013","http://purl.org/dc/terms/source","references","","20926","",""
"traits","","6014","http://purl.org/dc/terms/source","references","","20926","",""
"traits","","6015","http://purl.org/dc/terms/source","references","","20926","",""
"traits","","6016","http://purl.org/dc/terms/source","references","","20926","",""
"traits","","6017","http://purl.org/dc/terms/source","references","","20926","",""
"traits","","6018","http://purl.org/dc/terms/source","references","","20926","",""
"traits","","6020","http://purl.org/dc/terms/source","references","","20926","",""
"traits","","6021","http://purl.org/dc/terms/source","references","","20926","",""
"traits","","6022","http://purl.org/dc/terms/source","references","","20926","",""
"traits","","6023","http://purl.org/dc/terms/source","references","","20926","",""
"traits","","6024","http://purl.org/dc/terms/source","references","","20926","",""
"traits","","6025","http://purl.org/dc/terms/source","references","","20926","",""
"traits","","6026","http://purl.org/dc/terms/source","references","","20926","",""
"traits","","6027","http://purl.org/dc/terms/source","references","","20926","",""
"traits","","25415","http://purl.org/dc/terms/source","references","","40322","",""
"traits","","25416","http://purl.org/dc/terms/source","references","","40322","",""
"traits","","25417","http://purl.org/dc/terms/source","references","","40322","",""
"traits","","25418","http://purl.org/dc/terms/source","references","","40322","",""
"traits","","25419","http://purl.org/dc/terms/source","references","","40322","",""
"traits","","25420","http://purl.org/dc/terms/source","references","","40322","",""
"traits","","25421","http://purl.org/dc/terms/source","references","","40322","",""
"traits","","25422","http://purl.org/dc/terms/source","references","","40322","",""
"traits","","25423","http://purl.org/dc/terms/source","references","","40322","",""
"traits","","25424","http://purl.org/dc/terms/source","references","","40322","",""
"traits","","25448","http://purl.org/dc/terms/source","references","","40322","",""
"traits","","25449","http://purl.org/dc/terms/source","references","","40322","",""
"traits","","25450","http://purl.org/dc/terms/source","references","","40322","",""
"traits","","25451","http://purl.org/dc/terms/source","references","","40322","",""
"traits","","25530","http://purl.org/dc/terms/source","references","","40433","",""
"traits","","25531","http://purl.org/dc/terms/source","references","","40433","",""
"traits","","25532","http://purl.org/dc/terms/source","references","","40433","",""
"traits","","25533","http://purl.org/dc/terms/source","references","","40433","",""
"traits","","25534","http://purl.org/dc/terms/source","references","","40433","",""
"traits","","25535","http://purl.org/dc/terms/source","references","","40435","",""
"traits","","25536","http://purl.org/dc/terms/source","references","","40435","",""
"traits","","25537","http://purl.org/dc/terms/source","references","","40437","",""
"traits","","25538","http://purl.org/dc/terms/source","references","","40437","",""
"traits","","25539","http://purl.org/dc/terms/source","references","","40437","",""
"traits","","25540","http://purl.org/dc/terms/source","references","","40437","",""
"traits","","25541","http://purl.org/dc/terms/source","references","","40441","",""
"traits","","25542","http://purl.org/dc/terms/source","references","","40443","",""
"traits","","25543","http://purl.org/dc/terms/source","references","","40445","",""
"traits","","32394","http://purl.org/dc/terms/source","references","","47282","",""
"traits","","32395","http://purl.org/dc/terms/source","references","","47282","",""
"traits","","32507","http://purl.org/dc/terms/source","references","","17157","",""
"traits","","32508","http://purl.org/dc/terms/source","references","","17157","",""
"traits","","32509","http://purl.org/dc/terms/source","references","","17157","",""
"traits","","32510","http://purl.org/dc/terms/source","references","","17157","",""
"traits","","32511","http://purl.org/dc/terms/source","references","","17157","",""
"traits","","32514","http://purl.org/dc/terms/source","references","","17157","",""
"traits","","32515","http://purl.org/dc/terms/source","references","","17157","",""
"traits","","32516","http://purl.org/dc/terms/source","references","","17157","",""
"traits","","32517","http://purl.org/dc/terms/source","references","","17157","",""
"traits","","32518","http://purl.org/dc/terms/source","references","","17157","",""
"traits","","32519","http://purl.org/dc/terms/source","references","","17157","",""
"traits","","32521","http://purl.org/dc/terms/source","references","","17157","",""
"traits","","32522","http://purl.org/dc/terms/source","references","","17157","",""
"traits","","32523","http://purl.org/dc/terms/source","references","","17157","",""
"traits","","32524","http://purl.org/dc/terms/source","references","","17157","",""
"traits","","32525","http://purl.org/dc/terms/source","references","","17157","",""
"traits","","32526","http://purl.org/dc/terms/source","references","","17157","",""
"traits","","32530","http://purl.org/dc/terms/source","references","","17157","",""
"traits","","32531","http://purl.org/dc/terms/source","references","","17157","",""
"traits","","32532","http://purl.org/dc/terms/source","references","","17157","",""
"traits","","32533","http://purl.org/dc/terms/source","references","","17157","",""
"traits","","32534","http://purl.org/dc/terms/source","references","","17157","",""
"traits","","32535","http://purl.org/dc/terms/source","references","","17157","",""
"traits","","32539","http://purl.org/dc/terms/source","references","","17157","",""
"traits","","32540","http://purl.org/dc/terms/source","references","","17157","",""
"traits","","32550","http://purl.org/dc/terms/source","references","","12235","",""
"traits","","32551","http://purl.org/dc/terms/source","references","","12235","",""
"traits","","32553","http://purl.org/dc/terms/source","references","","16747","",""
"traits","","32554","http://purl.org/dc/terms/source","references","","16747","",""
"traits","","32555","http://purl.org/dc/terms/source","references","","16747","",""
"traits","","32556","http://purl.org/dc/terms/source","references","","12235","",""
"traits","","32558","http://purl.org/dc/terms/source","references","","16747","",""
"traits","","32559","http://purl.org/dc/terms/source","references","","16747","",""
"traits","","32561","http://purl.org/dc/terms/source","references","","16747","",""
"traits","","32562","http://purl.org/dc/terms/source","references","","16650","",""
"traits","","32563","http://purl.org/dc/terms/source","references","","16650","",""
"traits","","32564","http://purl.org/dc/terms/source","references","","15180","",""
"traits","","32565","http://purl.org/dc/terms/source","references","","15180","",""
"traits","","32566","http://purl.org/dc/terms/source","references","","15180","",""
"traits","","32567","http://purl.org/dc/terms/source","references","","15180","",""
"traits","","32568","http://purl.org/dc/terms/source","references","","17157","",""
"traits","","32569","http://purl.org/dc/terms/source","references","","17157","",""
"traits","","32570","http://purl.org/dc/terms/source","references","","17157","",""
"traits","","32571","http://purl.org/dc/terms/source","references","","17157","",""
"traits","","32572","http://purl.org/dc/terms/source","references","","17157","",""
"traits","","32573","http://purl.org/dc/terms/source","references","","17157","",""
"traits","","32574","http://purl.org/dc/terms/source","references","","17157","",""
"traits","","32575","http://purl.org/dc/terms/source","references","","17157","",""
"traits","","32576","http://purl.org/dc/terms/source","references","","17157","",""
"traits","","32577","http://purl.org/dc/terms/source","references","","17157","",""
"traits","","32578","http://purl.org/dc/terms/source","references","","17157","",""
"traits","","32582","http://purl.org/dc/terms/source","references","","17157","",""
"traits","","32583","http://purl.org/dc/terms/source","references","","17157","",""
"traits","","32584","http://purl.org/dc/terms/source","references","","17157","",""
"traits","","32586","http://purl.org/dc/terms/source","references","","17157","",""
"traits","","32587","http://purl.org/dc/terms/source","references","","17157","",""
"traits","","32588","http://purl.org/dc/terms/source","references","","17157","",""
"traits","","32591","http://purl.org/dc/terms/source","references","","17157","",""
"traits","","32592","http://purl.org/dc/terms/source","references","","17157","",""
"traits","","32593","http://purl.org/dc/terms/source","references","","17157","",""
"traits","","32594","http://purl.org/dc/terms/source","references","","17157","",""
"traits","","32595","http://purl.org/dc/terms/source","references","","17157","",""
"traits","","32596","http://purl.org/dc/terms/source","references","","17157","",""
"traits","","32597","http://purl.org/dc/terms/source","references","","17157","",""
"traits","","32598","http://purl.org/dc/terms/source","references","","17157","",""
"traits","","32599","http://purl.org/dc/terms/source","references","","17157","",""
"traits","","32600","http://purl.org/dc/terms/source","references","","17157","",""
"traits","","32601","http://purl.org/dc/terms/source","references","","17157","",""
"traits","","32602","http://purl.org/dc/terms/source","references","","47399","",""
"traits","","32603","http://purl.org/dc/terms/source","references","","47399","",""
"traits","","32604","http://purl.org/dc/terms/source","references","","47399","",""
"traits","","32605","http://purl.org/dc/terms/source","references","","47399","",""
"traits","","32606","http://purl.org/dc/terms/source","references","","47399","",""
"traits","","32607","http://purl.org/dc/terms/source","references","","47399","",""
"traits","","32608","http://purl.org/dc/terms/source","references","","47399","",""
"traits","","32609","http://purl.org/dc/terms/source","references","","47399","",""
"traits","","32610","http://purl.org/dc/terms/source","references","","47399","",""
"traits","","32612","http://purl.org/dc/terms/source","references","","47399","",""
"traits","","32613","http://purl.org/dc/terms/source","references","","47399","",""
"traits","","32614","http://purl.org/dc/terms/source","references","","47399","",""
"traits","","32615","http://purl.org/dc/terms/source","references","","47399","",""
"traits","","32616","http://purl.org/dc/terms/source","references","","47399","",""
"traits","","32617","http://purl.org/dc/terms/source","references","","47399","",""
"traits","","32618","http://purl.org/dc/terms/source","references","","47399","",""
"traits","","32619","http://purl.org/dc/terms/source","references","","47399","",""
"traits","","32620","http://purl.org/dc/terms/source","references","","47399","",""
"traits","","32621","http://purl.org/dc/terms/source","references","","47399","",""
"traits","","32622","http://purl.org/dc/terms/source","references","","47399","",""
"traits","","32623","http://purl.org/dc/terms/source","references","","47399","",""
"traits","","32625","http://purl.org/dc/terms/source","references","","47399","",""
"traits","","32626","http://purl.org/dc/terms/source","references","","47399","",""
"traits","","32628","http://purl.org/dc/terms/source","references","","17157","",""
"traits","","32629","http://purl.org/dc/terms/source","references","","17157","",""
"traits","","32630","http://purl.org/dc/terms/source","references","","17157","",""
"traits","","32631","http://purl.org/dc/terms/source","references","","17157","",""
"traits","","32632","http://purl.org/dc/terms/source","references","","17157","",""
"traits","","32633","http://purl.org/dc/terms/source","references","","17157","",""
"traits","","32635","http://purl.org/dc/terms/source","references","","17157","",""
"traits","","32636","http://purl.org/dc/terms/source","references","","17157","",""
"traits","","32637","http://purl.org/dc/terms/source","references","","17157","",""
"traits","","32638","http://purl.org/dc/terms/source","references","","17157","",""
"traits","","32639","http://purl.org/dc/terms/source","references","","17157","",""
"traits","","32640","http://purl.org/dc/terms/source","references","","17157","",""
"traits","","32641","http://purl.org/dc/terms/source","references","","17157","",""
"traits","","32643","http://purl.org/dc/terms/source","references","","17157","",""
"traits","","32644","http://purl.org/dc/terms/source","references","","17157","",""
"traits","","32645","http://purl.org/dc/terms/source","references","","17157","",""
"traits","","32646","http://purl.org/dc/terms/source","references","","17157","",""
"traits","","32651","http://purl.org/dc/terms/source","references","","17157","",""
"traits","","32652","http://purl.org/dc/terms/source","references","","17157","",""
"traits","","32653","http://purl.org/dc/terms/source","references","","17157","",""
"traits","","32654","http://purl.org/dc/terms/source","references","","17157","",""
"traits","","32655","http://purl.org/dc/terms/source","references","","17157","",""
"traits","","32656","http://purl.org/dc/terms/source","references","","17157","",""
"traits","","32657","http://purl.org/dc/terms/source","references","","17157","",""
"traits","","32658","http://purl.org/dc/terms/source","references","","17157","",""
"traits","","32659","http://purl.org/dc/terms/source","references","","17157","",""
"traits","","32660","http://purl.org/dc/terms/source","references","","17157","",""
"traits","","32661","http://purl.org/dc/terms/source","references","","17157","",""
"traits","","32662","http://purl.org/dc/terms/source","references","","17157","",""
"traits","","32663","http://purl.org/dc/terms/source","references","","17157","",""
"traits","","32664","http://purl.org/dc/terms/source","references","","17157","",""
"traits","","32666","http://purl.org/dc/terms/source","references","","17157","",""
"traits","","32667","http://purl.org/dc/terms/source","references","","17157","",""
"traits","","32668","http://purl.org/dc/terms/source","references","","17157","",""
"traits","","32669","http://purl.org/dc/terms/source","references","","17157","",""
"traits","","32670","http://purl.org/dc/terms/source","references","","17157","",""
"traits","","32671","http://purl.org/dc/terms/source","references","","17157","",""
"traits","","32675","http://purl.org/dc/terms/source","references","","17157","",""
"traits","","32676","http://purl.org/dc/terms/source","references","","17157","",""
"traits","","32677","http://purl.org/dc/terms/source","references","","17157","",""
"traits","","32678","http://purl.org/dc/terms/source","references","","17157","",""
"traits","","32679","http://purl.org/dc/terms/source","references","","17157","",""
"traits","","32680","http://purl.org/dc/terms/source","references","","17157","",""
"traits","","32681","http://purl.org/dc/terms/source","references","","17157","",""
"traits","","32682","http://purl.org/dc/terms/source","references","","17157","",""
"traits","","32683","http://purl.org/dc/terms/source","references","","17157","",""
"traits","","32684","http://purl.org/dc/terms/source","references","","17157","",""
"traits","","32685","http://purl.org/dc/terms/source","references","","17157","",""
"traits","","32686","http://purl.org/dc/terms/source","references","","17157","",""
"traits","","32687","http://purl.org/dc/terms/source","references","","17157","",""
"traits","","32688","http://purl.org/dc/terms/source","references","","17157","",""
"traits","","32689","http://purl.org/dc/terms/source","references","","17157","",""
"traits","","32691","http://purl.org/dc/terms/source","references","","17157","",""
"traits","","32692","http://purl.org/dc/terms/source","references","","17157","",""
"traits","","32693","http://purl.org/dc/terms/source","references","","17157","",""
"traits","","32694","http://purl.org/dc/terms/source","references","","17157","",""
"traits","","32695","http://purl.org/dc/terms/source","references","","17157","",""
"traits","","32698","http://purl.org/dc/terms/source","references","","17157","",""
"traits","","32699","http://purl.org/dc/terms/source","references","","17157","",""
"traits","","32700","http://purl.org/dc/terms/source","references","","17157","",""
"traits","","32701","http://purl.org/dc/terms/source","references","","17157","",""
"traits","","32702","http://purl.org/dc/terms/source","references","","17157","",""
"traits","","32703","http://purl.org/dc/terms/source","references","","17157","",""
"traits","","32704","http://purl.org/dc/terms/source","references","","17157","",""
"traits","","32705","http://purl.org/dc/terms/source","references","","17157","",""
"traits","","32706","http://purl.org/dc/terms/source","references","","17157","",""
"traits","","32707","http://purl.org/dc/terms/source","references","","17157","",""
"traits","","32708","http://purl.org/dc/terms/source","references","","17157","",""
"traits","","32709","http://purl.org/dc/terms/source","references","","17157","",""
"traits","","32710","http://purl.org/dc/terms/source","references","","17157","",""
"traits","","32713","http://purl.org/dc/terms/source","references","","47399","",""
"traits","","32714","http://purl.org/dc/terms/source","references","","47399","",""
"traits","","32715","http://purl.org/dc/terms/source","references","","47399","",""
"traits","","32716","http://purl.org/dc/terms/source","references","","47399","",""
"traits","","32717","http://purl.org/dc/terms/source","references","","47399","",""
"traits","","32722","http://purl.org/dc/terms/source","references","","47399","",""
"traits","","32725","http://purl.org/dc/terms/source","references","","47399","",""
"traits","","32728","http://purl.org/dc/terms/source","references","","47399","",""
"traits","","32729","http://purl.org/dc/terms/source","references","","47399","",""
"traits","","32730","http://purl.org/dc/terms/source","references","","47399","",""
"traits","","32731","http://purl.org/dc/terms/source","references","","47399","",""
"traits","","32732","http://purl.org/dc/terms/source","references","","47399","",""
"traits","","32733","http://purl.org/dc/terms/source","references","","47399","",""
"traits","","32735","http://purl.org/dc/terms/source","references","","47399","",""
"traits","","32736","http://purl.org/dc/terms/source","references","","47399","",""
"traits","","32738","http://purl.org/dc/terms/source","references","","47399","",""
"traits","","32739","http://purl.org/dc/terms/source","references","","47399","",""
"traits","","32740","http://purl.org/dc/terms/source","references","","47399","",""
"traits","","32742","http://purl.org/dc/terms/source","references","","47399","",""
"traits","","32743","http://purl.org/dc/terms/source","references","","47399","",""
"traits","","32744","http://purl.org/dc/terms/source","references","","47399","",""
"traits","","32745","http://purl.org/dc/terms/source","references","","47399","",""
"traits","","32746","http://purl.org/dc/terms/source","references","","47399","",""
"traits","","32749","http://purl.org/dc/terms/source","references","","47399","",""
"traits","","32751","http://purl.org/dc/terms/source","references","","47399","",""
"traits","","32752","http://purl.org/dc/terms/source","references","","47399","",""
"traits","","32753","http://purl.org/dc/terms/source","references","","47399","",""
"traits","","32756","http://purl.org/dc/terms/source","references","","17157","",""
"traits","","32757","http://purl.org/dc/terms/source","references","","17157","",""
"traits","","32763","http://purl.org/dc/terms/source","references","","17157","",""
"traits","","32764","http://purl.org/dc/terms/source","references","","17157","",""
"traits","","32765","http://purl.org/dc/terms/source","references","","17157","",""
"traits","","32766","http://purl.org/dc/terms/source","references","","17157","",""
"traits","","32767","http://purl.org/dc/terms/source","references","","17157","",""
"traits","","32770","http://purl.org/dc/terms/source","references","","17157","",""
"traits","","32771","http://purl.org/dc/terms/source","references","","17157","",""
"traits","","32772","http://purl.org/dc/terms/source","references","","17157","",""
"traits","","32773","http://purl.org/dc/terms/source","references","","17157","",""
"traits","","32774","http://purl.org/dc/terms/source","references","","17157","",""
"traits","","32775","http://purl.org/dc/terms/source","references","","17157","",""
"traits","","32781","http://purl.org/dc/terms/source","references","","17157","",""
"traits","","32782","http://purl.org/dc/terms/source","references","","17157","",""
"traits","","32783","http://purl.org/dc/terms/source","references","","17157","",""
"traits","","32784","http://purl.org/dc/terms/source","references","","17157","",""
"traits","","32785","http://purl.org/dc/terms/source","references","","17157","",""
"traits","","32786","http://purl.org/dc/terms/source","references","","17157","",""
"traits","","32787","http://purl.org/dc/terms/source","references","","17157","",""
"traits","","32788","http://purl.org/dc/terms/source","references","","17157","",""
"traits","","32790","http://purl.org/dc/terms/source","references","","17157","",""
"traits","","32791","http://purl.org/dc/terms/source","references","","17157","",""
"traits","","32792","http://purl.org/dc/terms/source","references","","17157","",""
"traits","","32793","http://purl.org/dc/terms/source","references","","17157","",""
"traits","","32794","http://purl.org/dc/terms/source","references","","17157","",""
"traits","","32795","http://purl.org/dc/terms/source","references","","17157","",""
"traits","","32796","http://purl.org/dc/terms/source","references","","17157","",""
"traits","","32800","http://purl.org/dc/terms/source","references","","17157","",""
"traits","","32801","http://purl.org/dc/terms/source","references","","17157","",""
"traits","","32802","http://purl.org/dc/terms/source","references","","17157","",""
"traits","","32803","http://purl.org/dc/terms/source","references","","17157","",""
"traits","","32804","http://purl.org/dc/terms/source","references","","17157","",""
"traits","","32805","http://purl.org/dc/terms/source","references","","17157","",""
"traits","","32806","http://purl.org/dc/terms/source","references","","17157","",""
"traits","","32807","http://purl.org/dc/terms/source","references","","17157","",""
"traits","","32808","http://purl.org/dc/terms/source","references","","17157","",""
"traits","","32809","http://purl.org/dc/terms/source","references","","17157","",""
"traits","","32812","http://purl.org/dc/terms/source","references","","47399","",""
"traits","","32813","http://purl.org/dc/terms/source","references","","47399","",""
"traits","","32814","http://purl.org/dc/terms/source","references","","47399","",""
"traits","","32817","http://purl.org/dc/terms/source","references","","47399","",""
"traits","","32819","http://purl.org/dc/terms/source","references","","47399","",""
"traits","","32821","http://purl.org/dc/terms/source","references","","47399","",""
"traits","","32822","http://purl.org/dc/terms/source","references","","47399","",""
"traits","","32824","http://purl.org/dc/terms/source","references","","47399","",""
"traits","","32825","http://purl.org/dc/terms/source","references","","47399","",""
"traits","","32826","http://purl.org/dc/terms/source","references","","47399","",""
"traits","","32828","http://purl.org/dc/terms/source","references","","47399","",""
"traits","","32829","http://purl.org/dc/terms/source","references","","47399","",""
"traits","","32830","http://purl.org/dc/terms/source","references","","47399","",""
"traits","","32831","http://purl.org/dc/terms/source","references","","47399","",""
"traits","","32832","http://purl.org/dc/terms/source","references","","47399","",""
"traits","","32834","http://purl.org/dc/terms/source","references","","17157","",""
"traits","","32835","http://purl.org/dc/terms/source","references","","17157","",""
"traits","","32836","http://purl.org/dc/terms/source","references","","17157","",""
"traits","","32837","http://purl.org/dc/terms/source","references","","17157","",""
"traits","","32838","http://purl.org/dc/terms/source","references","","17157","",""
"traits","","32839","http://purl.org/dc/terms/source","references","","17157","",""
"traits","","32840","http://purl.org/dc/terms/source","references","","17157","",""
"traits","","32841","http://purl.org/dc/terms/source","references","","17157","",""
"traits","","32842","http://purl.org/dc/terms/source","references","","17157","",""
"traits","","32843","http://purl.org/dc/terms/source","references","","17157","",""
"traits","","32845","http://purl.org/dc/terms/source","references","","17157","",""
"traits","","32846","http://purl.org/dc/terms/source","references","","17157","",""
"traits","","32847","http://purl.org/dc/terms/source","references","","17157","",""
"traits","","32848","http://purl.org/dc/terms/source","references","","17157","",""
"traits","","32849","http://purl.org/dc/terms/source","references","","17157","",""
"traits","","32850","http://purl.org/dc/terms/source","references","","17157","",""
"traits","","32851","http://purl.org/dc/terms/source","references","","16747","",""
"traits","","32852","http://purl.org/dc/terms/source","references","","16747","",""
"traits","","32881","http://purl.org/dc/terms/source","references","","47513","",""
"traits","","32882","http://purl.org/dc/terms/source","references","","47513","",""
"traits","","32883","http://purl.org/dc/terms/source","references","","47513","",""
"traits","","32884","http://purl.org/dc/terms/source","references","","47513","",""
"traits","","32885","http://purl.org/dc/terms/source","references","","47513","",""
"traits","","32886","http://purl.org/dc/terms/source","references","","47513","",""
"traits","","32887","http://purl.org/dc/terms/source","references","","47513","",""
"traits","","32888","http://purl.org/dc/terms/source","references","","47513","",""
"traits","","32889","http://purl.org/dc/terms/source","references","","47513","",""
"traits","","32890","http://purl.org/dc/terms/source","references","","47513","",""
"traits","","32891","http://purl.org/dc/terms/source","references","","47513","",""
"traits","","32892","http://purl.org/dc/terms/source","references","","47513","",""
"traits","","32893","http://purl.org/dc/terms/source","references","","47513","",""
"traits","","32894","http://purl.org/dc/terms/source","references","","47513","",""
"traits","","32895","http://purl.org/dc/terms/source","references","","47513","",""
"traits","","32896","http://purl.org/dc/terms/source","references","","47513","",""
"traits","","32897","http://purl.org/dc/terms/source","references","","47513","",""
"traits","","32898","http://purl.org/dc/terms/source","references","","47513","",""
"traits","","32899","http://purl.org/dc/terms/source","references","","47513","",""
"traits","","32900","http://purl.org/dc/terms/source","references","","47513","",""
"traits","","32901","http://purl.org/dc/terms/source","references","","47513","",""
"traits","","32902","http://purl.org/dc/terms/source","references","","47513","",""
"traits","","32903","http://purl.org/dc/terms/source","references","","47513","",""
"traits","","32904","http://purl.org/dc/terms/source","references","","47513","",""
"traits","","32905","http://purl.org/dc/terms/source","references","","47513","",""
"traits","","32906","http://purl.org/dc/terms/source","references","","47513","",""
"traits","","32907","http://purl.org/dc/terms/source","references","","47513","",""
"traits","","32908","http://purl.org/dc/terms/source","references","","47513","",""
"traits","","32909","http://purl.org/dc/terms/source","references","","47513","",""
"traits","","32910","http://purl.org/dc/terms/source","references","","47513","",""
"traits","","32911","http://purl.org/dc/terms/source","references","","47513","",""
"traits","","32912","http://purl.org/dc/terms/source","references","","47513","",""
"traits","","32913","http://purl.org/dc/terms/source","references","","47513","",""
"traits","","32914","http://purl.org/dc/terms/source","references","","47513","",""
"traits","","32915","http://purl.org/dc/terms/source","references","","47513","",""
"traits","","32916","http://purl.org/dc/terms/source","references","","47513","",""
"traits","","32917","http://purl.org/dc/terms/source","references","","47513","",""
"traits","","32918","http://purl.org/dc/terms/source","references","","47513","",""
"traits","","32919","http://purl.org/dc/terms/source","references","","47513","",""
"traits","","32920","http://purl.org/dc/terms/source","references","","47513","",""
"traits","","32921","http://purl.org/dc/terms/source","references","","47513","",""
"traits","","32922","http://purl.org/dc/terms/source","references","","47513","",""
"traits","","32923","http://purl.org/dc/terms/source","references","","47513","",""
"traits","","32924","http://purl.org/dc/terms/source","references","","47513","",""
"traits","","32925","http://purl.org/dc/terms/source","references","","47513","",""
"traits","","32926","http://purl.org/dc/terms/source","references","","47513","",""
"traits","","32927","http://purl.org/dc/terms/source","references","","47513","",""
"traits","","32928","http://purl.org/dc/terms/source","references","","47513","",""
"traits","","32929","http://purl.org/dc/terms/source","references","","47513","",""
"traits","","32930","http://purl.org/dc/terms/source","references","","47513","",""
"traits","","32931","http://purl.org/dc/terms/source","references","","47513","",""
"traits","","32932","http://purl.org/dc/terms/source","references","","47513","",""
"traits","","32933","http://purl.org/dc/terms/source","references","","47513","",""
"traits","","32934","http://purl.org/dc/terms/source","references","","47513","",""
"traits","","32935","http://purl.org/dc/terms/source","references","","47513","",""
"traits","","32936","http://purl.org/dc/terms/source","references","","47513","",""
"traits","","32937","http://purl.org/dc/terms/source","references","","47513","",""
"traits","","32938","http://purl.org/dc/terms/source","references","","47513","",""
"traits","","32939","http://purl.org/dc/terms/source","references","","47513","",""
"traits","","32940","http://purl.org/dc/terms/source","references","","47513","",""
"traits","","32941","http://purl.org/dc/terms/source","references","","47513","",""
"traits","","32942","http://purl.org/dc/terms/source","references","","47513","",""
"traits","","32943","http://purl.org/dc/terms/source","references","","47513","",""
"traits","","32944","http://purl.org/dc/terms/source","references","","47513","",""
"traits","","32945","http://purl.org/dc/terms/source","references","","47513","",""
"traits","","32946","http://purl.org/dc/terms/source","references","","47513","",""
"traits","","32947","http://purl.org/dc/terms/source","references","","47513","",""
"traits","","32948","http://purl.org/dc/terms/source","references","","47513","",""
"traits","","32949","http://purl.org/dc/terms/source","references","","47513","",""
"traits","","32950","http://purl.org/dc/terms/source","references","","47513","",""
"traits","","32951","http://purl.org/dc/terms/source","references","","47513","",""
"traits","","32952","http://purl.org/dc/terms/source","references","","47513","",""
"traits","","32953","http://purl.org/dc/terms/source","references","","47513","",""
"traits","","32954","http://purl.org/dc/terms/source","references","","47513","",""
"traits","","32955","http://purl.org/dc/terms/source","references","","47513","",""
"traits","","32956","http://purl.org/dc/terms/source","references","","47513","",""
"traits","","32957","http://purl.org/dc/terms/source","references","","47513","",""
"traits","","32958","http://purl.org/dc/terms/source","references","","47513","",""
"traits","","32959","http://purl.org/dc/terms/source","references","","47513","",""
"traits","","32960","http://purl.org/dc/terms/source","references","","47513","",""
"traits","","32961","http://purl.org/dc/terms/source","references","","47513","",""
"traits","","32962","http://purl.org/dc/terms/source","references","","47513","",""
"traits","","32963","http://purl.org/dc/terms/source","references","","47513","",""
"traits","","32964","http://purl.org/dc/terms/source","references","","47513","",""
"traits","","32965","http://purl.org/dc/terms/source","references","","47513","",""
"traits","","32966","http://purl.org/dc/terms/source","references","","47513","",""
"traits","","32967","http://purl.org/dc/terms/source","references","","47513","",""
"traits","","32968","http://purl.org/dc/terms/source","references","","47513","",""
"traits","","32969","http://purl.org/dc/terms/source","references","","47513","",""
"traits","","32970","http://purl.org/dc/terms/source","references","","47513","",""
"traits","","32971","http://purl.org/dc/terms/source","references","","47513","",""
"traits","","32972","http://purl.org/dc/terms/source","references","","47513","",""
"traits","","32973","http://purl.org/dc/terms/source","references","","47513","",""
"traits","","32974","http://purl.org/dc/terms/source","references","","47513","",""
"traits","","32975","http://purl.org/dc/terms/source","references","","47513","",""
"traits","","32976","http://purl.org/dc/terms/source","references","","47513","",""
"traits","","32977","http://purl.org/dc/terms/source","references","","47513","",""
"traits","","32978","http://purl.org/dc/terms/source","references","","47513","",""
"traits","","32979","http://purl.org/dc/terms/source","references","","47513","",""
"traits","","32980","http://purl.org/dc/terms/source","references","","47513","",""
"traits","","32981","http://purl.org/dc/terms/source","references","","47513","",""
"traits","","32982","http://purl.org/dc/terms/source","references","","47513","",""
"traits","","32983","http://purl.org/dc/terms/source","references","","47513","",""
"traits","","32984","http://purl.org/dc/terms/source","references","","47513","",""
"traits","","32985","http://purl.org/dc/terms/source","references","","47513","",""
"traits","","32986","http://purl.org/dc/terms/source","references","","47513","",""
"traits","","32987","http://purl.org/dc/terms/source","references","","47513","",""
"traits","","32988","http://purl.org/dc/terms/source","references","","47513","",""
"traits","","32989","http://purl.org/dc/terms/source","references","","47513","",""
"traits","","32990","http://purl.org/dc/terms/source","references","","47513","",""
"traits","","32991","http://purl.org/dc/terms/source","references","","47513","",""
"traits","","32992","http://purl.org/dc/terms/source","references","","47513","",""
"traits","","32993","http://purl.org/dc/terms/source","references","","47513","",""
"traits","","32994","http://purl.org/dc/terms/source","references","","47513","",""
"traits","","32995","http://purl.org/dc/terms/source","references","","47513","",""
"traits","","32996","http://purl.org/dc/terms/source","references","","47513","",""
"traits","","32997","http://purl.org/dc/terms/source","references","","47513","",""
"traits","","32998","http://purl.org/dc/terms/source","references","","47513","",""
"traits","","32999","http://purl.org/dc/terms/source","references","","47513","",""
"traits","","33000","http://purl.org/dc/terms/source","references","","47513","",""
"traits","","33001","http://purl.org/dc/terms/source","references","","13789","",""
"traits","","33002","http://purl.org/dc/terms/source","references","","13789","",""
"traits","","33003","http://purl.org/dc/terms/source","references","","13789","",""
"traits","","33004","http://purl.org/dc/terms/source","references","","13789","",""
"traits","","33005","http://purl.org/dc/terms/source","references","","13789","",""
"traits","","33006","http://purl.org/dc/terms/source","references","","17157","",""
"traits","","33007","http://purl.org/dc/terms/source","references","","17157","",""
"traits","","33008","http://purl.org/dc/terms/source","references","","17157","",""
"traits","","33009","http://purl.org/dc/terms/source","references","","17157","",""
"traits","","33010","http://purl.org/dc/terms/source","references","","17157","",""
"traits","","33011","http://purl.org/dc/terms/source","references","","17157","",""
"traits","","33012","http://purl.org/dc/terms/source","references","","17157","",""
"traits","","33013","http://purl.org/dc/terms/source","references","","17157","",""
"traits","","33014","http://purl.org/dc/terms/source","references","","17157","",""
"traits","","33015","http://purl.org/dc/terms/source","references","","17157","",""
"traits","","33016","http://purl.org/dc/terms/source","references","","17157","",""
"traits","","33017","http://purl.org/dc/terms/source","references","","17157","",""
"traits","","33018","http://purl.org/dc/terms/source","references","","17157","",""
"traits","","33019","http://purl.org/dc/terms/source","references","","17157","",""
"traits","","33020","http://purl.org/dc/terms/source","references","","17157","",""
"traits","","33021","http://purl.org/dc/terms/source","references","","17157","",""
"traits","","33023","http://purl.org/dc/terms/source","references","","17157","",""
"traits","","33024","http://purl.org/dc/terms/source","references","","17157","",""
"traits","","33025","http://purl.org/dc/terms/source","references","","17157","",""
"traits","","33026","http://purl.org/dc/terms/source","references","","17157","",""
"traits","","33027","http://purl.org/dc/terms/source","references","","17157","",""
"traits","","33035","http://purl.org/dc/terms/source","references","","17157","",""
"traits","","33036","http://purl.org/dc/terms/source","references","","17157","",""
"traits","","33037","http://purl.org/dc/terms/source","references","","17157","",""
"traits","","33038","http://purl.org/dc/terms/source","references","","17157","",""
"traits","","33039","http://purl.org/dc/terms/source","references","","17157","",""
"traits","","33042","http://purl.org/dc/terms/source","references","","17157","",""
"traits","","33043","http://purl.org/dc/terms/source","references","","17157","",""
"traits","","33044","http://purl.org/dc/terms/source","references","","17157","",""
"traits","","33045","http://purl.org/dc/terms/source","references","","17157","",""
"traits","","33047","http://purl.org/dc/terms/source","references","","17157","",""
"traits","","33048","http://purl.org/dc/terms/source","references","","17157","",""
"traits","","33049","http://purl.org/dc/terms/source","references","","17157","",""
"traits","","33050","http://purl.org/dc/terms/source","references","","17157","",""
"traits","","33051","http://purl.org/dc/terms/source","references","","17157","",""
"traits","","33055","http://purl.org/dc/terms/source","references","","17157","",""
"traits","","33056","http://purl.org/dc/terms/source","references","","17157","",""
"traits","","33057","http://purl.org/dc/terms/source","references","","17157","",""
"traits","","33058","http://purl.org/dc/terms/source","references","","17157","",""
"traits","","33059","http://purl.org/dc/terms/source","references","","17157","",""
"traits","","33060","http://purl.org/dc/terms/source","references","","17157","",""
"traits","","33061","http://purl.org/dc/terms/source","references","","17157","",""
"traits","","33062","http://purl.org/dc/terms/source","references","","17157","",""
"traits","","33063","http://purl.org/dc/terms/source","references","","17157","",""
"traits","","33064","http://purl.org/dc/terms/source","references","","17157","",""
"traits","","33065","http://purl.org/dc/terms/source","references","","17157","",""
"traits","","33069","http://purl.org/dc/terms/source","references","","17157","",""
"traits","","33070","http://purl.org/dc/terms/source","references","","17157","",""
"traits","","33071","http://purl.org/dc/terms/source","references","","17157","",""
"traits","","33072","http://purl.org/dc/terms/source","references","","17157","",""
"traits","","33073","http://purl.org/dc/terms/source","references","","17157","",""
"traits","","33074","http://purl.org/dc/terms/source","references","","17157","",""
"traits","","33075","http://purl.org/dc/terms/source","references","","17157","",""
"traits","","33076","http://purl.org/dc/terms/source","references","","17157","",""
"traits","","33077","http://purl.org/dc/terms/source","references","","17157","",""
"traits","","33078","http://purl.org/dc/terms/source","references","","17157","",""
"traits","","33079","http://purl.org/dc/terms/source","references","","13789","",""
"traits","","33080","http://purl.org/dc/terms/source","references","","13789","",""
"traits","","33081","http://purl.org/dc/terms/source","references","","13789","",""
"traits","","33082","http://purl.org/dc/terms/source","references","","13789","",""
"traits","","33083","http://purl.org/dc/terms/source","references","","13789","",""
"traits","","33084","http://purl.org/dc/terms/source","references","","15183","",""
"traits","","33085","http://purl.org/dc/terms/source","references","","15183","",""
"traits","","33086","http://purl.org/dc/terms/source","references","","15183","",""
"traits","","33087","http://purl.org/dc/terms/source","references","","15183","",""
"traits","","33088","http://purl.org/dc/terms/source","references","","15183","",""
"traits","","33089","http://purl.org/dc/terms/source","references","","15183","",""
"traits","","33090","http://purl.org/dc/terms/source","references","","15183","",""
"traits","","33091","http://purl.org/dc/terms/source","references","","15183","",""
"traits","","33092","http://purl.org/dc/terms/source","references","","15183","",""
"traits","","33093","http://purl.org/dc/terms/source","references","","15183","",""
"traits","","33094","http://purl.org/dc/terms/source","references","","15183","",""
"traits","","33095","http://purl.org/dc/terms/source","references","","15183","",""
"traits","","33096","http://purl.org/dc/terms/source","references","","15183","",""
"traits","","33097","http://purl.org/dc/terms/source","references","","15183","",""
"traits","","33098","http://purl.org/dc/terms/source","references","","15183","",""
"traits","","33099","http://purl.org/dc/terms/source","references","","15183","",""
"traits","","33100","http://purl.org/dc/terms/source","references","","15183","",""
"traits","","33101","http://purl.org/dc/terms/source","references","","47580","",""
"traits","","33102","http://purl.org/dc/terms/source","references","","47580","",""
"traits","","33103","http://purl.org/dc/terms/source","references","","47580","",""
"traits","","33104","http://purl.org/dc/terms/source","references","","47580","",""
"traits","","33105","http://purl.org/dc/terms/source","references","","47580","",""
"traits","","33106","http://purl.org/dc/terms/source","references","","47580","",""
"traits","","33107","http://purl.org/dc/terms/source","references","","47580","",""
"traits","","33108","http://purl.org/dc/terms/source","references","","47580","",""
"traits","","33109","http://purl.org/dc/terms/source","references","","47338","",""
"traits","","33110","http://purl.org/dc/terms/source","references","","47338","",""
"traits","","33111","http://purl.org/dc/terms/source","references","","47338","",""
"traits","","33112","http://purl.org/dc/terms/source","references","","47338","",""
"traits","","33113","http://purl.org/dc/terms/source","references","","47338","",""
"traits","","33114","http://purl.org/dc/terms/source","references","","47338","",""
"traits","","33115","http://purl.org/dc/terms/source","references","","47338","",""
"traits","","33116","http://purl.org/dc/terms/source","references","","47338","",""
"traits","","33117","http://purl.org/dc/terms/source","references","","47338","",""
"traits","","33118","http://purl.org/dc/terms/source","references","","47338","",""
"traits","","33119","http://purl.org/dc/terms/source","references","","47338","",""
"traits","","33120","http://purl.org/dc/terms/source","references","","47338","",""
"traits","","33121","http://purl.org/dc/terms/source","references","","47338","",""
"traits","","33122","http://purl.org/dc/terms/source","references","","47338","",""
"traits","","33123","http://purl.org/dc/terms/source","references","","47340","",""
"traits","","33124","http://purl.org/dc/terms/source","references","","47340","",""
"traits","","33125","http://purl.org/dc/terms/source","references","","47340","",""
"traits","","33126","http://purl.org/dc/terms/source","references","","47340","",""
"traits","","33127","http://purl.org/dc/terms/source","references","","47340","",""
"traits","","33128","http://purl.org/dc/terms/source","references","","47340","",""
"traits","","33129","http://purl.org/dc/terms/source","references","","47340","",""
"traits","","33130","http://purl.org/dc/terms/source","references","","47297","",""
"traits","","33131","http://purl.org/dc/terms/source","references","","47297","",""
"traits","","33132","http://purl.org/dc/terms/source","references","","47297","",""
"traits","","33134","http://purl.org/dc/terms/source","references","","47291","",""
"traits","","33135","http://purl.org/dc/terms/source","references","","47291","",""
"traits","","33136","http://purl.org/dc/terms/source","references","","47291","",""
"traits","","33137","http://purl.org/dc/terms/source","references","","47291","",""
"traits","","33138","http://purl.org/dc/terms/source","references","","47291","",""
"traits","","33139","http://purl.org/dc/terms/source","references","","47291","",""
"traits","","33140","http://purl.org/dc/terms/source","references","","47291","",""
"traits","","33141","http://purl.org/dc/terms/source","references","","47291","",""
"traits","","33142","http://purl.org/dc/terms/source","references","","16466","",""
"traits","","33143","http://purl.org/dc/terms/source","references","","16466","",""
"traits","","33144","http://purl.org/dc/terms/source","references","","16466","",""
"traits","","33145","http://purl.org/dc/terms/source","references","","16648","",""
"traits","","33146","http://purl.org/dc/terms/source","references","","16648","",""
"traits","","33147","http://purl.org/dc/terms/source","references","","16648","",""
"traits","","33148","http://purl.org/dc/terms/source","references","","16648","",""
"traits","","33149","http://purl.org/dc/terms/source","references","","16648","",""
"traits","","33150","http://purl.org/dc/terms/source","references","","16648","",""
"traits","","33151","http://purl.org/dc/terms/source","references","","16648","",""
"traits","","33152","http://purl.org/dc/terms/source","references","","16648","",""
"traits","","33153","http://purl.org/dc/terms/source","references","","16648","",""
"traits","","33154","http://purl.org/dc/terms/source","references","","16648","",""
"traits","","33155","http://purl.org/dc/terms/source","references","","16648","",""
"traits","","33156","http://purl.org/dc/terms/source","references","","16648","",""
"traits","","33157","http://purl.org/dc/terms/source","references","","16648","",""
"traits","","33158","http://purl.org/dc/terms/source","references","","16648","",""
"traits","","33159","http://purl.org/dc/terms/source","references","","16410","",""
"traits","","33160","http://purl.org/dc/terms/source","references","","16410","",""
"traits","","33161","http://purl.org/dc/terms/source","references","","16410","",""
"traits","","33162","http://purl.org/dc/terms/source","references","","16410","",""
"traits","","33163","http://purl.org/dc/terms/source","references","","16410","",""
"traits","","33164","http://purl.org/dc/terms/source","references","","16410","",""
"traits","","33165","http://purl.org/dc/terms/source","references","","16410","",""
"traits","","33166","http://purl.org/dc/terms/source","references","","16410","",""
"traits","","33167","http://purl.org/dc/terms/source","references","","16410","",""
"traits","","33168","http://purl.org/dc/terms/source","references","","16410","",""
"traits","","33169","http://purl.org/dc/terms/source","references","","47619","",""
"traits","","33170","http://purl.org/dc/terms/source","references","","16746","",""
"traits","","33173","http://purl.org/dc/terms/source","references","","17157","",""
"traits","","33174","http://purl.org/dc/terms/source","references","","17157","",""
"traits","","33175","http://purl.org/dc/terms/source","references","","17157","",""
"traits","","33176","http://purl.org/dc/terms/source","references","","17157","",""
"traits","","33177","http://purl.org/dc/terms/source","references","","17157","",""
"traits","","33178","http://purl.org/dc/terms/source","references","","17157","",""
"traits","","33179","http://purl.org/dc/terms/source","references","","17157","",""
"traits","","33180","http://purl.org/dc/terms/source","references","","17157","",""
"traits","","33181","http://purl.org/dc/terms/source","references","","17157","",""
"traits","","33185","http://purl.org/dc/terms/source","references","","17157","",""
"traits","","33186","http://purl.org/dc/terms/source","references","","17157","",""
"traits","","33187","http://purl.org/dc/terms/source","references","","17157","",""
"traits","","33188","http://purl.org/dc/terms/source","references","","17157","",""
"traits","","33189","http://purl.org/dc/terms/source","references","","17157","",""
"traits","","33190","http://purl.org/dc/terms/source","references","","17157","",""
"traits","","33191","http://purl.org/dc/terms/source","references","","17157","",""
"traits","","33192","http://purl.org/dc/terms/source","references","","17157","",""
"traits","","33193","http://purl.org/dc/terms/source","references","","17157","",""
"traits","","33196","http://purl.org/dc/terms/source","references","","17157","",""
"traits","","33197","http://purl.org/dc/terms/source","references","","17157","",""
"traits","","33198","http://purl.org/dc/terms/source","references","","17157","",""
"traits","","33199","http://purl.org/dc/terms/source","references","","17157","",""
"traits","","33201","http://purl.org/dc/terms/source","references","","17157","",""
"traits","","33202","http://purl.org/dc/terms/source","references","","17157","",""
"traits","","33203","http://purl.org/dc/terms/source","references","","17157","",""
"traits","","33242","http://purl.org/dc/terms/source","references","","17157","",""
"traits","","33243","http://purl.org/dc/terms/source","references","","17157","",""
"traits","","33244","http://purl.org/dc/terms/source","references","","17157","",""
"traits","","33245","http://purl.org/dc/terms/source","references","","17157","",""
"traits","","33246","http://purl.org/dc/terms/source","references","","17157","",""
"traits","","33247","http://purl.org/dc/terms/source","references","","17157","",""
"traits","","33248","http://purl.org/dc/terms/source","references","","17157","",""
"traits","","33249","http://purl.org/dc/terms/source","references","","17157","",""
"traits","","33250","http://purl.org/dc/terms/source","references","","17157","",""
"traits","","33251","http://purl.org/dc/terms/source","references","","17157","",""
"traits","","33252","http://purl.org/dc/terms/source","references","","17157","",""
"traits","","33253","http://purl.org/dc/terms/source","references","","17157","",""
"traits","","33254","http://purl.org/dc/terms/source","references","","17157","",""
"traits","","33255","http://purl.org/dc/terms/source","references","","17157","",""
"traits","","33256","http://purl.org/dc/terms/source","references","","17157","",""
"traits","","33257","http://purl.org/dc/terms/source","references","","17157","",""
"traits","","33258","http://purl.org/dc/terms/source","references","","17157","",""
"traits","","33259","http://purl.org/dc/terms/source","references","","17157","",""
"traits","","33260","http://purl.org/dc/terms/source","references","","17157","",""
"traits","","33261","http://purl.org/dc/terms/source","references","","17157","",""
"traits","","33262","http://purl.org/dc/terms/source","references","","17157","",""
"traits","","33263","http://purl.org/dc/terms/source","references","","17157","",""
"traits","","33264","http://purl.org/dc/terms/source","references","","17157","",""
"traits","","33265","http://purl.org/dc/terms/source","references","","17157","",""
"traits","","33266","http://purl.org/dc/terms/source","references","","17157","",""
"traits","","33267","http://purl.org/dc/terms/source","references","","17157","",""
"traits","","33268","http://purl.org/dc/terms/source","references","","17157","",""
"traits","","33269","http://purl.org/dc/terms/source","references","","17157","",""
"traits","","33270","http://purl.org/dc/terms/source","references","","17157","",""
"traits","","33271","http://purl.org/dc/terms/source","references","","17157","",""
"traits","","33272","http://purl.org/dc/terms/source","references","","17157","",""
"traits","","33273","http://purl.org/dc/terms/source","references","","17157","",""
"traits","","33274","http://purl.org/dc/terms/source","references","","17157","",""
"traits","","33275","http://purl.org/dc/terms/source","references","","17157","",""
"traits","","33276","http://purl.org/dc/terms/source","references","","17157","",""
"traits","","33277","http://purl.org/dc/terms/source","references","","17157","",""
"traits","","33278","http://purl.org/dc/terms/source","references","","17157","",""
"traits","","33279","http://purl.org/dc/terms/source","references","","17157","",""
"traits","","33280","http://purl.org/dc/terms/source","references","","17157","",""
"traits","","33281","http://purl.org/dc/terms/source","references","","17157","",""
"traits","","33282","http://purl.org/dc/terms/source","references","","17157","",""
"traits","","33283","http://purl.org/dc/terms/source","references","","17157","",""
"traits","","33284","http://purl.org/dc/terms/source","references","","17157","",""
"traits","","33285","http://purl.org/dc/terms/source","references","","17157","",""
"traits","","33286","http://purl.org/dc/terms/source","references","","17157","",""
"traits","","33287","http://purl.org/dc/terms/source","references","","17157","",""
"traits","","33288","http://purl.org/dc/terms/source","references","","17157","",""
"traits","","33289","http://purl.org/dc/terms/source","references","","17157","",""
"traits","","33290","http://purl.org/dc/terms/source","references","","17157","",""
"traits","","33291","http://purl.org/dc/terms/source","references","","17157","",""
"traits","","33292","http://purl.org/dc/terms/source","references","","17157","",""
"traits","","33293","http://purl.org/dc/terms/source","references","","17157","",""
"traits","","33294","http://purl.org/dc/terms/source","references","","17157","",""
"traits","","33295","http://purl.org/dc/terms/source","references","","17157","",""
"traits","","33296","http://purl.org/dc/terms/source","references","","17157","",""
"traits","","33297","http://purl.org/dc/terms/source","references","","17157","",""
"traits","","33298","http://purl.org/dc/terms/source","references","","17157","",""
"traits","","33299","http://purl.org/dc/terms/source","references","","17157","",""
"traits","","33300","http://purl.org/dc/terms/source","references","","17157","",""
"traits","","33301","http://purl.org/dc/terms/source","references","","17157","",""
"traits","","33302","http://purl.org/dc/terms/source","references","","17157","",""
"traits","","33303","http://purl.org/dc/terms/source","references","","17157","",""
"traits","","33304","http://purl.org/dc/terms/source","references","","17157","",""
"traits","","33305","http://purl.org/dc/terms/source","references","","17157","",""
"traits","","33306","http://purl.org/dc/terms/source","references","","17157","",""
"traits","","33307","http://purl.org/dc/terms/source","references","","17157","",""
"traits","","33308","http://purl.org/dc/terms/source","references","","17157","",""
"traits","","33309","http://purl.org/dc/terms/source","references","","17157","",""
"traits","","33310","http://purl.org/dc/terms/source","references","","17157","",""
"traits","","33311","http://purl.org/dc/terms/source","references","","17157","",""
"traits","","33312","http://purl.org/dc/terms/source","references","","17157","",""
"traits","","33313","http://purl.org/dc/terms/source","references","","17157","",""
"traits","","33314","http://purl.org/dc/terms/source","references","","17157","",""
"traits","","33315","http://purl.org/dc/terms/source","references","","17157","",""
"traits","","33316","http://purl.org/dc/terms/source","references","","17157","",""
"traits","","33317","http://purl.org/dc/terms/source","references","","17157","",""
"traits","","33318","http://purl.org/dc/terms/source","references","","17157","",""
"traits","","33319","http://purl.org/dc/terms/source","references","","17157","",""
"traits","","33320","http://purl.org/dc/terms/source","references","","17157","",""
"traits","","33321","http://purl.org/dc/terms/source","references","","17157","",""
"traits","","33322","http://purl.org/dc/terms/source","references","","17157","",""
"traits","","33323","http://purl.org/dc/terms/source","references","","17157","",""
"traits","","33324","http://purl.org/dc/terms/source","references","","17157","",""
"traits","","33325","http://purl.org/dc/terms/source","references","","17157","",""
"traits","","33326","http://purl.org/dc/terms/source","references","","17157","",""
"traits","","33327","http://purl.org/dc/terms/source","references","","17157","",""
"traits","","33328","http://purl.org/dc/terms/source","references","","17157","",""
"traits","","33329","http://purl.org/dc/terms/source","references","","17157","",""
"traits","","33330","http://purl.org/dc/terms/source","references","","17157","",""
"traits","","33331","http://purl.org/dc/terms/source","references","","17157","",""
"traits","","33332","http://purl.org/dc/terms/source","references","","17157","",""
"traits","","33333","http://purl.org/dc/terms/source","references","","17157","",""
"traits","","33334","http://purl.org/dc/terms/source","references","","17157","",""
"traits","","33335","http://purl.org/dc/terms/source","references","","17157","",""
"traits","","33336","http://purl.org/dc/terms/source","references","","17157","",""
"traits","","33337","http://purl.org/dc/terms/source","references","","17157","",""
"traits","","33338","http://purl.org/dc/terms/source","references","","17157","",""
"traits","","33339","http://purl.org/dc/terms/source","references","","17157","",""
"traits","","33340","http://purl.org/dc/terms/source","references","","17157","",""
"traits","","33341","http://purl.org/dc/terms/source","references","","17157","",""
"traits","","33342","http://purl.org/dc/terms/source","references","","17157","",""
"traits","","33343","http://purl.org/dc/terms/source","references","","17157","",""
"traits","","33344","http://purl.org/dc/terms/source","references","","17157","",""
"traits","","33345","http://purl.org/dc/terms/source","references","","17157","",""
"traits","","33346","http://purl.org/dc/terms/source","references","","17157","",""
"traits","","33347","http://purl.org/dc/terms/source","references","","17157","",""
"traits","","33348","http://purl.org/dc/terms/source","references","","17157","",""
"traits","","33349","http://purl.org/dc/terms/source","references","","17157","",""
"traits","","33570","http://purl.org/dc/terms/source","references","","17157","",""
"traits","","33571","http://purl.org/dc/terms/source","references","","17157","",""
"traits","","33572","http://purl.org/dc/terms/source","references","","17157","",""
"traits","","33573","http://purl.org/dc/terms/source","references","","17157","",""
"traits","","33574","http://purl.org/dc/terms/source","references","","47648","",""
"traits","","33575","http://purl.org/dc/terms/source","references","","47648","",""
"traits","","33576","http://purl.org/dc/terms/source","references","","47648","",""
"traits","","33578","http://purl.org/dc/terms/source","references","","47648","",""
"traits","","33585","http://purl.org/dc/terms/source","references","","47399","",""
"traits","","33586","http://purl.org/dc/terms/source","references","","47399","",""
"traits","","33591","http://purl.org/dc/terms/source","references","","47399","",""
"traits","","33593","http://purl.org/dc/terms/source","references","","47399","",""
"traits","","33594","http://purl.org/dc/terms/source","references","","47399","",""
"traits","","33595","http://purl.org/dc/terms/source","references","","47399","",""
"traits","","33596","http://purl.org/dc/terms/source","references","","47399","",""
"traits","","33597","http://purl.org/dc/terms/source","references","","47399","",""
"traits","","33598","http://purl.org/dc/terms/source","references","","47399","",""
"traits","","33599","http://purl.org/dc/terms/source","references","","47399","",""
"traits","","33600","http://purl.org/dc/terms/source","references","","47399","",""
"traits","","33601","http://purl.org/dc/terms/source","references","","47399","",""
"traits","","33602","http://purl.org/dc/terms/source","references","","47399","",""
"traits","","33603","http://purl.org/dc/terms/source","references","","47399","",""
"traits","","33604","http://purl.org/dc/terms/source","references","","47399","",""
"traits","","33605","http://purl.org/dc/terms/source","references","","17157","",""
"traits","","33606","http://purl.org/dc/terms/source","references","","17157","",""
"traits","","33607","http://purl.org/dc/terms/source","references","","17157","",""
"traits","","33608","http://purl.org/dc/terms/source","references","","17157","",""
"traits","","33609","http://purl.org/dc/terms/source","references","","17157","",""
"traits","","33610","http://purl.org/dc/terms/source","references","","17157","",""
"traits","","33611","http://purl.org/dc/terms/source","references","","17157","",""
"traits","","33612","http://purl.org/dc/terms/source","references","","17157","",""
"traits","","33613","http://purl.org/dc/terms/source","references","","17157","",""
"traits","","33614","http://purl.org/dc/terms/source","references","","17157","",""
"traits","","33615","http://purl.org/dc/terms/source","references","","17157","",""
"traits","","33616","http://purl.org/dc/terms/source","references","","17157","",""
"traits","","33617","http://purl.org/dc/terms/source","references","","17157","",""
"traits","","33618","http://purl.org/dc/terms/source","references","","17157","",""
"traits","","33619","http://purl.org/dc/terms/source","references","","17157","",""
"traits","","33620","http://purl.org/dc/terms/source","references","","17157","",""
"traits","","33621","http://purl.org/dc/terms/source","references","","17157","",""
"traits","","33622","http://purl.org/dc/terms/source","references","","17157","",""
"traits","","33623","http://purl.org/dc/terms/source","references","","17157","",""
"traits","","33624","http://purl.org/dc/terms/source","references","","17157","",""
"traits","","33625","http://purl.org/dc/terms/source","references","","17157","",""
"traits","","33626","http://purl.org/dc/terms/source","references","","17157","",""
"traits","","33627","http://purl.org/dc/terms/source","references","","17157","",""
"traits","","33628","http://purl.org/dc/terms/source","references","","17157","",""
"traits","","33629","http://purl.org/dc/terms/source","references","","17157","",""
"traits","","33630","http://purl.org/dc/terms/source","references","","17157","",""
"traits","","33631","http://purl.org/dc/terms/source","references","","17157","",""
"traits","","33632","http://purl.org/dc/terms/source","references","","17157","",""
"traits","","33633","http://purl.org/dc/terms/source","references","","17157","",""
"traits","","33634","http://purl.org/dc/terms/source","references","","17157","",""
"traits","","33635","http://purl.org/dc/terms/source","references","","17157","",""
"traits","","33636","http://purl.org/dc/terms/source","references","","17157","",""
"traits","","33637","http://purl.org/dc/terms/source","references","","17157","",""
"traits","","33638","http://purl.org/dc/terms/source","references","","17157","",""
"traits","","33639","http://purl.org/dc/terms/source","references","","17157","",""
"traits","","33640","http://purl.org/dc/terms/source","references","","17157","",""
"traits","","33641","http://purl.org/dc/terms/source","references","","17157","",""
"traits","","33642","http://purl.org/dc/terms/source","references","","17157","",""
"traits","","33643","http://purl.org/dc/terms/source","references","","17157","",""
"traits","","33644","http://purl.org/dc/terms/source","references","","17157","",""
"traits","","33645","http://purl.org/dc/terms/source","references","","17157","",""
"traits","","33646","http://purl.org/dc/terms/source","references","","17157","",""
"traits","","33647","http://purl.org/dc/terms/source","references","","17157","",""
"traits","","33648","http://purl.org/dc/terms/source","references","","17157","",""
"traits","","33649","http://purl.org/dc/terms/source","references","","17157","",""
"traits","","33650","http://purl.org/dc/terms/source","references","","17157","",""
"traits","","33651","http://purl.org/dc/terms/source","references","","16746","",""
"traits","","33652","http://purl.org/dc/terms/source","references","","16746","",""
"traits","","33653","http://purl.org/dc/terms/source","references","","16746","",""
"traits","","33655","http://purl.org/dc/terms/source","references","","13789","",""
"traits","","33656","http://purl.org/dc/terms/source","references","","13789","",""
"traits","","33657","http://purl.org/dc/terms/source","references","","13789","",""
"traits","","33658","http://purl.org/dc/terms/source","references","","13789","",""
"traits","","33659","http://purl.org/dc/terms/source","references","","13789","",""
"traits","","33660","http://purl.org/dc/terms/source","references","","17157","",""
"traits","","33661","http://purl.org/dc/terms/source","references","","17157","",""
"traits","","33662","http://purl.org/dc/terms/source","references","","17157","",""
"traits","","33663","http://purl.org/dc/terms/source","references","","17157","",""
"traits","","33664","http://purl.org/dc/terms/source","references","","17157","",""
"traits","","33665","http://purl.org/dc/terms/source","references","","17157","",""
"traits","","33666","http://purl.org/dc/terms/source","references","","17157","",""
"traits","","33667","http://purl.org/dc/terms/source","references","","17157","",""
"traits","","33668","http://purl.org/dc/terms/source","references","","17157","",""
"traits","","33669","http://purl.org/dc/terms/source","references","","17157","",""
"traits","","33670","http://purl.org/dc/terms/source","references","","17157","",""
"traits","","33671","http://purl.org/dc/terms/source","references","","17157","",""
"traits","","33672","http://purl.org/dc/terms/source","references","","17157","",""
"traits","","33673","http://purl.org/dc/terms/source","references","","17157","",""
"traits","","33674","http://purl.org/dc/terms/source","references","","17157","",""
"traits","","33675","http://purl.org/dc/terms/source","references","","17157","",""
"traits","","33676","http://purl.org/dc/terms/source","references","","17157","",""
"traits","","33677","http://purl.org/dc/terms/source","references","","17157","",""
"traits","","33678","http://purl.org/dc/terms/source","references","","17157","",""
"traits","","33679","http://purl.org/dc/terms/source","references","","17157","",""
"traits","","33680","http://purl.org/dc/terms/source","references","","17157","",""
"traits","","33681","http://purl.org/dc/terms/source","references","","17157","",""
"traits","","33682","http://purl.org/dc/terms/source","references","","17157","",""
"traits","","33683","http://purl.org/dc/terms/source","references","","17157","",""
"traits","","33684","http://purl.org/dc/terms/source","references","","17157","",""
"traits","","33685","http://purl.org/dc/terms/source","references","","17157","",""
"traits","","33686","http://purl.org/dc/terms/source","references","","17157","",""
"traits","","33687","http://purl.org/dc/terms/source","references","","17157","",""
"traits","","33694","http://purl.org/dc/terms/source","references","","17157","",""
"traits","","33695","http://purl.org/dc/terms/source","references","","17157","",""
"traits","","33696","http://purl.org/dc/terms/source","references","","17157","",""
"traits","","33697","http://purl.org/dc/terms/source","references","","17157","",""
"traits","","33698","http://purl.org/dc/terms/source","references","","17157","",""
"traits","","33699","http://purl.org/dc/terms/source","references","","17157","",""
"traits","","33700","http://purl.org/dc/terms/source","references","","17157","",""
"traits","","33701","http://purl.org/dc/terms/source","references","","17157","",""
"traits","","33702","http://purl.org/dc/terms/source","references","","17157","",""
"traits","","33703","http://purl.org/dc/terms/source","references","","17157","",""
"traits","","33704","http://purl.org/dc/terms/source","references","","17157","",""
"traits","","33705","http://purl.org/dc/terms/source","references","","17157","",""
"traits","","33706","http://purl.org/dc/terms/source","references","","17157","",""
"traits","","33707","http://purl.org/dc/terms/source","references","","17157","",""
"traits","","33708","http://purl.org/dc/terms/source","references","","17157","",""
"traits","","33709","http://purl.org/dc/terms/source","references","","17157","",""
"traits","","33710","http://purl.org/dc/terms/source","references","","17157","",""
"traits","","33711","http://purl.org/dc/terms/source","references","","17157","",""
"traits","","33712","http://purl.org/dc/terms/source","references","","17157","",""
"traits","","33713","http://purl.org/dc/terms/source","references","","17157","",""
"traits","","33714","http://purl.org/dc/terms/source","references","","17157","",""
"traits","","33715","http://purl.org/dc/terms/source","references","","17157","",""
"traits","","33716","http://purl.org/dc/terms/source","references","","17157","",""
"traits","","33717","http://purl.org/dc/terms/source","references","","17157","",""
"traits","","33718","http://purl.org/dc/terms/source","references","","17157","",""
"traits","","33719","http://purl.org/dc/terms/source","references","","17157","",""
"traits","","33720","http://purl.org/dc/terms/source","references","","17157","",""
"traits","","33721","http://purl.org/dc/terms/source","references","","17157","",""
"traits","","33722","http://purl.org/dc/terms/source","references","","17157","",""
"traits","","33723","http://purl.org/dc/terms/source","references","","17157","",""
"traits","","33724","http://purl.org/dc/terms/source","references","","17157","",""
"traits","","33725","http://purl.org/dc/terms/source","references","","17157","",""
"traits","","33726","http://purl.org/dc/terms/source","references","","17157","",""
"traits","","33727","http://purl.org/dc/terms/source","references","","17157","",""
"traits","","33728","http://purl.org/dc/terms/source","references","","17157","",""
"traits","","33729","http://purl.org/dc/terms/source","references","","17157","",""
"traits","","33730","http://purl.org/dc/terms/source","references","","17157","",""
"traits","","33731","http://purl.org/dc/terms/source","references","","17157","",""
"traits","","33732","http://purl.org/dc/terms/source","references","","17157","",""
"traits","","33733","http://purl.org/dc/terms/source","references","","17157","",""
"traits","","33734","http://purl.org/dc/terms/source","references","","17157","",""
"traits","","33735","http://purl.org/dc/terms/source","references","","17157","",""
"traits","","33736","http://purl.org/dc/terms/source","references","","17157","",""
"traits","","33737","http://purl.org/dc/terms/source","references","","17157","",""
"traits","","33738","http://purl.org/dc/terms/source","references","","17157","",""
"traits","","33739","http://purl.org/dc/terms/source","references","","17157","",""
"traits","","33740","http://purl.org/dc/terms/source","references","","17157","",""
"traits","","33741","http://purl.org/dc/terms/source","references","","17157","",""
"traits","","33742","http://purl.org/dc/terms/source","references","","17157","",""
"traits","","33743","http://purl.org/dc/terms/source","references","","17157","",""
"traits","","33744","http://purl.org/dc/terms/source","references","","17157","",""
"traits","","33745","http://purl.org/dc/terms/source","references","","17157","",""
"traits","","33746","http://purl.org/dc/terms/source","references","","17157","",""
"traits","","33747","http://purl.org/dc/terms/source","references","","17157","",""
"traits","","33748","http://purl.org/dc/terms/source","references","","17157","",""
"traits","","33749","http://purl.org/dc/terms/source","references","","17157","",""
"traits","","33750","http://purl.org/dc/terms/source","references","","17157","",""
"traits","","33751","http://purl.org/dc/terms/source","references","","17157","",""
"traits","","33752","http://purl.org/dc/terms/source","references","","17157","",""
"traits","","33753","http://purl.org/dc/terms/source","references","","17157","",""
"traits","","33754","http://purl.org/dc/terms/source","references","","17157","",""
"traits","","33755","http://purl.org/dc/terms/source","references","","17157","",""
"traits","","33756","http://purl.org/dc/terms/source","references","","17157","",""
"traits","","33757","http://purl.org/dc/terms/source","references","","17157","",""
"traits","","33758","http://purl.org/dc/terms/source","references","","17157","",""
"traits","","33759","http://purl.org/dc/terms/source","references","","17157","",""
"traits","","33760","http://purl.org/dc/terms/source","references","","17157","",""
"traits","","33761","http://purl.org/dc/terms/source","references","","17157","",""
"traits","","33762","http://purl.org/dc/terms/source","references","","17157","",""
"traits","","33763","http://purl.org/dc/terms/source","references","","17157","",""
"traits","","33764","http://purl.org/dc/terms/source","references","","17157","",""
"traits","","33765","http://purl.org/dc/terms/source","references","","17157","",""
"traits","","33766","http://purl.org/dc/terms/source","references","","17157","",""
"traits","","33767","http://purl.org/dc/terms/source","references","","17157","",""
"traits","","33768","http://purl.org/dc/terms/source","references","","17157","",""
"traits","","33769","http://purl.org/dc/terms/source","references","","17157","",""
"traits","","33770","http://purl.org/dc/terms/source","references","","17157","",""
"traits","","33771","http://purl.org/dc/terms/source","references","","17157","",""
"traits","","33772","http://purl.org/dc/terms/source","references","","17157","",""
"traits","","33773","http://purl.org/dc/terms/source","references","","17157","",""
"traits","","33774","http://purl.org/dc/terms/source","references","","17157","",""
"traits","","33775","http://purl.org/dc/terms/source","references","","17157","",""
"traits","","33776","http://purl.org/dc/terms/source","references","","17157","",""
"traits","","33778","http://purl.org/dc/terms/source","references","","17157","",""
"traits","","33779","http://purl.org/dc/terms/source","references","","17157","",""
"traits","","33780","http://purl.org/dc/terms/source","references","","17157","",""
"traits","","33781","http://purl.org/dc/terms/source","references","","17157","",""
"traits","","33782","http://purl.org/dc/terms/source","references","","17157","",""
"traits","","33783","http://purl.org/dc/terms/source","references","","17157","",""
"traits","","33784","http://purl.org/dc/terms/source","references","","17157","",""
"traits","","33785","http://purl.org/dc/terms/source","references","","17157","",""
"traits","","33786","http://purl.org/dc/terms/source","references","","17157","",""
"traits","","33787","http://purl.org/dc/terms/source","references","","17157","",""
"traits","","33788","http://purl.org/dc/terms/source","references","","17157","",""
"traits","","33789","http://purl.org/dc/terms/source","references","","17157","",""
"traits","","33790","http://purl.org/dc/terms/source","references","","17157","",""
"traits","","33791","http://purl.org/dc/terms/source","references","","17157","",""
"traits","","33792","http://purl.org/dc/terms/source","references","","17157","",""
"traits","","33793","http://purl.org/dc/terms/source","references","","17157","",""
"traits","","33794","http://purl.org/dc/terms/source","references","","17157","",""
"traits","","33795","http://purl.org/dc/terms/source","references","","17157","",""
"traits","","33796","http://purl.org/dc/terms/source","references","","17157","",""
"traits","","33797","http://purl.org/dc/terms/source","references","","17157","",""
"traits","","33798","http://purl.org/dc/terms/source","references","","17157","",""
"traits","","33799","http://purl.org/dc/terms/source","references","","17157","",""
"traits","","33800","http://purl.org/dc/terms/source","references","","17157","",""
"traits","","33801","http://purl.org/dc/terms/source","references","","17157","",""
"traits","","33802","http://purl.org/dc/terms/source","references","","47399","",""
"traits","","33803","http://purl.org/dc/terms/source","references","","47399","",""
"traits","","33804","http://purl.org/dc/terms/source","references","","47399","",""
"traits","","33805","http://purl.org/dc/terms/source","references","","17157","",""
"traits","","33806","http://purl.org/dc/terms/source","references","","17157","",""
"traits","","33807","http://purl.org/dc/terms/source","references","","17157","",""
"traits","","33808","http://purl.org/dc/terms/source","references","","17157","",""
"traits","","33809","http://purl.org/dc/terms/source","references","","17157","",""
"traits","","33810","http://purl.org/dc/terms/source","references","","17157","",""
"traits","","33811","http://purl.org/dc/terms/source","references","","17157","",""
"traits","","33812","http://purl.org/dc/terms/source","references","","17157","",""
"traits","","33813","http://purl.org/dc/terms/source","references","","17157","",""
"traits","","33814","http://purl.org/dc/terms/source","references","","17157","",""
"traits","","33815","http://purl.org/dc/terms/source","references","","17157","",""
"traits","","33816","http://purl.org/dc/terms/source","references","","17157","",""
"traits","","33817","http://purl.org/dc/terms/source","references","","17157","",""
"traits","","33818","http://purl.org/dc/terms/source","references","","17157","",""
"traits","","33819","http://purl.org/dc/terms/source","references","","17157","",""
"traits","","33820","http://purl.org/dc/terms/source","references","","17157","",""
"traits","","33821","http://purl.org/dc/terms/source","references","","17157","",""
"traits","","33822","http://purl.org/dc/terms/source","references","","17157","",""
"traits","","33823","http://purl.org/dc/terms/source","references","","17157","",""
"traits","","33824","http://purl.org/dc/terms/source","references","","17157","",""
"traits","","33825","http://purl.org/dc/terms/source","references","","17157","",""
"traits","","33826","http://purl.org/dc/terms/source","references","","17157","",""
"traits","","33827","http://purl.org/dc/terms/source","references","","17157","",""
"traits","","33828","http://purl.org/dc/terms/source","references","","17157","",""
"traits","","33829","http://purl.org/dc/terms/source","references","","17157","",""
"traits","","33830","http://purl.org/dc/terms/source","references","","17157","",""
"traits","","33831","http://purl.org/dc/terms/source","references","","17157","",""
"traits","","33832","http://purl.org/dc/terms/source","references","","17157","",""
"traits","","33834","http://purl.org/dc/terms/source","references","","17157","",""
"traits","","33835","http://purl.org/dc/terms/source","references","","17157","",""
"traits","","33836","http://purl.org/dc/terms/source","references","","17157","",""
"traits","","33837","http://purl.org/dc/terms/source","references","","17157","",""
"traits","","33839","http://purl.org/dc/terms/source","references","","17157","",""
"traits","","33840","http://purl.org/dc/terms/source","references","","17157","",""
"traits","","33841","http://purl.org/dc/terms/source","references","","17157","",""
"traits","","33842","http://purl.org/dc/terms/source","references","","17157","",""
"traits","","33843","http://purl.org/dc/terms/source","references","","17157","",""
"traits","","33844","http://purl.org/dc/terms/source","references","","17157","",""
"traits","","33845","http://purl.org/dc/terms/source","references","","17157","",""
"traits","","33846","http://purl.org/dc/terms/source","references","","17157","",""
"traits","","33847","http://purl.org/dc/terms/source","references","","17157","",""
"traits","","33848","http://purl.org/dc/terms/source","references","","17157","",""
"traits","","33849","http://purl.org/dc/terms/source","references","","17157","",""
"traits","","33850","http://purl.org/dc/terms/source","references","","17157","",""
"traits","","33851","http://purl.org/dc/terms/source","references","","17157","",""
"traits","","33852","http://purl.org/dc/terms/source","references","","17157","",""
"traits","","33853","http://purl.org/dc/terms/source","references","","17157","",""
"traits","","33854","http://purl.org/dc/terms/source","references","","17157","",""
"traits","","33855","http://purl.org/dc/terms/source","references","","17157","",""
"traits","","33856","http://purl.org/dc/terms/source","references","","17157","",""
"traits","","33857","http://purl.org/dc/terms/source","references","","17157","",""
"traits","","33858","http://purl.org/dc/terms/source","references","","17157","",""
"traits","","33859","http://purl.org/dc/terms/source","references","","17157","",""
"traits","","33860","http://purl.org/dc/terms/source","references","","17157","",""
"traits","","33861","http://purl.org/dc/terms/source","references","","17157","",""
"traits","","33862","http://purl.org/dc/terms/source","references","","17157","",""
"traits","","33863","http://purl.org/dc/terms/source","references","","17157","",""
"traits","","33864","http://purl.org/dc/terms/source","references","","17157","",""
"traits","","33865","http://purl.org/dc/terms/source","references","","17157","",""
"traits","","33866","http://purl.org/dc/terms/source","references","","17157","",""
"traits","","33867","http://purl.org/dc/terms/source","references","","17157","",""
"traits","","33868","http://purl.org/dc/terms/source","references","","17157","",""
"traits","","33869","http://purl.org/dc/terms/source","references","","17157","",""
"traits","","33870","http://purl.org/dc/terms/source","references","","17157","",""
"traits","","33871","http://purl.org/dc/terms/source","references","","17157","",""
"traits","","33872","http://purl.org/dc/terms/source","references","","17157","",""
"traits","","33873","http://purl.org/dc/terms/source","references","","17157","",""
"traits","","33874","http://purl.org/dc/terms/source","references","","17157","",""
"traits","","33875","http://purl.org/dc/terms/source","references","","17157","",""
"traits","","33876","http://purl.org/dc/terms/source","references","","17157","",""
"traits","","33877","http://purl.org/dc/terms/source","references","","17157","",""
"traits","","33878","http://purl.org/dc/terms/source","references","","17157","",""
"traits","","33879","http://purl.org/dc/terms/source","references","","17157","",""
"traits","","33880","http://purl.org/dc/terms/source","references","","17157","",""
"traits","","33881","http://purl.org/dc/terms/source","references","","17157","",""
"traits","","33882","http://purl.org/dc/terms/source","references","","17157","",""
"traits","","33883","http://purl.org/dc/terms/source","references","","17157","",""
"traits","","33884","http://purl.org/dc/terms/source","references","","17157","",""
"traits","","33885","http://purl.org/dc/terms/source","references","","17157","",""
"traits","","33886","http://purl.org/dc/terms/source","references","","17157","",""
"traits","","33887","http://purl.org/dc/terms/source","references","","17157","",""
"traits","","33888","http://purl.org/dc/terms/source","references","","17157","",""
"traits","","33890","http://purl.org/dc/terms/source","references","","17157","",""
"traits","","33891","http://purl.org/dc/terms/source","references","","17157","",""
"traits","","33892","http://purl.org/dc/terms/source","references","","17157","",""
"traits","","33893","http://purl.org/dc/terms/source","references","","17157","",""
"traits","","33894","http://purl.org/dc/terms/source","references","","17157","",""
"traits","","33895","http://purl.org/dc/terms/source","references","","17157","",""
"traits","","33896","http://purl.org/dc/terms/source","references","","17157","",""
"traits","","33897","http://purl.org/dc/terms/source","references","","17157","",""
"traits","","33907","http://purl.org/dc/terms/source","references","","17157","",""
"traits","","33908","http://purl.org/dc/terms/source","references","","17157","",""
"traits","","33909","http://purl.org/dc/terms/source","references","","17157","",""
"traits","","33910","http://purl.org/dc/terms/source","references","","17157","",""
"traits","","33911","http://purl.org/dc/terms/source","references","","17157","",""
"traits","","33912","http://purl.org/dc/terms/source","references","","17157","",""
"traits","","33913","http://purl.org/dc/terms/source","references","","17157","",""
"traits","","33914","http://purl.org/dc/terms/source","references","","17157","",""
"traits","","33915","http://purl.org/dc/terms/source","references","","17157","",""
"traits","","33916","http://purl.org/dc/terms/source","references","","17157","",""
"traits","","33917","http://purl.org/dc/terms/source","references","","17157","",""
"traits","","33918","http://purl.org/dc/terms/source","references","","17157","",""
"traits","","33919","http://purl.org/dc/terms/source","references","","17157","",""
"traits","","33920","http://purl.org/dc/terms/source","references","","17157","",""
"traits","","33921","http://purl.org/dc/terms/source","references","","47734","",""
"traits","","33922","http://purl.org/dc/terms/source","references","","47734","",""
"traits","","33923","http://purl.org/dc/terms/source","references","","47734","",""
"traits","","33924","http://purl.org/dc/terms/source","references","","47734","",""
"traits","","33925","http://purl.org/dc/terms/source","references","","47734","",""
"traits","","33926","http://purl.org/dc/terms/source","references","","47291","",""
"traits","","33927","http://purl.org/dc/terms/source","references","","47734","",""
"traits","","33928","http://purl.org/dc/terms/source","references","","47734","",""
"traits","","33929","http://purl.org/dc/terms/source","references","","47734","",""
"traits","","33930","http://purl.org/dc/terms/source","references","","47734","",""
"traits","","33931","http://purl.org/dc/terms/source","references","","47734","",""
"traits","","33932","http://purl.org/dc/terms/source","references","","47734","",""
"traits","","33933","http://purl.org/dc/terms/source","references","","47734","",""
"traits","","33934","http://purl.org/dc/terms/source","references","","47734","",""
"traits","","33935","http://purl.org/dc/terms/source","references","","47734","",""
"traits","","33936","http://purl.org/dc/terms/source","references","","47734","",""
"traits","","33937","http://purl.org/dc/terms/source","references","","47734","",""
"traits","","33938","http://purl.org/dc/terms/source","references","","47734","",""
"traits","","33939","http://purl.org/dc/terms/source","references","","47742","",""
"traits","","33940","http://purl.org/dc/terms/source","references","","47745","",""
"traits","","33941","http://purl.org/dc/terms/source","references","","47745","",""
"traits","","33942","http://purl.org/dc/terms/source","references","","47745","",""
"traits","","33943","http://purl.org/dc/terms/source","references","","47745","",""
"traits","","33944","http://purl.org/dc/terms/source","references","","47745","",""
"traits","","33945","http://purl.org/dc/terms/source","references","","47745","",""
"traits","","33946","http://purl.org/dc/terms/source","references","","47745","",""
"traits","","33947","http://purl.org/dc/terms/source","references","","47745","",""
"traits","","33948","http://purl.org/dc/terms/source","references","","47745","",""
"traits","","33949","http://purl.org/dc/terms/source","references","","47745","",""
"traits","","33950","http://purl.org/dc/terms/source","references","","47745","",""
"traits","","33951","http://purl.org/dc/terms/source","references","","47745","",""
"traits","","33952","http://purl.org/dc/terms/source","references","","47745","",""
"traits","","33953","http://purl.org/dc/terms/source","references","","47745","",""
"traits","","33954","http://purl.org/dc/terms/source","references","","47745","",""
"traits","","33961","http://purl.org/dc/terms/source","references","","47755","",""
"traits","","33962","http://purl.org/dc/terms/source","references","","47755","",""
"traits","","33963","http://purl.org/dc/terms/source","references","","47755","",""
"traits","","33964","http://purl.org/dc/terms/source","references","","47755","",""
"traits","","33965","http://purl.org/dc/terms/source","references","","47755","",""
"traits","","33966","http://purl.org/dc/terms/source","references","","47755","",""
"traits","","33967","http://purl.org/dc/terms/source","references","","47755","",""
"traits","","33968","http://purl.org/dc/terms/source","references","","47755","",""
"traits","","33969","http://purl.org/dc/terms/source","references","","47755","",""
"traits","","33970","http://purl.org/dc/terms/source","references","","47755","",""
"traits","","33971","http://purl.org/dc/terms/source","references","","47755","",""
"traits","","33972","http://purl.org/dc/terms/source","references","","47755","",""
"traits","","33973","http://purl.org/dc/terms/source","references","","47755","",""
"traits","","33974","http://purl.org/dc/terms/source","references","","47755","",""
"traits","","33975","http://purl.org/dc/terms/source","references","","47755","",""
"traits","","33976","http://purl.org/dc/terms/source","references","","47755","",""
"traits","","33977","http://purl.org/dc/terms/source","references","","47755","",""
"traits","","33978","http://purl.org/dc/terms/source","references","","47755","",""
"traits","","33979","http://purl.org/dc/terms/source","references","","47769","",""
"traits","","33980","http://purl.org/dc/terms/source","references","","47769","",""
"traits","","33981","http://purl.org/dc/terms/source","references","","47777","",""
"traits","","33982","http://purl.org/dc/terms/source","references","","47777","",""
"traits","","33983","http://purl.org/dc/terms/source","references","","47777","",""
"traits","","33984","http://purl.org/dc/terms/source","references","","47777","",""
"traits","","33985","http://purl.org/dc/terms/source","references","","47777","",""
"traits","","33986","http://purl.org/dc/terms/source","references","","47777","",""
"traits","","33987","http://purl.org/dc/terms/source","references","","47777","",""
"traits","","33988","http://purl.org/dc/terms/source","references","","47779","",""
"traits","","33989","http://purl.org/dc/terms/source","references","","47779","",""
"traits","","33990","http://purl.org/dc/terms/source","references","","47779","",""
"traits","","33991","http://purl.org/dc/terms/source","references","","47779","",""
"traits","","33992","http://purl.org/dc/terms/source","references","","47779","",""
"traits","","33993","http://purl.org/dc/terms/source","references","","47786","",""
"traits","","33994","http://purl.org/dc/terms/source","references","","47786","",""
"traits","","33995","http://purl.org/dc/terms/source","references","","47786","",""
"traits","","33996","http://purl.org/dc/terms/source","references","","47786","",""
"traits","","33997","http://purl.org/dc/terms/source","references","","47786","",""
"traits","","33998","http://purl.org/dc/terms/source","references","","47790","",""
"traits","","33999","http://purl.org/dc/terms/source","references","","47790","",""
"traits","","34000","http://purl.org/dc/terms/source","references","","47790","",""
"traits","","34001","http://purl.org/dc/terms/source","references","","47790","",""
"traits","","34002","http://purl.org/dc/terms/source","references","","47790","",""
"traits","","34003","http://purl.org/dc/terms/source","references","","47790","",""
"traits","","34004","http://purl.org/dc/terms/source","references","","47790","",""
"traits","","34005","http://purl.org/dc/terms/source","references","","47790","",""
"traits","","34006","http://purl.org/dc/terms/source","references","","47790","",""
"traits","","34007","http://purl.org/dc/terms/source","references","","47790","",""
"traits","","34008","http://purl.org/dc/terms/source","references","","47792","",""
"traits","","34009","http://purl.org/dc/terms/source","references","","47792","",""
"traits","","34010","http://purl.org/dc/terms/source","references","","47792","",""
"traits","","34011","http://purl.org/dc/terms/source","references","","47792","",""
"traits","","34012","http://purl.org/dc/terms/source","references","","47792","",""
"traits","","34013","http://purl.org/dc/terms/source","references","","47792","",""
"traits","","34014","http://purl.org/dc/terms/source","references","","47792","",""
"traits","","34015","http://purl.org/dc/terms/source","references","","47792","",""
"traits","","34016","http://purl.org/dc/terms/source","references","","47792","",""
"traits","","34017","http://purl.org/dc/terms/source","references","","47792","",""
"traits","","34018","http://purl.org/dc/terms/source","references","","47792","",""
"traits","","34019","http://purl.org/dc/terms/source","references","","47792","",""
"traits","","34020","http://purl.org/dc/terms/source","references","","47792","",""
"traits","","34021","http://purl.org/dc/terms/source","references","","47792","",""
"traits","","34022","http://purl.org/dc/terms/source","references","","47792","",""
"traits","","34023","http://purl.org/dc/terms/source","references","","47792","",""
"traits","","34024","http://purl.org/dc/terms/source","references","","47792","",""
"traits","","34025","http://purl.org/dc/terms/source","references","","47792","",""
"traits","","34026","http://purl.org/dc/terms/source","references","","47792","",""
"traits","","34027","http://purl.org/dc/terms/source","references","","47792","",""
"traits","","34028","http://purl.org/dc/terms/source","references","","47792","",""
"traits","","34029","http://purl.org/dc/terms/source","references","","47792","",""
"traits","","34030","http://purl.org/dc/terms/source","references","","47792","",""
"traits","","34031","http://purl.org/dc/terms/source","references","","47792","",""
"traits","","34032","http://purl.org/dc/terms/source","references","","47792","",""
"traits","","34033","http://purl.org/dc/terms/source","references","","47792","",""
"traits","","34034","http://purl.org/dc/terms/source","references","","47792","",""
"traits","","34035","http://purl.org/dc/terms/source","references","","47792","",""
"traits","","34036","http://purl.org/dc/terms/source","references","","47792","",""
"traits","","34037","http://purl.org/dc/terms/source","references","","47792","",""
"traits","","34038","http://purl.org/dc/terms/source","references","","47792","",""
"traits","","34039","http://purl.org/dc/terms/source","references","","47792","",""
"traits","","34040","http://purl.org/dc/terms/source","references","","47792","",""
"traits","","34041","http://purl.org/dc/terms/source","references","","47792","",""
"traits","","34042","http://purl.org/dc/terms/source","references","","47792","",""
"traits","","34043","http://purl.org/dc/terms/source","references","","47792","",""
"traits","","34044","http://purl.org/dc/terms/source","references","","47792","",""
"traits","","34045","http://purl.org/dc/terms/source","references","","47792","",""
"traits","","34046","http://purl.org/dc/terms/source","references","","47792","",""
"traits","","34047","http://purl.org/dc/terms/source","references","","47792","",""
"traits","","34048","http://purl.org/dc/terms/source","references","","47792","",""
"traits","","34049","http://purl.org/dc/terms/source","references","","47792","",""
"traits","","34050","http://purl.org/dc/terms/source","references","","47792","",""
"traits","","34051","http://purl.org/dc/terms/source","references","","47792","",""
"traits","","34052","http://purl.org/dc/terms/source","references","","47792","",""
"traits","","34053","http://purl.org/dc/terms/source","references","","47792","",""
"traits","","34054","http://purl.org/dc/terms/source","references","","47792","",""
"traits","","34055","http://purl.org/dc/terms/source","references","","47792","",""
"traits","","34056","http://purl.org/dc/terms/source","references","","47792","",""
"traits","","34057","http://purl.org/dc/terms/source","references","","47792","",""
"traits","","34058","http://purl.org/dc/terms/source","references","","47792","",""
"traits","","34059","http://purl.org/dc/terms/source","references","","47792","",""
"traits","","34060","http://purl.org/dc/terms/source","references","","47792","",""
"traits","","34061","http://purl.org/dc/terms/source","references","","47792","",""
"traits","","34062","http://purl.org/dc/terms/source","references","","47792","",""
"traits","","34063","http://purl.org/dc/terms/source","references","","47792","",""
"traits","","34064","http://purl.org/dc/terms/source","references","","47792","",""
"traits","","34065","http://purl.org/dc/terms/source","references","","47809","",""
"traits","","34066","http://purl.org/dc/terms/source","references","","47809","",""
"traits","","34067","http://purl.org/dc/terms/source","references","","47809","",""
"traits","","34068","http://purl.org/dc/terms/source","references","","47809","",""
"traits","","34074","http://purl.org/dc/terms/source","references","","47817","",""
"traits","","34075","http://purl.org/dc/terms/source","references","","47817","",""
"traits","","34076","http://purl.org/dc/terms/source","references","","47817","",""
"traits","","34077","http://purl.org/dc/terms/source","references","","47817","",""
"traits","","34078","http://purl.org/dc/terms/source","references","","47817","",""
"traits","","34079","http://purl.org/dc/terms/source","references","","47817","",""
"traits","","34081","http://purl.org/dc/terms/source","references","","47821","",""
"traits","","34082","http://purl.org/dc/terms/source","references","","47821","",""
"traits","","34083","http://purl.org/dc/terms/source","references","","47821","",""
"traits","","34084","http://purl.org/dc/terms/source","references","","47821","",""
"traits","","34085","http://purl.org/dc/terms/source","references","","47821","",""
"traits","","34086","http://purl.org/dc/terms/source","references","","47821","",""
"traits","","34087","http://purl.org/dc/terms/source","references","","47821","",""
"traits","","34088","http://purl.org/dc/terms/source","references","","47821","",""
"traits","","34089","http://purl.org/dc/terms/source","references","","47821","",""
"traits","","34090","http://purl.org/dc/terms/source","references","","47821","",""
"traits","","34091","http://purl.org/dc/terms/source","references","","47821","",""
"traits","","34092","http://purl.org/dc/terms/source","references","","47821","",""
"traits","","34093","http://purl.org/dc/terms/source","references","","47821","",""
"traits","","34094","http://purl.org/dc/terms/source","references","","47821","",""
"traits","","34095","http://purl.org/dc/terms/source","references","","47821","",""
"traits","","34096","http://purl.org/dc/terms/source","references","","47821","",""
"traits","","34097","http://purl.org/dc/terms/source","references","","47821","",""
"traits","","34098","http://purl.org/dc/terms/source","references","","47821","",""
"traits","","34099","http://purl.org/dc/terms/source","references","","47821","",""
"traits","","34100","http://purl.org/dc/terms/source","references","","47821","",""
"traits","","34101","http://purl.org/dc/terms/source","references","","47821","",""
"traits","","34102","http://purl.org/dc/terms/source","references","","47821","",""
"traits","","34103","http://purl.org/dc/terms/source","references","","47821","",""
"traits","","34104","http://purl.org/dc/terms/source","references","","47821","",""
"traits","","34105","http://purl.org/dc/terms/source","references","","47821","",""
"traits","","34106","http://purl.org/dc/terms/source","references","","47821","",""
"traits","","34107","http://purl.org/dc/terms/source","references","","47821","",""
"traits","","34108","http://purl.org/dc/terms/source","references","","47821","",""
"traits","","34109","http://purl.org/dc/terms/source","references","","47821","",""
"traits","","34110","http://purl.org/dc/terms/source","references","","47821","",""
"traits","","34111","http://purl.org/dc/terms/source","references","","47821","",""
"traits","","34112","http://purl.org/dc/terms/source","references","","47821","",""
"traits","","34113","http://purl.org/dc/terms/source","references","","47821","",""
"traits","","34114","http://purl.org/dc/terms/source","references","","47821","",""
"traits","","34115","http://purl.org/dc/terms/source","references","","47821","",""
"traits","","34116","http://purl.org/dc/terms/source","references","","47821","",""
"traits","","34117","http://purl.org/dc/terms/source","references","","47821","",""
"traits","","34118","http://purl.org/dc/terms/source","references","","47821","",""
"traits","","34119","http://purl.org/dc/terms/source","references","","47821","",""
"traits","","34120","http://purl.org/dc/terms/source","references","","47821","",""
"traits","","34121","http://purl.org/dc/terms/source","references","","47821","",""
"traits","","34122","http://purl.org/dc/terms/source","references","","47821","",""
"traits","","34123","http://purl.org/dc/terms/source","references","","47821","",""
"traits","","34124","http://purl.org/dc/terms/source","references","","47821","",""
"traits","","34125","http://purl.org/dc/terms/source","references","","47838","",""
"traits","","34126","http://purl.org/dc/terms/source","references","","47838","",""
"traits","","34127","http://purl.org/dc/terms/source","references","","47838","",""
"traits","","34128","http://purl.org/dc/terms/source","references","","47842","",""
"traits","","34129","http://purl.org/dc/terms/source","references","","47842","",""
"traits","","34130","http://purl.org/dc/terms/source","references","","47842","",""
"traits","","34131","http://purl.org/dc/terms/source","references","","47842","",""
"traits","","34132","http://purl.org/dc/terms/source","references","","47842","",""
"traits","","34133","http://purl.org/dc/terms/source","references","","47842","",""
"traits","","34134","http://purl.org/dc/terms/source","references","","47845","",""
"traits","","34135","http://purl.org/dc/terms/source","references","","47845","",""
"traits","","34136","http://purl.org/dc/terms/source","references","","47845","",""
"traits","","34137","http://purl.org/dc/terms/source","references","","47845","",""
"traits","","34138","http://purl.org/dc/terms/source","references","","47845","",""
"traits","","34139","http://purl.org/dc/terms/source","references","","47845","",""
"traits","","34140","http://purl.org/dc/terms/source","references","","47845","",""
"traits","","34141","http://purl.org/dc/terms/source","references","","47845","",""
"traits","","34142","http://purl.org/dc/terms/source","references","","47845","",""
"traits","","34143","http://purl.org/dc/terms/source","references","","47850","",""
"traits","","34144","http://purl.org/dc/terms/source","references","","47854","",""
"traits","","34145","http://purl.org/dc/terms/source","references","","47854","",""
"traits","","34146","http://purl.org/dc/terms/source","references","","47854","",""
"traits","","34147","http://purl.org/dc/terms/source","references","","47854","",""
"traits","","34148","http://purl.org/dc/terms/source","references","","47861","",""
"traits","","34149","http://purl.org/dc/terms/source","references","","47861","",""
"traits","","34150","http://purl.org/dc/terms/source","references","","47861","",""
"traits","","34151","http://purl.org/dc/terms/source","references","","47868","",""
"traits","","34152","http://purl.org/dc/terms/source","references","","47868","",""
"traits","","34153","http://purl.org/dc/terms/source","references","","47868","",""
"traits","","34154","http://purl.org/dc/terms/source","references","","47868","",""
"traits","","34155","http://purl.org/dc/terms/source","references","","47868","",""
"traits","","34156","http://purl.org/dc/terms/source","references","","47868","",""
"traits","","34157","http://purl.org/dc/terms/source","references","","47868","",""
"traits","","34158","http://purl.org/dc/terms/source","references","","47868","",""
"traits","","34159","http://purl.org/dc/terms/source","references","","47868","",""
"traits","","34160","http://purl.org/dc/terms/source","references","","47868","",""
"traits","","34161","http://purl.org/dc/terms/source","references","","47868","",""
"traits","","34162","http://purl.org/dc/terms/source","references","","47868","",""
"traits","","34163","http://purl.org/dc/terms/source","references","","47868","",""
"traits","","34164","http://purl.org/dc/terms/source","references","","47868","",""
"traits","","34165","http://purl.org/dc/terms/source","references","","47882","",""
"traits","","34166","http://purl.org/dc/terms/source","references","","47882","",""
"traits","","34167","http://purl.org/dc/terms/source","references","","47882","",""
"traits","","34168","http://purl.org/dc/terms/source","references","","47882","",""
"traits","","34169","http://purl.org/dc/terms/source","references","","47882","",""
"traits","","34170","http://purl.org/dc/terms/source","references","","47882","",""
"traits","","34171","http://purl.org/dc/terms/source","references","","47882","",""
"traits","","34172","http://purl.org/dc/terms/source","references","","47882","",""
"traits","","34173","http://purl.org/dc/terms/source","references","","47882","",""
"traits","","34174","http://purl.org/dc/terms/source","references","","47882","",""
"traits","","34175","http://purl.org/dc/terms/source","references","","47882","",""
"traits","","34176","http://purl.org/dc/terms/source","references","","47886","",""
"traits","","34177","http://purl.org/dc/terms/source","references","","47886","",""
"traits","","34178","http://purl.org/dc/terms/source","references","","47886","",""
"traits","","34179","http://purl.org/dc/terms/source","references","","47890","",""
"traits","","34180","http://purl.org/dc/terms/source","references","","47890","",""
"traits","","34181","http://purl.org/dc/terms/source","references","","47890","",""
"traits","","34182","http://purl.org/dc/terms/source","references","","47890","",""
"traits","","34183","http://purl.org/dc/terms/source","references","","47890","",""
"traits","","34185","http://purl.org/dc/terms/source","references","","47890","",""
"traits","","34186","http://purl.org/dc/terms/source","references","","47890","",""
"traits","","34187","http://purl.org/dc/terms/source","references","","47890","",""
"traits","","34188","http://purl.org/dc/terms/source","references","","47890","",""
"traits","","34189","http://purl.org/dc/terms/source","references","","47890","",""
"traits","","34190","http://purl.org/dc/terms/source","references","","47890","",""
"traits","","34191","http://purl.org/dc/terms/source","references","","47890","",""
"traits","","34192","http://purl.org/dc/terms/source","references","","47890","",""
"traits","","34193","http://purl.org/dc/terms/source","references","","47890","",""
"traits","","34194","http://purl.org/dc/terms/source","references","","47890","",""
"traits","","34195","http://purl.org/dc/terms/source","references","","47890","",""
"traits","","34196","http://purl.org/dc/terms/source","references","","47890","",""
"traits","","34197","http://purl.org/dc/terms/source","references","","47895","",""
"traits","","34198","http://purl.org/dc/terms/source","references","","47895","",""
"traits","","34199","http://purl.org/dc/terms/source","references","","47895","",""
"traits","","34200","http://purl.org/dc/terms/source","references","","47895","",""
"traits","","34201","http://purl.org/dc/terms/source","references","","47895","",""
"traits","","34202","http://purl.org/dc/terms/source","references","","47895","",""
"traits","","34203","http://purl.org/dc/terms/source","references","","47895","",""
"traits","","34204","http://purl.org/dc/terms/source","references","","47895","",""
"traits","","34205","http://purl.org/dc/terms/source","references","","47895","",""
"traits","","34206","http://purl.org/dc/terms/source","references","","47895","",""
"traits","","34207","http://purl.org/dc/terms/source","references","","47895","",""
"traits","","34208","http://purl.org/dc/terms/source","references","","47895","",""
"traits","","34209","http://purl.org/dc/terms/source","references","","47895","",""
"traits","","34210","http://purl.org/dc/terms/source","references","","47895","",""
"traits","","34211","http://purl.org/dc/terms/source","references","","47895","",""
"traits","","34212","http://purl.org/dc/terms/source","references","","47895","",""
"traits","","34213","http://purl.org/dc/terms/source","references","","47910","",""
"traits","","34214","http://purl.org/dc/terms/source","references","","47910","",""
"traits","","34215","http://purl.org/dc/terms/source","references","","47910","",""
"traits","","34216","http://purl.org/dc/terms/source","references","","47910","",""
"traits","","34217","http://purl.org/dc/terms/source","references","","47910","",""
"traits","","34218","http://purl.org/dc/terms/source","references","","47913","",""
"traits","","34219","http://purl.org/dc/terms/source","references","","47913","",""
"traits","","34220","http://purl.org/dc/terms/source","references","","47913","",""
"traits","","34221","http://purl.org/dc/terms/source","references","","47913","",""
"traits","","34222","http://purl.org/dc/terms/source","references","","47913","",""
"traits","","34223","http://purl.org/dc/terms/source","references","","47913","",""
"traits","","34224","http://purl.org/dc/terms/source","references","","47913","",""
"traits","","34225","http://purl.org/dc/terms/source","references","","47913","",""
"traits","","34226","http://purl.org/dc/terms/source","references","","47920","",""
"traits","","34227","http://purl.org/dc/terms/source","references","","47920","",""
"traits","","34279","http://purl.org/dc/terms/source","references","","17157","",""
"traits","","34280","http://purl.org/dc/terms/source","references","","17157","",""
"traits","","34281","http://purl.org/dc/terms/source","references","","17157","",""
"traits","","34282","http://purl.org/dc/terms/source","references","","17157","",""
"traits","","34283","http://purl.org/dc/terms/source","references","","17157","",""
"traits","","34284","http://purl.org/dc/terms/source","references","","17157","",""
"traits","","34285","http://purl.org/dc/terms/source","references","","17157","",""
"traits","","34286","http://purl.org/dc/terms/source","references","","17157","",""
"traits","","34287","http://purl.org/dc/terms/source","references","","17157","",""
"traits","","34288","http://purl.org/dc/terms/source","references","","17157","",""
"traits","","34289","http://purl.org/dc/terms/source","references","","17157","",""
"traits","","34290","http://purl.org/dc/terms/source","references","","17157","",""
"traits","","34291","http://purl.org/dc/terms/source","references","","17157","",""
"traits","","34292","http://purl.org/dc/terms/source","references","","17157","",""
"traits","","34293","http://purl.org/dc/terms/source","references","","17157","",""
"traits","","34294","http://purl.org/dc/terms/source","references","","17157","",""
"traits","","34295","http://purl.org/dc/terms/source","references","","17157","",""
"traits","","34296","http://purl.org/dc/terms/source","references","","17157","",""
"traits","","34297","http://purl.org/dc/terms/source","references","","17157","",""
"traits","","34298","http://purl.org/dc/terms/source","references","","17157","",""
"traits","","34299","http://purl.org/dc/terms/source","references","","17157","",""
"traits","","34301","http://purl.org/dc/terms/source","references","","17157","",""
"traits","","34302","http://purl.org/dc/terms/source","references","","17157","",""
"traits","","34303","http://purl.org/dc/terms/source","references","","17157","",""
"traits","","34304","http://purl.org/dc/terms/source","references","","17157","",""
"traits","","34305","http://purl.org/dc/terms/source","references","","17157","",""
"traits","","34306","http://purl.org/dc/terms/source","references","","17157","",""
"traits","","34307","http://purl.org/dc/terms/source","references","","17157","",""
"traits","","34308","http://purl.org/dc/terms/source","references","","17157","",""
"traits","","34309","http://purl.org/dc/terms/source","references","","17157","",""
"traits","","34310","http://purl.org/dc/terms/source","references","","17157","",""
"traits","","34311","http://purl.org/dc/terms/source","references","","17157","",""
"traits","","34312","http://purl.org/dc/terms/source","references","","17157","",""
"traits","","34313","http://purl.org/dc/terms/source","references","","17157","",""
"traits","","34314","http://purl.org/dc/terms/source","references","","17157","",""
"traits","","34315","http://purl.org/dc/terms/source","references","","17157","",""
"traits","","34316","http://purl.org/dc/terms/source","references","","17157","",""
"traits","","34317","http://purl.org/dc/terms/source","references","","17157","",""
"traits","","34318","http://purl.org/dc/terms/source","references","","17157","",""
"traits","","34319","http://purl.org/dc/terms/source","references","","17157","",""
"traits","","34320","http://purl.org/dc/terms/source","references","","17157","",""
"traits","","34321","http://purl.org/dc/terms/source","references","","17157","",""
"traits","","34322","http://purl.org/dc/terms/source","references","","17157","",""
"traits","","34323","http://purl.org/dc/terms/source","references","","17157","",""
"traits","","34324","http://purl.org/dc/terms/source","references","","17157","",""
"traits","","34325","http://purl.org/dc/terms/source","references","","17157","",""
"traits","","34326","http://purl.org/dc/terms/source","references","","17157","",""
"traits","","34327","http://purl.org/dc/terms/source","references","","17157","",""
"traits","","34328","http://purl.org/dc/terms/source","references","","17157","",""
"traits","","34329","http://purl.org/dc/terms/source","references","","17157","",""
"traits","","34330","http://purl.org/dc/terms/source","references","","17157","",""
"traits","","34331","http://purl.org/dc/terms/source","references","","17157","",""
"traits","","34332","http://purl.org/dc/terms/source","references","","17157","",""
"traits","","34333","http://purl.org/dc/terms/source","references","","17157","",""
"traits","","34334","http://purl.org/dc/terms/source","references","","17157","",""
"traits","","34335","http://purl.org/dc/terms/source","references","","17157","",""
"traits","","34336","http://purl.org/dc/terms/source","references","","17157","",""
"traits","","34337","http://purl.org/dc/terms/source","references","","17157","",""
"traits","","34338","http://purl.org/dc/terms/source","references","","17157","",""
"traits","","34339","http://purl.org/dc/terms/source","references","","17157","",""
"traits","","34340","http://purl.org/dc/terms/source","references","","17157","",""
"traits","","34341","http://purl.org/dc/terms/source","references","","17157","",""
"traits","","34342","http://purl.org/dc/terms/source","references","","17157","",""
"traits","","34343","http://purl.org/dc/terms/source","references","","17157","",""
"traits","","34344","http://purl.org/dc/terms/source","references","","17157","",""
"traits","","34345","http://purl.org/dc/terms/source","references","","17157","",""
"traits","","34346","http://purl.org/dc/terms/source","references","","17157","",""
"traits","","34347","http://purl.org/dc/terms/source","references","","17157","",""
"traits","","34348","http://purl.org/dc/terms/source","references","","17157","",""
"traits","","34349","http://purl.org/dc/terms/source","references","","17157","",""
"traits","","34350","http://purl.org/dc/terms/source","references","","17157","",""
"traits","","34351","http://purl.org/dc/terms/source","references","","17157","",""
"traits","","34352","http://purl.org/dc/terms/source","references","","17157","",""
"traits","","34353","http://purl.org/dc/terms/source","references","","17157","",""
"traits","","34354","http://purl.org/dc/terms/source","references","","17157","",""
"traits","","34355","http://purl.org/dc/terms/source","references","","17157","",""
"traits","","34356","http://purl.org/dc/terms/source","references","","17157","",""
"traits","","34357","http://purl.org/dc/terms/source","references","","17157","",""
"traits","","34358","http://purl.org/dc/terms/source","references","","17157","",""
"traits","","34359","http://purl.org/dc/terms/source","references","","17157","",""
"traits","","34360","http://purl.org/dc/terms/source","references","","17157","",""
"traits","","34361","http://purl.org/dc/terms/source","references","","17157","",""
"traits","","34362","http://purl.org/dc/terms/source","references","","17157","",""
"traits","","34363","http://purl.org/dc/terms/source","references","","17157","",""
"traits","","34364","http://purl.org/dc/terms/source","references","","17157","",""
"traits","","34365","http://purl.org/dc/terms/source","references","","17157","",""
"traits","","34366","http://purl.org/dc/terms/source","references","","17157","",""
"traits","","34367","http://purl.org/dc/terms/source","references","","17157","",""
"traits","","34368","http://purl.org/dc/terms/source","references","","17157","",""
"traits","","34369","http://purl.org/dc/terms/source","references","","17157","",""
"traits","","34370","http://purl.org/dc/terms/source","references","","17157","",""
"traits","","34371","http://purl.org/dc/terms/source","references","","17157","",""
"traits","","34372","http://purl.org/dc/terms/source","references","","17157","",""
"traits","","34373","http://purl.org/dc/terms/source","references","","17157","",""
"traits","","34374","http://purl.org/dc/terms/source","references","","17157","",""
"traits","","34375","http://purl.org/dc/terms/source","references","","17157","",""
"traits","","34376","http://purl.org/dc/terms/source","references","","17157","",""
"traits","","34377","http://purl.org/dc/terms/source","references","","17157","",""
"traits","","34378","http://purl.org/dc/terms/source","references","","17157","",""
"traits","","34379","http://purl.org/dc/terms/source","references","","17157","",""
"traits","","34380","http://purl.org/dc/terms/source","references","","17157","",""
"traits","","34381","http://purl.org/dc/terms/source","references","","17157","",""
"traits","","34382","http://purl.org/dc/terms/source","references","","17157","",""
"traits","","34383","http://purl.org/dc/terms/source","references","","17157","",""
"traits","","34384","http://purl.org/dc/terms/source","references","","17157","",""
"traits","","34385","http://purl.org/dc/terms/source","references","","17157","",""
"traits","","34386","http://purl.org/dc/terms/source","references","","17157","",""
"traits","","34387","http://purl.org/dc/terms/source","references","","17157","",""
"traits","","34388","http://purl.org/dc/terms/source","references","","17157","",""
"traits","","34389","http://purl.org/dc/terms/source","references","","17157","",""
"traits","","34390","http://purl.org/dc/terms/source","references","","17157","",""
"traits","","34391","http://purl.org/dc/terms/source","references","","17157","",""
"traits","","34392","http://purl.org/dc/terms/source","references","","17157","",""
"traits","","34393","http://purl.org/dc/terms/source","references","","17157","",""
"traits","","34394","http://purl.org/dc/terms/source","references","","17157","",""
"traits","","34395","http://purl.org/dc/terms/source","references","","17157","",""
"traits","","34396","http://purl.org/dc/terms/source","references","","17157","",""
"traits","","34397","http://purl.org/dc/terms/source","references","","17157","",""
"traits","","34398","http://purl.org/dc/terms/source","references","","17157","",""
"traits","","34399","http://purl.org/dc/terms/source","references","","17157","",""
"traits","","34400","http://purl.org/dc/terms/source","references","","17157","",""
"traits","","34401","http://purl.org/dc/terms/source","references","","17157","",""
"traits","","34402","http://purl.org/dc/terms/source","references","","17157","",""
"traits","","34403","http://purl.org/dc/terms/source","references","","17157","",""
"traits","","34404","http://purl.org/dc/terms/source","references","","17157","",""
"traits","","34408","http://purl.org/dc/terms/source","references","","17157","",""
"traits","","34409","http://purl.org/dc/terms/source","references","","17157","",""
"traits","","34410","http://purl.org/dc/terms/source","references","","17157","",""
"traits","","34411","http://purl.org/dc/terms/source","references","","17157","",""
"traits","","34412","http://purl.org/dc/terms/source","references","","17157","",""
"traits","","34413","http://purl.org/dc/terms/source","references","","17157","",""
"traits","","34414","http://purl.org/dc/terms/source","references","","17157","",""
"traits","","34415","http://purl.org/dc/terms/source","references","","17157","",""
"traits","","34416","http://purl.org/dc/terms/source","references","","17157","",""
"traits","","34417","http://purl.org/dc/terms/source","references","","17157","",""
"traits","","34418","http://purl.org/dc/terms/source","references","","17157","",""
"traits","","34419","http://purl.org/dc/terms/source","references","","17157","",""
"traits","","34420","http://purl.org/dc/terms/source","references","","17157","",""
"traits","","34421","http://purl.org/dc/terms/source","references","","17157","",""
"traits","","34422","http://purl.org/dc/terms/source","references","","17157","",""
"traits","","34423","http://purl.org/dc/terms/source","references","","17157","",""
"traits","","34424","http://purl.org/dc/terms/source","references","","17157","",""
"traits","","34425","http://purl.org/dc/terms/source","references","","17157","",""
"traits","","34426","http://purl.org/dc/terms/source","references","","17157","",""
"traits","","34427","http://purl.org/dc/terms/source","references","","17157","",""
"traits","","34428","http://purl.org/dc/terms/source","references","","17157","",""
"traits","","34429","http://purl.org/dc/terms/source","references","","17157","",""
"traits","","34430","http://purl.org/dc/terms/source","references","","17157","",""
"traits","","34431","http://purl.org/dc/terms/source","references","","17157","",""
"traits","","34432","http://purl.org/dc/terms/source","references","","17157","",""
"traits","","34433","http://purl.org/dc/terms/source","references","","17157","",""
"traits","","34434","http://purl.org/dc/terms/source","references","","17157","",""
"traits","","34435","http://purl.org/dc/terms/source","references","","17157","",""
"traits","","34436","http://purl.org/dc/terms/source","references","","17157","",""
"traits","","34437","http://purl.org/dc/terms/source","references","","17157","",""
"traits","","34438","http://purl.org/dc/terms/source","references","","17157","",""
"traits","","34439","http://purl.org/dc/terms/source","references","","17157","",""
"traits","","34440","http://purl.org/dc/terms/source","references","","17157","",""
"traits","","34441","http://purl.org/dc/terms/source","references","","17157","",""
"traits","","34442","http://purl.org/dc/terms/source","references","","17157","",""
"traits","","34443","http://purl.org/dc/terms/source","references","","17157","",""
"traits","","34444","http://purl.org/dc/terms/source","references","","17157","",""
"traits","","34445","http://purl.org/dc/terms/source","references","","17157","",""
"traits","","34446","http://purl.org/dc/terms/source","references","","17157","",""
"traits","","34447","http://purl.org/dc/terms/source","references","","17157","",""
"traits","","34448","http://purl.org/dc/terms/source","references","","17157","",""
"traits","","34449","http://purl.org/dc/terms/source","references","","17157","",""
"traits","","34450","http://purl.org/dc/terms/source","references","","17157","",""
"traits","","34451","http://purl.org/dc/terms/source","references","","17157","",""
"traits","","34452","http://purl.org/dc/terms/source","references","","17157","",""
"traits","","34453","http://purl.org/dc/terms/source","references","","17157","",""
"traits","","34454","http://purl.org/dc/terms/source","references","","17157","",""
"traits","","34455","http://purl.org/dc/terms/source","references","","17157","",""
"traits","","34456","http://purl.org/dc/terms/source","references","","17157","",""
"traits","","34457","http://purl.org/dc/terms/source","references","","17157","",""
"traits","","34458","http://purl.org/dc/terms/source","references","","17157","",""
"traits","","34459","http://purl.org/dc/terms/source","references","","17157","",""
"traits","","34460","http://purl.org/dc/terms/source","references","","17157","",""
"traits","","34461","http://purl.org/dc/terms/source","references","","17157","",""
"traits","","34462","http://purl.org/dc/terms/source","references","","17157","",""
"traits","","34463","http://purl.org/dc/terms/source","references","","17157","",""
"traits","","34464","http://purl.org/dc/terms/source","references","","17157","",""
"traits","","34465","http://purl.org/dc/terms/source","references","","17157","",""
"traits","","34466","http://purl.org/dc/terms/source","references","","17157","",""
"traits","","34467","http://purl.org/dc/terms/source","references","","17157","",""
"traits","","34468","http://purl.org/dc/terms/source","references","","17157","",""
"traits","","34469","http://purl.org/dc/terms/source","references","","17157","",""
"traits","","34470","http://purl.org/dc/terms/source","references","","17157","",""
"traits","","34471","http://purl.org/dc/terms/source","references","","17157","",""
"traits","","34472","http://purl.org/dc/terms/source","references","","17157","",""
"traits","","34473","http://purl.org/dc/terms/source","references","","17157","",""
"traits","","34474","http://purl.org/dc/terms/source","references","","17157","",""
"traits","","34475","http://purl.org/dc/terms/source","references","","17157","",""
"traits","","34476","http://purl.org/dc/terms/source","references","","17157","",""
"traits","","34477","http://purl.org/dc/terms/source","references","","17157","",""
"traits","","34478","http://purl.org/dc/terms/source","references","","17157","",""
"traits","","34479","http://purl.org/dc/terms/source","references","","17157","",""
"traits","","34480","http://purl.org/dc/terms/source","references","","17157","",""
"traits","","34481","http://purl.org/dc/terms/source","references","","17157","",""
"traits","","34482","http://purl.org/dc/terms/source","references","","17157","",""
"traits","","34483","http://purl.org/dc/terms/source","references","","17157","",""
"traits","","34484","http://purl.org/dc/terms/source","references","","17157","",""
"traits","","34485","http://purl.org/dc/terms/source","references","","17157","",""
"traits","","34486","http://purl.org/dc/terms/source","references","","17157","",""
"traits","","34487","http://purl.org/dc/terms/source","references","","17157","",""
"traits","","34488","http://purl.org/dc/terms/source","references","","17157","",""
"traits","","34489","http://purl.org/dc/terms/source","references","","17157","",""
"traits","","34490","http://purl.org/dc/terms/source","references","","17157","",""
"traits","","34491","http://purl.org/dc/terms/source","references","","17157","",""
"traits","","34492","http://purl.org/dc/terms/source","references","","17157","",""
"traits","","34493","http://purl.org/dc/terms/source","references","","17157","",""
"traits","","34494","http://purl.org/dc/terms/source","references","","17157","",""
"traits","","34495","http://purl.org/dc/terms/source","references","","17157","",""
"traits","","34496","http://purl.org/dc/terms/source","references","","17157","",""
"traits","","34497","http://purl.org/dc/terms/source","references","","17157","",""
"traits","","34498","http://purl.org/dc/terms/source","references","","17157","",""
"traits","","34499","http://purl.org/dc/terms/source","references","","17157","",""
"traits","","34500","http://purl.org/dc/terms/source","references","","17157","",""
"traits","","34501","http://purl.org/dc/terms/source","references","","17157","",""
"traits","","34502","http://purl.org/dc/terms/source","references","","17157","",""
"traits","","34503","http://purl.org/dc/terms/source","references","","17157","",""
"traits","","34504","http://purl.org/dc/terms/source","references","","17157","",""
"traits","","34505","http://purl.org/dc/terms/source","references","","17157","",""
"traits","","34507","http://purl.org/dc/terms/source","references","","47984","",""
"traits","","34508","http://purl.org/dc/terms/source","references","","47989","",""
"traits","","34509","http://purl.org/dc/terms/source","references","","47989","",""
"traits","","34510","http://purl.org/dc/terms/source","references","","47989","",""
"traits","","34511","http://purl.org/dc/terms/source","references","","47989","",""
"traits","","34525","http://purl.org/dc/terms/source","references","","17157","",""
"traits","","34526","http://purl.org/dc/terms/source","references","","17157","",""
"traits","","34527","http://purl.org/dc/terms/source","references","","17157","",""
"traits","","34528","http://purl.org/dc/terms/source","references","","17157","",""
"traits","","34529","http://purl.org/dc/terms/source","references","","17157","",""
"traits","","34530","http://purl.org/dc/terms/source","references","","17157","",""
"traits","","34531","http://purl.org/dc/terms/source","references","","17157","",""
"traits","","34532","http://purl.org/dc/terms/source","references","","17157","",""
"traits","","34533","http://purl.org/dc/terms/source","references","","17157","",""
"traits","","34534","http://purl.org/dc/terms/source","references","","17157","",""
"traits","","34535","http://purl.org/dc/terms/source","references","","17157","",""
"traits","","34536","http://purl.org/dc/terms/source","references","","17157","",""
"traits","","34537","http://purl.org/dc/terms/source","references","","17157","",""
"traits","","34538","http://purl.org/dc/terms/source","references","","17157","",""
"traits","","34539","http://purl.org/dc/terms/source","references","","17157","",""
"traits","","34540","http://purl.org/dc/terms/source","references","","17157","",""
"traits","","34541","http://purl.org/dc/terms/source","references","","17157","",""
"traits","","34542","http://purl.org/dc/terms/source","references","","17157","",""
"traits","","34543","http://purl.org/dc/terms/source","references","","17157","",""
"traits","","34544","http://purl.org/dc/terms/source","references","","17157","",""
"traits","","34545","http://purl.org/dc/terms/source","references","","17157","",""
"traits","","34546","http://purl.org/dc/terms/source","references","","17157","",""
"traits","","34547","http://purl.org/dc/terms/source","references","","17157","",""
"traits","","34548","http://purl.org/dc/terms/source","references","","17157","",""
"traits","","34549","http://purl.org/dc/terms/source","references","","17157","",""
"traits","","34550","http://purl.org/dc/terms/source","references","","17157","",""
"traits","","34551","http://purl.org/dc/terms/source","references","","17157","",""
"traits","","34552","http://purl.org/dc/terms/source","references","","17157","",""
"traits","","34553","http://purl.org/dc/terms/source","references","","17157","",""
"traits","","34554","http://purl.org/dc/terms/source","references","","17157","",""
"traits","","34555","http://purl.org/dc/terms/source","references","","17157","",""
"traits","","34556","http://purl.org/dc/terms/source","references","","17157","",""
"traits","","34557","http://purl.org/dc/terms/source","references","","17157","",""
"traits","","34558","http://purl.org/dc/terms/source","references","","17157","",""
"traits","","34559","http://purl.org/dc/terms/source","references","","17157","",""
"traits","","34560","http://purl.org/dc/terms/source","references","","17157","",""
"traits","","34561","http://purl.org/dc/terms/source","references","","17157","",""
"traits","","34562","http://purl.org/dc/terms/source","references","","17157","",""
"traits","","34563","http://purl.org/dc/terms/source","references","","17157","",""
"traits","","34564","http://purl.org/dc/terms/source","references","","17157","",""
"traits","","34565","http://purl.org/dc/terms/source","references","","17157","",""
"traits","","34566","http://purl.org/dc/terms/source","references","","17157","",""
"traits","","34567","http://purl.org/dc/terms/source","references","","17157","",""
"traits","","34568","http://purl.org/dc/terms/source","references","","17157","",""
"traits","","34569","http://purl.org/dc/terms/source","references","","17157","",""
"traits","","34570","http://purl.org/dc/terms/source","references","","17157","",""
"traits","","34591","http://purl.org/dc/terms/source","references","","17157","",""
"traits","","34592","http://purl.org/dc/terms/source","references","","17157","",""
"traits","","34593","http://purl.org/dc/terms/source","references","","17157","",""
"traits","","34594","http://purl.org/dc/terms/source","references","","17157","",""
"traits","","34595","http://purl.org/dc/terms/source","references","","17157","",""
"traits","","34596","http://purl.org/dc/terms/source","references","","17157","",""
"traits","","34597","http://purl.org/dc/terms/source","references","","17157","",""
"traits","","34598","http://purl.org/dc/terms/source","references","","17157","",""
"traits","","34599","http://purl.org/dc/terms/source","references","","17157","",""
"traits","","34600","http://purl.org/dc/terms/source","references","","17157","",""
"traits","","34601","http://purl.org/dc/terms/source","references","","17157","",""
"traits","","34602","http://purl.org/dc/terms/source","references","","17157","",""
"traits","","34603","http://purl.org/dc/terms/source","references","","17157","",""
"traits","","34604","http://purl.org/dc/terms/source","references","","17157","",""
"traits","","34605","http://purl.org/dc/terms/source","references","","17157","",""
"traits","","34606","http://purl.org/dc/terms/source","references","","17157","",""
"traits","","34607","http://purl.org/dc/terms/source","references","","17157","",""
"traits","","34608","http://purl.org/dc/terms/source","references","","17157","",""
"traits","","34609","http://purl.org/dc/terms/source","references","","17157","",""
"traits","","34610","http://purl.org/dc/terms/source","references","","17157","",""
"traits","","34611","http://purl.org/dc/terms/source","references","","17157","",""
"traits","","34612","http://purl.org/dc/terms/source","references","","17157","",""
"traits","","34613","http://purl.org/dc/terms/source","references","","17157","",""
"traits","","34614","http://purl.org/dc/terms/source","references","","17157","",""
"traits","","34615","http://purl.org/dc/terms/source","references","","17157","",""
"traits","","34616","http://purl.org/dc/terms/source","references","","17157","",""
"traits","","34617","http://purl.org/dc/terms/source","references","","17157","",""
"traits","","34618","http://purl.org/dc/terms/source","references","","17157","",""
"traits","","34619","http://purl.org/dc/terms/source","references","","17157","",""
"traits","","34620","http://purl.org/dc/terms/source","references","","17157","",""
"traits","","34621","http://purl.org/dc/terms/source","references","","17157","",""
"traits","","34622","http://purl.org/dc/terms/source","references","","17157","",""
"traits","","34623","http://purl.org/dc/terms/source","references","","17157","",""
"traits","","34624","http://purl.org/dc/terms/source","references","","17157","",""
"traits","","34625","http://purl.org/dc/terms/source","references","","17157","",""
"traits","","34626","http://purl.org/dc/terms/source","references","","17157","",""
"traits","","34627","http://purl.org/dc/terms/source","references","","17157","",""
"traits","","34628","http://purl.org/dc/terms/source","references","","17157","",""
"traits","","34629","http://purl.org/dc/terms/source","references","","17157","",""
"traits","","34630","http://purl.org/dc/terms/source","references","","17157","",""
"traits","","34631","http://purl.org/dc/terms/source","references","","17157","",""
"traits","","34632","http://purl.org/dc/terms/source","references","","17157","",""
"traits","","34633","http://purl.org/dc/terms/source","references","","17157","",""
"traits","","34634","http://purl.org/dc/terms/source","references","","17157","",""
"traits","","34635","http://purl.org/dc/terms/source","references","","17157","",""
"traits","","34636","http://purl.org/dc/terms/source","references","","17157","",""
"traits","","34637","http://purl.org/dc/terms/source","references","","17157","",""
"traits","","34638","http://purl.org/dc/terms/source","references","","17157","",""
"traits","","34639","http://purl.org/dc/terms/source","references","","17157","",""
"traits","","34640","http://purl.org/dc/terms/source","references","","17157","",""
"traits","","34641","http://purl.org/dc/terms/source","references","","17157","",""
"traits","","34642","http://purl.org/dc/terms/source","references","","17157","",""
"traits","","34643","http://purl.org/dc/terms/source","references","","17157","",""
"traits","","34644","http://purl.org/dc/terms/source","references","","17157","",""
"traits","","34645","http://purl.org/dc/terms/source","references","","17157","",""
"traits","","34646","http://purl.org/dc/terms/source","references","","17157","",""
"traits","","34647","http://purl.org/dc/terms/source","references","","17157","",""
"traits","","34648","http://purl.org/dc/terms/source","references","","17157","",""
"traits","","34649","http://purl.org/dc/terms/source","references","","17157","",""
"traits","","34650","http://purl.org/dc/terms/source","references","","17157","",""
"traits","","34651","http://purl.org/dc/terms/source","references","","17157","",""
"traits","","34652","http://purl.org/dc/terms/source","references","","17157","",""
"traits","","34653","http://purl.org/dc/terms/source","references","","17157","",""
"traits","","34654","http://purl.org/dc/terms/source","references","","17157","",""
"traits","","34655","http://purl.org/dc/terms/source","references","","17157","",""
"traits","","34656","http://purl.org/dc/terms/source","references","","17157","",""
"traits","","34657","http://purl.org/dc/terms/source","references","","17157","",""
"traits","","34658","http://purl.org/dc/terms/source","references","","17157","",""
"traits","","34659","http://purl.org/dc/terms/source","references","","17157","",""
"traits","","34660","http://purl.org/dc/terms/source","references","","17157","",""
"traits","","34661","http://purl.org/dc/terms/source","references","","17157","",""
"traits","","34662","http://purl.org/dc/terms/source","references","","17157","",""
"traits","","34663","http://purl.org/dc/terms/source","references","","17157","",""
"traits","","34664","http://purl.org/dc/terms/source","references","","17157","",""
"traits","","34665","http://purl.org/dc/terms/source","references","","17157","",""
"traits","","34666","http://purl.org/dc/terms/source","references","","17157","",""
"traits","","34667","http://purl.org/dc/terms/source","references","","17157","",""
"traits","","34668","http://purl.org/dc/terms/source","references","","17157","",""
"traits","","34669","http://purl.org/dc/terms/source","references","","17157","",""
"traits","","34670","http://purl.org/dc/terms/source","references","","17157","",""
"traits","","34671","http://purl.org/dc/terms/source","references","","17157","",""
"traits","","34672","http://purl.org/dc/terms/source","references","","17157","",""
"traits","","34673","http://purl.org/dc/terms/source","references","","17157","",""
"traits","","34674","http://purl.org/dc/terms/source","references","","17157","",""
"traits","","34675","http://purl.org/dc/terms/source","references","","17157","",""
"traits","","34676","http://purl.org/dc/terms/source","references","","17157","",""
"traits","","34677","http://purl.org/dc/terms/source","references","","48122","",""
"traits","","34678","http://purl.org/dc/terms/source","references","","48122","",""
"traits","","34680","http://purl.org/dc/terms/source","references","","48122","",""
"traits","","34681","http://purl.org/dc/terms/source","references","","48122","",""
"traits","","34682","http://purl.org/dc/terms/source","references","","48122","",""
"traits","","34683","http://purl.org/dc/terms/source","references","","48122","",""
"traits","","34684","http://purl.org/dc/terms/source","references","","48122","",""
"traits","","34685","http://purl.org/dc/terms/source","references","","48122","",""
"traits","","34686","http://purl.org/dc/terms/source","references","","48122","",""
"traits","","34687","http://purl.org/dc/terms/source","references","","48122","",""
"traits","","34688","http://purl.org/dc/terms/source","references","","48122","",""
"traits","","34689","http://purl.org/dc/terms/source","references","","48122","",""
"traits","","34690","http://purl.org/dc/terms/source","references","","48122","",""
"traits","","34691","http://purl.org/dc/terms/source","references","","48122","",""
"traits","","34692","http://purl.org/dc/terms/source","references","","48122","",""
"traits","","34693","http://purl.org/dc/terms/source","references","","48122","",""
"traits","","34694","http://purl.org/dc/terms/source","references","","48122","",""
"traits","","34695","http://purl.org/dc/terms/source","references","","48122","",""
"traits","","34696","http://purl.org/dc/terms/source","references","","48122","",""
"traits","","34697","http://purl.org/dc/terms/source","references","","48122","",""
"traits","","34698","http://purl.org/dc/terms/source","references","","48122","",""
"traits","","34699","http://purl.org/dc/terms/source","references","","48122","",""
"traits","","34700","http://purl.org/dc/terms/source","references","","48122","",""
"traits","","34701","http://purl.org/dc/terms/source","references","","48122","",""
"traits","","34702","http://purl.org/dc/terms/source","references","","48122","",""
"traits","","34703","http://purl.org/dc/terms/source","references","","48122","",""
"traits","","34704","http://purl.org/dc/terms/source","references","","48122","",""
"traits","","34705","http://purl.org/dc/terms/source","references","","48122","",""
"traits","","34706","http://purl.org/dc/terms/source","references","","48122","",""
"traits","","34707","http://purl.org/dc/terms/source","references","","48122","",""
"traits","","34708","http://purl.org/dc/terms/source","references","","48122","",""
"traits","","34709","http://purl.org/dc/terms/source","references","","48140","",""
"traits","","34710","http://purl.org/dc/terms/source","references","","48140","",""
"traits","","34711","http://purl.org/dc/terms/source","references","","48140","",""
"traits","","34712","http://purl.org/dc/terms/source","references","","48140","",""
"traits","","34713","http://purl.org/dc/terms/source","references","","48140","",""
"traits","","34714","http://purl.org/dc/terms/source","references","","48140","",""
"traits","","34715","http://purl.org/dc/terms/source","references","","48140","",""
"traits","","34716","http://purl.org/dc/terms/source","references","","48140","",""
"traits","","34717","http://purl.org/dc/terms/source","references","","48140","",""
"traits","","37044","http://purl.org/dc/terms/source","references","","50509","",""
"traits","","37046","http://purl.org/dc/terms/source","references","","50518","",""
"traits","","37047","http://purl.org/dc/terms/source","references","","50518","",""
"traits","","37048","http://purl.org/dc/terms/source","references","","50518","",""
"traits","","37049","http://purl.org/dc/terms/source","references","","50518","",""
"traits","","37050","http://purl.org/dc/terms/source","references","","50518","",""
"traits","","37051","http://purl.org/dc/terms/source","references","","50518","",""
"traits","","37052","http://purl.org/dc/terms/source","references","","50518","",""
"traits","","37053","http://purl.org/dc/terms/source","references","","50518","",""
"traits","","37054","http://purl.org/dc/terms/source","references","","50518","",""
"traits","","37198","http://purl.org/dc/terms/source","references","","50652","",""
"traits","","37199","http://purl.org/dc/terms/source","references","","50652","",""
"traits","","37200","http://purl.org/dc/terms/source","references","","50652","",""
"traits","","37201","http://purl.org/dc/terms/source","references","","50652","",""
"traits","","37202","http://purl.org/dc/terms/source","references","","50652","",""
"traits","","37203","http://purl.org/dc/terms/source","references","","50652","",""
"traits","","37204","http://purl.org/dc/terms/source","references","","50652","",""
"traits","","37205","http://purl.org/dc/terms/source","references","","50652","",""
"traits","","37206","http://purl.org/dc/terms/source","references","","50652","",""
"traits","","37207","http://purl.org/dc/terms/source","references","","50652","",""
"traits","","37208","http://purl.org/dc/terms/source","references","","50652","",""
"traits","","37209","http://purl.org/dc/terms/source","references","","50652","",""
"traits","","37210","http://purl.org/dc/terms/source","references","","50652","",""
"traits","","37211","http://purl.org/dc/terms/source","references","","50652","",""
"traits","","37212","http://purl.org/dc/terms/source","references","","50652","",""
"traits","","37213","http://purl.org/dc/terms/source","references","","50652","",""
"traits","","37214","http://purl.org/dc/terms/source","references","","50652","",""
"traits","","37215","http://purl.org/dc/terms/source","references","","50652","",""
"traits","","37216","http://purl.org/dc/terms/source","references","","50652","",""
"traits","","37217","http://purl.org/dc/terms/source","references","","50652","",""
"traits","","37218","http://purl.org/dc/terms/source","references","","50652","",""
"traits","","37219","http://purl.org/dc/terms/source","references","","50652","",""
"traits","","37220","http://purl.org/dc/terms/source","references","","50652","",""
"traits","","37221","http://purl.org/dc/terms/source","references","","50652","",""
"traits","","37222","http://purl.org/dc/terms/source","references","","50652","",""
"traits","","37223","http://purl.org/dc/terms/source","references","","50652","",""
"traits","","37224","http://purl.org/dc/terms/source","references","","50652","",""
"traits","","37225","http://purl.org/dc/terms/source","references","","50652","",""
"traits","","37226","http://purl.org/dc/terms/source","references","","50652","",""
"traits","","37227","http://purl.org/dc/terms/source","references","","50652","",""
"traits","","37228","http://purl.org/dc/terms/source","references","","50652","",""
"traits","","37229","http://purl.org/dc/terms/source","references","","50652","",""
"traits","","37230","http://purl.org/dc/terms/source","references","","50652","",""
"traits","","37231","http://purl.org/dc/terms/source","references","","50673","",""
"traits","","37232","http://purl.org/dc/terms/source","references","","50673","",""
"traits","","37233","http://purl.org/dc/terms/source","references","","47339","",""
"traits","","37234","http://purl.org/dc/terms/source","references","","47339","",""
"traits","","37235","http://purl.org/dc/terms/source","references","","47339","",""
"traits","","37236","http://purl.org/dc/terms/source","references","","47339","",""
"traits","","37237","http://purl.org/dc/terms/source","references","","47339","",""
"traits","","37238","http://purl.org/dc/terms/source","references","","47339","",""
"traits","","37239","http://purl.org/dc/terms/source","references","","47339","",""
"traits","","37240","http://purl.org/dc/terms/source","references","","47339","",""
"traits","","37241","http://purl.org/dc/terms/source","references","","47339","",""
"traits","","37242","http://purl.org/dc/terms/source","references","","47339","",""
"traits","","37243","http://purl.org/dc/terms/source","references","","47339","",""
"traits","","37244","http://purl.org/dc/terms/source","references","","47339","",""
"traits","","37245","http://purl.org/dc/terms/source","references","","47339","",""
"traits","","37246","http://purl.org/dc/terms/source","references","","47339","",""
"traits","","37247","http://purl.org/dc/terms/source","references","","47339","",""
"traits","","37248","http://purl.org/dc/terms/source","references","","47339","",""
"traits","","37249","http://purl.org/dc/terms/source","references","","47339","",""
"traits","","37250","http://purl.org/dc/terms/source","references","","47339","",""
"traits","","37251","http://purl.org/dc/terms/source","references","","47339","",""
"traits","","37252","http://purl.org/dc/terms/source","references","","47339","",""
"traits","","37253","http://purl.org/dc/terms/source","references","","47339","",""
"traits","","37254","http://purl.org/dc/terms/source","references","","47339","",""
"traits","","37255","http://purl.org/dc/terms/source","references","","47339","",""
"traits","","37256","http://purl.org/dc/terms/source","references","","47339","",""
"traits","","37257","http://purl.org/dc/terms/source","references","","47339","",""
"traits","","37258","http://purl.org/dc/terms/source","references","","47339","",""
"traits","","37259","http://purl.org/dc/terms/source","references","","47339","",""
"traits","","37260","http://purl.org/dc/terms/source","references","","47339","",""
"traits","","37261","http://purl.org/dc/terms/source","references","","47339","",""
"traits","","37262","http://purl.org/dc/terms/source","references","","47339","",""
"traits","","37263","http://purl.org/dc/terms/source","references","","50688","",""
"traits","","37264","http://purl.org/dc/terms/source","references","","47339","",""
"traits","","37265","http://purl.org/dc/terms/source","references","","47339","",""
"traits","","37266","http://purl.org/dc/terms/source","references","","47339","",""
"traits","","37267","http://purl.org/dc/terms/source","references","","47339","",""
"traits","","37268","http://purl.org/dc/terms/source","references","","47339","",""
"traits","","37269","http://purl.org/dc/terms/source","references","","47339","",""
"traits","","37270","http://purl.org/dc/terms/source","references","","47339","",""
"traits","","37271","http://purl.org/dc/terms/source","references","","47339","",""
"traits","","37272","http://purl.org/dc/terms/source","references","","47339","",""
"traits","","37273","http://purl.org/dc/terms/source","references","","47339","",""
"traits","","37274","http://purl.org/dc/terms/source","references","","47339","",""
"traits","","37275","http://purl.org/dc/terms/source","references","","47339","",""
"traits","","37276","http://purl.org/dc/terms/source","references","","47339","",""
"traits","","37277","http://purl.org/dc/terms/source","references","","47339","",""
"traits","","37278","http://purl.org/dc/terms/source","references","","47339","",""
"traits","","37279","http://purl.org/dc/terms/source","references","","47339","",""
"traits","","37280","http://purl.org/dc/terms/source","references","","47339","",""
"traits","","37281","http://purl.org/dc/terms/source","references","","47339","",""
"traits","","37282","http://purl.org/dc/terms/source","references","","50695","",""
"traits","","37283","http://purl.org/dc/terms/source","references","","50695","",""
"traits","","37284","http://purl.org/dc/terms/source","references","","50703","",""
"traits","","37285","http://purl.org/dc/terms/source","references","","50703","",""
"traits","","37286","http://purl.org/dc/terms/source","references","","50703","",""
"traits","","37287","http://purl.org/dc/terms/source","references","","50709","",""
"traits","","37288","http://purl.org/dc/terms/source","references","","50717","",""
"traits","","37289","http://purl.org/dc/terms/source","references","","50717","",""
"traits","","37306","http://purl.org/dc/terms/source","references","","50773","",""
"traits","","37307","http://purl.org/dc/terms/source","references","","50773","",""
"traits","","37308","http://purl.org/dc/terms/source","references","","50909","",""
"traits","","37311","http://purl.org/dc/terms/source","references","","50909","",""
"traits","","37312","http://purl.org/dc/terms/source","references","","50909","",""
"traits","","37313","http://purl.org/dc/terms/source","references","","50909","",""
"traits","","37314","http://purl.org/dc/terms/source","references","","50909","",""
"traits","","37315","http://purl.org/dc/terms/source","references","","50909","",""
"traits","","37316","http://purl.org/dc/terms/source","references","","50909","",""
"traits","","37317","http://purl.org/dc/terms/source","references","","50909","",""
"traits","","37318","http://purl.org/dc/terms/source","references","","50909","",""
"traits","","37319","http://purl.org/dc/terms/source","references","","50909","",""
"traits","","37320","http://purl.org/dc/terms/source","references","","50909","",""
"traits","","37321","http://purl.org/dc/terms/source","references","","50909","",""
"traits","","37322","http://purl.org/dc/terms/source","references","","50909","",""
"traits","","37323","http://purl.org/dc/terms/source","references","","50909","",""
"traits","","37324","http://purl.org/dc/terms/source","references","","50909","",""
"traits","","37325","http://purl.org/dc/terms/source","references","","50909","",""
"traits","","37326","http://purl.org/dc/terms/source","references","","50909","",""
"traits","","37327","http://purl.org/dc/terms/source","references","","50909","",""
"traits","","37328","http://purl.org/dc/terms/source","references","","50909","",""
"traits","","37329","http://purl.org/dc/terms/source","references","","50909","",""
"traits","","37330","http://purl.org/dc/terms/source","references","","50909","",""
"traits","","37331","http://purl.org/dc/terms/source","references","","50909","",""
"traits","","37332","http://purl.org/dc/terms/source","references","","50909","",""
"traits","","37333","http://purl.org/dc/terms/source","references","","50909","",""
"traits","","37334","http://purl.org/dc/terms/source","references","","50909","",""
"traits","","37335","http://purl.org/dc/terms/source","references","","50909","",""
"traits","","37336","http://purl.org/dc/terms/source","references","","50909","",""
"traits","","37337","http://purl.org/dc/terms/source","references","","50909","",""
"traits","","37338","http://purl.org/dc/terms/source","references","","50909","",""
"traits","","37339","http://purl.org/dc/terms/source","references","","50909","",""
"traits","","37340","http://purl.org/dc/terms/source","references","","50909","",""
"traits","","37341","http://purl.org/dc/terms/source","references","","50909","",""
"traits","","37342","http://purl.org/dc/terms/source","references","","50909","",""
"traits","","37343","http://purl.org/dc/terms/source","references","","50909","",""
"traits","","37344","http://purl.org/dc/terms/source","references","","50909","",""
"traits","","37345","http://purl.org/dc/terms/source","references","","50909","",""
"traits","","37359","http://purl.org/dc/terms/source","references","","50909","",""
"traits","","37360","http://purl.org/dc/terms/source","references","","50909","",""
"traits","","37361","http://purl.org/dc/terms/source","references","","50909","",""
"traits","","37362","http://purl.org/dc/terms/source","references","","50909","",""
"traits","","37363","http://purl.org/dc/terms/source","references","","50909","",""
"traits","","37364","http://purl.org/dc/terms/source","references","","50909","",""
"traits","","37365","http://purl.org/dc/terms/source","references","","50909","",""
"traits","","37366","http://purl.org/dc/terms/source","references","","50909","",""
"traits","","37367","http://purl.org/dc/terms/source","references","","50909","",""
"traits","","37368","http://purl.org/dc/terms/source","references","","50909","",""
"traits","","37369","http://purl.org/dc/terms/source","references","","50909","",""
"traits","","37370","http://purl.org/dc/terms/source","references","","50909","",""
"traits","","37371","http://purl.org/dc/terms/source","references","","50909","",""
"traits","","37372","http://purl.org/dc/terms/source","references","","50909","",""
"traits","","37373","http://purl.org/dc/terms/source","references","","50909","",""
"traits","","37374","http://purl.org/dc/terms/source","references","","50909","",""
"traits","","37375","http://purl.org/dc/terms/source","references","","50909","",""
"traits","","37376","http://purl.org/dc/terms/source","references","","50909","",""
"traits","","37377","http://purl.org/dc/terms/source","references","","50909","",""
"traits","","37378","http://purl.org/dc/terms/source","references","","50909","",""
"traits","","37379","http://purl.org/dc/terms/source","references","","50909","",""
"traits","","37380","http://purl.org/dc/terms/source","references","","50909","",""
"traits","","37381","http://purl.org/dc/terms/source","references","","50909","",""
"traits","","37382","http://purl.org/dc/terms/source","references","","50909","",""
"traits","","37383","http://purl.org/dc/terms/source","references","","50909","",""
"traits","","37384","http://purl.org/dc/terms/source","references","","50909","",""
"traits","","37385","http://purl.org/dc/terms/source","references","","50909","",""
"traits","","37386","http://purl.org/dc/terms/source","references","","50909","",""
"traits","","37387","http://purl.org/dc/terms/source","references","","50909","",""
"traits","","37388","http://purl.org/dc/terms/source","references","","50909","",""
"traits","","37389","http://purl.org/dc/terms/source","references","","50909","",""
"traits","","37390","http://purl.org/dc/terms/source","references","","50909","",""
"traits","","37391","http://purl.org/dc/terms/source","references","","50909","",""
"traits","","37392","http://purl.org/dc/terms/source","references","","50909","",""
"traits","","37393","http://purl.org/dc/terms/source","references","","50909","",""
"traits","","37394","http://purl.org/dc/terms/source","references","","50909","",""
"traits","","37395","http://purl.org/dc/terms/source","references","","50909","",""
"traits","","37396","http://purl.org/dc/terms/source","references","","50909","",""
"traits","","37397","http://purl.org/dc/terms/source","references","","50909","",""
"traits","","37398","http://purl.org/dc/terms/source","references","","50909","",""
"traits","","37500","http://purl.org/dc/terms/source","references","","51469","",""
"traits","","37502","http://purl.org/dc/terms/source","references","","51475","",""
"traits","","37503","http://purl.org/dc/terms/source","references","","51475","",""
"traits","","37504","http://purl.org/dc/terms/source","references","","51475","",""
"traits","","37505","http://purl.org/dc/terms/source","references","","51475","",""
"traits","","37506","http://purl.org/dc/terms/source","references","","51475","",""
"traits","","37507","http://purl.org/dc/terms/source","references","","51475","",""
"traits","","37508","http://purl.org/dc/terms/source","references","","51475","",""
"traits","","37509","http://purl.org/dc/terms/source","references","","51475","",""
"traits","","37510","http://purl.org/dc/terms/source","references","","51475","",""
"traits","","37511","http://purl.org/dc/terms/source","references","","51475","",""
"traits","","37516","http://purl.org/dc/terms/source","references","","51480","",""
"traits","","37518","http://purl.org/dc/terms/source","references","","51484","",""
"traits","","37519","http://purl.org/dc/terms/source","references","","51484","",""
"traits","","37520","http://purl.org/dc/terms/source","references","","51484","",""
"traits","","37521","http://purl.org/dc/terms/source","references","","51484","",""
"traits","","37522","http://purl.org/dc/terms/source","references","","51484","",""
"traits","","37523","http://purl.org/dc/terms/source","references","","51484","",""
"traits","","37524","http://purl.org/dc/terms/source","references","","51484","",""
"traits","","37525","http://purl.org/dc/terms/source","references","","51484","",""
"traits","","37526","http://purl.org/dc/terms/source","references","","51484","",""
"traits","","37527","http://purl.org/dc/terms/source","references","","51484","",""
"traits","","37528","http://purl.org/dc/terms/source","references","","51484","",""
"traits","","37529","http://purl.org/dc/terms/source","references","","51484","",""
"traits","","37530","http://purl.org/dc/terms/source","references","","51484","",""
"traits","","37531","http://purl.org/dc/terms/source","references","","51484","",""
"traits","","37532","http://purl.org/dc/terms/source","references","","51484","",""
"traits","","37533","http://purl.org/dc/terms/source","references","","51484","",""
"traits","","37534","http://purl.org/dc/terms/source","references","","51484","",""
"traits","","37535","http://purl.org/dc/terms/source","references","","51509","",""
"traits","","37537","http://purl.org/dc/terms/source","references","","51509","",""
"traits","","37538","http://purl.org/dc/terms/source","references","","51509","",""
"traits","","37539","http://purl.org/dc/terms/source","references","","51509","",""
"traits","","37541","http://purl.org/dc/terms/source","references","","51509","",""
"traits","","37542","http://purl.org/dc/terms/source","references","","51514","",""
"traits","","37543","http://purl.org/dc/terms/source","references","","51514","",""
"traits","","37544","http://purl.org/dc/terms/source","references","","51514","",""
"traits","","37545","http://purl.org/dc/terms/source","references","","51514","",""
"traits","","37546","http://purl.org/dc/terms/source","references","","51514","",""
"traits","","37547","http://purl.org/dc/terms/source","references","","51514","",""
"traits","","37548","http://purl.org/dc/terms/source","references","","51514","",""
"traits","","37549","http://purl.org/dc/terms/source","references","","51514","",""
"traits","","37550","http://purl.org/dc/terms/source","references","","51514","",""
"traits","","37817","http://purl.org/dc/terms/source","references","","52680","",""
"traits","","37818","http://purl.org/dc/terms/source","references","","52683","",""
"traits","","37819","http://purl.org/dc/terms/source","references","","52683","",""
"traits","","37820","http://purl.org/dc/terms/source","references","","52683","",""
"traits","","37821","http://purl.org/dc/terms/source","references","","52683","",""
"traits","","37822","http://purl.org/dc/terms/source","references","","52683","",""
"traits","","37823","http://purl.org/dc/terms/source","references","","52683","",""
"traits","","37824","http://purl.org/dc/terms/source","references","","52683","",""
"traits","","37825","http://purl.org/dc/terms/source","references","","52683","",""
"traits","","37826","http://purl.org/dc/terms/source","references","","52683","",""
"traits","","37827","http://purl.org/dc/terms/source","references","","52683","",""
"traits","","37828","http://purl.org/dc/terms/source","references","","52683","",""
"traits","","37829","http://purl.org/dc/terms/source","references","","52683","",""
"traits","","37830","http://purl.org/dc/terms/source","references","","52683","",""
"traits","","37831","http://purl.org/dc/terms/source","references","","52683","",""
"traits","","37832","http://purl.org/dc/terms/source","references","","52683","",""
"traits","","37833","http://purl.org/dc/terms/source","references","","52683","",""
"traits","","37834","http://purl.org/dc/terms/source","references","","52683","",""
"traits","","37835","http://purl.org/dc/terms/source","references","","52683","",""
"traits","","37836","http://purl.org/dc/terms/source","references","","52683","",""
"traits","","37837","http://purl.org/dc/terms/source","references","","52683","",""
"traits","","37838","http://purl.org/dc/terms/source","references","","52683","",""
"traits","","37839","http://purl.org/dc/terms/source","references","","52683","",""
"traits","","37840","http://purl.org/dc/terms/source","references","","52683","",""
"traits","","37841","http://purl.org/dc/terms/source","references","","52683","",""
"traits","","37842","http://purl.org/dc/terms/source","references","","52683","",""
"traits","","37843","http://purl.org/dc/terms/source","references","","52683","",""
"traits","","37844","http://purl.org/dc/terms/source","references","","52683","",""
"traits","","37845","http://purl.org/dc/terms/source","references","","52683","",""
"traits","","37846","http://purl.org/dc/terms/source","references","","52683","",""
"traits","","37847","http://purl.org/dc/terms/source","references","","52683","",""
"traits","","37848","http://purl.org/dc/terms/source","references","","52683","",""
"traits","","37849","http://purl.org/dc/terms/source","references","","52683","",""
"traits","","37850","http://purl.org/dc/terms/source","references","","52683","",""
"traits","","37851","http://purl.org/dc/terms/source","references","","52683","",""
"traits","","37852","http://purl.org/dc/terms/source","references","","52683","",""
"traits","","37853","http://purl.org/dc/terms/source","references","","52683","",""
"traits","","37854","http://purl.org/dc/terms/source","references","","52683","",""
"traits","","37855","http://purl.org/dc/terms/source","references","","52683","",""
"traits","","37856","http://purl.org/dc/terms/source","references","","52683","",""
"traits","","37857","http://purl.org/dc/terms/source","references","","52683","",""
"traits","","37858","http://purl.org/dc/terms/source","references","","52683","",""
"traits","","37859","http://purl.org/dc/terms/source","references","","52683","",""
"traits","","37860","http://purl.org/dc/terms/source","references","","52683","",""
"traits","","37861","http://purl.org/dc/terms/source","references","","52683","",""
"traits","","37862","http://purl.org/dc/terms/source","references","","52683","",""
"traits","","37863","http://purl.org/dc/terms/source","references","","52683","",""
"traits","","37864","http://purl.org/dc/terms/source","references","","52683","",""
"traits","","37865","http://purl.org/dc/terms/source","references","","52683","",""
"traits","","37866","http://purl.org/dc/terms/source","references","","52683","",""
"traits","","37867","http://purl.org/dc/terms/source","references","","52683","",""
"traits","","37868","http://purl.org/dc/terms/source","references","","52683","",""
"traits","","37869","http://purl.org/dc/terms/source","references","","52683","",""
"traits","","37870","http://purl.org/dc/terms/source","references","","52683","",""
"traits","","37871","http://purl.org/dc/terms/source","references","","52683","",""
"traits","","37872","http://purl.org/dc/terms/source","references","","52683","",""
"traits","","37873","http://purl.org/dc/terms/source","references","","52683","",""
"traits","","37874","http://purl.org/dc/terms/source","references","","52683","",""
"traits","","37875","http://purl.org/dc/terms/source","references","","52683","",""
"traits","","37876","http://purl.org/dc/terms/source","references","","52683","",""
"traits","","37877","http://purl.org/dc/terms/source","references","","50916","",""
"traits","","37878","http://purl.org/dc/terms/source","references","","50916","",""
"traits","","37879","http://purl.org/dc/terms/source","references","","50916","",""
"traits","","37880","http://purl.org/dc/terms/source","references","","50916","",""
"traits","","37881","http://purl.org/dc/terms/source","references","","50916","",""
"traits","","37882","http://purl.org/dc/terms/source","references","","50916","",""
"traits","","37883","http://purl.org/dc/terms/source","references","","50916","",""
"traits","","37884","http://purl.org/dc/terms/source","references","","50916","",""
"traits","","37885","http://purl.org/dc/terms/source","references","","50916","",""
"traits","","37886","http://purl.org/dc/terms/source","references","","50916","",""
"traits","","37887","http://purl.org/dc/terms/source","references","","50916","",""
"traits","","37888","http://purl.org/dc/terms/source","references","","50916","",""
"traits","","37889","http://purl.org/dc/terms/source","references","","50916","",""
"traits","","37890","http://purl.org/dc/terms/source","references","","50916","",""
"traits","","37891","http://purl.org/dc/terms/source","references","","52724","",""
"traits","","37892","http://purl.org/dc/terms/source","references","","52724","",""
"traits","","37893","http://purl.org/dc/terms/source","references","","52724","",""
"traits","","37894","http://purl.org/dc/terms/source","references","","52724","",""
"traits","","37895","http://purl.org/dc/terms/source","references","","52724","",""
"traits","","37896","http://purl.org/dc/terms/source","references","","52724","",""
"traits","","37897","http://purl.org/dc/terms/source","references","","52737","",""
"traits","","37898","http://purl.org/dc/terms/source","references","","52737","",""
"traits","","37899","http://purl.org/dc/terms/source","references","","52736","",""
"traits","","37900","http://purl.org/dc/terms/source","references","","52736","",""
"traits","","37901","http://purl.org/dc/terms/source","references","","52736","",""
"traits","","37902","http://purl.org/dc/terms/source","references","","52736","",""
"traits","","37903","http://purl.org/dc/terms/source","references","","52736","",""
"traits","","37904","http://purl.org/dc/terms/source","references","","52736","",""
"traits","","37913","http://purl.org/dc/terms/source","references","","52750","",""
"traits","","37915","http://purl.org/dc/terms/source","references","","52743","",""
"traits","","37916","http://purl.org/dc/terms/source","references","","52743","",""
"traits","","37924","http://purl.org/dc/terms/source","references","","52765","",""
"traits","","37925","http://purl.org/dc/terms/source","references","","52768","",""
"traits","","37926","http://purl.org/dc/terms/source","references","","52768","",""
"traits","","37927","http://purl.org/dc/terms/source","references","","52768","",""
"traits","","37928","http://purl.org/dc/terms/source","references","","52768","",""
"traits","","37929","http://purl.org/dc/terms/source","references","","52768","",""
"traits","","37930","http://purl.org/dc/terms/source","references","","52768","",""
"traits","","37931","http://purl.org/dc/terms/source","references","","52768","",""
"traits","","37932","http://purl.org/dc/terms/source","references","","52768","",""
"traits","","37933","http://purl.org/dc/terms/source","references","","52768","",""
"traits","","37934","http://purl.org/dc/terms/source","references","","52768","",""
"traits","","37935","http://purl.org/dc/terms/source","references","","52768","",""
"traits","","37936","http://purl.org/dc/terms/source","references","","52768","",""
"traits","","37937","http://purl.org/dc/terms/source","references","","52768","",""
"traits","","37938","http://purl.org/dc/terms/source","references","","52768","",""
"traits","","37939","http://purl.org/dc/terms/source","references","","52768","",""
"traits","","37940","http://purl.org/dc/terms/source","references","","52768","",""
"traits","","37941","http://purl.org/dc/terms/source","references","","52768","",""
"traits","","37942","http://purl.org/dc/terms/source","references","","52768","",""
"traits","","37943","http://purl.org/dc/terms/source","references","","52785","",""
"traits","","37944","http://purl.org/dc/terms/source","references","","52787","",""
"traits","","37945","http://purl.org/dc/terms/source","references","","52787","",""
"traits","","37946","http://purl.org/dc/terms/source","references","","52787","",""
"traits","","37947","http://purl.org/dc/terms/source","references","","52787","",""
"traits","","37948","http://purl.org/dc/terms/source","references","","52787","",""
"traits","","37949","http://purl.org/dc/terms/source","references","","52787","",""
"traits","","37950","http://purl.org/dc/terms/source","references","","52787","",""
"traits","","37951","http://purl.org/dc/terms/source","references","","52787","",""
"traits","","37996","http://purl.org/dc/terms/source","references","","52843","",""
"traits","","38057","http://purl.org/dc/terms/source","references","","53096","",""
"traits","","38058","http://purl.org/dc/terms/source","references","","53096","",""
"traits","","38059","http://purl.org/dc/terms/source","references","","53104","",""
"traits","","38060","http://purl.org/dc/terms/source","references","","53104","",""
"traits","","38061","http://purl.org/dc/terms/source","references","","53104","",""
"traits","","38062","http://purl.org/dc/terms/source","references","","53104","",""
"traits","","38063","http://purl.org/dc/terms/source","references","","53104","",""
"traits","","38064","http://purl.org/dc/terms/source","references","","53104","",""
"traits","","38065","http://purl.org/dc/terms/source","references","","53104","",""
"traits","","38066","http://purl.org/dc/terms/source","references","","53104","",""
"traits","","38067","http://purl.org/dc/terms/source","references","","53104","",""
"traits","","38068","http://purl.org/dc/terms/source","references","","53104","",""
"traits","","38069","http://purl.org/dc/terms/source","references","","53104","",""
"traits","","38070","http://purl.org/dc/terms/source","references","","53104","",""
"traits","","38078","http://purl.org/dc/terms/source","references","","53104","",""
"traits","","38079","http://purl.org/dc/terms/source","references","","53104","",""
"traits","","38080","http://purl.org/dc/terms/source","references","","53104","",""
"traits","","38081","http://purl.org/dc/terms/source","references","","53104","",""
"traits","","38082","http://purl.org/dc/terms/source","references","","53104","",""
"traits","","38084","http://purl.org/dc/terms/source","references","","53104","",""
"traits","","38085","http://purl.org/dc/terms/source","references","","53104","",""
"traits","","38086","http://purl.org/dc/terms/source","references","","53104","",""
"traits","","38087","http://purl.org/dc/terms/source","references","","53104","",""
"traits","","38138","http://purl.org/dc/terms/source","references","","53378","",""
"traits","","38139","http://purl.org/dc/terms/source","references","","53378","",""
"traits","","38140","http://purl.org/dc/terms/source","references","","53378","",""
"traits","","38155","http://purl.org/dc/terms/source","references","","53403","",""
"traits","","38206","http://purl.org/dc/terms/source","references","","53560","",""
"traits","","38207","http://purl.org/dc/terms/source","references","","53560","",""
"traits","","38208","http://purl.org/dc/terms/source","references","","53560","",""
"traits","","38209","http://purl.org/dc/terms/source","references","","53560","",""
"traits","","38210","http://purl.org/dc/terms/source","references","","53560","",""
"traits","","38211","http://purl.org/dc/terms/source","references","","53560","",""
"traits","","38212","http://purl.org/dc/terms/source","references","","53569","",""
"traits","","38213","http://purl.org/dc/terms/source","references","","53569","",""
"traits","","38214","http://purl.org/dc/terms/source","references","","53569","",""
"traits","","38215","http://purl.org/dc/terms/source","references","","53569","",""
"traits","","38216","http://purl.org/dc/terms/source","references","","53569","",""
"traits","","38219","http://purl.org/dc/terms/source","references","","53575","",""
"traits","","38237","http://purl.org/dc/terms/source","references","","57299","",""
"traits","","38238","http://purl.org/dc/terms/source","references","","57299","",""
"traits","","38239","http://purl.org/dc/terms/source","references","","57299","",""
"traits","","38240","http://purl.org/dc/terms/source","references","","57299","",""
"traits","","38241","http://purl.org/dc/terms/source","references","","57299","",""
"traits","","38242","http://purl.org/dc/terms/source","references","","57299","",""
"traits","","38243","http://purl.org/dc/terms/source","references","","57299","",""
"traits","","38244","http://purl.org/dc/terms/source","references","","57299","",""
"traits","","38272","http://purl.org/dc/terms/source","references","","57423","",""
"traits","","38273","http://purl.org/dc/terms/source","references","","57427","",""
"traits","","38274","http://purl.org/dc/terms/source","references","","57427","",""
"traits","","38275","http://purl.org/dc/terms/source","references","","57427","",""
"traits","","38276","http://purl.org/dc/terms/source","references","","57427","",""
"traits","","38277","http://purl.org/dc/terms/source","references","","57427","",""
"traits","","38278","http://purl.org/dc/terms/source","references","","57427","",""
"traits","","38279","http://purl.org/dc/terms/source","references","","57427","",""
"traits","","38280","http://purl.org/dc/terms/source","references","","57427","",""
"traits","","38281","http://purl.org/dc/terms/source","references","","57427","",""
"traits","","38282","http://purl.org/dc/terms/source","references","","57427","",""
"traits","","38283","http://purl.org/dc/terms/source","references","","57427","",""
"traits","","38284","http://purl.org/dc/terms/source","references","","57427","",""
"traits","","38285","http://purl.org/dc/terms/source","references","","57427","",""
"traits","","38286","http://purl.org/dc/terms/source","references","","57427","",""
"traits","","38287","http://purl.org/dc/terms/source","references","","57427","",""
"traits","","38288","http://purl.org/dc/terms/source","references","","57427","",""
"traits","","38289","http://purl.org/dc/terms/source","references","","57427","",""
"traits","","38290","http://purl.org/dc/terms/source","references","","57427","",""
"traits","","38291","http://purl.org/dc/terms/source","references","","57427","",""
"traits","","38292","http://purl.org/dc/terms/source","references","","57427","",""
"traits","","38293","http://purl.org/dc/terms/source","references","","57427","",""
"traits","","38294","http://purl.org/dc/terms/source","references","","57427","",""
"traits","","38295","http://purl.org/dc/terms/source","references","","57427","",""
"traits","","38296","http://purl.org/dc/terms/source","references","","57427","",""
"traits","","38297","http://purl.org/dc/terms/source","references","","57427","",""
"traits","","38298","http://purl.org/dc/terms/source","references","","57427","",""
"traits","","38299","http://purl.org/dc/terms/source","references","","57427","",""
"traits","","38300","http://purl.org/dc/terms/source","references","","57427","",""
"traits","","38301","http://purl.org/dc/terms/source","references","","57427","",""
"traits","","38302","http://purl.org/dc/terms/source","references","","57427","",""
"traits","","38303","http://purl.org/dc/terms/source","references","","57427","",""
"traits","","38304","http://purl.org/dc/terms/source","references","","57427","",""
"traits","","38305","http://purl.org/dc/terms/source","references","","57427","",""
"traits","","38306","http://purl.org/dc/terms/source","references","","57427","",""
"traits","","38307","http://purl.org/dc/terms/source","references","","57427","",""
"traits","","38308","http://purl.org/dc/terms/source","references","","57427","",""
"traits","","38309","http://purl.org/dc/terms/source","references","","57427","",""
"traits","","38310","http://purl.org/dc/terms/source","references","","57427","",""
"traits","","38311","http://purl.org/dc/terms/source","references","","57427","",""
"traits","","38312","http://purl.org/dc/terms/source","references","","57427","",""
"traits","","38313","http://purl.org/dc/terms/source","references","","57427","",""
"traits","","38328","http://purl.org/dc/terms/source","references","","57427","",""
"traits","","38335","http://purl.org/dc/terms/source","references","","57427","",""
"traits","","38336","http://purl.org/dc/terms/source","references","","57427","",""
"traits","","38337","http://purl.org/dc/terms/source","references","","57427","",""
"traits","","38341","http://purl.org/dc/terms/source","references","","57427","",""
"traits","","38342","http://purl.org/dc/terms/source","references","","57427","",""
"traits","","38343","http://purl.org/dc/terms/source","references","","57427","",""
"traits","","38344","http://purl.org/dc/terms/source","references","","57427","",""
"traits","","38345","http://purl.org/dc/terms/source","references","","57427","",""
"traits","","38346","http://purl.org/dc/terms/source","references","","57427","",""
"traits","","38347","http://purl.org/dc/terms/source","references","","57427","",""
"traits","","38348","http://purl.org/dc/terms/source","references","","57427","",""
"traits","","38349","http://purl.org/dc/terms/source","references","","57427","",""
"traits","","38350","http://purl.org/dc/terms/source","references","","57427","",""
"traits","","38351","http://purl.org/dc/terms/source","references","","57427","",""
"traits","","38352","http://purl.org/dc/terms/source","references","","57427","",""
"traits","","38353","http://purl.org/dc/terms/source","references","","57427","",""
"traits","","38354","http://purl.org/dc/terms/source","references","","57427","",""
"traits","","38355","http://purl.org/dc/terms/source","references","","57427","",""
"traits","","38356","http://purl.org/dc/terms/source","references","","57427","",""
"traits","","38357","http://purl.org/dc/terms/source","references","","57427","",""
"traits","","38358","http://purl.org/dc/terms/source","references","","57427","",""
"traits","","38359","http://purl.org/dc/terms/source","references","","57427","",""
"traits","","38360","http://purl.org/dc/terms/source","references","","57427","",""
"traits","","38361","http://purl.org/dc/terms/source","references","","57427","",""
"traits","","38362","http://purl.org/dc/terms/source","references","","57427","",""
"traits","","38363","http://purl.org/dc/terms/source","references","","57427","",""
"traits","","38364","http://purl.org/dc/terms/source","references","","57427","",""
"traits","","38365","http://purl.org/dc/terms/source","references","","57427","",""
"traits","","38366","http://purl.org/dc/terms/source","references","","57427","",""
"traits","","38367","http://purl.org/dc/terms/source","references","","57427","",""
"traits","","38368","http://purl.org/dc/terms/source","references","","57427","",""
"traits","","38369","http://purl.org/dc/terms/source","references","","57427","",""
"traits","","38370","http://purl.org/dc/terms/source","references","","57427","",""
"traits","","38371","http://purl.org/dc/terms/source","references","","57427","",""
"traits","","38372","http://purl.org/dc/terms/source","references","","57427","",""
"traits","","38373","http://purl.org/dc/terms/source","references","","57427","",""
"traits","","38374","http://purl.org/dc/terms/source","references","","57427","",""
"traits","","38375","http://purl.org/dc/terms/source","references","","57427","",""
"traits","","38376","http://purl.org/dc/terms/source","references","","57427","",""
"traits","","38377","http://purl.org/dc/terms/source","references","","57427","",""
"traits","","38378","http://purl.org/dc/terms/source","references","","57427","",""
"traits","","38379","http://purl.org/dc/terms/source","references","","57427","",""
"traits","","38380","http://purl.org/dc/terms/source","references","","57427","",""
"traits","","38381","http://purl.org/dc/terms/source","references","","57427","",""
"traits","","38382","http://purl.org/dc/terms/source","references","","57427","",""
"traits","","38383","http://purl.org/dc/terms/source","references","","57427","",""
"traits","","38384","http://purl.org/dc/terms/source","references","","57427","",""
"traits","","38385","http://purl.org/dc/terms/source","references","","57427","",""
"traits","","38386","http://purl.org/dc/terms/source","references","","57427","",""
"traits","","38387","http://purl.org/dc/terms/source","references","","57427","",""
"traits","","38388","http://purl.org/dc/terms/source","references","","57427","",""
"traits","","38389","http://purl.org/dc/terms/source","references","","57427","",""
"traits","","38390","http://purl.org/dc/terms/source","references","","57427","",""
"traits","","38391","http://purl.org/dc/terms/source","references","","57427","",""
"traits","","38392","http://purl.org/dc/terms/source","references","","57427","",""
"traits","","38393","http://purl.org/dc/terms/source","references","","57427","",""
"traits","","38394","http://purl.org/dc/terms/source","references","","57427","",""
"traits","","38395","http://purl.org/dc/terms/source","references","","57427","",""
"traits","","38396","http://purl.org/dc/terms/source","references","","57427","",""
"traits","","38397","http://purl.org/dc/terms/source","references","","57427","",""
"traits","","38398","http://purl.org/dc/terms/source","references","","57427","",""
"traits","","38399","http://purl.org/dc/terms/source","references","","57427","",""
"traits","","38400","http://purl.org/dc/terms/source","references","","57427","",""
"traits","","38401","http://purl.org/dc/terms/source","references","","57427","",""
"traits","","38402","http://purl.org/dc/terms/source","references","","57427","",""
"traits","","38403","http://purl.org/dc/terms/source","references","","57427","",""
"traits","","38404","http://purl.org/dc/terms/source","references","","57427","",""
"traits","","38405","http://purl.org/dc/terms/source","references","","57427","",""
"traits","","38407","http://purl.org/dc/terms/source","references","","57427","",""
"traits","","38408","http://purl.org/dc/terms/source","references","","57427","",""
"traits","","38409","http://purl.org/dc/terms/source","references","","57427","",""
"traits","","38410","http://purl.org/dc/terms/source","references","","57427","",""
"traits","","38411","http://purl.org/dc/terms/source","references","","57427","",""
"traits","","38412","http://purl.org/dc/terms/source","references","","57427","",""
"traits","","38413","http://purl.org/dc/terms/source","references","","57427","",""
"traits","","38414","http://purl.org/dc/terms/source","references","","57427","",""
"traits","","38415","http://purl.org/dc/terms/source","references","","57427","",""
"traits","","38416","http://purl.org/dc/terms/source","references","","57427","",""
"traits","","38417","http://purl.org/dc/terms/source","references","","57427","",""
"traits","","38418","http://purl.org/dc/terms/source","references","","57427","",""
"traits","","38419","http://purl.org/dc/terms/source","references","","57427","",""
"traits","","38420","http://purl.org/dc/terms/source","references","","57427","",""
"traits","","38421","http://purl.org/dc/terms/source","references","","57427","",""
"traits","","38422","http://purl.org/dc/terms/source","references","","57427","",""
"traits","","38423","http://purl.org/dc/terms/source","references","","57427","",""
"traits","","38427","http://purl.org/dc/terms/source","references","","57427","",""
"traits","","38428","http://purl.org/dc/terms/source","references","","57427","",""
"traits","","38429","http://purl.org/dc/terms/source","references","","57427","",""
"traits","","38462","http://purl.org/dc/terms/source","references","","57427","",""
"traits","","38463","http://purl.org/dc/terms/source","references","","57427","",""
"traits","","38464","http://purl.org/dc/terms/source","references","","57427","",""
"traits","","38465","http://purl.org/dc/terms/source","references","","57427","",""
"traits","","38466","http://purl.org/dc/terms/source","references","","57427","",""
"traits","","38467","http://purl.org/dc/terms/source","references","","57427","",""
"traits","","38468","http://purl.org/dc/terms/source","references","","57427","",""
"traits","","38471","http://purl.org/dc/terms/source","references","","57427","",""
"traits","","38472","http://purl.org/dc/terms/source","references","","57427","",""
"traits","","38473","http://purl.org/dc/terms/source","references","","57427","",""
"traits","","38474","http://purl.org/dc/terms/source","references","","57427","",""
"traits","","38476","http://purl.org/dc/terms/source","references","","57427","",""
"traits","","38477","http://purl.org/dc/terms/source","references","","57427","",""
"traits","","38478","http://purl.org/dc/terms/source","references","","57427","",""
"traits","","38479","http://purl.org/dc/terms/source","references","","57427","",""
"traits","","38480","http://purl.org/dc/terms/source","references","","57427","",""
"traits","","38481","http://purl.org/dc/terms/source","references","","57427","",""
"traits","","38482","http://purl.org/dc/terms/source","references","","57427","",""
"traits","","38485","http://purl.org/dc/terms/source","references","","57427","",""
"traits","","38486","http://purl.org/dc/terms/source","references","","57427","",""
"traits","","38488","http://purl.org/dc/terms/source","references","","57427","",""
"traits","","38489","http://purl.org/dc/terms/source","references","","57427","",""
"traits","","38490","http://purl.org/dc/terms/source","references","","57427","",""
"traits","","38491","http://purl.org/dc/terms/source","references","","57427","",""
"traits","","38493","http://purl.org/dc/terms/source","references","","57427","",""
"traits","","38494","http://purl.org/dc/terms/source","references","","57427","",""
"traits","","38495","http://purl.org/dc/terms/source","references","","57427","",""
"traits","","38496","http://purl.org/dc/terms/source","references","","57427","",""
"traits","","38497","http://purl.org/dc/terms/source","references","","57427","",""
"traits","","38498","http://purl.org/dc/terms/source","references","","57427","",""
"traits","","38500","http://purl.org/dc/terms/source","references","","57427","",""
"traits","","38501","http://purl.org/dc/terms/source","references","","57427","",""
"traits","","38502","http://purl.org/dc/terms/source","references","","57427","",""
"traits","","38503","http://purl.org/dc/terms/source","references","","57427","",""
"traits","","38504","http://purl.org/dc/terms/source","references","","57427","",""
"traits","","38506","http://purl.org/dc/terms/source","references","","57427","",""
"traits","","38507","http://purl.org/dc/terms/source","references","","57427","",""
"traits","","38508","http://purl.org/dc/terms/source","references","","57427","",""
"traits","","38509","http://purl.org/dc/terms/source","references","","57427","",""
"traits","","38514","http://purl.org/dc/terms/source","references","","57427","",""
"traits","","38515","http://purl.org/dc/terms/source","references","","57427","",""
"traits","","38516","http://purl.org/dc/terms/source","references","","57427","",""
"traits","","38517","http://purl.org/dc/terms/source","references","","57427","",""
"traits","","38518","http://purl.org/dc/terms/source","references","","57427","",""
"traits","","38519","http://purl.org/dc/terms/source","references","","57427","",""
"traits","","38520","http://purl.org/dc/terms/source","references","","57427","",""
"traits","","38521","http://purl.org/dc/terms/source","references","","57427","",""
"traits","","38522","http://purl.org/dc/terms/source","references","","57427","",""
"traits","","38523","http://purl.org/dc/terms/source","references","","57427","",""
"traits","","38524","http://purl.org/dc/terms/source","references","","57427","",""
"traits","","38525","http://purl.org/dc/terms/source","references","","57427","",""
"traits","","38526","http://purl.org/dc/terms/source","references","","57427","",""
"traits","","38527","http://purl.org/dc/terms/source","references","","57427","",""
"traits","","38533","http://purl.org/dc/terms/source","references","","57427","",""
"traits","","38534","http://purl.org/dc/terms/source","references","","57427","",""
"traits","","38535","http://purl.org/dc/terms/source","references","","57427","",""
"traits","","38536","http://purl.org/dc/terms/source","references","","57427","",""
"traits","","38537","http://purl.org/dc/terms/source","references","","57427","",""
"traits","","38538","http://purl.org/dc/terms/source","references","","57427","",""
"traits","","38539","http://purl.org/dc/terms/source","references","","57427","",""
"traits","","38540","http://purl.org/dc/terms/source","references","","57427","",""
"traits","","38541","http://purl.org/dc/terms/source","references","","57427","",""
"traits","","38542","http://purl.org/dc/terms/source","references","","57427","",""
"traits","","38543","http://purl.org/dc/terms/source","references","","57427","",""
"traits","","38544","http://purl.org/dc/terms/source","references","","57427","",""
"traits","","38545","http://purl.org/dc/terms/source","references","","57427","",""
"traits","","38546","http://purl.org/dc/terms/source","references","","57427","",""
"traits","","38547","http://purl.org/dc/terms/source","references","","57427","",""
"traits","","38548","http://purl.org/dc/terms/source","references","","57427","",""
"traits","","38549","http://purl.org/dc/terms/source","references","","57427","",""
"traits","","38550","http://purl.org/dc/terms/source","references","","57427","",""
"traits","","38551","http://purl.org/dc/terms/source","references","","57427","",""
"traits","","38552","http://purl.org/dc/terms/source","references","","57427","",""
"traits","","38553","http://purl.org/dc/terms/source","references","","57427","",""
"traits","","38554","http://purl.org/dc/terms/source","references","","57427","",""
"traits","","38556","http://purl.org/dc/terms/source","references","","57427","",""
"traits","","38557","http://purl.org/dc/terms/source","references","","57427","",""
"traits","","38558","http://purl.org/dc/terms/source","references","","57427","",""
"traits","","38559","http://purl.org/dc/terms/source","references","","57427","",""
"traits","","38560","http://purl.org/dc/terms/source","references","","57427","",""
"traits","","38561","http://purl.org/dc/terms/source","references","","57427","",""
"traits","","38562","http://purl.org/dc/terms/source","references","","57427","",""
"traits","","38563","http://purl.org/dc/terms/source","references","","57427","",""
"traits","","38573","http://purl.org/dc/terms/source","references","","57427","",""
"traits","","38574","http://purl.org/dc/terms/source","references","","57427","",""
"traits","","38575","http://purl.org/dc/terms/source","references","","57427","",""
"traits","","38576","http://purl.org/dc/terms/source","references","","57427","",""
"traits","","38577","http://purl.org/dc/terms/source","references","","57427","",""
"traits","","38578","http://purl.org/dc/terms/source","references","","57427","",""
"traits","","38579","http://purl.org/dc/terms/source","references","","57427","",""
"traits","","38580","http://purl.org/dc/terms/source","references","","57427","",""
"traits","","38581","http://purl.org/dc/terms/source","references","","57427","",""
"traits","","38582","http://purl.org/dc/terms/source","references","","57427","",""
"traits","","38583","http://purl.org/dc/terms/source","references","","57427","",""
"traits","","38584","http://purl.org/dc/terms/source","references","","57427","",""
"traits","","38585","http://purl.org/dc/terms/source","references","","57427","",""
"traits","","38586","http://purl.org/dc/terms/source","references","","57427","",""
"traits","","38587","http://purl.org/dc/terms/source","references","","57427","",""
"traits","","38588","http://purl.org/dc/terms/source","references","","57427","",""
"traits","","38589","http://purl.org/dc/terms/source","references","","57427","",""
"traits","","38590","http://purl.org/dc/terms/source","references","","57427","",""
"traits","","38591","http://purl.org/dc/terms/source","references","","57427","",""
"traits","","38592","http://purl.org/dc/terms/source","references","","57427","",""
"traits","","38593","http://purl.org/dc/terms/source","references","","57427","",""
"traits","","38594","http://purl.org/dc/terms/source","references","","57427","",""
"traits","","38595","http://purl.org/dc/terms/source","references","","57427","",""
"traits","","38596","http://purl.org/dc/terms/source","references","","57427","",""
"traits","","38597","http://purl.org/dc/terms/source","references","","57427","",""
"traits","","38598","http://purl.org/dc/terms/source","references","","57427","",""
"traits","","38599","http://purl.org/dc/terms/source","references","","57427","",""
"traits","","38600","http://purl.org/dc/terms/source","references","","57427","",""
"traits","","38601","http://purl.org/dc/terms/source","references","","57427","",""
"traits","","38602","http://purl.org/dc/terms/source","references","","57427","",""
"traits","","38603","http://purl.org/dc/terms/source","references","","57427","",""
"traits","","38604","http://purl.org/dc/terms/source","references","","57427","",""
"traits","","38605","http://purl.org/dc/terms/source","references","","57427","",""
"traits","","38606","http://purl.org/dc/terms/source","references","","57427","",""
"traits","","38607","http://purl.org/dc/terms/source","references","","57427","",""
"traits","","38608","http://purl.org/dc/terms/source","references","","57427","",""
"traits","","38721","http://purl.org/dc/terms/source","references","","57398","",""
"traits","","38722","http://purl.org/dc/terms/source","references","","57398","",""
"traits","","38723","http://purl.org/dc/terms/source","references","","57398","",""
"traits","","38724","http://purl.org/dc/terms/source","references","","57398","",""
"traits","","38725","http://purl.org/dc/terms/source","references","","57398","",""
"traits","","38726","http://purl.org/dc/terms/source","references","","57398","",""
"traits","","38729","http://purl.org/dc/terms/source","references","","57543","",""
"traits","","38730","http://purl.org/dc/terms/source","references","","57543","",""
"traits","","38731","http://purl.org/dc/terms/source","references","","57543","",""
"traits","","38732","http://purl.org/dc/terms/source","references","","57543","",""
"traits","","38733","http://purl.org/dc/terms/source","references","","57543","",""
"traits","","38734","http://purl.org/dc/terms/source","references","","57543","",""
"traits","","38735","http://purl.org/dc/terms/source","references","","57543","",""
"traits","","38736","http://purl.org/dc/terms/source","references","","57543","",""
"traits","","38737","http://purl.org/dc/terms/source","references","","57543","",""
"traits","","38738","http://purl.org/dc/terms/source","references","","57543","",""
"traits","","38739","http://purl.org/dc/terms/source","references","","57543","",""
"traits","","38740","http://purl.org/dc/terms/source","references","","57543","",""
"traits","","38744","http://purl.org/dc/terms/source","references","","57546","",""
"traits","","38745","http://purl.org/dc/terms/source","references","","57546","",""
"traits","","38746","http://purl.org/dc/terms/source","references","","57546","",""
"traits","","38747","http://purl.org/dc/terms/source","references","","57546","",""
"traits","","38748","http://purl.org/dc/terms/source","references","","57546","",""
"traits","","38749","http://purl.org/dc/terms/source","references","","57546","",""
"traits","","38750","http://purl.org/dc/terms/source","references","","57546","",""
"traits","","38751","http://purl.org/dc/terms/source","references","","57546","",""
"traits","","38752","http://purl.org/dc/terms/source","references","","57546","",""
"traits","","38753","http://purl.org/dc/terms/source","references","","57546","",""
"traits","","38754","http://purl.org/dc/terms/source","references","","57546","",""
"traits","","38762","http://purl.org/dc/terms/source","references","","57551","",""
"traits","","38763","http://purl.org/dc/terms/source","references","","57551","",""
"traits","","38770","http://purl.org/dc/terms/source","references","","57555","",""
"traits","","38771","http://purl.org/dc/terms/source","references","","57555","",""
"traits","","38772","http://purl.org/dc/terms/source","references","","57555","",""
"traits","","38773","http://purl.org/dc/terms/source","references","","57555","",""
"traits","","38774","http://purl.org/dc/terms/source","references","","57555","",""
"traits","","38775","http://purl.org/dc/terms/source","references","","57555","",""
"traits","","38776","http://purl.org/dc/terms/source","references","","57555","",""
"traits","","38777","http://purl.org/dc/terms/source","references","","57555","",""
"traits","","38778","http://purl.org/dc/terms/source","references","","57555","",""
"traits","","38779","http://purl.org/dc/terms/source","references","","57555","",""
"traits","","38809","http://purl.org/dc/terms/source","references","","57573","",""
"traits","","38810","http://purl.org/dc/terms/source","references","","57573","",""
"traits","","38811","http://purl.org/dc/terms/source","references","","57573","",""
"traits","","38812","http://purl.org/dc/terms/source","references","","57573","",""
"traits","","38813","http://purl.org/dc/terms/source","references","","57573","",""
"traits","","38814","http://purl.org/dc/terms/source","references","","57573","",""
"traits","","38815","http://purl.org/dc/terms/source","references","","57573","",""
"traits","","38816","http://purl.org/dc/terms/source","references","","57573","",""
"traits","","38817","http://purl.org/dc/terms/source","references","","57573","",""
"traits","","38818","http://purl.org/dc/terms/source","references","","57573","",""
"traits","","38819","http://purl.org/dc/terms/source","references","","57573","",""
"traits","","38820","http://purl.org/dc/terms/source","references","","57573","",""
"traits","","38821","http://purl.org/dc/terms/source","references","","57573","",""
"traits","","38822","http://purl.org/dc/terms/source","references","","57573","",""
"traits","","38823","http://purl.org/dc/terms/source","references","","57573","",""
"traits","","38824","http://purl.org/dc/terms/source","references","","57573","",""
"traits","","38825","http://purl.org/dc/terms/source","references","","57573","",""
"traits","","38826","http://purl.org/dc/terms/source","references","","57573","",""
"traits","","38827","http://purl.org/dc/terms/source","references","","57573","",""
"traits","","38828","http://purl.org/dc/terms/source","references","","57573","",""
"traits","","38829","http://purl.org/dc/terms/source","references","","57573","",""
"traits","","38830","http://purl.org/dc/terms/source","references","","57573","",""
"traits","","38831","http://purl.org/dc/terms/source","references","","57579","",""
"traits","","39129","http://purl.org/dc/terms/source","references","","58012","",""
"traits","","39130","http://purl.org/dc/terms/source","references","","58012","",""
"traits","","39131","http://purl.org/dc/terms/source","references","","58012","",""
"traits","","39132","http://purl.org/dc/terms/source","references","","58012","",""
"traits","","39133","http://purl.org/dc/terms/source","references","","58012","",""
"traits","","39134","http://purl.org/dc/terms/source","references","","58012","",""
"traits","","39135","http://purl.org/dc/terms/source","references","","58012","",""
"traits","","39136","http://purl.org/dc/terms/source","references","","58012","",""
"traits","","39137","http://purl.org/dc/terms/source","references","","58012","",""
"traits","","39138","http://purl.org/dc/terms/source","references","","58012","",""
"traits","","39139","http://purl.org/dc/terms/source","references","","58012","",""
"traits","","39140","http://purl.org/dc/terms/source","references","","58012","",""
"traits","","39141","http://purl.org/dc/terms/source","references","","58012","",""
"traits","","39142","http://purl.org/dc/terms/source","references","","58012","",""
"traits","","39143","http://purl.org/dc/terms/source","references","","58012","",""
"traits","","39144","http://purl.org/dc/terms/source","references","","58012","",""
"traits","","39145","http://purl.org/dc/terms/source","references","","58012","",""
"traits","","39146","http://purl.org/dc/terms/source","references","","58012","",""
"traits","","39147","http://purl.org/dc/terms/source","references","","58012","",""
"traits","","39148","http://purl.org/dc/terms/source","references","","58012","",""
"traits","","39149","http://purl.org/dc/terms/source","references","","58012","",""
"traits","","39150","http://purl.org/dc/terms/source","references","","58012","",""
"traits","","39151","http://purl.org/dc/terms/source","references","","58012","",""
"traits","","39152","http://purl.org/dc/terms/source","references","","58012","",""
"traits","","39153","http://purl.org/dc/terms/source","references","","58012","",""
"traits","","39154","http://purl.org/dc/terms/source","references","","58012","",""
"traits","","39155","http://purl.org/dc/terms/source","references","","58012","",""
"traits","","39156","http://purl.org/dc/terms/source","references","","58012","",""
"traits","","39157","http://purl.org/dc/terms/source","references","","58012","",""
"traits","","39158","http://purl.org/dc/terms/source","references","","58012","",""
"traits","","39159","http://purl.org/dc/terms/source","references","","58012","",""
"traits","","39160","http://purl.org/dc/terms/source","references","","58012","",""
"traits","","39161","http://purl.org/dc/terms/source","references","","58012","",""
"traits","","39162","http://purl.org/dc/terms/source","references","","58012","",""
"traits","","39163","http://purl.org/dc/terms/source","references","","58012","",""
"traits","","39184","http://purl.org/dc/terms/source","references","","58035","",""
"traits","","39185","http://purl.org/dc/terms/source","references","","58035","",""
"traits","","39186","http://purl.org/dc/terms/source","references","","58035","",""
"traits","","39187","http://purl.org/dc/terms/source","references","","58035","",""
"traits","","39188","http://purl.org/dc/terms/source","references","","58035","",""
"traits","","39189","http://purl.org/dc/terms/source","references","","58035","",""
"traits","","39190","http://purl.org/dc/terms/source","references","","58035","",""
"traits","","39192","http://purl.org/dc/terms/source","references","","58035","",""
"traits","","39193","http://purl.org/dc/terms/source","references","","58035","",""
"traits","","39194","http://purl.org/dc/terms/source","references","","58035","",""
"traits","","39195","http://purl.org/dc/terms/source","references","","58035","",""
"traits","","39196","http://purl.org/dc/terms/source","references","","58035","",""
"traits","","39197","http://purl.org/dc/terms/source","references","","58035","",""
"traits","","39198","http://purl.org/dc/terms/source","references","","58035","",""
"traits","","39215","http://purl.org/dc/terms/source","references","","58041","",""
"traits","","39216","http://purl.org/dc/terms/source","references","","58041","",""
"traits","","39217","http://purl.org/dc/terms/source","references","","58041","",""
"traits","","39218","http://purl.org/dc/terms/source","references","","58041","",""
"traits","","39219","http://purl.org/dc/terms/source","references","","58041","",""
"traits","","39220","http://purl.org/dc/terms/source","references","","58041","",""
"traits","","39221","http://purl.org/dc/terms/source","references","","58041","",""
"traits","","39222","http://purl.org/dc/terms/source","references","","58041","",""
"traits","","39223","http://purl.org/dc/terms/source","references","","58041","",""
"traits","","39226","http://purl.org/dc/terms/source","references","","58055","",""
"traits","","39227","http://purl.org/dc/terms/source","references","","58055","",""
"traits","","39228","http://purl.org/dc/terms/source","references","","58055","",""
"traits","","39229","http://purl.org/dc/terms/source","references","","58055","",""
"traits","","39231","http://purl.org/dc/terms/source","references","","58055","",""
"traits","","39232","http://purl.org/dc/terms/source","references","","58068","",""
"traits","","39234","http://purl.org/dc/terms/source","references","","58071","",""
"traits","","39235","http://purl.org/dc/terms/source","references","","58071","",""
"traits","","39236","http://purl.org/dc/terms/source","references","","58071","",""
"traits","","39237","http://purl.org/dc/terms/source","references","","58071","",""
"traits","","39258","http://purl.org/dc/terms/source","references","","58085","",""
"traits","","39259","http://purl.org/dc/terms/source","references","","58085","",""
"traits","","39263","http://purl.org/dc/terms/source","references","","58164","",""
"traits","","39268","http://purl.org/dc/terms/source","references","","58174","",""
"traits","","39269","http://purl.org/dc/terms/source","references","","58174","",""
"traits","","39270","http://purl.org/dc/terms/source","references","","58174","",""
"traits","","39271","http://purl.org/dc/terms/source","references","","58174","",""
"traits","","39272","http://purl.org/dc/terms/source","references","","58174","",""
"traits","","39273","http://purl.org/dc/terms/source","references","","58174","",""
"traits","","39274","http://purl.org/dc/terms/source","references","","58174","",""
"traits","","39275","http://purl.org/dc/terms/source","references","","58174","",""
"traits","","39276","http://purl.org/dc/terms/source","references","","58174","",""
"traits","","39277","http://purl.org/dc/terms/source","references","","58174","",""
"traits","","39278","http://purl.org/dc/terms/source","references","","58174","",""
"traits","","39279","http://purl.org/dc/terms/source","references","","58174","",""
"traits","","39280","http://purl.org/dc/terms/source","references","","58174","",""
"traits","","39281","http://purl.org/dc/terms/source","references","","58174","",""
"traits","","39282","http://purl.org/dc/terms/source","references","","58182","",""
"traits","","39283","http://purl.org/dc/terms/source","references","","58182","",""
"traits","","39284","http://purl.org/dc/terms/source","references","","58182","",""
"traits","","39285","http://purl.org/dc/terms/source","references","","58182","",""
"traits","","39286","http://purl.org/dc/terms/source","references","","58182","",""
"traits","","39287","http://purl.org/dc/terms/source","references","","58182","",""
"traits","","39289","http://purl.org/dc/terms/source","references","","58192","",""
"traits","","39290","http://purl.org/dc/terms/source","references","","58192","",""
"traits","","39291","http://purl.org/dc/terms/source","references","","58192","",""
"traits","","39301","http://purl.org/dc/terms/source","references","","58207","",""
"traits","","39302","http://purl.org/dc/terms/source","references","","58207","",""
"traits","","39303","http://purl.org/dc/terms/source","references","","58207","",""
"traits","","39304","http://purl.org/dc/terms/source","references","","58207","",""
"traits","","39305","http://purl.org/dc/terms/source","references","","58207","",""
"traits","","39306","http://purl.org/dc/terms/source","references","","58207","",""
"traits","","39307","http://purl.org/dc/terms/source","references","","58207","",""
"traits","","39308","http://purl.org/dc/terms/source","references","","58207","",""
"traits","","39309","http://purl.org/dc/terms/source","references","","58207","",""
"traits","","39310","http://purl.org/dc/terms/source","references","","58207","",""
"traits","","39311","http://purl.org/dc/terms/source","references","","58207","",""
"traits","","39312","http://purl.org/dc/terms/source","references","","58207","",""
"traits","","39313","http://purl.org/dc/terms/source","references","","58223","",""
"traits","","39314","http://purl.org/dc/terms/source","references","","58223","",""
"traits","","39315","http://purl.org/dc/terms/source","references","","58223","",""
"traits","","39316","http://purl.org/dc/terms/source","references","","58223","",""
"traits","","39327","http://purl.org/dc/terms/source","references","","58255","",""
"traits","","39328","http://purl.org/dc/terms/source","references","","58255","",""
"traits","","39329","http://purl.org/dc/terms/source","references","","58255","",""
"traits","","39330","http://purl.org/dc/terms/source","references","","58255","",""
"traits","","39331","http://purl.org/dc/terms/source","references","","58255","",""
"traits","","39332","http://purl.org/dc/terms/source","references","","58255","",""
"traits","","39333","http://purl.org/dc/terms/source","references","","58255","",""
"traits","","39334","http://purl.org/dc/terms/source","references","","58255","",""
"traits","","39335","http://purl.org/dc/terms/source","references","","58255","",""
"traits","","39336","http://purl.org/dc/terms/source","references","","58255","",""
"traits","","39337","http://purl.org/dc/terms/source","references","","58255","",""
"traits","","39338","http://purl.org/dc/terms/source","references","","58255","",""
"traits","","39339","http://purl.org/dc/terms/source","references","","58255","",""
"traits","","39340","http://purl.org/dc/terms/source","references","","58255","",""
"traits","","39341","http://purl.org/dc/terms/source","references","","58255","",""
"traits","","39342","http://purl.org/dc/terms/source","references","","58255","",""
"traits","","39343","http://purl.org/dc/terms/source","references","","58255","",""
"traits","","39344","http://purl.org/dc/terms/source","references","","58255","",""
"traits","","39345","http://purl.org/dc/terms/source","references","","58255","",""
"traits","","39346","http://purl.org/dc/terms/source","references","","58255","",""
"traits","","39347","http://purl.org/dc/terms/source","references","","58255","",""
"traits","","39348","http://purl.org/dc/terms/source","references","","58255","",""
"traits","","39349","http://purl.org/dc/terms/source","references","","58255","",""
"traits","","39350","http://purl.org/dc/terms/source","references","","58255","",""
"traits","","39351","http://purl.org/dc/terms/source","references","","58255","",""
"traits","","39352","http://purl.org/dc/terms/source","references","","58255","",""
"traits","","39353","http://purl.org/dc/terms/source","references","","58255","",""
"traits","","39354","http://purl.org/dc/terms/source","references","","58255","",""
"traits","","39355","http://purl.org/dc/terms/source","references","","58255","",""
"traits","","39356","http://purl.org/dc/terms/source","references","","58255","",""
"traits","","39357","http://purl.org/dc/terms/source","references","","58255","",""
"traits","","39358","http://purl.org/dc/terms/source","references","","58255","",""
"traits","","39359","http://purl.org/dc/terms/source","references","","58255","",""
"traits","","39360","http://purl.org/dc/terms/source","references","","58255","",""
"traits","","39361","http://purl.org/dc/terms/source","references","","58255","",""
"traits","","39362","http://purl.org/dc/terms/source","references","","58255","",""
"traits","","39363","http://purl.org/dc/terms/source","references","","58255","",""
"traits","","39364","http://purl.org/dc/terms/source","references","","58255","",""
"traits","","39365","http://purl.org/dc/terms/source","references","","58255","",""
"traits","","39366","http://purl.org/dc/terms/source","references","","58255","",""
"traits","","39367","http://purl.org/dc/terms/source","references","","58255","",""
"traits","","39368","http://purl.org/dc/terms/source","references","","58255","",""
"traits","","39369","http://purl.org/dc/terms/source","references","","58255","",""
"traits","","39370","http://purl.org/dc/terms/source","references","","58255","",""
"traits","","39371","http://purl.org/dc/terms/source","references","","58255","",""
"traits","","39372","http://purl.org/dc/terms/source","references","","58255","",""
"traits","","39373","http://purl.org/dc/terms/source","references","","58255","",""
"traits","","39374","http://purl.org/dc/terms/source","references","","58255","",""
"traits","","39375","http://purl.org/dc/terms/source","references","","58255","",""
"traits","","39376","http://purl.org/dc/terms/source","references","","58255","",""
"traits","","39377","http://purl.org/dc/terms/source","references","","58255","",""
"traits","","39378","http://purl.org/dc/terms/source","references","","58255","",""
"traits","","39379","http://purl.org/dc/terms/source","references","","58255","",""
"traits","","39380","http://purl.org/dc/terms/source","references","","58255","",""
"traits","","39381","http://purl.org/dc/terms/source","references","","58255","",""
"traits","","39382","http://purl.org/dc/terms/source","references","","58255","",""
"traits","","39383","http://purl.org/dc/terms/source","references","","58255","",""
"traits","","39384","http://purl.org/dc/terms/source","references","","58255","",""
"traits","","39385","http://purl.org/dc/terms/source","references","","58255","",""
"traits","","39386","http://purl.org/dc/terms/source","references","","58255","",""
"traits","","39387","http://purl.org/dc/terms/source","references","","58255","",""
"traits","","39388","http://purl.org/dc/terms/source","references","","58255","",""
"traits","","39389","http://purl.org/dc/terms/source","references","","58255","",""
"traits","","39390","http://purl.org/dc/terms/source","references","","58255","",""
"traits","","39391","http://purl.org/dc/terms/source","references","","58255","",""
"traits","","39392","http://purl.org/dc/terms/source","references","","58255","",""
"traits","","39393","http://purl.org/dc/terms/source","references","","58255","",""
"traits","","39394","http://purl.org/dc/terms/source","references","","58255","",""
"traits","","39395","http://purl.org/dc/terms/source","references","","58255","",""
"traits","","39396","http://purl.org/dc/terms/source","references","","58255","",""
"traits","","39397","http://purl.org/dc/terms/source","references","","58255","",""
"traits","","39398","http://purl.org/dc/terms/source","references","","58255","",""
"traits","","39399","http://purl.org/dc/terms/source","references","","58255","",""
"traits","","39400","http://purl.org/dc/terms/source","references","","58255","",""
"traits","","39401","http://purl.org/dc/terms/source","references","","58255","",""
"traits","","39402","http://purl.org/dc/terms/source","references","","58255","",""
"traits","","39403","http://purl.org/dc/terms/source","references","","58255","",""
"traits","","39404","http://purl.org/dc/terms/source","references","","58255","",""
"traits","","39405","http://purl.org/dc/terms/source","references","","58255","",""
"traits","","39406","http://purl.org/dc/terms/source","references","","58255","",""
"traits","","39407","http://purl.org/dc/terms/source","references","","58255","",""
"traits","","39408","http://purl.org/dc/terms/source","references","","58255","",""
"traits","","39409","http://purl.org/dc/terms/source","references","","58255","",""
"traits","","39410","http://purl.org/dc/terms/source","references","","58255","",""
"traits","","39411","http://purl.org/dc/terms/source","references","","58255","",""
"traits","","39412","http://purl.org/dc/terms/source","references","","58255","",""
"traits","","39413","http://purl.org/dc/terms/source","references","","58255","",""
"traits","","39414","http://purl.org/dc/terms/source","references","","58255","",""
"traits","","39415","http://purl.org/dc/terms/source","references","","58255","",""
"traits","","39416","http://purl.org/dc/terms/source","references","","58255","",""
"traits","","39417","http://purl.org/dc/terms/source","references","","58255","",""
"traits","","39418","http://purl.org/dc/terms/source","references","","58255","",""
"traits","","39419","http://purl.org/dc/terms/source","references","","58255","",""
"traits","","39420","http://purl.org/dc/terms/source","references","","58255","",""
"traits","","39421","http://purl.org/dc/terms/source","references","","58255","",""
"traits","","39422","http://purl.org/dc/terms/source","references","","58255","",""
"traits","","39423","http://purl.org/dc/terms/source","references","","58255","",""
"traits","","39424","http://purl.org/dc/terms/source","references","","58255","",""
"traits","","39425","http://purl.org/dc/terms/source","references","","58255","",""
"traits","","39426","http://purl.org/dc/terms/source","references","","58255","",""
"traits","","39427","http://purl.org/dc/terms/source","references","","58255","",""
"traits","","39428","http://purl.org/dc/terms/source","references","","58255","",""
"traits","","39429","http://purl.org/dc/terms/source","references","","58255","",""
"traits","","39430","http://purl.org/dc/terms/source","references","","58255","",""
"traits","","39431","http://purl.org/dc/terms/source","references","","58255","",""
"traits","","39432","http://purl.org/dc/terms/source","references","","58255","",""
"traits","","39433","http://purl.org/dc/terms/source","references","","58255","",""
"traits","","39434","http://purl.org/dc/terms/source","references","","58255","",""
"traits","","39435","http://purl.org/dc/terms/source","references","","58255","",""
"traits","","39436","http://purl.org/dc/terms/source","references","","58255","",""
"traits","","39437","http://purl.org/dc/terms/source","references","","58255","",""
"traits","","39438","http://purl.org/dc/terms/source","references","","58255","",""
"traits","","39439","http://purl.org/dc/terms/source","references","","58255","",""
"traits","","39440","http://purl.org/dc/terms/source","references","","58255","",""
"traits","","39441","http://purl.org/dc/terms/source","references","","58255","",""
"traits","","39442","http://purl.org/dc/terms/source","references","","58255","",""
"traits","","39443","http://purl.org/dc/terms/source","references","","58255","",""
"traits","","39444","http://purl.org/dc/terms/source","references","","58255","",""
"traits","","39445","http://purl.org/dc/terms/source","references","","58255","",""
"traits","","39446","http://purl.org/dc/terms/source","references","","58255","",""
"traits","","39447","http://purl.org/dc/terms/source","references","","58255","",""
"traits","","39448","http://purl.org/dc/terms/source","references","","58255","",""
"traits","","39449","http://purl.org/dc/terms/source","references","","58255","",""
"traits","","39450","http://purl.org/dc/terms/source","references","","58255","",""
"traits","","39451","http://purl.org/dc/terms/source","references","","58255","",""
"traits","","39452","http://purl.org/dc/terms/source","references","","58255","",""
"traits","","39453","http://purl.org/dc/terms/source","references","","58255","",""
"traits","","39454","http://purl.org/dc/terms/source","references","","58255","",""
"traits","","39455","http://purl.org/dc/terms/source","references","","58255","",""
"traits","","39456","http://purl.org/dc/terms/source","references","","58255","",""
"traits","","39457","http://purl.org/dc/terms/source","references","","58255","",""
"traits","","39458","http://purl.org/dc/terms/source","references","","58255","",""
"traits","","39459","http://purl.org/dc/terms/source","references","","58255","",""
"traits","","39460","http://purl.org/dc/terms/source","references","","58255","",""
"traits","","39461","http://purl.org/dc/terms/source","references","","58255","",""
"traits","","39462","http://purl.org/dc/terms/source","references","","58255","",""
"traits","","39463","http://purl.org/dc/terms/source","references","","58255","",""
"traits","","39464","http://purl.org/dc/terms/source","references","","58255","",""
"traits","","39465","http://purl.org/dc/terms/source","references","","58255","",""
"traits","","39466","http://purl.org/dc/terms/source","references","","58255","",""
"traits","","39467","http://purl.org/dc/terms/source","references","","58255","",""
"traits","","39468","http://purl.org/dc/terms/source","references","","58255","",""
"traits","","39469","http://purl.org/dc/terms/source","references","","58255","",""
"traits","","39470","http://purl.org/dc/terms/source","references","","58255","",""
"traits","","39471","http://purl.org/dc/terms/source","references","","58255","",""
"traits","","39472","http://purl.org/dc/terms/source","references","","58255","",""
"traits","","39473","http://purl.org/dc/terms/source","references","","58255","",""
"traits","","39474","http://purl.org/dc/terms/source","references","","58255","",""
"traits","","39475","http://purl.org/dc/terms/source","references","","58255","",""
"traits","","39476","http://purl.org/dc/terms/source","references","","58255","",""
"traits","","39477","http://purl.org/dc/terms/source","references","","58255","",""
"traits","","39478","http://purl.org/dc/terms/source","references","","58255","",""
"traits","","39479","http://purl.org/dc/terms/source","references","","58255","",""
"traits","","39480","http://purl.org/dc/terms/source","references","","58255","",""
"traits","","39481","http://purl.org/dc/terms/source","references","","58255","",""
"traits","","39482","http://purl.org/dc/terms/source","references","","58255","",""
"traits","","39483","http://purl.org/dc/terms/source","references","","58255","",""
"traits","","39484","http://purl.org/dc/terms/source","references","","58255","",""
"traits","","39485","http://purl.org/dc/terms/source","references","","58255","",""
"traits","","39486","http://purl.org/dc/terms/source","references","","58255","",""
"traits","","39487","http://purl.org/dc/terms/source","references","","58255","",""
"traits","","39488","http://purl.org/dc/terms/source","references","","58255","",""
"traits","","39520","http://purl.org/dc/terms/source","references","","58315","",""
"traits","","39525","http://purl.org/dc/terms/source","references","","58008","",""
"traits","","39526","http://purl.org/dc/terms/source","references","","58008","",""
"traits","","39527","http://purl.org/dc/terms/source","references","","58008","",""
"traits","","39528","http://purl.org/dc/terms/source","references","","58008","",""
"traits","","39529","http://purl.org/dc/terms/source","references","","58008","",""
"traits","","39530","http://purl.org/dc/terms/source","references","","58326","",""
"traits","","39531","http://purl.org/dc/terms/source","references","","58326","",""
"traits","","39532","http://purl.org/dc/terms/source","references","","58326","",""
"traits","","39533","http://purl.org/dc/terms/source","references","","58326","",""
"traits","","39534","http://purl.org/dc/terms/source","references","","58326","",""
"traits","","39538","http://purl.org/dc/terms/source","references","","58356","",""
"traits","","39539","http://purl.org/dc/terms/source","references","","58356","",""
"traits","","39540","http://purl.org/dc/terms/source","references","","58356","",""
"traits","","39541","http://purl.org/dc/terms/source","references","","58356","",""
"traits","","39542","http://purl.org/dc/terms/source","references","","58356","",""
"traits","","39543","http://purl.org/dc/terms/source","references","","58356","",""
"traits","","39544","http://purl.org/dc/terms/source","references","","58356","",""
"traits","","39545","http://purl.org/dc/terms/source","references","","58356","",""
"traits","","39546","http://purl.org/dc/terms/source","references","","58356","",""
"traits","","39547","http://purl.org/dc/terms/source","references","","58356","",""
"traits","","39548","http://purl.org/dc/terms/source","references","","58356","",""
"traits","","39549","http://purl.org/dc/terms/source","references","","58356","",""
"traits","","39550","http://purl.org/dc/terms/source","references","","58356","",""
"traits","","39556","http://purl.org/dc/terms/source","references","","58380","",""
"traits","","39557","http://purl.org/dc/terms/source","references","","58380","",""
"traits","","39558","http://purl.org/dc/terms/source","references","","58380","",""
