"id","scientificName","basisOfRecord","institutionCode","collectionCode","catalogNumber","otherCatalogNumbers","typeStatus","sex","lifeStage","individualCount","recordedBy","eventDate","identifiedBy","dateIdentified","identificationQualifier","associatedSequences","locality","countryCode","decimalLatitude","decimalLongitude","occurrenceRemarks","info_url"
"11158","Conocephalus discolor","LivingSpecimen","NHMUK","BMNH(E)","15?","","","Male","Adult","1","David R. Ragge; J. F. Burton","1962-08-18T00:00:00","David R. Ragge","","","","","GB","50.6016535929146","-1.95290565490723","<p>On reeds.</p>
","https://bio.acousti.ca/node/11158"
"11159","Conocephalus discolor","LivingSpecimen","NHMUK","BMNH(E)","010210825","","","Male","Adult","1","W. J. Reynolds","1985-08-22T00:00:00","W. J. Reynolds","","","","","ES","42.0365443200271","-6.85529708862305","<p>Lush grass and herbs by ditch</p>
","https://bio.acousti.ca/node/11159"
"11160","Conocephalus discolor","LivingSpecimen","NHMUK","BMNH(E)","18?","","","Male","Adult","1","W. J. Reynolds","1990-07-21T00:00:00","W. J. Reynolds","","","","","FR","42.1281478054561","8.70855331420898","<p>Rushes &amp; lush grass</p>
","https://bio.acousti.ca/node/11160"
"11161","Conocephalus discolor","LivingSpecimen","NHMUK","BMNH(E)","010211026","","","Male","Adult","1","David R. Ragge","1981-08-28T00:00:00","David R. Ragge","","","","","GB","50.6016535929146","-1.95290565490723","<p>Long grass near cliff edge</p>
","https://bio.acousti.ca/node/11161"
"11162","Conocephalus discolor","LivingSpecimen","NHMUK","BMNH(E)","010210824","","","Male","Adult","1","E. C. M. Haes","1981-09-08T00:00:00","David R. Ragge","","","","","FR","47.4759407019598","-3.13273429870605","<p>Marshy hollow in dunes</p>
","https://bio.acousti.ca/node/11162"
"11169","Cyphoderris monstrosa","LivingSpecimen","NHMUK","BMNH(E)","17?","","","Male","Adult","1","G. K. Morris","1975-07-24T00:00:00","","","","","","","51.1999998341207","-115.51025390625","","https://bio.acousti.ca/node/11169"
"11217","Acrometopa macropoda","LivingSpecimen","NHMUK","BMNH(E)","010210782","","","Male","Adult","1","Fer Willemse","2014-06-18T00:00:00","Fer Willemse","2014-06-18T00:00:00","","","Badly cultivated terraces with shrubby margins and some trees","GR","37.291258","22.651126","","https://bio.acousti.ca/node/11217"
"11219","Acrometopa macropoda","LivingSpecimen","NHMUK","BMNH(E)","30?","","","Male","Adult","1","Fer Willemse","1988-08-01T00:00:00","Fer Willemse","1988-08-01T00:00:00","","","Lush meadows with cattle","GR","38.029937","22.070155","","https://bio.acousti.ca/node/11219"
"11221","Anonconotus alpinus","PreservedSpecimen","NHMUK","BMNH(E)","010210915","","","Male","Adult","1","E. C. M. Haes","1979-09-15T00:00:00","L. M. Pitkin","","","","Scanty herbs","","45.107806","6.234801","","https://bio.acousti.ca/node/11221"
"11223","Antaxius Chopardius hispanicus","LivingSpecimen","NHMUK","BMNH(E)","010210918","","","Male","Adult","1","E. C. M. Haes","1982-08-29T00:00:00","W. J. Reynolds","","","","Rough roadside vegetation","ES","42.627489","-0.110414","","https://bio.acousti.ca/node/11223"
"11225","Antaxius Chopardius hispanicus","LivingSpecimen","NHMUK","BMNH(E)","13?","","","Male","Adult","1","Fer Willemse","1989-07-26T00:00:00","Fer Willemse","","","","Alpine meadow","","42.328066","1.841307","","https://bio.acousti.ca/node/11225"
"11227","Antaxius Chopardius pedestris","LivingSpecimen","NHMUK","BMNH(E)","010210923","","","Male","Adult","1","David R. Ragge","1982-08-10T00:00:00","David R. Ragge","","","","Open woodland","FR","43.760479","7.075635","","https://bio.acousti.ca/node/11227"
"11228","Antaxius Chopardius pedestris","LivingSpecimen","NHMUK","BMNH(E)","010210924","","","Male","Adult","1","David R. Ragge","1982-08-10T00:00:00","David R. Ragge","","","","Open woodland","FR","43.760479","7.075635","","https://bio.acousti.ca/node/11228"
"11229","Antaxius Chopardius spinibrachius","PreservedSpecimen","NHMUK","BMNH(E)","010210920","","","Male","Adult","1","W. Latimer","1982-04-15T00:00:00","W. J. Reynolds","","","","","ES","40.818713","-3.822639","","https://bio.acousti.ca/node/11229"
"11232","Antaxius Chopardius spinibrachius","LivingSpecimen","NHMUK","BMNH(E)","10?","","","Male","Adult","1","Fer Willemse","1989-07-22T00:00:00","Fer Willemse","","","","On broom","ES","40.307606","-5.190633","","https://bio.acousti.ca/node/11232"
"11234","Arantia Arantia brevipes","LivingSpecimen","NHMUK","BMNH(E)","11?","","","Male","Adult","1","N. D. Jago","1976-07-22T00:00:00","L. M. Pitkin","","","","","","6.739066","-1.611621","","https://bio.acousti.ca/node/11234"
"11236","Baetica ustulata","LivingSpecimen","NHMUK","BMNH(E)","01021943","","","Male","Adult","1","W. J. Reynolds","1986-04-02T00:00:00","W. J. Reynolds","","","","Stony hillside with low shrubs","ES","28.412898","-16.330888","","https://bio.acousti.ca/node/11236"
"11238","Baetica ustulata","LivingSpecimen","NHMUK","BMNH(E)","9?","","","Male","Adult","1","M. Duijm; L. L. Oudman","1989-07-23T00:00:00","Fer Willemse","","","","","ES","37.055875","-3.365098","","https://bio.acousti.ca/node/11238"
"11240","Baetica ustulata","LivingSpecimen","NHMUK","BMNH(E)","7?","","","Male","Adult","1","J. C. Hartley","1990-08-05T00:00:00","J. C. Hartley","","","","","ES","37.066491","-3.380891","","https://bio.acousti.ca/node/11240"
"11243","Cyphoderris strepitans","LivingSpecimen","NHMUK","BMNH(E)","6?","","","Male","Adult","1","G. K. Morris","1976-06-19T00:00:00","","","","","","US","40.942722","-106.61109","","https://bio.acousti.ca/node/11243"
"11246","Cyphoderris buckelli","LivingSpecimen","NHMUK","BMNH(E)","22?","","","Male","Adult","1","G. K. Morris","","","","","","","CA","49.853293","-119.272083","","https://bio.acousti.ca/node/11246"
"11248","Acrometopa macropoda","LivingSpecimen","NHMUK","BMNH(E)","25?","","","Male","Adult","1","J. C. Hartley","1982-08-01T00:00:00","J. C. Hartley","","","","","ME","42.431017","18.845952","","https://bio.acousti.ca/node/11248"
"11251","Anoedopoda erosa","LivingSpecimen","NHMUK","BMNH(E)","3?","","","Male","Adult","1","T. T. P. Boston","1970-07-01T00:00:00","David R. Ragge","","","","","UG","-0.250515","30.252747","","https://bio.acousti.ca/node/11251"
"11253","Anoedopoda lamellata","LivingSpecimen","NHMUK","BMNH(E)","010210935","","","Male","Adult","1","W. J. Bailey","1970-07-14T00:00:00","David R. Ragge","","","","Low tree","UG","0.074686","30.100601","","https://bio.acousti.ca/node/11253"
"11255","Anonconotus alpinus","LivingSpecimen","NHMUK","BMNH(E)","010210913","","","Male","Adult","1","R. G. M. Ragge","1977-08-15T00:00:00","David R. Ragge","","","","Stony hillside with conifers and grassy areas","FR","44.171185","5.284424","","https://bio.acousti.ca/node/11255"
"11258","Anonconotus alpinus","LivingSpecimen","NHMUK","BMNH(E)","010210914","","","Male","Adult","1","M. Chinery","1977-04-18T00:00:00","B. C. Townsend","","","","","FR","44.17439","5.278952","","https://bio.acousti.ca/node/11258"
"11781","Platypleura ""intercapedinis""","PreservedSpecimen","AMGS","MHV Cicadas","944","","","","","","","2007-12-09T00:00:00","Ben Price","","","","Southbroom","ZA","-30.918","30.313","","https://bio.acousti.ca/node/11781"
"11782","Platypleura ""intercapedinis""","PreservedSpecimen","AMGS","MHV Cicadas","945","","","","","","Ben Price","2007-12-15T00:00:00","","","","","Ingwe Lodge, Makhado","ZA","-22.964","29.935","","https://bio.acousti.ca/node/11782"
"11783","Platypleura ""intercapedinis""","PreservedSpecimen","AMGS","MHV Cicadas","947","","","","","","Ben Price","2007-12-16T00:00:00","","","","","Morning Sun Ranch, Makhado","ZA","-22.94","29.876","","https://bio.acousti.ca/node/11783"
"11784","","PreservedSpecimen","AMGS","MHV Cicadas","948","","","","","","Ben Price","2007-12-15T00:00:00","","","","","Morning Sun Ranch, Makhado","ZA","-22.944","29.891","","https://bio.acousti.ca/node/11784"
"11785","Platypleura ""intercapedinis""","PreservedSpecimen","AMGS","MHV Cicadas","952","","","","","","Ben Price","2007-12-11T00:00:00","","","","","Umlalazi N.R. Mtunzini","ZA","-28.956","31.772","","https://bio.acousti.ca/node/11785"
"11786","Platypleura argentata","PreservedSpecimen","AMGS","MHV Cicadas","937","","","","","","Ben Price","2007-12-08T00:00:00","","","","","Trafalgar","ZA","-30.959","30.295","","https://bio.acousti.ca/node/11786"
"11787","Brevisiana brevis","PreservedSpecimen","AMGS","MHV Cicadas","959","","","","","","Ben Price","2007-12-16T00:00:00","","","","","Morning Sun Ranch, Makhado","ZA","-22.944","29.905","","https://bio.acousti.ca/node/11787"
"11788","Brevisiana brevis","PreservedSpecimen","AMGS","MHV Cicadas","1408","","","","","","Ben Price","2008-12-06T00:00:00","","","","","M1 N Dedza","","-14.306","34.178","","https://bio.acousti.ca/node/11788"
"11789","Platypleura brunea","PreservedSpecimen","AMGS","MHV Cicadas","946","","","","","","Ben Price","2007-12-20T00:00:00","","","","","Queenstown","ZA","-31.895","26.893","","https://bio.acousti.ca/node/11789"
"11790","Platypleura brunea","PreservedSpecimen","AMGS","MHV Cicadas","950","","","","","","Ben Price","2007-12-05T00:00:00","","","","","Haga Haga","ZA","-32.759","28.25","","https://bio.acousti.ca/node/11790"
"11791","Platypleura capensis","PreservedSpecimen","AMGS","MHV Cicadas","274","","","","","","M.H. Villet; Ben Price","2005-12-17T00:00:00","","","","DQ912434, EF134537","Arniston","ZA","-34.661","20.22","","https://bio.acousti.ca/node/11791"
"11792","Platypleura capensis","PreservedSpecimen","AMGS","MHV Cicadas","277","","","","","","M.H. Villet; Ben Price","2005-12-17T00:00:00","","","","DQ912437, EF134544","4km W Die Dam","ZA","-34.75","19.678","","https://bio.acousti.ca/node/11792"
"11793","Platypleura capensis","PreservedSpecimen","AMGS","Audio","1489","","","","","","M.H. Villet; Ben Price","2009-02-07T00:00:00","","","","","Gamtoos Pass","ZA","-33.912","25.05","","https://bio.acousti.ca/node/11793"
"11795","Platypleura cf. brunea","PreservedSpecimen","AMGS","Audio","949","","","","","","Ben Price","2007-12-08T00:00:00","","","","","Liesure Bay","ZA","-31.015","30.234","","https://bio.acousti.ca/node/11795"
"11796","Platypleura cf. brunea","PreservedSpecimen","AMGS","Audio","953","","","","","","Ben Price","2007-12-10T00:00:00","","","","","Nkandhla Forest","ZA","-28.71","31.143","","https://bio.acousti.ca/node/11796"
"11797","Platypleura cf. catenata","PreservedSpecimen","AMGS","Audio","283","","","","","","M.H. Villet; Ben Price","2005-12-18T00:00:00","","","","DQ912464, EF134600","Sir Lowry's Pass","ZA","-34.135","18.925","","https://bio.acousti.ca/node/11797"
"11798","Platypleura cf. catenata","PreservedSpecimen","AMGS","Audio","286","","","","","","M.H. Villet; Ben Price","2005-12-18T00:00:00","","","","","Grabow","ZA","-34.162","19.011","","https://bio.acousti.ca/node/11798"
"11799","Platypleura cf. catenata","PreservedSpecimen","AMGS","Audio","288","","","","","","M.H. Villet; Ben Price","2005-12-18T00:00:00","","","","","Houwhoek Pass","ZA","-34.229","19.188","","https://bio.acousti.ca/node/11799"
"11800","Platypleura cf. catenata","PreservedSpecimen","AMGS","MHV Cicadas","318","","","","","","M.H. Villet","2005-12-21T00:00:00","","","","DQ912427, EF134532","Prince Albert Pass","ZA","-33.865","23.153","","https://bio.acousti.ca/node/11800"
"11802","Platypleura cf. catenata","PreservedSpecimen","AMGS","MHV Cicadas","393","","","","","","M.H. Villet","2005-01-01T00:00:00","","","","DQ912471, EF134567","N2 nr Humansdorp","ZA","-34.054","24.493","","https://bio.acousti.ca/node/11802"
"11803","Platypleura cf. catenata","PreservedSpecimen","AMGS","MHV Cicadas","607","","","","","","Ben Price","2007-01-05T00:00:00","","","","","20km W Swellendam R324","ZA","-34.011","20.623","","https://bio.acousti.ca/node/11803"
"11805","Platypleura cf. catenata","PreservedSpecimen","AMGS","MHV Cicadas","608","","","","","","Ben Price","2007-01-05T00:00:00","","","","","R328 Robinson Pass","ZA","-33.982","22.042","","https://bio.acousti.ca/node/11805"
"11806","Platypleura cf. catenata","PreservedSpecimen","AMGS","MHV Cicadas","835","","","","","","Ben Price; M.H. Villet","2007-12-29T00:00:00","","","","","Swartberg Pass","ZA","-33.368","22.102","","https://bio.acousti.ca/node/11806"
"11808","Platypleura cf. catenata","PreservedSpecimen","AMGS","MHV Cicadas","900","","","","","","M.H. Villet; Ben Price","2008-01-01T00:00:00","","","","","Tradouws Pass","ZA","-33.924","20.711","","https://bio.acousti.ca/node/11808"
"11809","Platypleura cf. catenata","PreservedSpecimen","AMGS","MHV Cicadas","903","","","","","","M.H. Villet; Ben Price","2007-12-31T00:00:00","","","","","nr Witrivier","ZA","-33.511","19.193","","https://bio.acousti.ca/node/11809"
"11810","Platypleura cf. catenata","PreservedSpecimen","AMGS","MHV Cicadas","1017","","","","","","Ben Price; M.H. Villet","2008-01-17T00:00:00","","","","","10km E Hankey","ZA","-33.841","24.991","","https://bio.acousti.ca/node/11810"
"11823","Decticus verrucivorus","LivingSpecimen","AMGS","MHV Cicadas","1427995","BMNH 1978/461","","Male","Adult","1","W. J. Reynolds","1978-09-14T00:00:00","W. J. Reynolds","","","","near Saillagiuse, 1km S. of Eyne","FR","42.456318","2.060016","","https://bio.acousti.ca/node/11823"
"11825","Decticus verrucivorus","LivingSpecimen","AMGS","MHV Cicadas","1427996","","","Male","Adult","1","M. J. Samways","1972-07-21T00:00:00","M. J. Samways","","","","5km E. of Lunel","FR","43.670258","4.229076","","https://bio.acousti.ca/node/11825"
"11836","Platypleura cf. chalybaea","PreservedSpecimen","AMGS","MHV Cicadas","941","","","","","","Ben Price","2007-12-07T00:00:00","","","","","nr Coffee Bay","ZA","-31.911","28.961","","https://bio.acousti.ca/node/11836"
"11837","Platypleura cf. chalybaea","PreservedSpecimen","AMGS","MHV Cicadas","943","","","","","","Ben Price","2007-12-08T00:00:00","","","","","Port St. Johns","ZA","-31.64","29.515","","https://bio.acousti.ca/node/11837"
"11838","Platypleura chalybaea","PreservedSpecimen","AMGS","MHV Cicadas","914","","","","","","Ben Price","2008-01-12T00:00:00","","","","","Horns-up Pub, Kenton","ZA","-33.653","26.653","","https://bio.acousti.ca/node/11838"
"11839","Platypleura chalybaea","PreservedSpecimen","AMGS","MHV Cicadas","1022","","","","","","Ben Price; M.H. Villet","2008-01-17T00:00:00","","","","","Zuurberg Pass","ZA","-33.381","25.714","","https://bio.acousti.ca/node/11839"
"11840","Platypleura deusta","PreservedSpecimen","AMGS","MHV Cicadas","514","","","","","","M.H. Villet","2006-12-22T00:00:00","","","","","Nico Malan Pass","ZA","-32.383","26.91","","https://bio.acousti.ca/node/11840"
"11841","Platypleura deusta","PreservedSpecimen","AMGS","MHV Cicadas","990","","","","","","Ben Price","2007-12-17T00:00:00","","","","","N1 nr Harrismith","ZA","-28.318","29.187","","https://bio.acousti.ca/node/11841"
"11842","Platypleura deusta","PreservedSpecimen","AMGS","MHV Cicadas","991","","","","","","Ben Price","2007-12-19T00:00:00","","","","","Woodcliffe Farm nr Maclear","ZA","-30.994","28.19","","https://bio.acousti.ca/node/11842"
"11843","Platypleura deusta","PreservedSpecimen","AMGS","MHV Cicadas","992","","","","","","Ben Price","2007-12-14T00:00:00","","","","","R533 nr Grasskop","ZA","-24.952","30.846","","https://bio.acousti.ca/node/11843"
"11844","Platypleura deusta","PreservedSpecimen","AMGS","MHV Cicadas","993","","","","","","Ben Price","2007-12-13T00:00:00","","","","","R543 nr Piet Retief","ZA","-27.281","30.358","","https://bio.acousti.ca/node/11844"
"11845","Platypleura deusta","PreservedSpecimen","AMGS","MHV Cicadas","994","","","","","","Ben Price","2007-12-18T00:00:00","","","","","Fort Nottingham","ZA","-29.376","29.993","","https://bio.acousti.ca/node/11845"
"11846","Platypleura divisa","PreservedSpecimen","AMGS","MHV Cicadas","515","","","","","","M.H. Villet","2006-12-22T00:00:00","","","","","10km S Whittlesea","ZA","-32.256","26.863","","https://bio.acousti.ca/node/11846"
"11847","Platypleura divisa","PreservedSpecimen","AMGS","MHV Cicadas","954","","","","","","Ben Price","2007-12-17T00:00:00","","","","","R74 nr Harrismith","ZA","-28.563","29.072","","https://bio.acousti.ca/node/11847"
"11848","Platypleura divisa","PreservedSpecimen","AMGS","MHV Cicadas","982","","","","","","Ben Price","2007-12-14T00:00:00","","","","","R38 nr Barberton","ZA","-25.653","31.266","","https://bio.acousti.ca/node/11848"
"11849","Platypleura divisa","PreservedSpecimen","AMGS","MHV Cicadas","983","","","","","","Ben Price","2007-12-13T00:00:00","","","","","R33 nr Houtkop Farm","ZA","-26.678","30.706","","https://bio.acousti.ca/node/11849"
"11850","Platypleura divisa","PreservedSpecimen","AMGS","MHV Cicadas","989","","","","","","Ben Price","","","","","","nr Jozini","ZA","-27.046","32.347","","https://bio.acousti.ca/node/11850"
"11869","Munza furva","PreservedSpecimen","AMGS","MHV Cicadas","939","","","","","","Ben Price","2007-12-15T00:00:00","","","","","R36 nr Tzaneen","ZA","-23.622","30.127","","https://bio.acousti.ca/node/11869"
"11870","Munza furva","PreservedSpecimen","AMGS","MHV Cicadas","940","","","","","","Ben Price","2007-12-16T00:00:00","","","","","R523 nr Vivo","ZA","-22.98","29.281","","https://bio.acousti.ca/node/11870"
"11968","Acanthopleura","LivingSpecimen","NHMUK","BMNH(E)","2?","","","","","","John D. Taylor","1969-01-01T00:00:00","John D. Taylor","1969-01-01T00:00:00","","","","SC","-9.416681","46.41665","","https://bio.acousti.ca/node/11968"
"11981","Platypleura haglundi","PreservedSpecimen","AMGS","MHV Cicadas","973","","","","","","Ben Price","2007-12-14T00:00:00","","2007-12-14T00:00:00","","","R38 nr Barberton","ZA","-25.722","31.058","","https://bio.acousti.ca/node/11981"
"11982","Platypleura haglundi","PreservedSpecimen","AMGS","MHV Cicadas","975","","","","","","Ben Price","2007-12-16T00:00:00","Ben Price","","","","Morning Sun Ranch, Makhado","ZA","-22.941","29.878","","https://bio.acousti.ca/node/11982"
"11983","Platypleura haglundi","PreservedSpecimen","AMGS","MHV Cicadas","976","","","","","","Ben Price","2007-12-14T00:00:00","Ben Price","","","","Blyde River Canyon","ZA","-24.554","30.733","","https://bio.acousti.ca/node/11983"
"11984","Platypleura haglundi","PreservedSpecimen","AMGS","MHV Cicadas","978","","","","","","Ben Price","2007-12-10T00:00:00","Ben Price","","","","nr Qudeni Forest","ZA","-28.919","30.852","","https://bio.acousti.ca/node/11984"
"11985","Platypleura hirta","PreservedSpecimen","AMGS","MHV Cicadas","986","","","","","","Ben Price","2007-12-14T00:00:00","Ben Price","","","","Blyde River Canyon","ZA","-24.685","30.813","","https://bio.acousti.ca/node/11985"
"11986","Platypleura hirta","PreservedSpecimen","AMGS","MHV Cicadas","987","","","","","","Ben Price","2007-12-14T00:00:00","Ben Price","2007-12-14T00:00:00","","","Blyde River Canyon","ZA","-24.637","30.81","","https://bio.acousti.ca/node/11986"
"11987","Platypleura hirtipennis","PreservedSpecimen","AMGS","MHV Cicadas","486","","","","","","M.H. Villet","2006-12-13T00:00:00","","","","","nr Coombs View","ZA","-33.281","26.808","","https://bio.acousti.ca/node/11987"
"11988","Platypleura hirtipennis","PreservedSpecimen","AMGS","MHV Cicadas","488","","","","","","M.H. Villet","2006-12-13T00:00:00","","","","","Fish River Hotel","ZA","-33.477","27.141","","https://bio.acousti.ca/node/11988"
"11989","Platypleura hirtipennis","PreservedSpecimen","AMGS","MHV Cicadas","1028","","","","","","Ben Price; M.H. Villet","2008-01-17T00:00:00","","2008-01-17T00:00:00","","","7km S Paterson","ZA","-33.486","25.932","","https://bio.acousti.ca/node/11989"
"11990","Munza laticlavia","PreservedSpecimen","AMGS","MHV Cicadas","247","","","","","","M.H. Villet","2005-12-11T00:00:00","","","","","Groblershoop","ZA","-28.886","21.979","","https://bio.acousti.ca/node/11990"
"11991","Oxypleura lenihani","PreservedSpecimen","AMGS","MHV Cicadas","958","","","","","","Ben Price","2007-12-11T00:00:00","","","","","Richards Bay","ZA","-28.71","32.189","","https://bio.acousti.ca/node/11991"
"11992","Ioba leopardina","PreservedSpecimen","AMGS","MHV Cicadas","961","","","","","","Ben Price","2007-12-15T00:00:00","","","","","R36 nr Tzaneen","ZA","-23.649","30.172","","https://bio.acousti.ca/node/11992"
"11993","Ioba leopardina","PreservedSpecimen","AMGS","MHV Cicadas","1411","","","","","","Ben Price","2008-12-07T00:00:00","","","","","Chikongawa (Perekezi)","","-11.937","33.698","","https://bio.acousti.ca/node/11993"
"11994","Platypleura maytenophila","PreservedSpecimen","AMGS","MHV Cicadas","955","","","","","","Ben Price","2007-12-11T00:00:00","","","","","nr Sodwana","ZA","-27.598","32.452","","https://bio.acousti.ca/node/11994"
"11995","Platypleura maytenophila","PreservedSpecimen","AMGS","MHV Cicadas","956","","","","","","Ben Price","2007-12-11T00:00:00","","","","","Umlalazi N.R. Mtunzini","ZA","-28.955","31.776","","https://bio.acousti.ca/node/11995"
"11996","Platypleura maytenophila","PreservedSpecimen","AMGS","MHV Cicadas","1519","","","","","","Ben Price; Paterson I. D.","2009-02-23T00:00:00","","","","","Iphiva Forest, St. Lucia","ZA","-28.353","32.433","","https://bio.acousti.ca/node/11996"
"11997","Platypleura mijburghi","PreservedSpecimen","AMGS","MHV Cicadas","963","","","","","","Ben Price","2007-12-14T00:00:00","","","","","R36 Abel Erasmus Pass","ZA","-24.552","30.622","","https://bio.acousti.ca/node/11997"
"11998","Platypleura mijburghi","PreservedSpecimen","AMGS","MHV Cicadas","964","","","","","","Ben Price","2007-12-11T00:00:00","","","","","Pongolapoort Pass","ZA","-27.497","32.012","","https://bio.acousti.ca/node/11998"
"11999","Orapa numa","PreservedSpecimen","AMGS","MHV Cicadas","1404","","","","","","Ben Price","2008-12-05T00:00:00","","","","","Chongoni Forest Reserve","","-14.32","34.264","","https://bio.acousti.ca/node/11999"
"12000","Platypleura plumosa","PreservedSpecimen","AMGS","MHV Cicadas","321","","","","","","M.H. Villet","2005-12-21T00:00:00","","","","","Ghwarriepoort River","ZA","-33.387","23.393","","https://bio.acousti.ca/node/12000"
"12001","Platypleura plumosa","PreservedSpecimen","AMGS","MHV Cicadas","329","","","","","","M.H. Villet","2005-12-11T00:00:00","","","","","Steydtlerville","ZA","-33.336","24.338","","https://bio.acousti.ca/node/12001"
"12002","Platypleura plumosa","PreservedSpecimen","AMGS","MHV Cicadas","501","","","","","","M.H. Villet","2006-12-22T00:00:00","","","","","Fort Brown","ZA","-33.132","26.618","","https://bio.acousti.ca/node/12002"
"12003","Platypleura plumosa","PreservedSpecimen","AMGS","MHV Cicadas","540","","","","","","M.H. Villet","2007-01-01T00:00:00","","","","","Great Fish River bridge","ZA","-31.91","25.413","","https://bio.acousti.ca/node/12003"
"12004","Platypleura plumosa","PreservedSpecimen","AMGS","MHV Cicadas","609","","","","","","Ben Price","2006-12-21T00:00:00","","","","","4km W De Rust","ZA","-33.507","22.498","","https://bio.acousti.ca/node/12004"
"12005","Platypleura plumosa","PreservedSpecimen","AMGS","MHV Cicadas","610","","","","","","Ben Price","2007-01-04T00:00:00","","","","","R407 40km E Prince Albert","ZA","-33.221","22.426","","https://bio.acousti.ca/node/12005"
"12006","Platypleura plumosa","PreservedSpecimen","AMGS","MHV Cicadas","1021","","","","","","Ben Price; M.H. Villet","2008-01-17T00:00:00","","","","","nr Addo N.P.","ZA","-33.487","25.707","","https://bio.acousti.ca/node/12006"
"12007","Platypleura plumosa","PreservedSpecimen","AMGS","MHV Cicadas","1037","","","","","","Ben Price; T. A. Bellingan","2008-01-19T00:00:00","","","","","Paniel Farm","ZA","-33.48","25.331","","https://bio.acousti.ca/node/12007"
"12008","Platypleura plumosa","PreservedSpecimen","AMGS","MHV Cicadas","1488","","","","","","M.H. Villet; Ben Price","2009-02-07T00:00:00","","","","","Nanaga","ZA","-33.607","25.922","","https://bio.acousti.ca/node/12008"
"12009","Pycna semiclara","PreservedSpecimen","AMGS","MHV Cicadas","916","","","","","","Ben Price","2007-12-13T00:00:00","","","","","Amajuba nr Newcastle","ZA","-27.562","29.885","","https://bio.acousti.ca/node/12009"
"12010","Pycna semiclara","PreservedSpecimen","AMGS","MHV Cicadas","922","","","","","","Ben Price","2007-12-15T00:00:00","","","","","Woodcliffe Farm nr Maclear","ZA","-30.987","28.23","","https://bio.acousti.ca/node/12010"
"12011","Pycna semiclara","PreservedSpecimen","AMGS","MHV Cicadas","923","","","","","","Ben Price","2007-12-20T00:00:00","","","","","Umkomaas Valley","ZA","-29.726","29.937","","https://bio.acousti.ca/node/12011"
"12012","Pycna semiclara","PreservedSpecimen","AMGS","MHV Cicadas","919","","","","","","Ben Price","2007-12-15T00:00:00","","","","","R528 nr Tzaneen","ZA","-23.938","30.024","","https://bio.acousti.ca/node/12012"
"12013","Pycna semiclara","PreservedSpecimen","AMGS","MHV Cicadas","925","","","","","","Ben Price","2007-12-10T00:00:00","","","","","R74 nr Grasskop","ZA","-29.034","30.89","","https://bio.acousti.ca/node/12013"
"12014","Pycna semiclara","PreservedSpecimen","AMGS","MHV Cicadas","930","","","","","","Ben Price","2007-12-10T00:00:00","","","","","R614 nr Wartberg","ZA","-29.527","31.099","","https://bio.acousti.ca/node/12014"
"12015","Pycna semiclara","PreservedSpecimen","AMGS","MHV Cicadas","931","","","","","","Ben Price","2007-12-07T00:00:00","","","","","Coffee Bay","ZA","-31.987","29.152","","https://bio.acousti.ca/node/12015"
"12016","Platypleura signifera","PreservedSpecimen","AMGS","MHV Cicadas","888","","","","","","M.H. Villet; Ben Price","2007-12-31T00:00:00","","","","","nr Groenriviermond","ZA","-30.804","17.602","","https://bio.acousti.ca/node/12016"
"12017","Cicadetta sp.","PreservedSpecimen","AMGS","MHV Cicadas","972","","","","","","Ben Price","2007-12-13T00:00:00","","","","","N11 nr Newcastle","ZA","-27.861","29.947","","https://bio.acousti.ca/node/12017"
"12018","Koranna sp.","PreservedSpecimen","AMGS","MHV Cicadas","830","","","","","","Ben Price; M.H. Villet","2007-12-28T00:00:00","","","","","nr Robinson Pass","ZA","-33.763","22.085","","https://bio.acousti.ca/node/12018"
"12019","Koranna sp.","PreservedSpecimen","AMGS","MHV Cicadas","831","","","","","","Ben Price; M.H. Villet","2007-12-28T00:00:00","","","","","10km E Calitzdorp","ZA","-33.525","21.732","","https://bio.acousti.ca/node/12019"
"12020","Koranna sp.","PreservedSpecimen","AMGS","MHV Cicadas","844","","","","","","Ben Price; M.H. Villet","2007-12-29T00:00:00","","","","","nr Karookloof","ZA","-33.25","19.69","","https://bio.acousti.ca/node/12020"
"12021","Platypleura sp.","PreservedSpecimen","AMGS","MHV Cicadas","1403","","","","","","Ben Price","2008-12-05T00:00:00","","","","","Chongoni Forest Reserve","","-14.32","34.264","","https://bio.acousti.ca/node/12021"
"12022","Platypleura sp.","PreservedSpecimen","AMGS","MHV Cicadas","1410","","","","","","Ben Price","2008-12-06T00:00:00","","","","","","","-12.111","33.649","","https://bio.acousti.ca/node/12022"
"12150","Alouatta pigra","HumanObservation","BioAcoustica","Alex Monro","1","","","","","","Alex Monro","2010-01-24T00:00:00","Alex Monro","","","","","BZ","16.7332492","-88.9859962","","https://bio.acousti.ca/node/12150"
"12154","Myadestes melanops","HumanObservation","BioAcoustica","Alex Monro","2","","","","","","Alex Monro","2008-03-11T00:00:00","Alex Monro","","","","","PA","8.892619","-82.611351","","https://bio.acousti.ca/node/12154"
"12157","Psarocolius montezuma","HumanObservation","BioAcoustica","Alex Monro","3","","","","","","Alex Monro","2010-01-24T00:00:00","Alex Monro","","","","","BZ","16.7332492","-88.9859962","","https://bio.acousti.ca/node/12157"
"12159","Platypleura","PreservedSpecimen","AMGS","MHV Cicadas","1412","","","","","","Ben Price","2008-12-07T00:00:00","","","","","Chikongawa, Tamgatamga Forest","","-11.937","33.698","","https://bio.acousti.ca/node/12159"
"12160","Platypleura","PreservedSpecimen","AMGS","MHV Cicadas","1413","","","","","","Ben Price","2008-12-07T00:00:00","","","","","M1 S Mzimba","","-12.111","33.649","","https://bio.acousti.ca/node/12160"
"12161","Platypleura","PreservedSpecimen","AMGS","MHV Cicadas","1421","","","","","","Ben Price","2008-12-08T00:00:00","","","","","Nyika N.P.","","-10.817","33.591","","https://bio.acousti.ca/node/12161"
"12162","Platypleura","PreservedSpecimen","AMGS","MHV Cicadas","1424","","","","","","Ben Price","2008-12-09T00:00:00","","2008-12-09T00:00:00","","","Kaning'ina Forest","","-11.473","34.073","","https://bio.acousti.ca/node/12162"
"12163","Stagira sp.","PreservedSpecimen","AMGS","MHV Cicadas","965","","","","","","Ben Price","2007-12-20T00:00:00","","","","","nr Cala","ZA","-31.593","27.937","","https://bio.acousti.ca/node/12163"
"12164","Albanycada ""sp. 01""","PreservedSpecimen","AMGS","MHV Cicadas","1035","","","","","","Ben Price; T. A. Bellingan","2008-01-19T00:00:00","","","","","Rietfontein Farm","ZA","-32.968","23.715","","https://bio.acousti.ca/node/12164"
"12165","""Gogga"" ""sp. 01d cf. carinata""","PreservedSpecimen","AMGS","MHV Cicadas","1510","","","","","","Ben Price; Paterson I. D.","2009-02-17T00:00:00","","","","","Vernon Crookes N.R.","ZA","-30.268","30.612","","https://bio.acousti.ca/node/12165"
"12166","Platypleura ""sp. 04""","PreservedSpecimen","AMGS","MHV Cicadas","595","","","","","","Ben Price","2006-12-21T00:00:00","","","","","5km NW Van Wyksdorp","ZA","-33.702","21.343","","https://bio.acousti.ca/node/12166"
"12167","Platypleura ""sp. 04""","PreservedSpecimen","AMGS","MHV Cicadas","596","","","","","","Ben Price","2007-01-04T00:00:00","","","","","10km S De Rust","ZA","-33.881","22.459","","https://bio.acousti.ca/node/12167"
"12168","Platypleura ""sp. 04""","PreservedSpecimen","AMGS","MHV Cicadas","597","","","","","","Ben Price","2006-12-21T00:00:00","","","","","Merringspoort Pass","ZA","-33.4","22.561","","https://bio.acousti.ca/node/12168"
"12169","Platypleura ""sp. 04""","PreservedSpecimen","AMGS","MHV Cicadas","598","","","","","","Ben Price","2006-12-21T00:00:00","","","","","4km E Kuisrivier","ZA","-33.425","21.942","","https://bio.acousti.ca/node/12169"
"12170","Platypleura ""sp. 04""","PreservedSpecimen","AMGS","MHV Cicadas","906","","","","","","M.H. Villet; Ben Price","2008-01-01T00:00:00","","","","","2km E of Barrydale","ZA","-33.855","20.804","","https://bio.acousti.ca/node/12170"
"12171","Platypleura ""sp. 08""","PreservedSpecimen","AMGS","MHV Cicadas","338","","","","","","M.H. Villet","2005-12-27T00:00:00","","","","","Collingham Ridge","ZA","-33.298","26.745","","https://bio.acousti.ca/node/12171"
"12172","Platypleura ""sp. 08""","PreservedSpecimen","AMGS","MHV Cicadas","485","","","","","","M.H. Villet","2006-12-13T00:00:00","","","","","Collingham Ridge","ZA","-33.284","26.703","","https://bio.acousti.ca/node/12172"
"12173","Platypleura ""sp. 10""","PreservedSpecimen","AMGS","MHV Cicadas","313","","","","","","M.H. Villet; Ben Price","2005-12-20T00:00:00","","","","","Die Koo","ZA","-33.604","19.86","","https://bio.acousti.ca/node/12173"
"12174","Platypleura ""sp. 10""","PreservedSpecimen","AMGS","MHV Cicadas","600","","","","","","Ben Price","2007-01-04T00:00:00","","","","","45km N Montague","ZA","-33.691","19.876","","https://bio.acousti.ca/node/12174"
"12175","Platypleura ""sp. 10""","PreservedSpecimen","AMGS","MHV Cicadas","847","","","","","","Ben Price; M.H. Villet","2007-12-29T00:00:00","","","","","20km E Kagga Kama","ZA","-32.893","19.689","","https://bio.acousti.ca/node/12175"
"12176","Platypleura ""sp. 10""","PreservedSpecimen","AMGS","MHV Cicadas","866","","","","","","Ben Price; M.H. Villet","2007-12-30T00:00:00","","","","","Van Ryns Pass","ZA","-31.371","19.019","","https://bio.acousti.ca/node/12176"
"12177","","PreservedSpecimen","AMGS","MHV Cicadas","891","","","","","","M.H. Villet; Ben Price","2007-12-31T00:00:00","","","","","Pikenierskloof Pass","ZA","-32.614","18.963","","https://bio.acousti.ca/node/12177"
"12178","Platypleura ""sp. 11 cf. hirtipennis""","PreservedSpecimen","AMGS","MHV Cicadas","843","","","","","","Ben Price; M.H. Villet","2007-12-29T00:00:00","","","","","nr Karookloof","ZA","-33.25","19.69","","https://bio.acousti.ca/node/12178"
"12179","Platypleura ""sp. 11 cf. hirtipennis""","PreservedSpecimen","AMGS","MHV Cicadas","845","","","","","","Ben Price; M.H. Villet","2007-12-29T00:00:00","","","","","Leeuwenshof","ZA","-32.891","19.766","","https://bio.acousti.ca/node/12179"
"12180","Platypleura ""sp. 11 cf. hirtipennis""","PreservedSpecimen","AMGS","MHV Cicadas","859","","","","","","Ben Price; M.H. Villet","2007-12-30T00:00:00","","","","","Trawal","ZA","-31.884","18.637","","https://bio.acousti.ca/node/12180"
"12181","Platypleura ""sp. 12 cf. hirtipennis""","PreservedSpecimen","AMGS","MHV Cicadas","601","","","","","","Ben Price","2006-12-21T00:00:00","","","","","15km S Ladismith R327","ZA","-33.597","21.243","","https://bio.acousti.ca/node/12181"
"12182","Platypleura ""sp. 12 cf. hirtipennis""","PreservedSpecimen","AMGS","MHV Cicadas","602","","","","","","Ben Price","2007-01-04T00:00:00","","","","","20km SE Prince Albert","ZA","-33.27","22.158","","https://bio.acousti.ca/node/12182"
"12183","Platypleura ""sp. 12 cf. hirtipennis""","PreservedSpecimen","AMGS","MHV Cicadas","603","","","","","","Ben Price","2007-01-04T00:00:00","","","","","5km W Prince Albert","ZA","-33.191","22.013","","https://bio.acousti.ca/node/12183"
"12184","Platypleura ""sp. 12 cf. hirtipennis""","PreservedSpecimen","AMGS","MHV Cicadas","605","","","","","","Ben Price","2007-01-05T00:00:00","","","","","R62 30km SW Ladismith","ZA","-33.665","20.997","","https://bio.acousti.ca/node/12184"
"12185","Platypleura ""sp. 12 cf. hirtipennis""","PreservedSpecimen","AMGS","MHV Cicadas","606","","","","","","Ben Price","2007-01-05T00:00:00","","","","","20km S Ladismith","ZA","-33.653","21.181","","https://bio.acousti.ca/node/12185"
"12186","Platypleura ""sp. 12 cf. hirtipennis""","PreservedSpecimen","AMGS","MHV Cicadas","838","","","","","","Ben Price; M.H. Villet","2007-12-29T00:00:00","","","","","N Swartberg Pass","ZA","-33.288","22.052","","https://bio.acousti.ca/node/12186"
"12187","Platypleura ""sp. 12 cf. hirtipennis""","PreservedSpecimen","AMGS","MHV Cicadas","839","","","","","","Ben Price; M.H. Villet","2007-12-29T00:00:00","","","","","Gamka River","ZA","-33.117","21.927","","https://bio.acousti.ca/node/12187"
"12188","","PreservedSpecimen","AMGS","MHV Cicadas","840","","","","","","Ben Price; M.H. Villet","2007-12-29T00:00:00","","","","","20km N Laingsburg","ZA","-33.176","20.985","","https://bio.acousti.ca/node/12188"
"12189","Platypleura ""sp. 12 cf. hirtipennis""","PreservedSpecimen","AMGS","MHV Cicadas","842","","","","","","Ben Price; M.H. Villet","2007-12-29T00:00:00","","","","","nr Maitjiesfontein","ZA","-33.229","20.548","","https://bio.acousti.ca/node/12189"
"12190","","PreservedSpecimen","AMGS","MHV Cicadas","898","","","","","","M.H. Villet; Ben Price","2008-01-01T00:00:00","","","","","2.5km E of Ganskop","ZA","-33.649","21.019","","https://bio.acousti.ca/node/12190"
"12191","Platypleura ""sp. 12 cf. hirtipennis""","PreservedSpecimen","AMGS","MHV Cicadas","902","","","","","","M.H. Villet; Ben Price","","","","","","12km E of Barrydale","ZA","-33.813","20.898","","https://bio.acousti.ca/node/12191"
"12192","Platypleura ""sp. 13""","PreservedSpecimen","AMGS","MHV Cicadas","1016","","","","","","Ben Price; M.H. Villet","2008-01-17T00:00:00","","","","","10km SE Hankey","ZA","-33.839","24.938","","https://bio.acousti.ca/node/12192"
"12193","Platypleura ""sp. 13""","PreservedSpecimen","AMGS","MHV Cicadas","1486","","","","","","M.H. Villet; Ben Price","2009-02-07T00:00:00","","","","","Gamtoos River bridge","ZA","-33.935","25.009","","https://bio.acousti.ca/node/12193"
"12194","Platypleura ""sp. 13""","PreservedSpecimen","AMGS","MHV Cicadas","1487","","","","","","M.H. Villet; Ben Price","2009-02-07T00:00:00","","","","","nr Thornhill","ZA","-33.896","25.125","","https://bio.acousti.ca/node/12194"
"12195","Platypleura ""sp. 13""","PreservedSpecimen","AMGS","MHV Cicadas","1490","","","","","","M.H. Villet; Ben Price","2009-02-07T00:00:00","","","","","Gamtoos Pass","ZA","-33.9","25.116","","https://bio.acousti.ca/node/12195"
"12196","Platypleura ""sp. 14""","PreservedSpecimen","AMGS","MHV Cicadas","988","","","","","","Ben Price","2007-12-19T00:00:00","","","","","15km SE Maclear","ZA","-31.172","28.571","","https://bio.acousti.ca/node/12196"
"12197","Platypleura stridula","PreservedSpecimen","AMGS","MHV Cicadas","289","","","","","","M.H. Villet; Ben Price","2005-12-18T00:00:00","","","","","Caledon","ZA","-34.228","19.43","","https://bio.acousti.ca/node/12197"
"12198","Platypleura stridula","PreservedSpecimen","AMGS","MHV Cicadas","855","","","","","","Ben Price; M.H. Villet","2007-12-30T00:00:00","","","","","Citrusdal","ZA","-32.599","19.003","","https://bio.acousti.ca/node/12198"
"12199","Pycna sylvia","PreservedSpecimen","AMGS","MHV Cicadas","933","","","","","","Ben Price","2007-12-14T00:00:00","","","","","R570 nr Malelane","ZA","-25.504","31.58","","https://bio.acousti.ca/node/12199"
"12200","Platypleura techowi","PreservedSpecimen","AMGS","MHV Cicadas","979","","","","","","Ben Price","2007-12-16T00:00:00","","","","","R523 nr Vivo","ZA","-22.97","29.331","","https://bio.acousti.ca/node/12200"
"12201","Platypleura techowi","PreservedSpecimen","AMGS","MHV Cicadas","980","","","","","","Ben Price","2007-12-16T00:00:00","","","","","nr Vivo","ZA","-22.935","29.378","","https://bio.acousti.ca/node/12201"
"12202","Platypleura techowi","PreservedSpecimen","AMGS","MHV Cicadas","981","","","","","","Ben Price","2007-12-16T00:00:00","","","","","R523 nr Vivo","ZA","-22.879","29.777","","https://bio.acousti.ca/node/12202"
"12203","Platypleura wahlbergi","PreservedSpecimen","AMGS","MHV Cicadas","513","","","","","","M.H. Villet","2006-12-22T00:00:00","","","","","Nico Malan Pass","ZA","-32.504","26.815","","https://bio.acousti.ca/node/12203"
"12204","Azanicada zuluensis","PreservedSpecimen","AMGS","MHV Cicadas","935","","","","","","Ben Price","2007-12-15T00:00:00","","","","","Haga Haga","ZA","-32.759","28.25","","https://bio.acousti.ca/node/12204"
"12205","Azanicada zuluensis","PreservedSpecimen","AMGS","MHV Cicadas","936","","","","","","Ben Price","2007-12-11T00:00:00","","","","","Mission Rock, St. Lucia","ZA","-28.278","32.485","","https://bio.acousti.ca/node/12205"
"12206","Azanicada zuluensis","PreservedSpecimen","AMGS","MHV Cicadas","1029","","","","","","Ben Price; M.H. Villet","2008-01-18T00:00:00","","","","","Maatjies River","ZA","-33.981","23.458","","https://bio.acousti.ca/node/12206"
"12208","Larus argentatus","LivingSpecimen","BioAcoustica","Edward Baker","1","","","","","","Edward Baker","2015-08-02T00:00:00","Edward Baker","2015-08-02T00:00:00","","","Silver Street, Lyme Regis","GB","50.7264453781068","-2.9393470287323","","https://bio.acousti.ca/node/12208"
"12211","Metrioptera brachyptera","LivingSpecimen","NHMUK","BMNH(E)","010211034","1976-574","","Male","Adult","1","David R. Ragge","1976-07-29T00:00:00","","","","","Ashdown Forest. Grassy heath.","GB","51.0725","0.043056","","https://bio.acousti.ca/node/12211"
"12213","Platycleis albopunctata","LivingSpecimen","NHMUK","BMNH(E)","24?","1976-512","","Male","Adult","1","D Elias","1976-04-03T00:00:00","David R. Ragge","","","","Gower: Nicholaston Burrows","GB","51.57216","-4.120681","","https://bio.acousti.ca/node/12213"
"12214","Ephippiger cunii x cruciger","LivingSpecimen","NHMUK","BMNH(E)","010211148","1977-233","","Male","Adult","1","","","M Bugren","","","","","","","","<p>F1 generation</p>
","https://bio.acousti.ca/node/12214"
"12216","Ephippiger cruciger","LivingSpecimen","NHMUK","BMNH(E)","?????????","1977-233","","Male","Adult","1","A Hartley","1969-08-01T00:00:00","M Bugren","","","","Agde","FR","43.3108","3.4758","<p>Specimen bred from collected stock.</p>
","https://bio.acousti.ca/node/12216"
"12218","Ephippiger cunii","LivingSpecimen","NHMUK","BMNH(E)","010211423","","","Male","Adult","1","M Bugren","1976-01-01T00:00:00","M Bugren","","","","16km WSW of Pugicerda","ES","42.337993","1.685155","<p>Bred from collected stock<br />
	&nbsp;</p>
","https://bio.acousti.ca/node/12218"
"12220","Ephippiger cunii","LivingSpecimen","NHMUK","BMNH(E)","010211463","","","Male","Adult","1","M Bugren","1976-01-01T00:00:00","M Bugren","","","","Colera","ES","42.39884","3.156698","<p>Reared at Nottingham University from cultured stock</p>
","https://bio.acousti.ca/node/12220"
"12222","Ephippiger ephippiger","LivingSpecimen","NHMUK","BMNH(E)","010210989","1978-73","","Male","Adult","1","J. C. Hartley; M Bugren","1976-08-07T00:00:00","M Bugren","","","","","FR","43.606322","2.78098","<p>Bred from collected stock</p>
","https://bio.acousti.ca/node/12222"
"12224","Ephippiger ephippiger","LivingSpecimen","NHMUK","BMNH(E)","010210979","1978-73","","Male","Adult","1","J. C. Hartley; M Bugren","1976-08-01T00:00:00","M Bugren","","","","","FR","43.375296","2.892668","<p>Lab generation 1</p>
","https://bio.acousti.ca/node/12224"
"12226","Decticus verrucivorus","LivingSpecimen","NHMUK","BMNH(E)","010210753","","","Male","Adult","1","T Karabag","1973-04-23T00:00:00","L. M. Pitkin","","","","Castle Hill. Chalk downland.","GB","50.846","-0.053","","https://bio.acousti.ca/node/12226"
"12228","Deracantha","LivingSpecimen","NHMUK","BMNH(E)","010210752","","","Male","Adult","1","W. M. Taylor","1973-08-25T00:00:00","David R. Ragge","","sp.","","","MN","47.53","103.61","","https://bio.acousti.ca/node/12228"
"12230","Metrioptera roeselli","LivingSpecimen","NHMUK","BMNH(E)","010210751","","","Male","Adult","1","David R. Ragge; W. J. Reynolds","1974-07-19T00:00:00","David R. Ragge","","","","Dartford Marshes. Grassy bank by marsh.","GB","51.476","0.222","","https://bio.acousti.ca/node/12230"
"12232","Metrioptera brachyptera","LivingSpecimen","NHMUK","BMNH(E)","010211033","","","Male","Adult","1","W. J. Reynolds","1974-08-06T00:00:00","David R. Ragge","","","","Heath.","GB","51.3388","-0.366","","https://bio.acousti.ca/node/12232"
"12237","Conocephalus Anisoptera dorsalis","LivingSpecimen","NHMUK","BMNH(E)","010210748","","","Male","Adult","1","David R. Ragge; J. F. Burton","1962-08-01T00:00:00","David R. Ragge","","","","Riverside Meadows","GB","50.682587","-2.110507","","https://bio.acousti.ca/node/12237"
"12239","Metrioptera brachyptera","LivingSpecimen","NHMUK","BMNH(E)","010210747","","","Male","Adult","1","David R. Ragge; J. F. Burton","1962-08-01T00:00:00","David R. Ragge","","","","Isle of Purbeck","GB","50.5413629652216","-2.43621826171875","","https://bio.acousti.ca/node/12239"
"12248","Ephippiger cunii","LivingSpecimen","NHMUK","BMNH(E)","010211263","1977-233","","Male","Adult","1","J. C. Hartley","1972-08-01T00:00:00","M Bugren","","","","","ES","","","<p>Bred for collected stock</p>
","https://bio.acousti.ca/node/12248"
"12300","Pelophryne api","PreservedSpecimen","NHMUK","ZOO","1978.1575","NHMUK:ecatalogue:3347871","holotype","Male","Adult","1","Julian C. Dring","1978-07-05T00:00:00","Julian C. Dring","","","","","","","","","https://bio.acousti.ca/node/12300"
"12302","Pelophryne api","PreservedSpecimen","NHMUK","ZOO","1978.1594","","paratype","Male","Adult","1","Julian C. Dring","1978-07-19T00:00:00","Julian C. Dring","","","","","","4.120964","114.884734","","https://bio.acousti.ca/node/12302"
"12303","Kalophrynus nubicola","PreservedSpecimen","NHMUK","ZOO","1978.96","","paratype","Male","Adult","","Julian C. Dring","1977-08-04T00:00:00","Julian C. Dring","","","","Montane forest, on exposed, steep ridge terrain, tree height 5-30m., thick growth, heavy moss cover, peat hummocks.","MY","4.05","114.91667","","https://bio.acousti.ca/node/12303"
"12315","Kalophrynus nubicola","PreservedSpecimen","NHMUK","ZOO","1978.1618","NHMUK-ZOO-1978.1616-1618
NHMUK:ecatalogue:3347983
BM 1978.1618","paratype","","","","Julian C. Dring","1978-08-06T00:00:00","Julian C. Dring","","","","Montane forest, c.150m above zone of small diam. trees, on weakly defined ridge. 30m+ trees
- good moss and epiphyte cover, some Nepenthes
- peaty soil over grey clay & yellow clayey sand","MY","4.03832","114.888995","","https://bio.acousti.ca/node/12315"
"12316","Ansonia torrentis","PreservedSpecimen","NHMUK","ZOO","1978.1553","BM 1978.1553
NHMUK-ZOO-1978.66-68, 1553-58
NHMUK:ecatalogue:3347767","paratype","Male","Adult","","Julian C. Dring","1978-08-09T00:00:00","Julian C. Dring","","","","Montane forest, on exposed, steep ridge terrain, tree height 5-30m., thick growth, heavy moss cover, peat hummocks.","MY","4.05","114.91667","","https://bio.acousti.ca/node/12316"
"12320","Leptobrachella baluensis","PreservedSpecimen","NHMUK","ZOO","1978.1518","NHM-ZOO-1978.1518-1521
NHMUK:ecatalogue:3347921
BM 1978.1518","","Male","Adult","1","Julian C. Dring","1978-08-02T00:00:00","Julian C. Dring","","","","","","","","","https://bio.acousti.ca/node/12320"
"12321","Leptobrachella brevicrus","PreservedSpecimen","NHMUK","ZOO","1978.1522","NHMUK-ZOO-1978.33,35-36,1522
BM 1978.1522
NHMUK:ecatalogue:3347747","paratype","Male","Adult","1","Julian C. Dring","1978-08-11T00:00:00","Julian C. Dring","","","","Montane forest, on exposed, steep ridge terrain, tree height 5-30m., thick growth, heavy moss cover, peat hummocks.","MY","4.05","114.91667","","https://bio.acousti.ca/node/12321"
"12322","Leptobrachella mjobergi","PreservedSpecimen","NHMUK","ZOO","1978.1512","BM 1978.1512
NHMUK-ZOO-1978.1502-1515
NHMUK:ecatalogue:3347917","","Male","Adult","1","Julian C. Dring","1978-08-01T00:00:00","Julian C. Dring","","","","RGS Mulu Expedition Camp I
220 meters above sea level (Hemming)
4°03'N 114°52'E Small affluent of the Sungei Melinau Paku.
Lower edge of the mixed dipterocarp forest, within 1km of alluvial forest, between moderate and steep ridge terrain.","MY","4.05","114.866667","","https://bio.acousti.ca/node/12322"
"12323","Leptobrachella mjobergi","PreservedSpecimen","NHMUK","ZOO","1978.30","NHM-ZOO-1978.22-32, 1517
BM 1978.30
NHMUK:ecatalogue:3347745","","Male","Adult","1","Julian C. Dring","1978-08-10T00:00:00","Julian C. Dring","","","","A steep stream affluent of the torrential river at camp I. Mixed dipterocarp forest, steep ridge terrain.","MY","4.05","114.86667","","https://bio.acousti.ca/node/12323"
"12368","Hylarana glandulosa","LivingSpecimen","BioAcoustica","Dring","5","","","","","","Julian C. Dring","1978-07-30T00:00:00","Julian C. Dring","","","","RGS Mulu Expedition, Base Camp
Less than 30 metres above sea level
4°02'N 114°48'E. Sungai Melinau, affluent of Sungei Tutoh, 4th Division, Sarawak.
Alluvial forest (JAR Anderson, preliminary report) + Limestone outlying hill.","MY","4.033333","114.866667","","https://bio.acousti.ca/node/12368"
"12369","Rentapia hosii","PreservedSpecimen","NHMUK","ZOO","1978.85","BM 1978.85
NHMUK:ecatalogue:3347771","","","","","Julian C. Dring","1977-07-31T00:00:00","Julian C. Dring","","","","RGS Mulu Expedition, Base Camp
Less than 30 metres above sea level
4°02'N 114°48'E. Sungai Melinau, affluent of Sungei Tutoh, 4th Division, Sarawak.
Alluvial forest (JAR Anderson, preliminary report) + Limestone outlying hill.","MY","4.033333","114.866667","","https://bio.acousti.ca/node/12369"
"12370","Metaphrynella sundana","PreservedSpecimen","NHMUK","ZOO","1978.1601","NHMUK:ecatalogue:3347923","","","","","Julian C. Dring","1978-07-02T00:00:00","Julian C. Dring","","","","RGS Mulu Expedition, Base Camp
Less than 30 metres above sea level
4°02'N 114°48'E. Sungai Melinau, affluent of Sungei Tutoh, 4th Division, Sarawak.
Alluvial forest (JAR Anderson, preliminary report) + Limestone outlying hill.","MY","4.033333","114.866667","","https://bio.acousti.ca/node/12370"
"12371","Philautus mojobergi","PreservedSpecimen","NHMUK","ZOO","1978.259","","","","","","Julian C. Dring","","Julian C. Dring","","","","Montane forest, on exposed, steep ridge terrain, tree height 5-30m., thick growth, heavy moss cover, peat hummocks.","MY","4.05","114.91667","","https://bio.acousti.ca/node/12371"
"12373","Philautus kerangae","PreservedSpecimen","NHMUK","ZOO","1771","","holotype","","","","Julian C. Dring","","Julian C. Dring","","","","","","","","","https://bio.acousti.ca/node/12373"
"12374","Philautus acutus","PreservedSpecimen","NHMUK","ZOO","1978.1765","","holotype","","","","Julian C. Dring","","Julian C. Dring","","","","Montane forest, c.150m above zone of small diam. trees, on weakly defined ridge. 30m+ trees
- good moss and epiphyte cover, some Nepenthes
- peaty soil over grey clay & yellow clayey sand","MY","4.03832","114.888995","","https://bio.acousti.ca/node/12374"
"12375","Philautus petersi","PreservedSpecimen","NHMUK","ZOO","1978.282","","","","","","Julian C. Dring","","Julian C. Dring","","","","Montane forest, c.150m above zone of small diam. trees, on weakly defined ridge. 30m+ trees
- good moss and epiphyte cover, some Nepenthes
- peaty soil over grey clay & yellow clayey sand","MY","4.03832","114.888995","","https://bio.acousti.ca/node/12375"
"12376","Feihyla kajau","PreservedSpecimen","NHMUK","ZOO","1978.1763","","paratype","","","","Julian C. Dring","","Julian C. Dring","","","","RGS Mulu Expedition Camp I
220 meters above sea level (Hemming)
4°03'N 114°52'E Small affluent of the Sungei Melinau Paku.
Lower edge of the mixed dipterocarp forest, within 1km of alluvial forest, between moderate and steep ridge terrain.","MY","4.05","114.866667","","https://bio.acousti.ca/node/12376"
"12377","Pulchrana signata","LivingSpecimen","BioAcoustica","Dring","4","","","","","","Julian C. Dring","1978-07-31T00:00:00","","","","","RGS Mulu Expedition Camp I
220 meters above sea level (Hemming)
4°03'N 114°52'E Small affluent of the Sungei Melinau Paku.
Lower edge of the mixed dipterocarp forest, within 1km of alluvial forest, between moderate and steep ridge terrain.","MY","4.05","114.866667","","https://bio.acousti.ca/node/12377"
"12378","Polypedates colletti","LivingSpecimen","BioAcoustica","Dring","6","","","","","","Julian C. Dring","1978-08-25T00:00:00","Julian C. Dring","","","","","","","","","https://bio.acousti.ca/node/12378"
"12379","Limnonectes microdiscus","LivingSpecimen","BioAcoustica","Dring","7","","","","","","Julian C. Dring","1977-09-08T00:00:00","Julian C. Dring","","","","Montane forest, c.150m above zone of small diam. trees, on weakly defined ridge. 30m+ trees
- good moss and epiphyte cover, some Nepenthes
- peaty soil over grey clay & yellow clayey sand","MY","4.03832","114.888995","","https://bio.acousti.ca/node/12379"
"12380","Pulchrana baramica","LivingSpecimen","BioAcoustica","Dring","8","","","","","","Julian C. Dring","1977-08-31T00:00:00","Julian C. Dring","","","","RGS Mulu Expedition, Base Camp
Less than 30 metres above sea level
4°02'N 114°48'E. Sungai Melinau, affluent of Sungei Tutoh, 4th Division, Sarawak.
Alluvial forest (JAR Anderson, preliminary report) + Limestone outlying hill.","MY","4.033333","114.866667","","https://bio.acousti.ca/node/12380"
"12381","Kalophrynus","LivingSpecimen","BioAcoustica","Dring","10","","","","","","Julian C. Dring","1977-09-09T00:00:00","Julian C. Dring","","","","Montane forest, c.150m above zone of small diam. trees, on weakly defined ridge. 30m+ trees
- good moss and epiphyte cover, some Nepenthes
- peaty soil over grey clay & yellow clayey sand","MY","4.03832","114.888995","","https://bio.acousti.ca/node/12381"
"12405","Poecilimon Poecilimon miramae","PreservedSpecimen","BioAcoustica","Chobanov","1","","","Male","Adult","1","","2011-07-03T00:00:00","Chobanov Dragan","","","","Mandrakoy near Babaeski","TR","41.3603","27.0714","","https://bio.acousti.ca/node/12405"
"12407","Poecilimon Poecilimon warchalowskae","PreservedSpecimen","BioAcoustica","Chobanov","2","","","Male","Adult","2","Chobanov Dragan","2001-07-04T00:00:00","Chobanov Dragan","","","","","TR","40.6454","27.0948","","https://bio.acousti.ca/node/12407"
"12412","Poecilimon Poecilimon sureyanus","PreservedSpecimen","BioAcoustica","Chobanov","3","","","Male","Adult","1","Chobanov Dragan","2011-07-03T00:00:00","Chobanov Dragan","","","","","TR","40.6454","27.0948","","https://bio.acousti.ca/node/12412"
"12414","Poecilimon Poecilimon turcicus","PreservedSpecimen","BioAcoustica","Chobanov","4","","","Male","Adult","2","Chobanov Dragan","2011-07-03T00:00:00","Chobanov Dragan","","","","Mandrakoy near Babaeski","TR","41.3603","27.0714","","https://bio.acousti.ca/node/12414"
"12589","Gryllotalpa gryllotalpa","PreservedSpecimen","NHMUK","BMNH(E)","010210822","B.M.1974-614","","Male","Adult","1","David R. Ragge; R. G. M. Ragge; N. Ragge; M. Ragge","1974-08-24T00:00:00","David R. Ragge","1975-01-01T00:00:00","","","","FR","44.910372","1.140851","","https://bio.acousti.ca/node/12589"
"12590","Gryllotalpa gryllotalpa","PreservedSpecimen","NHMUK","BMNH(E)","010210862","B.M.1974-614","","Male","Adult","1","David R. Ragge; R. G. M. Ragge; N. Ragge; M. Ragge","1974-08-24T00:00:00","David R. Ragge","1975-01-01T00:00:00","","","","FR","44.910372","1.140851","","https://bio.acousti.ca/node/12590"
"12592","Gryllotalpa vineae","PreservedSpecimen","NHMUK","BMNH(E)","010210902","B.M. 1991-90","","Male","Adult","1","D. W. Baldock","1991-10-28T00:00:00","W. J. Reynolds","1992-01-01T00:00:00","","","","PT","37.102706","-8.246243","","https://bio.acousti.ca/node/12592"
"12597","Anura","LivingSpecimen","BioAcoustica","Grau","1","","","","","","","","","","","","","VE","","","","https://bio.acousti.ca/node/12597"
"12679","Gryllotalpa","PreservedSpecimen","NHMUK","BMNH(E)","010210942","","","Male","Adult","1","N. D. Jago","1982-10-24T00:00:00","","","sp.","","Karen, near Ololua Forest","KE","-1.35776","36.703382","","https://bio.acousti.ca/node/12679"
"12681","Gryllotalpa orientalis","PreservedSpecimen","NHMUK","BMNH(E)","010210982","B.M. 1974-350","","Male","Adult","1","A Harman","1974-05-11T00:00:00","B. C. Townsend","","","","","","","","","https://bio.acousti.ca/node/12681"
"12682","","PreservedSpecimen","NHMUK","BMNH(E)","010211022","","","","","","","","","","","","","","","","<p>Culture stock.</p>
","https://bio.acousti.ca/node/12682"
"12684","Gryllotalpa","PreservedSpecimen","NHMUK","BMNH(E)","010211062","B.M. 1986-308","","Male","Adult","1","W Paarman","","","","sp.","","","","0.588167","123.692695","<p>F1 generation of stock collected from here.</p>
","https://bio.acousti.ca/node/12684"
"12686","Gryllotalpa gryllotalpa","LivingSpecimen","BioAcoustica","Harrison","1","","","","","","Brian Harrison","","","","","","","GB","50.8579767081207","-1.61567687988281","","https://bio.acousti.ca/node/12686"
"12688","Gryllotalpa gryllotalpa","LivingSpecimen","NHMUK","BMNH(E)","010211102","","","Male","Adult","1","David R. Ragge","1967-04-01T00:00:00","David R. Ragge","","","","Hamptworth","GB","50.975726","-1.647847","","https://bio.acousti.ca/node/12688"
"12690","Gryllotalpa gryllotalpa","PreservedSpecimen","NHMUK","BMNH(E)","010211142","B.M. 1969-431","","","","","H. C. Bennet-Clark","","H. C. Bennet-Clark","","","","","","","","<p>Cast of burrow.</p>
","https://bio.acousti.ca/node/12690"
"12691","Gryllotalpa vineae","PreservedSpecimen","NHMUK","BMNH(E)","010211141","B.M. 1969-431","","","","","H. C. Bennet-Clark","","H. C. Bennet-Clark","","","","","","","","<p>Cast of burrow.</p>
","https://bio.acousti.ca/node/12691"
"12693","Ephippigerida Ephippigerida areolaria","PreservedSpecimen","NHMUK","BMNH(E)","010211183","B.M. 1983-420","","Male","Adult","1","David R. Ragge","1983-08-06T00:00:00","","","","","","ES","40.784933","-3.977841","","https://bio.acousti.ca/node/12693"
"12695","Ephippigerida taeniata","PreservedSpecimen","NHMUK","BMNH(E)","010211223","B.M. 1992-69","","Male","Adult","1","J. C. Hartley","1990-07-01T00:00:00","","","","","","ES","36.15108","-5.827523","<p>Location is origin of cuture stock, specimen is from F1 lab generation.</p>
","https://bio.acousti.ca/node/12695"
"12696","","PreservedSpecimen","NHMUK","BMNH(E)","010211303","B.M. 1976-590","","","","","","","","","","","","","","","","https://bio.acousti.ca/node/12696"
"12697","","PreservedSpecimen","NHMUK","BMNH(E)","010211503","B.M. 1976-590","","","","","","","","","","","","","","","","https://bio.acousti.ca/node/12697"
"12698","","PreservedSpecimen","NHMUK","BMNH(E)","010211343","B.M. 1978-461","","","","","","","","","","","","","","","","https://bio.acousti.ca/node/12698"
"12699","","PreservedSpecimen","NHMUK","BMNH(E)","010211383","B.M. 1978-73","","","","","","","","","","","","","","","","https://bio.acousti.ca/node/12699"
"12701","Ephippiger cunii","PreservedSpecimen","NHMUK","BMNH(E)","010211144","B.M. 1978-73","","Male","Adult","1","J. C. Hartley; M Bugren","1976-08-01T00:00:00","","","","","","FR","42.853868","2.324269","<p>Specimen reared from culture collected at this locality.</p>
","https://bio.acousti.ca/node/12701"
"12702","Gryllotalpa vineae","PreservedSpecimen","NHMUK","BMNH(E)","010211143","","holotype","","","","","","","","","","","","","","","https://bio.acousti.ca/node/12702"
"12704","Ephippiger cunii","PreservedSpecimen","NHMUK","BMNH(E)","010211145","B.M.1978-73","","Male","Adult","1","J. C. Hartley; M Bugren","1976-01-01T00:00:00","","","","","","FR","42.776882","2.153323","","https://bio.acousti.ca/node/12704"
"12705","Ephippiger cunii","PreservedSpecimen","NHMUK","BMNH(E)","010211146","B.M. 1978-73","","Male","Adult","1","M Bugren","1977-08-01T00:00:00","","","","","Colera","ES","42.39884","3.156698","","https://bio.acousti.ca/node/12705"
"12707","","PreservedSpecimen","NHMUK","BMNH(E)","010211147","","","","","","","","","","","","","ES","42.340345","3.115444","","https://bio.acousti.ca/node/12707"
"12708","Ephippiger cunii x cruciger","PreservedSpecimen","NHMUK","BMNH(E)","010211149","B.M. 1977-233","","","","","","","","","","","","","","","","https://bio.acousti.ca/node/12708"
"12709","Ephippiger cunii x cruciger","PreservedSpecimen","NHMUK","BMNH(E)","010211150","B.M. 1978-73","","Male","Adult","1","","","","","","","","","","","","https://bio.acousti.ca/node/12709"
"12710","Ephippiger cunii x cruciger","PreservedSpecimen","NHMUK","BMNH(E)","010211151","B.M. 1978-73","","Male","Adult","1","","","","","","","","","","","","https://bio.acousti.ca/node/12710"
"12711","Ephippiger cunii x cruciger","PreservedSpecimen","NHMUK","BMNH(E)","010211152","B.M. 1978-73","","Male","Adult","1","","","","","","","","","","","","https://bio.acousti.ca/node/12711"
"12712","Ephippiger cunii x cruciger","PreservedSpecimen","NHMUK","BMNH(E)","010211153","B.M. 1978-73","","Male","Adult","1","","","","","","","","","","","","https://bio.acousti.ca/node/12712"
"12808","Ortalis ruficauda","LivingSpecimen","BioAcoustica","Baker","2","","","Undetermined","","","Edward Baker","2016-01-27T00:00:00","","2016-01-27T00:00:00","","","Mary's Hill Lodge","TT","11.2053664164755","-60.7509613037109","","https://bio.acousti.ca/node/12808"
"12857","Gryllotalpa gryllotalpa","LivingSpecimen","BioAcoustica","Kruse","1","","","Male","Adult","1","H.-G. Kruse","1965-05-12T00:00:00","H.-G. Kruse","","","","","DE","47.6","12.12","","https://bio.acousti.ca/node/12857"
"12929","Timulla ?iphis","PreservedSpecimen","NHMUK","BMNH(E)","010211182","B.M. 1990-45","","Female","Adult","1","E. Sismondo","1989-04-19T00:00:00","","","","","","","","","<p>An identical female was found in copula with a male apparently conspecific with a specimen in the BMNH determined by Dr May as <em>T. iphis</em>.</p>
","https://bio.acousti.ca/node/12929"
"12931","Diceroprocta vitripennis","LivingSpecimen","BioAcoustica","Moore","UMMZ#747","UMMZ#747","","","","","T. E. Moore","1959-08-05T00:00:00","","","","","South of Poplar Bluff","US","36.64","-90.41","","https://bio.acousti.ca/node/12931"
"12933","Kikihia muta","LivingSpecimen","BioAcoustica","Fleming","1","","","","","","C. A. Fleming","1966-01-01T00:00:00","","","","","Queen Charlotte Sound","NZ","-41.08","174.26","","https://bio.acousti.ca/node/12933"
"12935","Kikihia muta","LivingSpecimen","BioAcoustica","Fleming","2","","","","","","C. A. Fleming","1966-01-01T00:00:00","","","","","Nelson","NZ","-41.274642","173.298366","","https://bio.acousti.ca/node/12935"
"12937","Kikihia muta","LivingSpecimen","BioAcoustica","Fleming","3","","","","","","C. A. Fleming","1966-01-01T00:00:00","","","","","Roses Saddle","NZ","-44.832518","168.900911","","https://bio.acousti.ca/node/12937"
"12939","Micronecta scholtzi","LivingSpecimen","BioAcoustica","Ragge","1","","","Male","Adult","1","A. Jansson","1979-08-31T00:00:00","A. Jansson","","","","Barton Broad","GB","52.739212","1.49794","","https://bio.acousti.ca/node/12939"
"13389","Limnopsalta stradbrokensis","LivingSpecimen","BioAcoustica","GCSC4","02.AU.QL.JCT.T23","","","Male","Adult","1","","2002-01-08T00:00:00","","","","","","AU","-27.553","153.178","","https://bio.acousti.ca/node/13389"
"13390","Pyropsalta melete","LivingSpecimen","BioAcoustica","GCSC4","03.AU.WA.BUN.G74","","","Male","Adult","2","","2003-01-01T00:00:00","","","","","","AU","-33.335","115.647","","https://bio.acousti.ca/node/13390"
"13391","Clinata nodicosta","LivingSpecimen","BioAcoustica","GCSC4","03.AU.WA.LKD.J107","","","Male","Adult","1","","2003-01-17T00:00:00","","","","","","AU","-30.839","121.386","","https://bio.acousti.ca/node/13391"
"13392","Physeema quadricincta","PreservedSpecimen","University of Connecticut","C. Simon Lab working collection","03.AU.WA.MGR.01","","","","","","","2003-01-02T00:00:00","","","","KT601995, KT602195, KT713436","","AU","-33.951","115.073","","https://bio.acousti.ca/node/13392"
"13393","""sp. 15""","PreservedSpecimen","University of Connecticut","C. Simon Lab working collection","03.AU.WA.NMR.01","","","","","","","2003-01-13T00:00:00","","","","KT601997, KT602197, KT713438","","AU","-33.376","123.398","","https://bio.acousti.ca/node/13393"
"13394","""sporty green""","PreservedSpecimen","University of Connecticut","C. Simon Lab working collection","03.AU.WA.TOR.01","","","","","","","2003-01-22T00:00:00","","","","KT602002, KT602202, KT713443","","AU","-31.859","115.862","","https://bio.acousti.ca/node/13394"
"13395","Pictila occidentalis","PreservedSpecimen","University of Connecticut","C. Simon Lab working collection","03.AU.WA.VIC.05","","","","","","","2003-01-17T00:00:00","","","","KT602100, KT602299, KT713541","","AU","-31.289","120.93","","https://bio.acousti.ca/node/13395"
"13396","Taurella ""nr. viridis""","PreservedSpecimen","University of Connecticut","C. Simon Lab working collection","04.AU.NT.DAN.10","","","","","","","2004-01-20T00:00:00","","","","KT602005, KT602205, KT713446","","AU","-16.197","133.425","","https://bio.acousti.ca/node/13396"
"13397","""simple tigris""","PreservedSpecimen","University of Connecticut","C. Simon Lab working collection","04.AU.NT.ERI.01","","","","","","","2004-01-31T00:00:00","","","","KT602006, KT602206, KT713447","","AU","-25.572","133.208","","https://bio.acousti.ca/node/13397"
"13398","""spinifex rattler""","PreservedSpecimen","University of Connecticut","C. Simon Lab working collection","04.AU.NT.PCK.11","","","","","","","2004-01-26T00:00:00","","","","KT602008, KT602208, KT713449","","AU","-17.821","133.675","","https://bio.acousti.ca/node/13398"
"13399","""tiny green""","PreservedSpecimen","University of Connecticut","C. Simon Lab working collection","04.AU.NT.TSE.01","","","","","","","2004-01-25T00:00:00","","","","KT602011, KT602211, KT713452","","AU","-16.592","131.862","","https://bio.acousti.ca/node/13399"
"13400","Ewartia ""nr. oldfieldi""","PreservedSpecimen","University of Connecticut","C. Simon Lab working collection","04.AU.QL.BUN.10","","","","","","","2004-01-03T00:00:00","","","","KT602012, KT602212, KT713453","","AU","-24.972","149.514","","https://bio.acousti.ca/node/13400"
"13401","Crotopsalta ""nr. poaecetes""","PreservedSpecimen","University of Connecticut","C. Simon Lab working collection","04.AU.QL.SRA.10","","","","","","","2004-01-17T00:00:00","","","","KT602019, KT602219, KT713460","","AU","-20.381","139.306","","https://bio.acousti.ca/node/13401"
"13402","Cicadettana camerona","PreservedSpecimen","University of Connecticut","C. Simon Lab working collection","04.US.TX.LAG.01","","","","","","","2004-05-11T00:00:00","","","","KT602150, KT602349, KT713592","","","26.205","-97.352","","https://bio.acousti.ca/node/13402"
"13403","""pale whiner""","PreservedSpecimen","University of Connecticut","C. Simon Lab working collection","05.AU.NS.LRN.01","","","","","","","2005-01-25T00:00:00","","","","KT602023, KT602223, KT713464","","AU","-29.412","147.866","","https://bio.acousti.ca/node/13403"
"13404","Pyropsalta ""nr. melete""","LivingSpecimen","BioAcoustica","GCSC4","02.AU.WA.PJC.G26","","","","","","","2002-12-31T00:00:00","","","","","","AU","-32.64","115.869","","https://bio.acousti.ca/node/13404"
"13405","Auscala ""nr. spinosa""","LivingSpecimen","BioAcoustica","GCSC4","03.AU.WA.BOX.I90","","","Male","Adult","1","","2003-01-09T00:00:00","","","","","","AU","-34.406","118.727","","https://bio.acousti.ca/node/13405"
"13406","Platypsalta ""nr. dubia""","PreservedSpecimen","University of Connecticut","C. Simon Lab working collection","05.AU.NS.TRA.02","","","","","","","2005-01-26T00:00:00","","","","KT602025, KT602225, KT713466","","AU","-32.033","147.991","","https://bio.acousti.ca/node/13406"
"13407","Kobonga ""nr. umbrimargo""","PreservedSpecimen","University of Connecticut","C. Simon Lab working collection","05.AU.QL.ALP.02","","","","","","","2005-01-07T00:00:00","","","","","","AU","-23.651","146.633","","https://bio.acousti.ca/node/13407"
"13408","Taurella viridis","PreservedSpecimen","University of Connecticut","C. Simon Lab working collection","05.AU.QL.ARC.02","","","","","","","2005-01-15T00:00:00","","","","KT602027, KT602227, KT713468","","AU","-15.603","145.323","","https://bio.acousti.ca/node/13408"
"13409","Pipilopsalta ceuthoviridis","PreservedSpecimen","University of Connecticut","C. Simon Lab working collection","05.AU.QL.BOL.02","","","","","","","2005-01-03T00:00:00","","","","KT602028, KT602228, KT713469","","AU","-28.033","147.485","","https://bio.acousti.ca/node/13409"
"13410","""machine gun ticker""","PreservedSpecimen","University of Connecticut","C. Simon Lab working collection","05.AU.QL.CAM.01","","","","","","","2005-01-22T00:00:00","","","","KT602029, KT602229, KT713470","","AU","-23.051","146.97","","https://bio.acousti.ca/node/13410"
"13411","""green wingbanger""","PreservedSpecimen","University of Connecticut","C. Simon Lab working collection","05.AU.QL.CWB.02","","","","","","","2005-01-22T00:00:00","","","","","","AU","-24.67","146.37","","https://bio.acousti.ca/node/13411"
"13412","Gudanga adamsi","PreservedSpecimen","University of Connecticut","C. Simon Lab working collection","05.AU.QL.CWB.04","","","","","","","2005-01-23T00:00:00","","","","KT602031, KT602231, KT713472","","AU","-24.669","146.37","","https://bio.acousti.ca/node/13412"
"13413","Graminitigrina ""nr. bowensis 2""","PreservedSpecimen","University of Connecticut","C. Simon Lab working collection","06.AU.NT.AIR.01","","","","","","","2006-02-02T00:00:00","","","","KT602039, KT602239, KT713480","","AU","-15.493","133.19","","https://bio.acousti.ca/node/13413"
"13414","""yellow grass muta""","PreservedSpecimen","University of Connecticut","C. Simon Lab working collection","06.AU.NT.DWS.02","","","","","","","2006-02-01T00:00:00","","","","","","AU","-16.283","133.39","","https://bio.acousti.ca/node/13414"
"13415","Neopunia graminis","PreservedSpecimen","University of Connecticut","C. Simon Lab working collection","06.AU.NT.STC.02","","","","","","","2006-01-31T00:00:00","","","","KT602041, KT602241, KT713482","","AU","-20.182","134.219","","https://bio.acousti.ca/node/13415"
"13416","""tiny low ticker""","LivingSpecimen","BioAcoustica","GCSC4","03.AU.WA.FTZ.I106","","","Male","Adult","1","","2003-01-10T00:00:00","","","","","","AU","-33.829","119.265","","https://bio.acousti.ca/node/13416"
"13417","""cracklin cicada""","LivingSpecimen","BioAcoustica","GCSC4","03.AU.WA.FTZ.I115","","","Male","Adult","1","","2003-01-09T00:00:00","","","","","","AU","-33.83","119.265","","https://bio.acousti.ca/node/13417"
"13418","""flying red snapper""","LivingSpecimen","BioAcoustica","GCSC4","03.AU.WA.LKA.J95","","","Male","Adult","1","","2003-01-15T00:00:00","","","","","","AU","-30.844","121.385","","https://bio.acousti.ca/node/13418"
"13419","Gudanga boulayi","LivingSpecimen","BioAcoustica","GCSC4","03.AU.WA.LKD.J69","","","Male","Adult","1","","2003-01-16T00:00:00","","","","","","AU","-30.839","121.386","","https://bio.acousti.ca/node/13419"
"13420","Gudanga kalgoorliensis","LivingSpecimen","BioAcoustica","GCSC4","03.AU.WA.LKD.J98","","","Male","Adult","1","","2003-01-17T00:00:00","","","","","","AU","-30.839","121.386","","https://bio.acousti.ca/node/13420"
"13421","""tiny false encaustica""","LivingSpecimen","BioAcoustica","GCSC4","03.AU.WA.MDB.H41","","","Male","Adult","1","","2003-01-05T00:00:00","","","","","","AU","-33.598","116.814","","https://bio.acousti.ca/node/13421"
"13422","""marsh rattler""","LivingSpecimen","BioAcoustica","GCSC4","03.AU.WA.OFR.I141","","","Male","Adult","1","","2003-01-11T00:00:00","","","","","","AU","-33.672","120.672","","https://bio.acousti.ca/node/13422"
"13423","Marteena rubricincta","LivingSpecimen","BioAcoustica","GCSC4","03.AU.WA.RAT.I130","","","Male","Adult","1","","2003-01-10T00:00:00","","","","","","AU","-33.581","120.061","","https://bio.acousti.ca/node/13423"
"13424","""western tiny ticker""","LivingSpecimen","BioAcoustica","GCSC4","03.AU.WA.SKJ.H68","","","Male","Adult","1","","2003-01-06T00:00:00","","","","","","AU","-33.972","117.214","","https://bio.acousti.ca/node/13424"
"13425","""sp. 28""","LivingSpecimen","BioAcoustica","GCSC4","03.AU.WA.SWK.J143","","","Male","Adult","1","","2003-01-17T00:00:00","","","","","","AU","-31.518","120.799","","https://bio.acousti.ca/node/13425"
"13427","""podgy black""","LivingSpecimen","BioAcoustica","GCSC4","03.AU.WA.VIC.J124","","","Male","Adult","1","","2003-01-17T00:00:00","","","","","","AU","-31.289","120.93","","https://bio.acousti.ca/node/13427"
"13428","Adelia borealis","LivingSpecimen","BioAcoustica","GCSC4","03.AU.WA.YAR.G43","","","Male","Adult","1","","2002-12-31T00:00:00","","","","","","AU","-32.952","115.914","","https://bio.acousti.ca/node/13428"
"13429","Ewartia brevis","LivingSpecimen","BioAcoustica","GCSC4","04.AU.QL.MIW.B184","","","Male","Adult","1","","2004-01-12T00:00:00","","","","","","AU","-15.251","144.997","","https://bio.acousti.ca/node/13429"
"13430","Cicadetta calliope calliope","LivingSpecimen","BioAcoustica","GCSC4","04.US.KS.ATT.B17","","","Male","Adult","1","","2004-06-26T00:00:00","","","","","","","37.239","-98.053","","https://bio.acousti.ca/node/13430"
"13431","Pauropsalta ""nr. rubea""","LivingSpecimen","BioAcoustica","GCSC4","05.AU.NS.MAX.T01","","","","","","","2005-12-05T00:00:00","","","","","","AU","-33.711","151.106","","https://bio.acousti.ca/node/13431"
"13432","Taurella froggatti","LivingSpecimen","BioAcoustica","GCSC4","05.AU.QL.KBR.T01","","","Male","Adult","","","2005-01-12T00:00:00","","","","","","AU","-16.876","145.682","","https://bio.acousti.ca/node/13432"
"13435","Magicicada neotredecim","PreservedSpecimen","UMMZ","UMMZI","00201258","","holotype","","","","J. R. Cooley; David C. Marshall","1998-05-18T00:00:00","","","","","privately owned woods on County Rd. 51, approx. 0.25 mi S of County Rd. 62 (36.256°N x 91.462°W) at a powerline right-of-way, just outside the NW boundary of the Harold E. Alexander Wildlife Management Area.","US","36.256","-91.462","","https://bio.acousti.ca/node/13435"
"13458","""tigris M""","LivingSpecimen","BioAcoustica","GCSC4","05.AU.QL.STA.T03","","","Male","Adult","1","","2005-01-23T00:00:00","","","","","","AU","-25.264","146.558","","https://bio.acousti.ca/node/13458"
"13459","""tigris F2""","LivingSpecimen","BioAcoustica","GCSC4","05.AU.QL.TWW.T05","","","Male","Adult","1","","2005-01-02T00:00:00","","","","","","AU","-28.442","149.818","","https://bio.acousti.ca/node/13459"
"13460","""melaleuca cicada""","LivingSpecimen","BioAcoustica","GCSC4","05.AU.QL.VEN.T04","","","Male","Adult","1","","2001-01-19T00:00:00","","","","","","AU","-18.223","142.812","","https://bio.acousti.ca/node/13460"
"13461","Amphipsalta zelandica","LivingSpecimen","BioAcoustica","GCSC4","05.NZ.WN.EMA.T11","","","Male","Adult","1","","2006-02-07T00:00:00","","","","","","","-35.163","173.27","","https://bio.acousti.ca/node/13461"
"13462","""swinging tigris""","PreservedSpecimen","University of Connecticut","C. Simon Lab working collection","06.AU.NT.WMR.01","","","","","","","2006-01-31T00:00:00","","","","KT602042, KT602242, KT713483","","AU","-19.51","134.067","","https://bio.acousti.ca/node/13462"
"13463","""stubby red puer""","PreservedSpecimen","BioAcoustica","GCSC4","06.AU.VI.BNE.01","","","","","","","2006-11-23T00:00:00","","","","KT602043, KT602243, KT713484","","AU","-37.724","147.872","","https://bio.acousti.ca/node/13463"
"13464","""Grampians adelaida""","PreservedSpecimen","University of Connecticut","C. Simon Lab working collection","06.AU.VI.GRC.01","","","","","","","2006-12-01T00:00:00","","","","KT602044, KT602244, KT713485","","AU","-37.399","142.494","","https://bio.acousti.ca/node/13464"
"13465","Gelidea torrida","PreservedSpecimen","University of Connecticut","C. Simon Lab working collection","06.AU.VI.MAR.01","","","","","","","2006-11-23T00:00:00","","","","KT602045, KT602245, KT713486","","AU","-37.799","148.528","","https://bio.acousti.ca/node/13465"
"13466","""allpurpose urchip""","LivingSpecimen","BioAcoustica","GCSC4","06.AU.WA.ALL.T01","","","","","","","2006-02-18T00:00:00","","","","","","AU","-28.884","121.682","","https://bio.acousti.ca/node/13466"
"13467","""snapping cicada""","PreservedSpecimen","UMMZ","C. Simon Lab working collection","06.AU.WA.AMS.01","","","","","","","2006-02-17T00:00:00","","","","","","AU","-28.006","119.227","","https://bio.acousti.ca/node/13467"
"13468","""false quintilia""","PreservedSpecimen","University of Connecticut","C. Simon Lab working collection","06.AU.WA.BAL.01","","","","","","","2006-02-20T00:00:00","","","","KT602048, KT602248, KT713489","","AU","-32.355","123.618","","https://bio.acousti.ca/node/13468"
"13469","Chrysocicada ""nr. franceaustralae""","PreservedSpecimen","University of Connecticut","C. Simon Lab working collection","06.AU.WA.MDE.01","","","","","","","2006-02-07T00:00:00","","","","KT602300, KT713542","","AU","-17.418","124.097","","https://bio.acousti.ca/node/13469"
"13470","""Munjina peeper""","PreservedSpecimen","University of Connecticut","C. Simon Lab working collection","06.AU.WA.MUN.01","","","","","","","2006-02-11T00:00:00","","","","KT602051, KT602251, KT713492","","AU","-22.381","118.691","","https://bio.acousti.ca/node/13470"
"13471","""squat shrub tigris""","PreservedSpecimen","University of Connecticut","C. Simon Lab working collection","06.AU.WA.MUW.01","","","","","","","2006-02-13T00:00:00","","","","KT602052, KT602252, KT713493","","AU","-23.895","119.752","","https://bio.acousti.ca/node/13471"
"13472","""sporty cicada""","LivingSpecimen","BioAcoustica","GCSC4","06.AU.WA.NSF.T02","","","","","","","2006-02-09T00:00:00","","","","","","AU","-19.771","121.144","","https://bio.acousti.ca/node/13472"
"13473","""Nullarbor green""","PreservedSpecimen","University of Connecticut","C. Simon Lab working collection","06.AU.WA.NUL.01","","","","","","","2006-02-21T00:00:00","","","","KT602054, KT602254, KT713495","","AU","-32.014","126.229","","https://bio.acousti.ca/node/13473"
"13474","""goldsilver cicada""","PreservedSpecimen","University of Connecticut","C. Simon Lab working collection","06.AU.WA.WSS.01","","","","","","","2006-02-16T00:00:00","","","","KT602058, KT602258, KT713499","","AU","-28.006","119.227","","https://bio.acousti.ca/node/13474"
"13475","""Grevillea tiny ticker""","PreservedSpecimen","University of Connecticut","C. Simon Lab working collection","06.AU.WA.WSS.03","","","","","","","2006-02-16T00:00:00","","","","","","AU","-28.012","118.999","","https://bio.acousti.ca/node/13475"
"13476","""grey bubbler""","LivingSpecimen","BioAcoustica","GCSC4","07.AU.NS.BHS.T01","","","Male","Adult","1","","2007-02-04T00:00:00","","","","","","AU","-32.241","141.426","","https://bio.acousti.ca/node/13476"
"13477","""saltbush cicada""","LivingSpecimen","BioAcoustica","GCSC4","07.AU.NS.BHS.T04","","","Male","Adult","1","","2007-02-04T00:00:00","","","","","","AU","-32.241","141.426","","https://bio.acousti.ca/node/13477"
"13478","Lembeja paradoxa","PreservedSpecimen","University of Connecticut","C. Simon Lab working collection","07.AU.QL.LEM.01","","","","","","","2007-01-09T00:00:00","","","","KT602158, KT602357, KT713600","","AU","-12.717","143.308","","https://bio.acousti.ca/node/13478"
"13479","Clinopsalta tigris","PreservedSpecimen","BioAcoustica","GCSC4","07.AU.SA.SEP.02","","","","","","","2007-01-27T00:00:00","","","","KT602065, KT602265, KT713506","","AU","-31.793","137.3","","https://bio.acousti.ca/node/13479"
"13480","""Woomera green friendly""","PreservedSpecimen","University of Connecticut","C. Simon Lab working collection","07.AU.SA.WOB.01","","","","","","","2007-02-02T00:00:00","","","","KT602101, KT602301, KT713543","","AU","-29.173","134.936","","https://bio.acousti.ca/node/13480"
"13481","""Woomera urchip""","PreservedSpecimen","University of Connecticut","C. Simon Lab working collection","07.AU.SA.WPB.01","","","","","","","2007-01-28T00:00:00","","","","KT602066, KT602266, KT713507","","AU","-29.758","135.117","","https://bio.acousti.ca/node/13481"
"13482","""little goldsilver cicada""","PreservedSpecimen","University of Connecticut","C. Simon Lab working collection","08.AU.QL.BDE.02","","","","","","","2008-12-25T00:00:00","","","","KT602067, KT602267, KT713508","","AU","-23.77","149.034","","https://bio.acousti.ca/node/13482"
"13483","Birrima varians","LivingSpecimen","BioAcoustica","GCSC4","08.AU.QL.CUD.T04","","","Male","Adult","1","","2002-01-07T00:00:00","","","","","","AU","-27.641","153.162","","https://bio.acousti.ca/node/13483"
"13484","""grass tocker""","LivingSpecimen","BioAcoustica","GCSC4","08.AU.QL.MVA.T09","","","Male","Adult","1","","2008-02-08T00:00:00","","","","","","AU","-26.114","146.867","","https://bio.acousti.ca/node/13484"
"13485","Graminitigrina bolloni","PreservedSpecimen","University of Connecticut","C. Simon Lab working collection","08.AU.QL.TTX.01","","","","","","","2008-03-01T00:00:00","","","","KT602071, KT602271, KT713512","","AU","-23.624","146.271","","https://bio.acousti.ca/node/13485"
"13486","""little red""","LivingSpecimen","BioAcoustica","GCSC4","09.AU.QL.DED.T03","","","Male","Adult","1","","2004-01-07T00:00:00","","","","","","AU","-17.743","145.028","","https://bio.acousti.ca/node/13486"
"13487","Crotopsalta plexis","PreservedSpecimen","University of Connecticut","C. Simon Lab working collection","09.AU.QL.MOF.01","","","","","","","2009-01-02T00:00:00","","","","KT602072, KT602272, KT713513","","AU","-27.567","150.576","","https://bio.acousti.ca/node/13487"
"13488","""black clicker""","LivingSpecimen","BioAcoustica","GCSC4","09.AU.WA.TOQ.T12","","","Male","Adult","1","","2009-02-15T00:00:00","","","","","","AU","-22.353","117.913","","https://bio.acousti.ca/node/13488"
"13489","Ewartia cuensis","PreservedSpecimen","University of Connecticut","C. Simon Lab working collection","09.AU.WA.TUS.01","","","","","","","2006-02-15T00:00:00","","","","","","AU","-27.177","118.036","","https://bio.acousti.ca/node/13489"
"13490","Stellenboschia rotundata","LivingSpecimen","BioAcoustica","GCSC4","09.ZA.WC.BAI.T07","","","Male","Adult","1","","2009-12-13T00:00:00","","","","","","ZA","-33.64","19.078","","https://bio.acousti.ca/node/13490"
"13491","Pinheya violacea","PreservedSpecimen","University of Connecticut","C. Simon Lab working collection","09.ZA.WC.KOG.03","","","","","","","2009-12-14T00:00:00","","","","","","ZA","-34.288","19.109","","https://bio.acousti.ca/node/13491"
"13492","""asphalt cicada""","LivingSpecimen","BioAcoustica","GCSC4","10.AU.NT.CAP.01","","","","","","","","","","","","","AU","-23.443","133.832","","https://bio.acousti.ca/node/13492"
"13493","Erempsalta hermannsburgensis","PreservedSpecimen","University of Connecticut","C. Simon Lab working collection","10.AU.NT.HMW.01","","","","","","","2010-01-29T00:00:00","","","","KT602075, KT602275, KT713516","","AU","-23.949","132.781","","https://bio.acousti.ca/node/13493"
"13494","""Ross purrer""","PreservedSpecimen","University of Connecticut","C. Simon Lab working collection","10.AU.NT.RSD.01","","","","","","","2010-01-29T00:00:00","","","","KT602076, KT602276, KT713517","","AU","-23.558","134.452","","https://bio.acousti.ca/node/13494"
"13495","""flying yellow fairy""","PreservedSpecimen","University of Connecticut","C. Simon Lab working collection","10.AU.WA.LEN.02","","","","","","","2010-01-20T00:00:00","","","","KT602077, KT602277, KT713518","","AU","-17.392","124.756","","https://bio.acousti.ca/node/13495"
"13496","""flying green ticker""","LivingSpecimen","BioAcoustica","GCSC4","10.AU.WA.MOA.T14","","","Male","Adult","1","","2010-01-13T00:00:00","","","","","","AU","-30.842","116.639","","https://bio.acousti.ca/node/13496"
"13497","Philipsalta nigrina","PreservedSpecimen","University of Connecticut","C. Simon Lab working collection","10.PH.DI.RED.01","","","","","","","2010-07-02T00:00:00","","","","KT602144, KT602343, KT713586","southwestern slopes of Mt. Kanbinlio","PH","10.377","125.635","","https://bio.acousti.ca/node/13497"
"13498","Ggomapsalta ""nr. vernalis""","PreservedSpecimen","University of Connecticut","C. Simon Lab working collection","10.PH.MN.COE.01","","","","","","","2010-07-12T00:00:00","","","","KT602120, KT602319, KT713562","","PH","7.672","126.151","","https://bio.acousti.ca/node/13498"
"13499","Scieroptera sanaoensis","PreservedSpecimen","University of Connecticut","C. Simon Lab working collection","10.PH.MN.SCI.03","","","","","","","2010-07-09T00:00:00","","","","KT602121, KT602320, KT713563","","PH","7.017","125.233","","https://bio.acousti.ca/node/13499"
"13500","""old eremophila cicada""","PreservedSpecimen","University of Connecticut","C. Simon Lab working collection","11.AU.NS.BHN.03","","","","","","","2011-01-10T00:00:00","","","","KT602078, KT602278, KT713519","","AU","-31.298","141.623","","https://bio.acousti.ca/node/13500"
"13501","Chelapsalta puer","LivingSpecimen","BioAcoustica","GCSC4","11.AU.SA.AGF.T01","","","Male","Adult","1","","2009-01-08T00:00:00","","","","","","AU","-32.747","138.076","","https://bio.acousti.ca/node/13501"
"13502","Clinopsalta adelaida","PreservedSpecimen","University of Connecticut","C. Simon Lab working collection","11.AU.SA.WIR.01","","","","","","","2011-01-07T00:00:00","","","","KT602079, KT602279, KT713520","","AU","-33.027","138.266","","https://bio.acousti.ca/node/13502"
"13503","""bluebush cicada""","PreservedSpecimen","University of Connecticut","C. Simon Lab working collection","02.AU.NS.KAY.01","","","","","","","2002-01-19T00:00:00","","","","KT602099, KT602298, KT713540","","AU","-30.611","142.507","","https://bio.acousti.ca/node/13503"
"13504","Galanga labeculata","PreservedSpecimen","University of Connecticut","C. Simon Lab working collection","02.AU.NS.MAX.01","","","","","","","2002-01-05T00:00:00","","","","KT601958, KT713399","","AU","-33.711","151.106","","https://bio.acousti.ca/node/13504"
"13505","Birrima castanea","LivingSpecimen","BioAcoustica","GCSC4","DAT.02.AU.NS.NPF.B46","","","","","","","2002-01-06T00:00:00","","","","","","AU","-31.68","152.653","","https://bio.acousti.ca/node/13505"
"13506","""superb grass cicada""","LivingSpecimen","BioAcoustica","GCSC4","DAT.02.AU.QL.BAR.D41b","","","Male","Adult","1","","2002-01-13T00:00:00","","","","","","AU","-23.554","145.278","","https://bio.acousti.ca/node/13506"
"13507","Myopsalta ""nr. atrata""","PreservedSpecimen","University of Connecticut","C. Simon Lab working collection","02.AU.QL.BBR.02","","","","","","","2002-01-09T00:00:00","","","","KT601962, KT602163, KT713403","","AU","-26.888","152.214","","https://bio.acousti.ca/node/13507"
"13508","Myopsalta ""nr. crucifera""","PreservedSpecimen","University of Connecticut","C. Simon Lab working collection","02.AU.QL.BBR.14","","","","","","","2002-01-09T00:00:00","","","","KT601963, KT602164, KT713404","","AU","-26.888","152.214","","https://bio.acousti.ca/node/13508"
"13509","Caliginopsalta percola","LivingSpecimen","BioAcoustica","GCSC4","DAT.02.AU.QL.LBW.D02","","","Male","Adult","1","","2002-01-10T00:00:00","","","","","","AU","-27.314","151.099","","https://bio.acousti.ca/node/13509"
"13510","Crotopsalta fronsecetes","PreservedSpecimen","University of Connecticut","C. Simon Lab working collection","02.AU.QL.MLP.01","","","","","","","2002-01-08T00:00:00","","","","","","AU","-27.553","153.178","","https://bio.acousti.ca/node/13510"
"13511","""tuta like""","PreservedSpecimen","University of Connecticut","C. Simon Lab working collection","02.AU.QL.NSR.01","","","","","","","2002-01-12T00:00:00","","","","KT601972, KT602173, KT713413","","AU","-24.086","148.099","","https://bio.acousti.ca/node/13511"
"13512","Crotopsalta ""nr. strenulum""","PreservedSpecimen","University of Connecticut","C. Simon Lab working collection","02.AU.QL.NSR.03","","","","","","","2002-01-12T00:00:00","","","","","","AU","-24.086","148.099","","https://bio.acousti.ca/node/13512"
"13513","""grass screamer""","LivingSpecimen","BioAcoustica","GCSC4","DAT.02.AU.QL.SCK.C50","","","Male","Adult","1","","2002-01-10T00:00:00","","","","","","AU","-27.227","151.693","","https://bio.acousti.ca/node/13513"
"13514","Kobonga oxleyi","PreservedSpecimen","University of Connecticut","C. Simon Lab working collection","02.AU.QL.SRI.01","","","","","","","2002-01-10T00:00:00","","","","KT601975, KT602176, KT713416","","AU","-27.227","151.693","","https://bio.acousti.ca/node/13514"
"13515","Terepsalta infans","PreservedSpecimen","University of Connecticut","C. Simon Lab working collection","02.AU.QL.VER.12","","","","","","","2002-01-14T00:00:00","","","","KT601976, KT602177, KT713417","","AU","-24.089","143.146","","https://bio.acousti.ca/node/13515"
"13516","Telmapsalta hackeri","LivingSpecimen","BioAcoustica","GCSC4","FL.02.QLD.DAI.T13","","","Male","Adult","1","","2002-01-08T00:00:00","","","","","","AU","-27.641","153.162","","https://bio.acousti.ca/node/13516"
"13517","""Noonbah tan""","PreservedSpecimen","University of Connecticut","C. Simon Lab working collection","02.AU.QL.WJH.01","","","","","","","2002-01-15T00:00:00","","","","KT601977, KT602178, KT713418","","AU","-24.832","143.049","","https://bio.acousti.ca/node/13517"
"13518","Pauropsalta melanopygia","PreservedSpecimen","University of Connecticut","C. Simon Lab working collection","04.AU.NT.TNU.01","","","","","","","2004-01-20T00:00:00","","","","KT602010, KT602210, KT713451","","AU","-16.555","134.726","","https://bio.acousti.ca/node/13518"
"13519","""tiny ticker sp. 8""","LivingSpecimen","BioAcoustica","GCSC4","FL.04.AU.QL.GFM.T45","","","Male","Adult","1","","2004-01-17T00:00:00","","","","","","AU","-20.57","139.485","","https://bio.acousti.ca/node/13519"
"13520","Auscala spinosa","PreservedSpecimen","University of Connecticut","C. Simon Lab working collection","04.AU.VI.PYC.02","","","","","","","2004-02-04T00:00:00","","","","","","AU","-35.794","144.073","","https://bio.acousti.ca/node/13520"
"13533","Purana crassinotata","PreservedSpecimen","University of Connecticut","C. Simon Lab working collection","10.PH.CG.MTC.01","","","","","","","2010-06-29T00:00:00","","","","","","PH","9.167","124.729","","https://bio.acousti.ca/node/13533"
"13535","Dundubia vaginata","PreservedSpecimen","University of Connecticut","C. Simon Lab working collection","10.PH.DI.RED.03","","","Male","Adult","1","","2010-07-02T00:00:00","","","","","southwestern slopes of Mt. Kanbinlio","PH","10.377","125.635","","https://bio.acousti.ca/node/13535"
"13537","Oncotympana pallidiventris","PreservedSpecimen","University of Connecticut","C. Simon Lab working collection","10.PH.DI.RED.04","","","","","","","2010-07-03T00:00:00","","","","","southwestern slopes of Mt. Kanbinlio","PH","10.377","125.635","","https://bio.acousti.ca/node/13537"
"13539","Philipsalta nigrina","LivingSpecimen","BioAcoustica","GCSC4","10.PH.DI.RED.T03","","","","","","","2010-07-02T00:00:00","","","","","southwestern slopes of Mt. Kanbinlio","PH","10.377","125.635","<p>Uncollected male</p>
","https://bio.acousti.ca/node/13539"
"13542","Clidophleps distanti","LivingSpecimen","BioAcoustica","Moore","1","","","","","","T. E. Moore; G. Hogh","1965-08-06T00:00:00","","","","","","US","38.514408","-122.071252","","https://bio.acousti.ca/node/13542"
"13544","Magicicada septendecula","PreservedSpecimen","BioAcoustica","Moore","UMMZ#1359","UMMZ#1359","","","","","T. E. Moore; J. E. Lloyd; T. C. Griffing","1962-06-14T00:00:00","","","","","","","38.903045","-77.677464","","https://bio.acousti.ca/node/13544"
"13547","Neocicada hieroglyphica","PreservedSpecimen","BioAcoustica","Moore","UMMX#A128(1-2)","","","","","","R. D.  Alexander","1955-08-09T00:00:00","","","","","","","35.8","-78.7","","https://bio.acousti.ca/node/13547"
"13549","Pica pica","LivingSpecimen","BioAcoustica","Baker","3","","","","","1","Edward Baker","2016-04-03T00:00:00","Edward Baker","2016-04-03T00:00:00","","","Cottage Grove","GB","51.46430825011","-0.127072334289551","","https://bio.acousti.ca/node/13549"
"13552","Okanagana canadensis","PreservedSpecimen","BioAcoustica","Moore","UMMZ#1388","","","","","","T. E. Moore","1962-07-23T00:00:00","","","","","Van Riper State Park","US","46.527918","-87.991729","","https://bio.acousti.ca/node/13552"
"13554","Okanagana rimosa","PreservedSpecimen","BioAcoustica","Moore","UMMZ#343","","","","","","T. E. Moore; R. D.  Alexander","1958-07-17T00:00:00","","","","","Huron Beach","US","45.484675","-84.063064","","https://bio.acousti.ca/node/13554"
"13702","","LivingSpecimen","BioAcoustica","Livermore","123456","","","","Adult","1","Laurence Livermore","2016-07-16T00:00:00","Laurence Livermore","","","","","","","","","https://bio.acousti.ca/node/13702"
"15064","Ansonia longidigita","PreservedSpecimen","NHMUK","ZOO","1978.52","","","Male","","","Julian C. Dring","1977-08-04T00:00:00","Julian C. Dring","","","","A steep stream affluent of the torrential river at camp I. Mixed dipterocarp forest, steep ridge terrain.","MY","4.05","114.86667","","https://bio.acousti.ca/node/15064"
"15065","Ansonia platysoma","PreservedSpecimen","NHMUK","ZOO","1978.60","","notatype","","","","Julian C. Dring","1977-08-10T00:00:00","Julian C. Dring","","","","A steep stream affluent of the torrential river at camp I. Mixed dipterocarp forest, steep ridge terrain.","MY","4.05","114.86667","","https://bio.acousti.ca/node/15065"
"15066","Ansonia platysoma","PreservedSpecimen","NHMUK","ZOO","1978.61","","","","","","Julian C. Dring","1977-08-10T00:00:00","Julian C. Dring","","","","A steep stream affluent of the torrential river at camp I. Mixed dipterocarp forest, steep ridge terrain.","MY","4.05","114.86667","","https://bio.acousti.ca/node/15066"
"15067","Rhacophorus baluensis","PreservedSpecimen","NHMUK","ZOO","1978.288","","","","","","Julian C. Dring","1977-08-10T00:00:00","Julian C. Dring","","","","Montane forest, c.150m above zone of small diam. trees, on weakly defined ridge. 30m+ trees
- good moss and epiphyte cover, some Nepenthes
- peaty soil over grey clay & yellow clayey sand","MY","4.03832","114.888995","","https://bio.acousti.ca/node/15067"
"15068","Occidozyga baluensis","PreservedSpecimen","NHMUK","ZOO","1978.1631-1632","","","","","","Julian C. Dring","1978-07-14T00:00:00","","","","","","","","","","https://bio.acousti.ca/node/15068"
"15069","Xenophrys montana","PreservedSpecimen","NHMUK","ZOO","1978.1527","","","","","","Julian C. Dring","1978-07-14T00:00:00","Julian C. Dring","","","","","","","","","https://bio.acousti.ca/node/15069"
"15070","Leptobrachella parva","PreservedSpecimen","NHMUK","ZOO","1978.1500","","holotype","","","","Julian C. Dring","1978-07-31T00:00:00","Julian C. Dring","","","","RGS Mulu Expedition Camp I
220 meters above sea level (Hemming)
4°03'N 114°52'E Small affluent of the Sungei Melinau Paku.
Lower edge of the mixed dipterocarp forest, within 1km of alluvial forest, between moderate and steep ridge terrain.","MY","4.05","114.866667","","https://bio.acousti.ca/node/15070"
"15071","Leptobrachella parva","PreservedSpecimen","NHMUK","ZOO","1978.1501","","paratype","","","","Julian C. Dring","1978-07-31T00:00:00","Julian C. Dring","","","","RGS Mulu Expedition Camp I
220 meters above sea level (Hemming)
4°03'N 114°52'E Small affluent of the Sungei Melinau Paku.
Lower edge of the mixed dipterocarp forest, within 1km of alluvial forest, between moderate and steep ridge terrain.","MY","4.05","114.866667","","https://bio.acousti.ca/node/15071"
"15107","Tettigeta argentata","PreservedSpecimen","NHMUK","BMNH(E)","010211021","","","","","","David R. Ragge","1983-07-24T00:00:00","M Boulard","","","","","","42.521173","0.163698","","https://bio.acousti.ca/node/15107"
"15118","Cicadidae","LivingSpecimen","BioAcoustica","Baker","4","","","","","","Edward Baker","2016-09-07T00:00:00","","","","","","","36.72892","24.445779","","https://bio.acousti.ca/node/15118"
"15128","Cicada orni","LivingSpecimen","BioAcoustica","Rudkin","1","","","Male","Adult","1","P Rudkin","1994-06-21T00:00:00","David R. Ragge","","","","","","44.29","4.87","","https://bio.acousti.ca/node/15128"
"15130","Tettigonia viridissima","LivingSpecimen","BioAcoustica","Rudkin","2","","","Male","Adult","","P Rudkin","1998-06-21T00:00:00","David R. Ragge","","","","","","44.29","4.87","","https://bio.acousti.ca/node/15130"
"15132","Chorthippus Glyptobothrus brunneus","LivingSpecimen","BioAcoustica","Rudkin","3","","","Male","Adult","1","P Rudkin","1998-06-22T00:00:00","David R. Ragge","","","","","","44.29","4.87","","https://bio.acousti.ca/node/15132"
"15134","Omocestus Omocestus rufipes","LivingSpecimen","BioAcoustica","Rudkin","4","","","Male","Adult","1","P Rudkin","1998-06-15T00:00:00","David R. Ragge","","","","","","44.29","4.87","","https://bio.acousti.ca/node/15134"
"15139","Cicada orni","PreservedSpecimen","NHMUK","BMNH(E)","010211061","","","Male","Adult","1","David R. Ragge","1978-08-24T00:00:00","Mick D. Webb","","","","","","44.9","0.95","","https://bio.acousti.ca/node/15139"
"15141","Omocestus Omocestus rufipes","PreservedSpecimen","NHMUK","BMNH(E)","010211130","","","Male","Adult","1","David R. Ragge","1974-08-21T00:00:00","David R. Ragge","","","","","","45.539044","3.047264","","https://bio.acousti.ca/node/15141"
"15142","Euchorthippus declivus","PreservedSpecimen","NHMUK","BMNH(E)","010211127","","","Male","Adult","1","David R. Ragge","","David R. Ragge","","","","","","45.539044","3.047264","","https://bio.acousti.ca/node/15142"
"15143","Euchorthippus declivus","PreservedSpecimen","NHMUK","BMNH(E)","010211128","","","Male","Adult","1","David R. Ragge","1974-08-21T00:00:00","David R. Ragge","","","","","","45.539044","3.047264","","https://bio.acousti.ca/node/15143"
"15144","Platycleis albopunctata","PreservedSpecimen","NHMUK","BMNH(E)","010211129","","","Male","Adult","1","David R. Ragge","1974-08-21T00:00:00","","","","","","","45.539044","3.047264","","https://bio.acousti.ca/node/15144"
"15146","Tettigonia cantans","PreservedSpecimen","NHMUK","BMNH(E)","010211125","","","Male","Adult","1","David R. Ragge","1974-08-22T00:00:00","David R. Ragge","","","","","","45.43411","2.930166","","https://bio.acousti.ca/node/15146"
"15147","Pholidoptera griseoaptera","PreservedSpecimen","NHMUK","BMNH(E)","10210981","","","Male","Adult","1","David R. Ragge","1974-08-21T00:00:00","David R. Ragge","","","","","","45.43411","2.930166","","https://bio.acousti.ca/node/15147"
"15149","Sciobia sp. near batnensis","PreservedSpecimen","NHMUK","BMNH(E)","010211103","BMNH(E)1985-249","","Male","Adult","1","B. H. Betts","1985-03-20T00:00:00","Judith A. Marshall","","","","","","34.4","8.78","","https://bio.acousti.ca/node/15149"
"15151","Gryllus Gryllus campestris","PreservedSpecimen","NHMUK","BMNH(E)","010210746","","","Male","Adult","1","W. J. Reynolds","1975-06-11T00:00:00","David R. Ragge","","","","","","50.855059","-0.558129","","https://bio.acousti.ca/node/15151"
"15152","Gryllus Gryllus campestris","PreservedSpecimen","NHMUK","BMNH(E)","010210745","BMNH(E)1975-462","","Male","Adult","1","W. J. Reynolds","1975-06-11T00:00:00","David R. Ragge","","","","","","50.855059","-0.558129","","https://bio.acousti.ca/node/15152"
"15153","Acheta domesticus","PreservedSpecimen","NHMUK","BMNH(E)","010211139","BMNH(E)1980-488","","Male","Adult","1","","","David R. Ragge","","","","","","","","","https://bio.acousti.ca/node/15153"
"15154","Acheta domesticus","PreservedSpecimen","NHMUK","BMNH(E)","010211140","BMNH(E)1980-488","","Male","Adult","1","","","David R. Ragge","","","","","","","","","https://bio.acousti.ca/node/15154"
"15155","Gryllus Gryllus bimaculatus","PreservedSpecimen","NHMUK","BMNH(E)","010211133","BMNH(E)1976-339","","Male","Adult","1","B. H. Betts","1974-10-01T00:00:00","David R. Ragge","","","","","","34.4","8.78","","https://bio.acousti.ca/node/15155"
"15157","Gryllus Gryllus bimaculatus","PreservedSpecimen","NHMUK","BMNH(E)","010211137","BMNH(E)1981-490","","Male","Adult","1","Tim Mallett; Douglas Roy","1980-07-01T00:00:00","B. C. Townsend","","","","","","2.26","38","","https://bio.acousti.ca/node/15157"
"15158","Gryllus Gryllus bimaculatus","PreservedSpecimen","NHMUK","BMNH(E)","010211136","BMNH(E)1981-490","","Male","Adult","1","Tim Mallett; Douglas Roy","1980-07-01T00:00:00","B. C. Townsend","","","","","","","","","https://bio.acousti.ca/node/15158"
"15160","","PreservedSpecimen","NHMUK","BMNH(E)","01011138","BMNH(E)1982-14","","Male","Adult","1","B. H. Betts","","B. C. Townsend","","","","","","10.5","-61.2","","https://bio.acousti.ca/node/15160"
"15161","Eugryllodes pipiens","PreservedSpecimen","NHMUK","BMNH(E)","010211108","BMNH(E)1977-565","","Male","Adult","1","David R. Ragge","1977-08-25T00:00:00","David R. Ragge","","","","Open woodland","FR","43.760479","7.075635","","https://bio.acousti.ca/node/15161"
"15162","Eugryllodes pipiens","PreservedSpecimen","NHMUK","BMNH(E)","010211109","BMNH(E)1977-565","","Male","Adult","1","David R. Ragge","1977-08-25T00:00:00","David R. Ragge","","","","Open woodland","FR","43.760479","7.075635","","https://bio.acousti.ca/node/15162"
"15164","Gymnogryllus lucens","PreservedSpecimen","NHMUK","BMNH(E)","010210744","","","Male","Adult","1","W. J. Bailey","1969-07-04T00:00:00","B. C. Townsend","","(from song)","","","","2.3","31.5","","https://bio.acousti.ca/node/15164"
"15166","Teleogryllus Macroteleogryllus mitratus","PreservedSpecimen","NHMUK","BMNH(E)","010211115","BMNH(E)1985-185","","Male","Adult","1","R. Beck","1984-07-01T00:00:00","B. C. Townsend","","","","","","","","","https://bio.acousti.ca/node/15166"
"15167","Teleogryllus Macroteleogryllus mitratus","PreservedSpecimen","NHMUK","BMNH(E)","010211116","BMNH(E)1984-185","","Male","Adult","1","R. Beck","1984-07-01T00:00:00","B. C. Townsend","","","","","","","","","https://bio.acousti.ca/node/15167"
"15169","Acalolepta rusticator","PreservedSpecimen","NHMUK","BMNH(E)","010210749","BMNH(E)1988-367","","Female","Adult","1","E. Sismondo","1988-08-13T00:00:00","Sharon L. Shute","","","","","","1.35119309830189","103.804321289062","","https://bio.acousti.ca/node/15169"
"15177","Teleogryllus Teleogryllus oceanicus","PreservedSpecimen","NHMUK","BMNH(E)","010211119","BMNH(E)1985-184","","Male","Adult","1","","","David R. Ragge","","","","","","","","","https://bio.acousti.ca/node/15177"
"15178","Teleogryllus Teleogryllus oceanicus","PreservedSpecimen","NHMUK","BMNH(E)","010211120","BMNH(E)1985-184","","Male","Adult","1","","","David R. Ragge","","","","","","","","","https://bio.acousti.ca/node/15178"
"15182","Teleogryllus Teleogryllus oceanicus","PreservedSpecimen","NHMUK","BMNH(E)","010211118","B.M.1978-250","","Male","Adult","1","","","B. C. Townsend","","","","","","","","","https://bio.acousti.ca/node/15182"
"15215","Amyna natalis","LivingSpecimen","BioAcoustica","Heller and Achmann","1","","","Male","Adult","","Klaus-Gerhard Heller; Roland Achmann","1992-03-01T00:00:00","","","","","","","3.3242870972096","101.75313949585","","https://bio.acousti.ca/node/15215"
"15218","Symmoracma minoralis","LivingSpecimen","BioAcoustica","Heller and Krahe","1","","","","","","Klaus-Gerhard Heller; Rüdiger Krahe","1992-03-01T00:00:00","","","","","","","3.3242870972096","101.75313949585","","https://bio.acousti.ca/node/15218"
"15222","Cheiromeles torquatus","LivingSpecimen","BioAcoustica","Heller","1","","","","","","","1992-03-30T00:00:00","","","","","","","3.7104822267053","102.286148071289","","https://bio.acousti.ca/node/15222"
"15235","Hipposideros bicolor","LivingSpecimen","BioAcoustica","Heller","2","","","Female","","","Klaus-Gerhard Heller","1992-03-21T00:00:00","","","","","","","3.7104822267053","102.286148071289","","https://bio.acousti.ca/node/15235"
"15237","Hipposideros diadema","LivingSpecimen","BioAcoustica","Heller","3","","","Male","","","Klaus-Gerhard Heller","1992-03-07T00:00:00","","","","","","","3.3242870972096","101.75313949585","","https://bio.acousti.ca/node/15237"
"15239","Hipposideros diadema","LivingSpecimen","BioAcoustica","Heller","4","","","Female","","","Klaus-Gerhard Heller","1992-03-27T00:00:00","","","","","","","3.3242870972096","101.75313949585","","https://bio.acousti.ca/node/15239"
"15241","Hipposideros diadema","LivingSpecimen","BioAcoustica","Heller","5","","","Male","","","Klaus-Gerhard Heller","1992-03-19T00:00:00","","","","","","","3.7104822267053","102.286148071289","","https://bio.acousti.ca/node/15241"
"15245","Hipposideros larvatus","LivingSpecimen","BioAcoustica","Heller","6","","","","","","Klaus-Gerhard Heller","1992-03-30T00:00:00","","","","","","MY","3.016667","102.3334","","https://bio.acousti.ca/node/15245"
"15248","Hipposideros larvatus","LivingSpecimen","BioAcoustica","Heller","7","","","Male","","","Klaus-Gerhard Heller","1992-03-30T00:00:00","","","","","","MY","3.016667","102.3334","","https://bio.acousti.ca/node/15248"
"15250","Hipposideros ridleyi","LivingSpecimen","BioAcoustica","Heller","8","","","Female","","","Klaus-Gerhard Heller","1992-03-19T00:00:00","","","","","","","3.7104822267053","102.286148071289","","https://bio.acousti.ca/node/15250"
"15252","Rhinolophus affinis","LivingSpecimen","BioAcoustica","Heller","9","","","Female","","","Klaus-Gerhard Heller","1992-03-25T00:00:00","","","","","","MY","3.7","102.25","","https://bio.acousti.ca/node/15252"
"15254","Rhinolophus affinis","LivingSpecimen","BioAcoustica","Heller","10","","","Male","","","Klaus-Gerhard Heller","1992-03-25T00:00:00","","","","","","MY","3.7","102.25","","https://bio.acousti.ca/node/15254"
"15259","Rhinolophus","LivingSpecimen","BioAcoustica","Heller","11","","","","","","Klaus-Gerhard Heller","1992-03-30T00:00:00","","","","","","MY","3.016667","102.3334","","https://bio.acousti.ca/node/15259"
"15261","Rhinolophus luctoides","PreservedSpecimen","SMF","SMFcoll","87485","","paratype","Female","","","Klaus-Gerhard Heller; M. Volleth","1992-03-25T00:00:00","","","","KR055702","","","","","","https://bio.acousti.ca/node/15261"
"15264","Rhinolophus lepidus refulgens","LivingSpecimen","BioAcoustica","Heller","12","","","Female","","","Klaus-Gerhard Heller","1992-04-03T00:00:00","","","","","","","3.3242870972096","101.75313949585","","https://bio.acousti.ca/node/15264"
"15266","Rhinolophus trifoliatus","LivingSpecimen","BioAcoustica","Heller","13","","","Male","","","Klaus-Gerhard Heller","1992-03-19T00:00:00","","","","","","","3.7104822267053","102.286148071289","","https://bio.acousti.ca/node/15266"
"15288","Zichya sp.","PreservedSpecimen","NHMUK","BMNH(E)","010210758","1978.546","","Male","","1","","","L. M. Pitkin","","","","","","","","","https://bio.acousti.ca/node/15288"
"15291","Vetralla quadrata","PreservedSpecimen","NHMUK","BMNH(E)","010210759","BM 1978-438","","Multiple","Adult","","","","Judith A. Marshall","","","","","","","","<p>In culture at London Zoo. Material from Ceylon.</p>
","https://bio.acousti.ca/node/15291"
"15292","Yersinella raymondi","PreservedSpecimen","BioAcoustica","Ingrisch","1","","","Male","Adult","1","S Ingrisch","1991-08-01T00:00:00","S Ingrisch","","","","","IT","44.04","11.26","<p>In collection of Ingrisch?</p>
","https://bio.acousti.ca/node/15292"
"15294","Yersinella beybienkoi","PreservedSpecimen","BioAcoustica","Ingrisch","2","","","Male","Adult","1","S Ingrisch","1991-08-02T00:00:00","S Ingrisch","","","","","","","","<p>specimen in collection of Ingrisch?</p>
","https://bio.acousti.ca/node/15294"
"15296","Uromenus rugosicollis","PreservedSpecimen","NHMUK","BMNH(E)","010210763","BM 1976-590","","Male","Adult","1","W. J. Reynolds","1976-09-24T00:00:00","W. J. Reynolds","","","","","FR","42.57","2.36","","https://bio.acousti.ca/node/15296"
"15298","Uromenus rugosicollis","PreservedSpecimen","NHMUK","BMNH(E)","010210762","","","Male","Adult","1","W. J. Reynolds","1976-09-23T00:00:00","W. J. Reynolds","","","","","FR","","","","https://bio.acousti.ca/node/15298"
"15300","Tylopsis lilifolia","PreservedSpecimen","NHMUK","BMNH(E)","010210766","","","Male","Adult","1","Judith A. Marshall","1981-08-16T00:00:00","Judith A. Marshall","","","","","GR","39.63","19.89","","https://bio.acousti.ca/node/15300"
"15301","Tylopsis lilifolia","PreservedSpecimen","NHMUK","BMNH(E)","010210764","","","Male","Adult","1","David R. Ragge","1974-08-24T00:00:00","David R. Ragge","","","","","","44.9","0.95","","https://bio.acousti.ca/node/15301"
"15302","Tylopsis lilifolia","PreservedSpecimen","NHMUK","BMNH(E)","010210765","","","Male","Adult","1","David R. Ragge","1974-08-24T00:00:00","David R. Ragge","","","","","","44.9","0.95","","https://bio.acousti.ca/node/15302"
"15304","Thyridorhoptrum senegalense","PreservedSpecimen","NHMUK","BMNH(E)","010210769","","neotype","Male","Adult","1","W. J. Bailey","1969-06-24T00:00:00","L. M. Pitkin","","","","","UG","0.21","32.29","","https://bio.acousti.ca/node/15304"
"15306","Thyridorhoptrum baileyi","PreservedSpecimen","NHMUK","BMNH(E)","010210770","","holotype","Male","Adult","1","W. J. Bailey","1970-09-01T00:00:00","L. M. Pitkin","","","","","UG","1.76","31.56","","https://bio.acousti.ca/node/15306"
"15308","Tettigonia viridissima","PreservedSpecimen","NHMUK","BMNH(E)","010210772","","","Male","Adult","1","B. C. Townsend","1976-07-26T00:00:00","David R. Ragge","","","","","GB","51.44","-0.54","","https://bio.acousti.ca/node/15308"
"15309","Tettigonia viridissima","PreservedSpecimen","NHMUK","BMNH(E)","010210771","","","Male","adult","1","David R. Ragge","1974-08-24T00:00:00","David R. Ragge","","","","","FR","44.910372","1.140851","","https://bio.acousti.ca/node/15309"
"15311","Tettigonia cantans","PreservedSpecimen","NHMUK","BMNH(E)","010211124","","","Male","Adult","1","David R. Ragge","1973-08-14T00:00:00","David R. Ragge","","","","","","47.59","12.24","","https://bio.acousti.ca/node/15311"
"15312","Tettigonia cantans","LivingSpecimen","BioAcoustica","Ragge","2","","","Male","Adult","","David R. Ragge","1973-08-12T00:00:00","","","","","","","47.59","12.24","","https://bio.acousti.ca/node/15312"
"15313","Tettigonia cantans","PreservedSpecimen","NHMUK","BMNH(E)","010211123","","","Male","Adult","","David R. Ragge","1973-08-10T00:00:00","David R. Ragge","","","","","","47.59","12.24","","https://bio.acousti.ca/node/15313"
"15314","Steropleurus stali","PreservedSpecimen","NHMUK","BMNH(E)","010210774","","","","","","","","","","","","","","","","","https://bio.acousti.ca/node/15314"
"15315","Steropleurus stali","PreservedSpecimen","NHMUK","BMNH(E)","010210773","","","","","","","","","","","","","","","","","https://bio.acousti.ca/node/15315"
"15317","Steropleurus catalaunicus","PreservedSpecimen","NHMUK","BMNH(E)","010210787","","","Male","Adult","1","W. J. Reynolds","1978-09-28T00:00:00","W. J. Reynolds","","","","","ES","42.33","1.52","","https://bio.acousti.ca/node/15317"
"15319","Steropleurus catalaunicus","PreservedSpecimen","NHMUK","BMNH(E)","010210778","","","Male","Adult","1","W. J. Reynolds","1978-09-13T00:00:00","W. J. Reynolds","","","","","AD","42.44","1.46","","https://bio.acousti.ca/node/15319"
"15320","Steropleurus catalaunicus","PreservedSpecimen","NHMUK","BMNH(E)","010210777","","","Male","Adult","1","W. J. Reynolds","1978-09-13T00:00:00","W. J. Reynolds","","","","","AD","42.44","1.46","","https://bio.acousti.ca/node/15320"
"15321","Steropleurus catalaunicus","PreservedSpecimen","NHMUK","BMNH(E)","010210788","","","Male","Adult","1","W. J. Reynolds","1978-09-12T00:00:00","W. J. Reynolds","","","","","ES","42.33","1.52","","https://bio.acousti.ca/node/15321"
"15322","Steropleurus catalaunicus","PreservedSpecimen","NHMUK","BMNH(E)","010210784","","","Male","Adult","1","W. J. Reynolds","1978-09-12T00:00:00","W. J. Reynolds","","","","","ES","42.33","1.52","","https://bio.acousti.ca/node/15322"
"15323","Steropleurus catalaunicus","PreservedSpecimen","NHMUK","BMNH(E)","010210783","","","Male","Adult","1","W. J. Reynolds","1978-09-11T00:00:00","W. J. Reynolds","","","","","ES","42.33","1.52","","https://bio.acousti.ca/node/15323"
"15324","Steropleurus catalaunicus","PreservedSpecimen","NHMUK","BMNH(E)","010210786","","","Male","Adult","1","W. J. Reynolds","1978-09-11T00:00:00","W. J. Reynolds","","","","","ES","42.33","1.52","","https://bio.acousti.ca/node/15324"
"15325","Steropleurus catalaunicus","PreservedSpecimen","NHMUK","BMNH(E)","010210785","","","Male","Adult","1","W. J. Reynolds","1978-09-11T00:00:00","W. J. Reynolds","","","","","ES","42.33","1.52","","https://bio.acousti.ca/node/15325"
"15327","Steropleurus catalaunicus","PreservedSpecimen","NHMUK","BMNH(E)","010210780","","","Male","Adult","1","W. J. Reynolds","1978-09-09T00:00:00","W. J. Reynolds","","","","","ES","42.02","1.47","","https://bio.acousti.ca/node/15327"
"15328","Steropleurus catalaunicus","PreservedSpecimen","NHMUK","BMNH(E)","010210779","","","Male","Adult","1","W. J. Reynolds","1978-09-09T00:00:00","W. J. Reynolds","","","","","ES","42.02","1.47","","https://bio.acousti.ca/node/15328"
"15330","Tylopsis lilifolia","PreservedSpecimen","NHMUK","BMNH(E)","010210768","","","Male","Adult","1","David R. Ragge; R. G. M. Ragge","1988-09-25T00:00:00","David R. Ragge","","","","","IT","42.72","12.11","","https://bio.acousti.ca/node/15330"
"15331","Vetralla quadrata","PreservedSpecimen","NHMUK","BMNH(E)","010210761","","","","","","","","Judith A. Marshall","","","","","","","","","https://bio.acousti.ca/node/15331"
"15332","Vetralla quadrata","PreservedSpecimen","NHMUK","BMNH(E)","010210760","","","","","","","","Judith A. Marshall","","","","","","","","","https://bio.acousti.ca/node/15332"
"15334","Tylopsis lilifolia","PreservedSpecimen","NHMUK","BMNH(E)","010210767","","","Male","Adult","1","W. J. Reynolds","1990-07-23T00:00:00","W. J. Reynolds","","","","","FR","42.1","8.75","","https://bio.acousti.ca/node/15334"
"15336","Steropleurus catalaunicus","PreservedSpecimen","NHMUK","BMNH(E)","010210776","","","Male","Adult","1","W. J. Reynolds","1978-09-01T00:00:00","W. J. Reynolds","","","","","ES","42.59","0.34","","https://bio.acousti.ca/node/15336"
"15337","Steropleurus catalaunicus","PreservedSpecimen","NHMUK","BMNH(E)","010210775","","","Male","Adult","1","W. J. Reynolds","1978-09-01T00:00:00","W. J. Reynolds","","","","","","","","","https://bio.acousti.ca/node/15337"
"15338","Ruspolia persimilis","PreservedSpecimen","NHMUK","BMNH(E)","010210790","","","Male","Adult","1","Tim Mallett; Douglas Roy","1980-07-01T00:00:00","Judith A. Marshall","1981-01-01T00:00:00","","","","","2.26","38","","https://bio.acousti.ca/node/15338"
"15339","Ruspolia persimilis","PreservedSpecimen","NHMUK","BMNH(E)","010210789","","","Male","Adult","1","Tim Mallett; Douglas Roy","1980-07-01T00:00:00","Judith A. Marshall","1981-01-01T00:00:00","","","","","2.26","38","","https://bio.acousti.ca/node/15339"
"15340","Ruspolia paraplesia","PreservedSpecimen","NHMUK","BMNH(E)","010210792","","","Male","Adult","1","Tim Mallett; Douglas Roy","1980-07-01T00:00:00","Judith A. Marshall","","","","","","2.26","38","","https://bio.acousti.ca/node/15340"
"15341","Ruspolia differens","PreservedSpecimen","NHMUK","BMNH(E)","010210793","","","Male","Adult","1","Tim Mallett; Douglas Roy","1980-07-01T00:00:00","Judith A. Marshall","","","","","","2.26","38","","https://bio.acousti.ca/node/15341"
"15342","Ruspolia differens","PreservedSpecimen","NHMUK","BMNH(E)","010210794","","","Male","Adult","1","Tim Mallett; Douglas Roy","1980-07-01T00:00:00","Judith A. Marshall","","","","","","2.26","38","","https://bio.acousti.ca/node/15342"
"15344","Rhacocleis neglecta","PreservedSpecimen","NHMUK","BMNH(E)","010210791","","","Male","adult","1","David R. Ragge","1988-09-20T00:00:00","W. J. Reynolds","","","","","IT","39.16","16.49","","https://bio.acousti.ca/node/15344"
"15345","Platycleis albopunctata","PreservedSpecimen","NHMUK","BMNH(E)","010210817","","","Male","Adult","1","W. J. Reynolds","1978-09-01T00:00:00","W. J. Reynolds","","","","","ES","42.59","0.34","","https://bio.acousti.ca/node/15345"
"15346","Platycleis albopunctata","PreservedSpecimen","NHMUK","BMNH(E)","010210816","","","Male","Adult","1","W. J. Reynolds","1978-09-11T00:00:00","W. J. Reynolds","","","","","ES","42.33","1.52","","https://bio.acousti.ca/node/15346"
"15347","Pholidoptera griseoaptera","PreservedSpecimen","NHMUK","BMNH(E)","010210781","","","Male","Adult","1","David R. Ragge","1973-08-12T00:00:00","David R. Ragge","","","","","","47.59","12.24","","https://bio.acousti.ca/node/15347"
"15348","Pholidoptera aptera","PreservedSpecimen","NHMUK","BMNH(E)","010210861","","","Male","Adult","1","David R. Ragge","1978-08-12T00:00:00","David R. Ragge","","","","","","47.59","12.24","","https://bio.acousti.ca/node/15348"
"15381","","PreservedSpecimen","NHMUK","BMNH(E)","010210827","","","","","","","","","","","","","AT","47.93","16.84","","https://bio.acousti.ca/node/15381"
"15382","","PreservedSpecimen","NHMUK","BMNH(E)","010210828","","","","","","","","","","","","","","","","","https://bio.acousti.ca/node/15382"
"15383","","PreservedSpecimen","NHMUK","BMNH(E)","010210829","","","","","","","","","","","","","","","","","https://bio.acousti.ca/node/15383"
"15384","","PreservedSpecimen","NHMUK","BMNH(E)","010210830","","neotype","","","","","","","","","","","","","","","https://bio.acousti.ca/node/15384"
"15385","","PreservedSpecimen","NHMUK","BMNH(E)","010210831","","","","","","","","","","","","","","","","","https://bio.acousti.ca/node/15385"
"15386","","PreservedSpecimen","NHMUK","BMNH(E)","010210832","","","","","","","","","","","","","","","","","https://bio.acousti.ca/node/15386"
"15387","","PreservedSpecimen","NHMUK","BMNH(E)","010210833","","","","","","","","","","","","","","","","","https://bio.acousti.ca/node/15387"
"15388","","PreservedSpecimen","NHMUK","BMNH(E)","010210834","","","","","","","","","","","","","","","","","https://bio.acousti.ca/node/15388"
"15389","","PreservedSpecimen","NHMUK","BMNH(E)","010210835","","","","","","","","","","","","","","","","","https://bio.acousti.ca/node/15389"
"15390","","PreservedSpecimen","NHMUK","BMNH(E)","010210836","","","","","","","","","","","","","","","","","https://bio.acousti.ca/node/15390"
"15391","","PreservedSpecimen","NHMUK","BMNH(E)","010210837","","","","","","","","","","","","","","","","","https://bio.acousti.ca/node/15391"
"15392","","PreservedSpecimen","NHMUK","BMNH(E)","010210840","","","","","","","","","","","","","","","","","https://bio.acousti.ca/node/15392"
"15393","","PreservedSpecimen","NHMUK","BMNH(E)","010210841","","","","","","","","","","","","","","","","","https://bio.acousti.ca/node/15393"
"15394","","PreservedSpecimen","NHMUK","BMNH(E)","010210842","","","","","","","","","","","","","","","","","https://bio.acousti.ca/node/15394"
"15395","","PreservedSpecimen","NHMUK","BMNH(E)","010210843","","","","","","","","","","","","","","","","","https://bio.acousti.ca/node/15395"
"15396","","PreservedSpecimen","NHMUK","BMNH(E)","010210846","","","","","","","","","","","","","","","","","https://bio.acousti.ca/node/15396"
"15397","","PreservedSpecimen","NHMUK","BMNH(E)","010210847","","","","","","","","","","","","","","","","","https://bio.acousti.ca/node/15397"
"15398","","PreservedSpecimen","NHMUK","BMNH(E)","010210852","","","","","","","","","","","","","","","","","https://bio.acousti.ca/node/15398"
"15399","","PreservedSpecimen","NHMUK","BMNH(E)","010210853","","","","","","","","","","","","","","","","","https://bio.acousti.ca/node/15399"
"15400","","PreservedSpecimen","NHMUK","BMNH(E)","010210859","","","","","","","","","","","","","","","","","https://bio.acousti.ca/node/15400"
"15401","","PreservedSpecimen","NHMUK","BMNH(E)","010210860","","","","","","","","","","","","","","","","","https://bio.acousti.ca/node/15401"
"15402","","PreservedSpecimen","NHMUK","BMNH(E)","010210863","","","","","","","","","","","","","","","","","https://bio.acousti.ca/node/15402"
"15403","","PreservedSpecimen","NHMUK","BMNH(E)","010210864","","","","","","","","","","","","","","","","","https://bio.acousti.ca/node/15403"
"15404","","PreservedSpecimen","NHMUK","BMNH(E)","010210865","","","","","","","","","","","","","","","","","https://bio.acousti.ca/node/15404"
"15405","","PreservedSpecimen","NHMUK","BMNH(E)","010210867","","","","","","","","","","","","","","","","","https://bio.acousti.ca/node/15405"
"15406","","PreservedSpecimen","NHMUK","BMNH(E)","010210866","","","","","","","","","","","","","","","","","https://bio.acousti.ca/node/15406"
"15407","","PreservedSpecimen","NHMUK","BMNH(E)","010210868","","","","","","","","","","","","","","","","","https://bio.acousti.ca/node/15407"
"15408","","PreservedSpecimen","NHMUK","BMNH(E)","010210869","","","","","","","","","","","","","","","","","https://bio.acousti.ca/node/15408"
"15409","","PreservedSpecimen","NHMUK","BMNH(E)","010210870","","","","","","","","","","","","","","","","","https://bio.acousti.ca/node/15409"
"15410","","PreservedSpecimen","NHMUK","BMNH(E)","010210871","","","","","","","","","","","","","","","","","https://bio.acousti.ca/node/15410"
"15411","","PreservedSpecimen","NHMUK","BMNH(E)","010210872","","","","","","","","","","","","","","","","","https://bio.acousti.ca/node/15411"
"15412","","PreservedSpecimen","NHMUK","BMNH(E)","010210873","","","","","","","","","","","","","","","","","https://bio.acousti.ca/node/15412"
"15413","","PreservedSpecimen","NHMUK","BMNH(E)","010210874","","","","","","","","","","","","","","","","","https://bio.acousti.ca/node/15413"
"15414","","PreservedSpecimen","NHMUK","BMNH(E)","010210875","","","","","","","","","","","","","","","","","https://bio.acousti.ca/node/15414"
"15415","","PreservedSpecimen","NHMUK","BMNH(E)","010210876","","","","","","","","","","","","","","","","","https://bio.acousti.ca/node/15415"
"15416","","PreservedSpecimen","NHMUK","BMNH(E)","010210877","","","","","","","","","","","","","","","","","https://bio.acousti.ca/node/15416"
"15417","","PreservedSpecimen","NHMUK","BMNH(E)","010210878","","","","","","","","","","","","","","","","","https://bio.acousti.ca/node/15417"
"15418","","PreservedSpecimen","NHMUK","BMNH(E)","010210879","","","","","","","","","","","","","","","","","https://bio.acousti.ca/node/15418"
"15419","","PreservedSpecimen","NHMUK","BMNH(E)","010210880","","","","","","","","","","","","","","","","","https://bio.acousti.ca/node/15419"
"15420","","PreservedSpecimen","NHMUK","BMNH(E)","010210884","","","","","","","","","","","","","","","","","https://bio.acousti.ca/node/15420"
"15421","","PreservedSpecimen","NHMUK","BMNH(E)","010210885","","","","","","","","","","","","","","","","","https://bio.acousti.ca/node/15421"
"15422","","PreservedSpecimen","NHMUK","BMNH(E)","010210886","","","","","","","","","","","","","","","","","https://bio.acousti.ca/node/15422"
"15423","","PreservedSpecimen","NHMUK","BMNH(E)","010210887","","","","","","","","","","","","","","","","","https://bio.acousti.ca/node/15423"
"15424","","PreservedSpecimen","NHMUK","BMNH(E)","010210888","","","","","","","","","","","","","","","","","https://bio.acousti.ca/node/15424"
"15425","","PreservedSpecimen","NHMUK","BMNH(E)","010210889","","","","","","","","","","","","","","","","","https://bio.acousti.ca/node/15425"
"15426","","PreservedSpecimen","NHMUK","BMNH(E)","010210890","","","","","","","","","","","","","","","","","https://bio.acousti.ca/node/15426"
"15427","","PreservedSpecimen","NHMUK","BMNH(E)","010210891","","","","","","","","","","","","","","","","","https://bio.acousti.ca/node/15427"
"15428","","PreservedSpecimen","NHMUK","BMNH(E)","010210892","","","","","","","","","","","","","","","","","https://bio.acousti.ca/node/15428"
"15429","","PreservedSpecimen","NHMUK","BMNH(E)","010210893","","","","","","","","","","","","","","","","","https://bio.acousti.ca/node/15429"
"15430","","PreservedSpecimen","NHMUK","BMNH(E)","010210894","","","","","","","","","","","","","","","","","https://bio.acousti.ca/node/15430"
"15431","","PreservedSpecimen","NHMUK","BMNH(E)","010210895","","","","","","","","","","","","","","","","","https://bio.acousti.ca/node/15431"
"15432","","PreservedSpecimen","NHMUK","BMNH(E)","010210896","","","","","","","","","","","","","","","","","https://bio.acousti.ca/node/15432"
"15433","","PreservedSpecimen","NHMUK","BMNH(E)","010210899","","","","","","","","","","","","","","","","","https://bio.acousti.ca/node/15433"
"15434","","PreservedSpecimen","NHMUK","BMNH(E)","010210900","","","","","","","","","","","","","","","","","https://bio.acousti.ca/node/15434"
"15435","","PreservedSpecimen","NHMUK","BMNH(E)","010210903","","","","","","","","","","","","","","","","","https://bio.acousti.ca/node/15435"
"15436","","PreservedSpecimen","NHMUK","BMNH(E)","010210904","","","","","","","","","","","","","","","","","https://bio.acousti.ca/node/15436"
"15437","","PreservedSpecimen","NHMUK","BMNH(E)","010210905","","","","","","","","","","","","","","","","","https://bio.acousti.ca/node/15437"
"15438","","PreservedSpecimen","NHMUK","BMNH(E)","010210906","","","","","","","","","","","","","","","","","https://bio.acousti.ca/node/15438"
"15439","","PreservedSpecimen","NHMUK","BMNH(E)","010210907","","","","","","","","","","","","","","","","","https://bio.acousti.ca/node/15439"
"15440","","PreservedSpecimen","NHMUK","BMNH(E)","010210908","","","","","","","","","","","","","","","","","https://bio.acousti.ca/node/15440"
"15441","","PreservedSpecimen","NHMUK","BMNH(E)","010210910","","","","","","","","","","","","","","","","","https://bio.acousti.ca/node/15441"
"15442","","PreservedSpecimen","NHMUK","BMNH(E)","010210911","","","","","","","","","","","","","","","","","https://bio.acousti.ca/node/15442"
"15443","","PreservedSpecimen","NHMUK","BMNH(E)","010210912","","","","","","","","","","","","","","","","","https://bio.acousti.ca/node/15443"
"15444","","PreservedSpecimen","NHMUK","BMNH(E)","010210916","","","","","","","","","","","","","","","","","https://bio.acousti.ca/node/15444"
"15445","","PreservedSpecimen","NHMUK","BMNH(E)","010210917","","","","","","","","","","","","","","","","","https://bio.acousti.ca/node/15445"
"15446","","PreservedSpecimen","NHMUK","BMNH(E)","010210919","","","","","","","","","","","","","","","","","https://bio.acousti.ca/node/15446"
"15447","","PreservedSpecimen","NHMUK","BMNH(E)","010210921","","","","","","","","","","","","","","","","","https://bio.acousti.ca/node/15447"
"15448","","PreservedSpecimen","NHMUK","BMNH(E)","010210922","","","","","","","","","","","","","","","","","https://bio.acousti.ca/node/15448"
"15449","","PreservedSpecimen","NHMUK","BMNH(E)","010210925","","","","","","","","","","","","","","","","","https://bio.acousti.ca/node/15449"
"15450","","PreservedSpecimen","NHMUK","BMNH(E)","010210926","","","","","","","","","","","","","","","","","https://bio.acousti.ca/node/15450"
"15456","Acrometopa macropoda","LivingSpecimen","BioAcoustica","Orthoptera SpeciesFile","2036","","","","","","","","","","","","","","37.67","21.44","","https://bio.acousti.ca/node/15456"
"15458","Acrometopa macropoda","LivingSpecimen","BioAcoustica","Orthoptera SpeciesFile","2037","","","","","","","","","","","","","","43.16","19","","https://bio.acousti.ca/node/15458"
"15466","","PreservedSpecimen","NHMUK","BMNH(E)","010211092","","","","","","","","","","","","","","","","","https://bio.acousti.ca/node/15466"
"15467","","PreservedSpecimen","NHMUK","BMNH(E)","010211063","","","","","","","","","","","","","","","","","https://bio.acousti.ca/node/15467"
"15468","","PreservedSpecimen","NHMUK","BMNH(E)","010211091","","","","","","","","","","","","","","","","","https://bio.acousti.ca/node/15468"
"15490","","PreservedSpecimen","NHMUK","BMNH(E)","010210927","","","","","","","","","","","","","","","","","https://bio.acousti.ca/node/15490"
"15492","","PreservedSpecimen","NHMUK","BMNH(E)","010210928","","","","","","","","","","","","","","","","","https://bio.acousti.ca/node/15492"
"15493","","PreservedSpecimen","NHMUK","BMNH(E)","010210929","","","","","","","","","","","","","","","","","https://bio.acousti.ca/node/15493"
"15494","","PreservedSpecimen","NHMUK","BMNH(E)","010210930","","","","","","","","","","","","","","","","","https://bio.acousti.ca/node/15494"
"15495","","PreservedSpecimen","NHMUK","BMNH(E)","010210931","","","","","","","","","","","","","","","","","https://bio.acousti.ca/node/15495"
"15496","","PreservedSpecimen","NHMUK","BMNH(E)","010210932","","","","","","","","","","","","","","","","","https://bio.acousti.ca/node/15496"
"15497","","PreservedSpecimen","NHMUK","BMNH(E)","010210933","","","","","","","","","","","","","","","","","https://bio.acousti.ca/node/15497"
"15498","","PreservedSpecimen","NHMUK","BMNH(E)","010210934","","","","","","","","","","","","","","","","","https://bio.acousti.ca/node/15498"
"15499","","PreservedSpecimen","NHMUK","BMNH(E)","010210936","","","","","","","","","","","","","","","","","https://bio.acousti.ca/node/15499"
"15500","","PreservedSpecimen","NHMUK","BMNH(E)","010210937","","","","","","","","","","","","","","","","","https://bio.acousti.ca/node/15500"
"15501","","PreservedSpecimen","NHMUK","BMNH(E)","010210938","","","","","","","","","","","","","","","","","https://bio.acousti.ca/node/15501"
"15502","","PreservedSpecimen","NHMUK","BMNH(E)","010210939","","","","","","","","","","","","","","","","","https://bio.acousti.ca/node/15502"
"15503","","PreservedSpecimen","NHMUK","BMNH(E)","010210940","","","","","","","","","","","","","","","","","https://bio.acousti.ca/node/15503"
"15504","","PreservedSpecimen","NHMUK","BMNH(E)","010210944","","","","","","","","","","","","","","","","","https://bio.acousti.ca/node/15504"
"15505","","PreservedSpecimen","NHMUK","BMNH(E)","010210945","","","","","","","","","","","","","","","","","https://bio.acousti.ca/node/15505"
"15506","","PreservedSpecimen","NHMUK","BMNH(E)","010210946","","","","","","","","","","","","","","","","","https://bio.acousti.ca/node/15506"
"15507","","PreservedSpecimen","NHMUK","BMNH(E)","010210947","","","","","","","","","","","","","","","","","https://bio.acousti.ca/node/15507"
"15508","","PreservedSpecimen","NHMUK","BMNH(E)","010210948","","","","","","","","","","","","","","","","","https://bio.acousti.ca/node/15508"
"15509","","PreservedSpecimen","NHMUK","BMNH(E)","010210949","","","","","","","","","","","","","","","","","https://bio.acousti.ca/node/15509"
"15510","","PreservedSpecimen","NHMUK","BMNH(E)","010210950","","","","","","","","","","","","","","","","","https://bio.acousti.ca/node/15510"
"15512","","PreservedSpecimen","NHMUK","BMNH(E)","010210951","","","","","","","","","","","","","","","","","https://bio.acousti.ca/node/15512"
"15514","","PreservedSpecimen","NHMUK","BMNH(E)","010210952","","","","","","","","","","","","","","","","","https://bio.acousti.ca/node/15514"
"15516","","PreservedSpecimen","NHMUK","BMNH(E)","010210953","","","","","","","","","","","","","","","","","https://bio.acousti.ca/node/15516"
"15518","","PreservedSpecimen","NHMUK","BMNH(E)","010210954","","","","","","","","","","","","","","","","","https://bio.acousti.ca/node/15518"
"15520","","PreservedSpecimen","NHMUK","BMNH(E)","010210955","","","","","","","","","","","","","","","","","https://bio.acousti.ca/node/15520"
"15522","","PreservedSpecimen","NHMUK","BMNH(E)","010210956","","","","","","","","","","","","","","","","","https://bio.acousti.ca/node/15522"
"15524","","PreservedSpecimen","NHMUK","BMNH(E)","010210957","","","","","","","","","","","","","","","","","https://bio.acousti.ca/node/15524"
"15526","","PreservedSpecimen","NHMUK","BMNH(E)","010210958","","","","","","","","","","","","","","","","","https://bio.acousti.ca/node/15526"
"15528","","PreservedSpecimen","NHMUK","BMNH(E)","010210959","","","","","","","","","","","","","","","","","https://bio.acousti.ca/node/15528"
"15529","","PreservedSpecimen","NHMUK","BMNH(E)","010210960","","","","","","","","","","","","","","","","","https://bio.acousti.ca/node/15529"
"15530","","PreservedSpecimen","NHMUK","BMNH(E)","010210961","","","","","","","","","","","","","","","","","https://bio.acousti.ca/node/15530"
"15531","","PreservedSpecimen","NHMUK","BMNH(E)","010210962","","","","","","","","","","","","","","","","","https://bio.acousti.ca/node/15531"
"15532","","PreservedSpecimen","NHMUK","BMNH(E)","010210963","","","","","","","","","","","","","","","","","https://bio.acousti.ca/node/15532"
"15533","","PreservedSpecimen","NHMUK","BMNH(E)","010210964","","","","","","","","","","","","","","","","","https://bio.acousti.ca/node/15533"
"15534","","PreservedSpecimen","NHMUK","BMNH(E)","010210965","","","","","","","","","","","","","","","","","https://bio.acousti.ca/node/15534"
"15535","","PreservedSpecimen","NHMUK","BMNH(E)","010210966","","","","","","","","","","","","","","","","","https://bio.acousti.ca/node/15535"
"15536","","PreservedSpecimen","NHMUK","BMNH(E)","010210967","","","","","","","","","","","","","","","","","https://bio.acousti.ca/node/15536"
"15537","","PreservedSpecimen","NHMUK","BMNH(E)","010210968","","","","","","","","","","","","","","","","","https://bio.acousti.ca/node/15537"
"15538","","PreservedSpecimen","NHMUK","BMNH(E)","010210969","","","","","","","","","","","","","","","","","https://bio.acousti.ca/node/15538"
"15539","","PreservedSpecimen","NHMUK","BMNH(E)","010210971","","","","","","","","","","","","","","","","","https://bio.acousti.ca/node/15539"
"15540","","PreservedSpecimen","NHMUK","BMNH(E)","010210972","","","","","","","","","","","","","","","","","https://bio.acousti.ca/node/15540"
"15541","","PreservedSpecimen","NHMUK","BMNH(E)","010210973","","","","","","","","","","","","","","","","","https://bio.acousti.ca/node/15541"
"15542","","PreservedSpecimen","NHMUK","BMNH(E)","010210974","","","","","","","","","","","","","","","","","https://bio.acousti.ca/node/15542"
"15543","","PreservedSpecimen","NHMUK","BMNH(E)","010210975","","","","","","","","","","","","","","","","","https://bio.acousti.ca/node/15543"
"15544","","PreservedSpecimen","NHMUK","BMNH(E)","010210976","","","","","","","","","","","","","","","","","https://bio.acousti.ca/node/15544"
"15545","","PreservedSpecimen","NHMUK","BMNH(E)","010210977","","","","","","","","","","","","","","","","","https://bio.acousti.ca/node/15545"
"15546","","PreservedSpecimen","NHMUK","BMNH(E)","010210978","","","","","","","","","","","","","","","","","https://bio.acousti.ca/node/15546"
"15547","","PreservedSpecimen","NHMUK","BMNH(E)","010210980","","","","","","","","","","","","","","","","","https://bio.acousti.ca/node/15547"
"15548","","PreservedSpecimen","NHMUK","BMNH(E)","010210983","","","","","","","","","","","","","","","","","https://bio.acousti.ca/node/15548"
"15549","","PreservedSpecimen","NHMUK","BMNH(E)","010210984","","","","","","","","","","","","","","","","","https://bio.acousti.ca/node/15549"
"15550","","PreservedSpecimen","NHMUK","BMNH(E)","010210985","","","","","","","","","","","","","","","","","https://bio.acousti.ca/node/15550"
"15551","","PreservedSpecimen","NHMUK","BMNH(E)","010210986","","","","","","","","","","","","","","","","","https://bio.acousti.ca/node/15551"
"15552","","PreservedSpecimen","NHMUK","BMNH(E)","010210987","","","","","","","","","","","","","","","","","https://bio.acousti.ca/node/15552"
"15553","","PreservedSpecimen","NHMUK","BMNH(E)","010210988","","","","","","","","","","","","","","","","","https://bio.acousti.ca/node/15553"
"15554","","PreservedSpecimen","NHMUK","BMNH(E)","010210990","","","","","","","","","","","","","","","","","https://bio.acousti.ca/node/15554"
"15555","","PreservedSpecimen","NHMUK","BMNH(E)","010210991","","","","","","","","","","","","","","","","","https://bio.acousti.ca/node/15555"
"15556","","PreservedSpecimen","NHMUK","BMNH(E)","010210992","","","","","","","","","","","","","","","","","https://bio.acousti.ca/node/15556"
"15557","","PreservedSpecimen","NHMUK","BMNH(E)","010210993","","","","","","","","","","","","","","","","","https://bio.acousti.ca/node/15557"
"15558","","PreservedSpecimen","NHMUK","BMNH(E)","010210994","","","","","","","","","","","","","","","","","https://bio.acousti.ca/node/15558"
"15559","","PreservedSpecimen","NHMUK","BMNH(E)","010210995","","","","","","","","","","","","","","","","","https://bio.acousti.ca/node/15559"
"15560","","PreservedSpecimen","NHMUK","BMNH(E)","010210996","","","","","","","","","","","","","","","","","https://bio.acousti.ca/node/15560"
"15561","","PreservedSpecimen","NHMUK","BMNH(E)","010210997","","","","","","","","","","","","","","","","","https://bio.acousti.ca/node/15561"
"15562","","PreservedSpecimen","NHMUK","BMNH(E)","010210998","","","","","","","","","","","","","","","","","https://bio.acousti.ca/node/15562"
"15563","","PreservedSpecimen","NHMUK","BMNH(E)","010210999","","","","","","","","","","","","","","","","","https://bio.acousti.ca/node/15563"
"15564","","PreservedSpecimen","NHMUK","BMNH(E)","010211000","","","","","","","","","","","","","","","","","https://bio.acousti.ca/node/15564"
"15565","","PreservedSpecimen","NHMUK","BMNH(E)","010211001","","","","","","","","","","","","","","","","","https://bio.acousti.ca/node/15565"
"15571","","PreservedSpecimen","NHMUK","BMNH(E)","010210857","","","","","","","","","","","","","","","","","https://bio.acousti.ca/node/15571"
"15576","","PreservedSpecimen","NHMUK","BMNH(E)","010211096","","","","","","","","","","","","","","","","","https://bio.acousti.ca/node/15576"
"15581","","PreservedSpecimen","NHMUK","BMNH(E)","010210855","","","","","","","","","","","","","","","","","https://bio.acousti.ca/node/15581"
"15583","","PreservedSpecimen","NHMUK","BMNH(E)","010211097","","","","","","","","","","","","","","","","","https://bio.acousti.ca/node/15583"
"15590","","PreservedSpecimen","NHMUK","BMNH(E)","010211025","","","","","","","","","","","","","","","","","https://bio.acousti.ca/node/15590"
"15592","","PreservedSpecimen","NHMUK","BMNH(E)","010211027","","","","","","","","","","","","","","","","","https://bio.acousti.ca/node/15592"
"15593","","PreservedSpecimen","NHMUK","BMNH(E)","010211028","","","","","","","","","","","","","","","","","https://bio.acousti.ca/node/15593"
"15595","","PreservedSpecimen","NHMUK","BMNH(E)","010211029","","","","","","","","","","","","","","","","","https://bio.acousti.ca/node/15595"
"15596","","PreservedSpecimen","NHMUK","BMNH(E)","010211030","","","","","","","","","","","","","","","","","https://bio.acousti.ca/node/15596"
"15597","","PreservedSpecimen","NHMUK","BMNH(E)","010211031","","","","","","","","","","","","","","","","","https://bio.acousti.ca/node/15597"
"15598","","PreservedSpecimen","NHMUK","BMNH(E)","010211032","","","","","","","","","","","","","","","","","https://bio.acousti.ca/node/15598"
"15599","","PreservedSpecimen","NHMUK","BMNH(E)","010211035","","","","","","","","","","","","","","","","","https://bio.acousti.ca/node/15599"
"15600","","PreservedSpecimen","NHMUK","BMNH(E)","010211036","","","","","","","","","","","","","","","","","https://bio.acousti.ca/node/15600"
"15601","","PreservedSpecimen","NHMUK","BMNH(E)","010211037","","","","","","","","","","","","","","","","","https://bio.acousti.ca/node/15601"
"15602","","PreservedSpecimen","NHMUK","BMNH(E)","010211038","","","","","","","","","","","","","","","","","https://bio.acousti.ca/node/15602"
"15603","","PreservedSpecimen","NHMUK","BMNH(E)","010211039","","","","","","","","","","","","","","","","","https://bio.acousti.ca/node/15603"
"15604","","PreservedSpecimen","NHMUK","BMNH(E)","010211040","","","","","","","","","","","","","","","","","https://bio.acousti.ca/node/15604"
"15605","","PreservedSpecimen","NHMUK","BMNH(E)","010211041","","","","","","","","","","","","","","","","","https://bio.acousti.ca/node/15605"
"15606","","PreservedSpecimen","NHMUK","BMNH(E)","010211042","","","","","","","","","","","","","","","","","https://bio.acousti.ca/node/15606"
"15607","","PreservedSpecimen","NHMUK","BMNH(E)","010211043","","","","","","","","","","","","","","","","","https://bio.acousti.ca/node/15607"
"15608","","PreservedSpecimen","NHMUK","BMNH(E)","010211044","","","","","","","","","","","","","","","","","https://bio.acousti.ca/node/15608"
"15609","","PreservedSpecimen","NHMUK","BMNH(E)","010211045","","","","","","","","","","","","","","","","","https://bio.acousti.ca/node/15609"
"15610","","PreservedSpecimen","NHMUK","BMNH(E)","010211046","","","","","","","","","","","","","","","","","https://bio.acousti.ca/node/15610"
"15611","","PreservedSpecimen","NHMUK","BMNH(E)","010211047","","","","","","","","","","","","","","","","","https://bio.acousti.ca/node/15611"
"15613","","PreservedSpecimen","NHMUK","BMNH(E)","010211048","","","","","","","","","","","","","","","","","https://bio.acousti.ca/node/15613"
"15614","","PreservedSpecimen","NHMUK","BMNH(E)","010211049","","","","","","","","","","","","","","","","","https://bio.acousti.ca/node/15614"
"15616","","PreservedSpecimen","NHMUK","BMNH(E)","010211050","","","","","","","","","","","","","","","","","https://bio.acousti.ca/node/15616"
"15618","","PreservedSpecimen","NHMUK","BMNH(E)","010211051","","","","","","","","","","","","","","","","","https://bio.acousti.ca/node/15618"
"15620","","PreservedSpecimen","NHMUK","BMNH(E)","010211052","","","","","","","","","","","","","","","","","https://bio.acousti.ca/node/15620"
"15622","","PreservedSpecimen","NHMUK","BMNH(E)","010211053","","","","","","","","","","","","","","","","","https://bio.acousti.ca/node/15622"
"15623","","PreservedSpecimen","NHMUK","BMNH(E)","010211054","","","","","","","","","","","","","","","","","https://bio.acousti.ca/node/15623"
"15625","","PreservedSpecimen","NHMUK","BMNH(E)","010211055","","","","","","","","","","","","","","","","","https://bio.acousti.ca/node/15625"
"15627","","PreservedSpecimen","NHMUK","BMNH(E)","010211056","","","","","","","","","","","","","","","","","https://bio.acousti.ca/node/15627"
"15629","","PreservedSpecimen","NHMUK","BMNH(E)","010211057","","","","","","","","","","","","","","","","","https://bio.acousti.ca/node/15629"
"15631","","PreservedSpecimen","NHMUK","BMNH(E)","010211058","","","","","","","","","","","","","","","","","https://bio.acousti.ca/node/15631"
"15633","","PreservedSpecimen","NHMUK","BMNH(E)","010211059","","","","","","","","","","","","","","","","","https://bio.acousti.ca/node/15633"
"15635","","PreservedSpecimen","NHMUK","BMNH(E)","010211060","","","","","","","","","","","","","","","","","https://bio.acousti.ca/node/15635"
"15637","","PreservedSpecimen","NHMUK","BMNH(E)","010211002","","","","","","","","","","","","","","","","","https://bio.acousti.ca/node/15637"
"15639","","PreservedSpecimen","NHMUK","BMNH(E)","010211003","","","","","","","","","","","","","","","","","https://bio.acousti.ca/node/15639"
"15641","","PreservedSpecimen","NHMUK","BMNH(E)","010211004","","","","","","","","","","","","","","","","","https://bio.acousti.ca/node/15641"
"15643","","PreservedSpecimen","NHMUK","BMNH(E)","010211005","","","","","","","","","","","","","","","","","https://bio.acousti.ca/node/15643"
"15645","","PreservedSpecimen","NHMUK","BMNH(E)","010211006","","","","","","","","","","","","","","","","","https://bio.acousti.ca/node/15645"
"15647","","PreservedSpecimen","NHMUK","BMNH(E)","010211007","","","","","","","","","","","","","","","","","https://bio.acousti.ca/node/15647"
"15649","","PreservedSpecimen","NHMUK","BMNH(E)","010211008","","","","","","","","","","","","","","","","","https://bio.acousti.ca/node/15649"
"15651","","PreservedSpecimen","NHMUK","BMNH(E)","010211009","","","","","","","","","","","","","","","","","https://bio.acousti.ca/node/15651"
"15653","Ruspolia ruthae ruthae","PreservedSpecimen","NHMUK","BMNH(E)","010211010","","holotype","","","","","","","","","","","","","","","https://bio.acousti.ca/node/15653"
"15655","Ruspolia ruthae ruthae","PreservedSpecimen","NHMUK","BMNH(E)","010211011","","paratype","","","","","","","","","","","","","","","https://bio.acousti.ca/node/15655"
"15657","Ruspolia ruthae ruthae","PreservedSpecimen","NHMUK","BMNH(E)","010211012","","paratype","","","","","","","","","","","","","","","https://bio.acousti.ca/node/15657"
"15659","Ruspolia ruthae ruthae","PreservedSpecimen","NHMUK","BMNH(E)","010211013","","paratype","","","","","","","","","","","","","","","https://bio.acousti.ca/node/15659"
"15661","Ruspolia ruthae ruthae","PreservedSpecimen","NHMUK","BMNH(E)","010211014","","paratype","","","","","","","","","","","","","","","https://bio.acousti.ca/node/15661"
"15663","","PreservedSpecimen","NHMUK","BMNH(E)","010211015","","","","","","","","","","","","","","","","","https://bio.acousti.ca/node/15663"
"15665","","PreservedSpecimen","NHMUK","BMNH(E)","010211016","","","","","","","","","","","","","","","","","https://bio.acousti.ca/node/15665"
"15667","","PreservedSpecimen","NHMUK","BMNH(E)","010211017","","","","","","","","","","","","","","","","","https://bio.acousti.ca/node/15667"
"15669","","PreservedSpecimen","NHMUK","BMNH(E)","010211018","","","","","","","","","","","","","","","","","https://bio.acousti.ca/node/15669"
"15671","","PreservedSpecimen","NHMUK","BMNH(E)","010211019","","","","","","","","","","","","","","","","","https://bio.acousti.ca/node/15671"
"15673","","PreservedSpecimen","NHMUK","BMNH(E)","010211020","","","","","","","","","","","","","","","","","https://bio.acousti.ca/node/15673"
"15675","","PreservedSpecimen","NHMUK","BMNH(E)","010211184","","","","","","","","","","","","","","","","","https://bio.acousti.ca/node/15675"
"15677","","PreservedSpecimen","NHMUK","BMNH(E)","010211185","","","","","","","","","","","","","","","","","https://bio.acousti.ca/node/15677"
"15679","","PreservedSpecimen","NHMUK","BMNH(E)","010211186","","","","","","","","","","","","","","","","","https://bio.acousti.ca/node/15679"
"15681","","PreservedSpecimen","NHMUK","BMNH(E)","010211187","","","","","","","","","","","","","","","","","https://bio.acousti.ca/node/15681"
"15683","","PreservedSpecimen","NHMUK","BMNH(E)","010211188","","","","","","","","","","","","","","","","","https://bio.acousti.ca/node/15683"
"15685","","PreservedSpecimen","NHMUK","BMNH(E)","010211189","","","","","","","","","","","","","","","","","https://bio.acousti.ca/node/15685"
"15687","","PreservedSpecimen","NHMUK","BMNH(E)","010211190","","","","","","","","","","","","","","","","","https://bio.acousti.ca/node/15687"
"15689","","PreservedSpecimen","NHMUK","BMNH(E)","010211191","","","","","","","","","","","","","","","","","https://bio.acousti.ca/node/15689"
"15691","Ruspolia paraplesia mpangae","PreservedSpecimen","NHMUK","BMNH(E)","010211192","","holotype","","","","","","","","","","","","","","","https://bio.acousti.ca/node/15691"
"15693","Ruspolia paraplesia mpangae","PreservedSpecimen","NHMUK","BMNH(E)","010211193","","paratype","","","","","","","","","","","","","","","https://bio.acousti.ca/node/15693"
"15695","Ruspolia paraplesia mpangae","PreservedSpecimen","NHMUK","BMNH(E)","010211194","","paratype","","","","","","","","","","","","","","","https://bio.acousti.ca/node/15695"
"15697","Ruspolia paraplesia mpangae","PreservedSpecimen","NHMUK","BMNH(E)","010211195","","paratype","","","","","","","","","","","","","","","https://bio.acousti.ca/node/15697"
"15700","Ruspolia paraplesia mpangae","PreservedSpecimen","NHMUK","BMNH(E)","010211196","","paratype","","","","","","","","","","","","","","","https://bio.acousti.ca/node/15700"
"15702","Ruspolia paraplesia mpangae","PreservedSpecimen","NHMUK","BMNH(E)","010211197","","paratype","","","","","","","","","","","","","","","https://bio.acousti.ca/node/15702"
"15704","Ruspolia paraplesia mpangae","PreservedSpecimen","NHMUK","BMNH(E)","010211198","","paratype","","","","","","","","","","","","","","","https://bio.acousti.ca/node/15704"
"15706","Ruspolia paraplesia mpangae","PreservedSpecimen","NHMUK","BMNH(E)","010211199","","paratype","","","","","","","","","","","","","","","https://bio.acousti.ca/node/15706"
"15708","","PreservedSpecimen","NHMUK","BMNH(E)","010211200","","","","","","","","","","","","","","","","","https://bio.acousti.ca/node/15708"
"15710","","PreservedSpecimen","NHMUK","BMNH(E)","010211201","","","","","","","","","","","","","","","","","https://bio.acousti.ca/node/15710"
"15712","","PreservedSpecimen","NHMUK","BMNH(E)","010211202","","","","","","","","","","","","","","","","","https://bio.acousti.ca/node/15712"
"15714","","PreservedSpecimen","NHMUK","BMNH(E)","010211203","","","","","","","","","","","","","","","","","https://bio.acousti.ca/node/15714"
"15716","","PreservedSpecimen","NHMUK","BMNH(E)","010211204","","","","","","","","","","","","","","","","","https://bio.acousti.ca/node/15716"
"15718","","PreservedSpecimen","NHMUK","BMNH(E)","010211205","","","","","","","","","","","","","","","","","https://bio.acousti.ca/node/15718"
"15720","","PreservedSpecimen","NHMUK","BMNH(E)","010211206","","","","","","","","","","","","","","","","","https://bio.acousti.ca/node/15720"
"15722","","PreservedSpecimen","NHMUK","BMNH(E)","010211207","","","","","","","","","","","","","","","","","https://bio.acousti.ca/node/15722"
"15724","","PreservedSpecimen","NHMUK","BMNH(E)","010211208","","","","","","","","","","","","","","","","","https://bio.acousti.ca/node/15724"
"15726","","PreservedSpecimen","NHMUK","BMNH(E)","010211209","","","","","","","","","","","","","","","","","https://bio.acousti.ca/node/15726"
"15728","","PreservedSpecimen","NHMUK","BMNH(E)","010211210","","","","","","","","","","","","","","","","","https://bio.acousti.ca/node/15728"
"15730","","PreservedSpecimen","NHMUK","BMNH(E)","010211211","","","","","","","","","","","","","","","","","https://bio.acousti.ca/node/15730"
"15732","","PreservedSpecimen","NHMUK","BMNH(E)","010211212","","","","","","","","","","","","","","","","","https://bio.acousti.ca/node/15732"
"15734","","PreservedSpecimen","NHMUK","BMNH(E)","010211213","","","","","","","","","","","","","","","","","https://bio.acousti.ca/node/15734"
"15736","","PreservedSpecimen","NHMUK","BMNH(E)","010211214","","","","","","","","","","","","","","","","","https://bio.acousti.ca/node/15736"
"15738","","PreservedSpecimen","NHMUK","BMNH(E)","010211215","","","","","","","","","","","","","","","","","https://bio.acousti.ca/node/15738"
"15740","","PreservedSpecimen","NHMUK","BMNH(E)","010211216","","","","","","","","","","","","","","","","","https://bio.acousti.ca/node/15740"
"15742","","PreservedSpecimen","NHMUK","BMNH(E)","010211217","","","","","","","","","","","","","","","","","https://bio.acousti.ca/node/15742"
"15744","","PreservedSpecimen","NHMUK","BMNH(E)","010211218","","","","","","","","","","","","","","","","","https://bio.acousti.ca/node/15744"
"15746","","PreservedSpecimen","NHMUK","BMNH(E)","010211219","","","","","","","","","","","","","","","","","https://bio.acousti.ca/node/15746"
"15748","","PreservedSpecimen","NHMUK","BMNH(E)","010211220","","","","","","","","","","","","","","","","","https://bio.acousti.ca/node/15748"
"15750","","PreservedSpecimen","NHMUK","BMNH(E)","010211221","","","","","","","","","","","","","","","","","https://bio.acousti.ca/node/15750"
"15751","","PreservedSpecimen","NHMUK","BMNH(E)","010211222","","","","","","","","","","","","","","","","","https://bio.acousti.ca/node/15751"
"15753","","PreservedSpecimen","NHMUK","BMNH(E)","010211224","","","","","","","","","","","","","","","","","https://bio.acousti.ca/node/15753"
"15755","","PreservedSpecimen","NHMUK","BMNH(E)","010211225","","","","","","","","","","","","","","","","","https://bio.acousti.ca/node/15755"
"15757","","PreservedSpecimen","NHMUK","BMNH(E)","010211226","","","","","","","","","","","","","","","","","https://bio.acousti.ca/node/15757"
"15759","","PreservedSpecimen","NHMUK","BMNH(E)","010211227","","","","","","","","","","","","","","","","","https://bio.acousti.ca/node/15759"
"15761","","PreservedSpecimen","NHMUK","BMNH(E)","010211228","","","","","","","","","","","","","","","","","https://bio.acousti.ca/node/15761"
"15763","","PreservedSpecimen","NHMUK","BMNH(E)","010211229","","","","","","","","","","","","","","","","","https://bio.acousti.ca/node/15763"
"15765","","PreservedSpecimen","NHMUK","BMNH(E)","010211230","","","","","","","","","","","","","","","","","https://bio.acousti.ca/node/15765"
"15767","","PreservedSpecimen","NHMUK","BMNH(E)","010211231","","","","","","","","","","","","","","","","","https://bio.acousti.ca/node/15767"
"15769","","PreservedSpecimen","NHMUK","BMNH(E)","010211232","","","","","","","","","","","","","","","","","https://bio.acousti.ca/node/15769"
"15771","","PreservedSpecimen","NHMUK","BMNH(E)","010211233","","","","","","","","","","","","","","","","","https://bio.acousti.ca/node/15771"
"15773","","PreservedSpecimen","NHMUK","BMNH(E)","010211234","","","","","","","","","","","","","","","","","https://bio.acousti.ca/node/15773"
"15775","","PreservedSpecimen","NHMUK","BMNH(E)","010211235","","","","","","","","","","","","","","","","","https://bio.acousti.ca/node/15775"
"15777","","PreservedSpecimen","NHMUK","BMNH(E)","010211236","","","","","","","","","","","","","","","","","https://bio.acousti.ca/node/15777"
"15779","","PreservedSpecimen","NHMUK","BMNH(E)","010211237","","","","","","","","","","","","","","","","","https://bio.acousti.ca/node/15779"
"15781","","PreservedSpecimen","NHMUK","BMNH(E)","010211238","","","","","","","","","","","","","","","","","https://bio.acousti.ca/node/15781"
"15783","","PreservedSpecimen","NHMUK","BMNH(E)","010211239","","","","","","","","","","","","","","","","","https://bio.acousti.ca/node/15783"
"15785","","PreservedSpecimen","NHMUK","BMNH(E)","010211240","","","","","","","","","","","","","","","","","https://bio.acousti.ca/node/15785"
"15787","","PreservedSpecimen","NHMUK","BMNH(E)","010211241","","","","","","","","","","","","","","","","","https://bio.acousti.ca/node/15787"
"15789","","PreservedSpecimen","NHMUK","BMNH(E)","010211242","","","","","","","","","","","","","","","","","https://bio.acousti.ca/node/15789"
"15791","","PreservedSpecimen","NHMUK","BMNH(E)","010211243","","","","","","","","","","","","","","","","","https://bio.acousti.ca/node/15791"
"15793","","PreservedSpecimen","NHMUK","BMNH(E)","010211244","","","","","","","","","","","","","","","","","https://bio.acousti.ca/node/15793"
"15795","","PreservedSpecimen","NHMUK","BMNH(E)","010211245","","","","","","","","","","","","","","","","","https://bio.acousti.ca/node/15795"
"15797","","PreservedSpecimen","NHMUK","BMNH(E)","010211246","","","","","","","","","","","","","","","","","https://bio.acousti.ca/node/15797"
"15799","","PreservedSpecimen","NHMUK","BMNH(E)","010211247","","","","","","","","","","","","","","","","","https://bio.acousti.ca/node/15799"
"15801","","PreservedSpecimen","NHMUK","BMNH(E)","010211248","","","","","","","","","","","","","","","","","https://bio.acousti.ca/node/15801"
"15803","","PreservedSpecimen","NHMUK","BMNH(E)","010211249","","","","","","","","","","","","","","","","","https://bio.acousti.ca/node/15803"
"15805","","PreservedSpecimen","NHMUK","BMNH(E)","010211250","","","","","","","","","","","","","","","","","https://bio.acousti.ca/node/15805"
"15807","","PreservedSpecimen","NHMUK","BMNH(E)","010211251","","","","","","","","","","","","","","","","","https://bio.acousti.ca/node/15807"
"15809","","PreservedSpecimen","NHMUK","BMNH(E)","010211252","","","","","","","","","","","","","","","","","https://bio.acousti.ca/node/15809"
"15811","","PreservedSpecimen","NHMUK","BMNH(E)","010211253","","","","","","","","","","","","","","","","","https://bio.acousti.ca/node/15811"
"15813","","PreservedSpecimen","NHMUK","BMNH(E)","010211254","","","","","","","","","","","","","","","","","https://bio.acousti.ca/node/15813"
"15815","","PreservedSpecimen","NHMUK","BMNH(E)","010211259","","","","","","","","","","","","","","","","","https://bio.acousti.ca/node/15815"
"15817","","PreservedSpecimen","NHMUK","BMNH(E)","010211258","","","","","","","","","","","","","","","","","https://bio.acousti.ca/node/15817"
"15819","","PreservedSpecimen","NHMUK","BMNH(E)","010211257","","","","","","","","","","","","","","","","","https://bio.acousti.ca/node/15819"
"15821","","PreservedSpecimen","NHMUK","BMNH(E)","010211255","","","","","","","","","","","","","","","","","https://bio.acousti.ca/node/15821"
"15823","","PreservedSpecimen","NHMUK","BMNH(E)","010211256","","","","","","","","","","","","","","","","","https://bio.acousti.ca/node/15823"
"15824","","PreservedSpecimen","NHMUK","BMNH(E)","010211262","","","","","","","","","","","","","","","","","https://bio.acousti.ca/node/15824"
"15826","","PreservedSpecimen","NHMUK","BMNH(E)","010211260","","","","","","","","","","","","","","","","","https://bio.acousti.ca/node/15826"
"15828","","PreservedSpecimen","NHMUK","BMNH(E)","010211261","","","","","","","","","","","","","","","","","https://bio.acousti.ca/node/15828"
"15830","","PreservedSpecimen","NHMUK","BMNH(E)","010211265","","","","","","","","","","","","","","","","","https://bio.acousti.ca/node/15830"
"15832","","PreservedSpecimen","NHMUK","BMNH(E)","010211268","","","","","","","","","","","","","","","","","https://bio.acousti.ca/node/15832"
"15834","","PreservedSpecimen","NHMUK","BMNH(E)","010211267","","","","","","","","","","","","","","","","","https://bio.acousti.ca/node/15834"
"15836","","PreservedSpecimen","NHMUK","BMNH(E)","010211264","","","","","","","","","","","","","","","","","https://bio.acousti.ca/node/15836"
"15838","","PreservedSpecimen","NHMUK","BMNH(E)","010211266","","","","","","","","","","","","","","","","","https://bio.acousti.ca/node/15838"
"15839","","PreservedSpecimen","NHMUK","BMNH(E)","010211269","","","","","","","","","","","","","","","","","https://bio.acousti.ca/node/15839"
"15840","","PreservedSpecimen","NHMUK","BMNH(E)","010211270","","","","","","","","","","","","","","","","","https://bio.acousti.ca/node/15840"
"15841","","PreservedSpecimen","NHMUK","BMNH(E)","010211271","","","","","","","","","","","","","","","","","https://bio.acousti.ca/node/15841"
"15842","","PreservedSpecimen","NHMUK","BMNH(E)","010211272","","","","","","","","","","","","","","","","","https://bio.acousti.ca/node/15842"
"15843","","PreservedSpecimen","NHMUK","BMNH(E)","010211273","","","","","","","","","","","","","","","","","https://bio.acousti.ca/node/15843"
"15844","","PreservedSpecimen","NHMUK","BMNH(E)","010211274","","","","","","","","","","","","","","","","","https://bio.acousti.ca/node/15844"
"15845","","PreservedSpecimen","NHMUK","BMNH(E)","010211275","","","","","","","","","","","","","","","","","https://bio.acousti.ca/node/15845"
"15846","","PreservedSpecimen","NHMUK","BMNH(E)","010211276","","","","","","","","","","","","","","","","","https://bio.acousti.ca/node/15846"
"15847","","PreservedSpecimen","NHMUK","BMNH(E)","010211277","","","","","","","","","","","","","","","","","https://bio.acousti.ca/node/15847"
"15848","","PreservedSpecimen","NHMUK","BMNH(E)","010211278","","","","","","","","","","","","","","","","","https://bio.acousti.ca/node/15848"
"15849","","PreservedSpecimen","NHMUK","BMNH(E)","010211279","","","","","","","","","","","","","","","","","https://bio.acousti.ca/node/15849"
"15850","","PreservedSpecimen","NHMUK","BMNH(E)","010211280","","","","","","","","","","","","","","","","","https://bio.acousti.ca/node/15850"
"15851","","PreservedSpecimen","NHMUK","BMNH(E)","010211281","","","","","","","","","","","","","","","","","https://bio.acousti.ca/node/15851"
"15852","","PreservedSpecimen","NHMUK","BMNH(E)","010211282","","","","","","","","","","","","","","","","","https://bio.acousti.ca/node/15852"
"15853","","PreservedSpecimen","NHMUK","BMNH(E)","010211283","","","","","","","","","","","","","","","","","https://bio.acousti.ca/node/15853"
"15855","","PreservedSpecimen","NHMUK","BMNH(E)","010211284","","","","","","","","","","","","","","","","","https://bio.acousti.ca/node/15855"
"15857","","PreservedSpecimen","NHMUK","BMNH(E)","010211285","","","","","","","","","","","","","","","","","https://bio.acousti.ca/node/15857"
"15859","","PreservedSpecimen","NHMUK","BMNH(E)","010211287","","","","","","","","","","","","","","","","","https://bio.acousti.ca/node/15859"
"15861","","PreservedSpecimen","NHMUK","BMNH(E)","010211286","","","","","","","","","","","","","","","","","https://bio.acousti.ca/node/15861"
"15863","","PreservedSpecimen","NHMUK","BMNH(E)","010211288","","","","","","","","","","","","","","","","","https://bio.acousti.ca/node/15863"
"15864","","PreservedSpecimen","NHMUK","BMNH(E)","010211290","","","","","","","","","","","","","","","","","https://bio.acousti.ca/node/15864"
"15865","","PreservedSpecimen","NHMUK","BMNH(E)","010211289","","","","","","","","","","","","","","","","","https://bio.acousti.ca/node/15865"
"15867","","PreservedSpecimen","NHMUK","BMNH(E)","010211291","","","","","","","","","","","","","","","","","https://bio.acousti.ca/node/15867"
"15869","","PreservedSpecimen","NHMUK","BMNH(E)","010211292","","","","","","","","","","","","","","","","","https://bio.acousti.ca/node/15869"
"15870","","PreservedSpecimen","NHMUK","BMNH(E)","010211293","","","","","","","","","","","","","","","","","https://bio.acousti.ca/node/15870"
"15872","","PreservedSpecimen","NHMUK","BMNH(E)","010211295","","","","","","","","","","","","","","","","","https://bio.acousti.ca/node/15872"
"15873","","PreservedSpecimen","NHMUK","BMNH(E)","010211294","","","","","","","","","","","","","","","","","https://bio.acousti.ca/node/15873"
"15874","","PreservedSpecimen","NHMUK","BMNH(E)","010211296","","","","","","","","","","","","","","","","","https://bio.acousti.ca/node/15874"
"15875","","PreservedSpecimen","NHMUK","BMNH(E)","010211297","","","","","","","","","","","","","","","","","https://bio.acousti.ca/node/15875"
"15876","","PreservedSpecimen","NHMUK","BMNH(E)","010211298","","","","","","","","","","","","","","","","","https://bio.acousti.ca/node/15876"
"15877","","PreservedSpecimen","NHMUK","BMNH(E)","010211299","","","","","","","","","","","","","","","","","https://bio.acousti.ca/node/15877"
"15879","","PreservedSpecimen","NHMUK","BMNH(E)","010211300","","","","","","","","","","","","","","","","","https://bio.acousti.ca/node/15879"
"15881","","PreservedSpecimen","NHMUK","BMNH(E)","010211301","","","","","","","","","","","","","","","","","https://bio.acousti.ca/node/15881"
"15882","","PreservedSpecimen","NHMUK","BMNH(E)","010211302","","","","","","","","","","","","","","","","","https://bio.acousti.ca/node/15882"
"15883","","PreservedSpecimen","NHMUK","BMNH(E)","010211304","","","","","","","","","","","","","","","","","https://bio.acousti.ca/node/15883"
"15884","","PreservedSpecimen","NHMUK","BMNH(E)","010211305","","","","","","","","","","","","","","","","","https://bio.acousti.ca/node/15884"
"15885","","PreservedSpecimen","NHMUK","BMNH(E)","010211306","","","","","","","","","","","","","","","","","https://bio.acousti.ca/node/15885"
"15886","","PreservedSpecimen","NHMUK","BMNH(E)","010211307","","","","","","","","","","","","","","","","","https://bio.acousti.ca/node/15886"
"15887","","PreservedSpecimen","NHMUK","BMNH(E)","010211308","","","","","","","","","","","","","","","","","https://bio.acousti.ca/node/15887"
"15888","","PreservedSpecimen","NHMUK","BMNH(E)","010211309","","","","","","","","","","","","","","","","","https://bio.acousti.ca/node/15888"
"15889","","PreservedSpecimen","NHMUK","BMNH(E)","010211310","","","","","","","","","","","","","","","","","https://bio.acousti.ca/node/15889"
"15891","","PreservedSpecimen","NHMUK","BMNH(E)","010211311","","","","","","","","","","","","","","","","","https://bio.acousti.ca/node/15891"
"15892","","PreservedSpecimen","NHMUK","BMNH(E)","010211312","","","","","","","","","","","","","","","","","https://bio.acousti.ca/node/15892"
"15893","","PreservedSpecimen","NHMUK","BMNH(E)","010211313","","","","","","","","","","","","","","","","","https://bio.acousti.ca/node/15893"
"15894","","PreservedSpecimen","NHMUK","BMNH(E)","010211314","","","","","","","","","","","","","","","","","https://bio.acousti.ca/node/15894"
"15895","","PreservedSpecimen","NHMUK","BMNH(E)","010211315","","","","","","","","","","","","","","","","","https://bio.acousti.ca/node/15895"
"15896","","PreservedSpecimen","NHMUK","BMNH(E)","010211316","","","","","","","","","","","","","","","","","https://bio.acousti.ca/node/15896"
"15897","","PreservedSpecimen","NHMUK","BMNH(E)","010211317","","","","","","","","","","","","","","","","","https://bio.acousti.ca/node/15897"
"15898","","PreservedSpecimen","NHMUK","BMNH(E)","010211318","","","","","","","","","","","","","","","","","https://bio.acousti.ca/node/15898"
"15899","","PreservedSpecimen","NHMUK","BMNH(E)","010211319","","","","","","","","","","","","","","","","","https://bio.acousti.ca/node/15899"
"15900","","PreservedSpecimen","NHMUK","BMNH(E)","010211320","","","","","","","","","","","","","","","","","https://bio.acousti.ca/node/15900"
"15901","","PreservedSpecimen","NHMUK","BMNH(E)","010211321","","","","","","","","","","","","","","","","","https://bio.acousti.ca/node/15901"
"15902","","PreservedSpecimen","NHMUK","BMNH(E)","010211322","","","","","","","","","","","","","","","","","https://bio.acousti.ca/node/15902"
"15903","","PreservedSpecimen","NHMUK","BMNH(E)","010211323","","","","","","","","","","","","","","","","","https://bio.acousti.ca/node/15903"
"15904","","PreservedSpecimen","NHMUK","BMNH(E)","010211324","","","","","","","","","","","","","","","","","https://bio.acousti.ca/node/15904"
"15905","","PreservedSpecimen","NHMUK","BMNH(E)","010211325","","","","","","","","","","","","","","","","","https://bio.acousti.ca/node/15905"
"15906","","PreservedSpecimen","NHMUK","BMNH(E)","010211326","","","","","","","","","","","","","","","","","https://bio.acousti.ca/node/15906"
"15907","","PreservedSpecimen","NHMUK","BMNH(E)","010211327","","","","","","","","","","","","","","","","","https://bio.acousti.ca/node/15907"
"15908","","PreservedSpecimen","NHMUK","BMNH(E)","010211328","","","","","","","","","","","","","","","","","https://bio.acousti.ca/node/15908"
"15909","","PreservedSpecimen","NHMUK","BMNH(E)","010211329","","","","","","","","","","","","","","","","","https://bio.acousti.ca/node/15909"
"15910","","PreservedSpecimen","NHMUK","BMNH(E)","010211330","","","","","","","","","","","","","","","","","https://bio.acousti.ca/node/15910"
"15911","","PreservedSpecimen","NHMUK","BMNH(E)","010211331","","","","","","","","","","","","","","","","","https://bio.acousti.ca/node/15911"
"15912","","PreservedSpecimen","NHMUK","BMNH(E)","010211332","","","","","","","","","","","","","","","","","https://bio.acousti.ca/node/15912"
"15914","","PreservedSpecimen","NHMUK","BMNH(E)","010211333","","","","","","","","","","","","","","","","","https://bio.acousti.ca/node/15914"
"15915","","PreservedSpecimen","NHMUK","BMNH(E)","010211334","","","","","","","","","","","","","","","","","https://bio.acousti.ca/node/15915"
"15917","","PreservedSpecimen","NHMUK","BMNH(E)","010211335","","","","","","","","","","","","","","","","","https://bio.acousti.ca/node/15917"
"15918","","PreservedSpecimen","NHMUK","BMNH(E)","010211336","","","","","","","","","","","","","","","","","https://bio.acousti.ca/node/15918"
"15920","","PreservedSpecimen","NHMUK","BMNH(E)","010211337","","","","","","","","","","","","","","","","","https://bio.acousti.ca/node/15920"
"15922","","PreservedSpecimen","NHMUK","BMNH(E)","010211338","","","","","","","","","","","","","","","","","https://bio.acousti.ca/node/15922"
"15924","","PreservedSpecimen","NHMUK","BMNH(E)","010211339","","","","","","","","","","","","","","","","","https://bio.acousti.ca/node/15924"
"15925","","PreservedSpecimen","NHMUK","BMNH(E)","010211340","","","","","","","","","","","","","","","","","https://bio.acousti.ca/node/15925"
"15926","","PreservedSpecimen","NHMUK","BMNH(E)","010211341","","","","","","","","","","","","","","","","","https://bio.acousti.ca/node/15926"
"15928","","PreservedSpecimen","NHMUK","BMNH(E)","010211342","","","","","","","","","","","","","","","","","https://bio.acousti.ca/node/15928"
"15930","","PreservedSpecimen","NHMUK","BMNH(E)","010211344","","","","","","","","","","","","","","","","","https://bio.acousti.ca/node/15930"
"15932","","PreservedSpecimen","NHMUK","BMNH(E)","010211345","","","","","","","","","","","","","","","","","https://bio.acousti.ca/node/15932"
"15933","","PreservedSpecimen","NHMUK","BMNH(E)","010211346","","","","","","","","","","","","","","","","","https://bio.acousti.ca/node/15933"
"15934","","PreservedSpecimen","NHMUK","BMNH(E)","010211347","","","","","","","","","","","","","","","","","https://bio.acousti.ca/node/15934"
"15935","","PreservedSpecimen","NHMUK","BMNH(E)","010211348","","","","","","","","","","","","","","","","","https://bio.acousti.ca/node/15935"
"15937","","PreservedSpecimen","NHMUK","BMNH(E)","010211349","","","","","","","","","","","","","","","","","https://bio.acousti.ca/node/15937"
"15938","","PreservedSpecimen","NHMUK","BMNH(E)","010211350","","","","","","","","","","","","","","","","","https://bio.acousti.ca/node/15938"
"15939","","PreservedSpecimen","NHMUK","BMNH(E)","010211351","","","","","","","","","","","","","","","","","https://bio.acousti.ca/node/15939"
"15940","","PreservedSpecimen","NHMUK","BMNH(E)","010211352","","","","","","","","","","","","","","","","","https://bio.acousti.ca/node/15940"
"15941","","PreservedSpecimen","NHMUK","BMNH(E)","010211353","","","","","","","","","","","","","","","","","https://bio.acousti.ca/node/15941"
"15942","","PreservedSpecimen","NHMUK","BMNH(E)","010211354","","","","","","","","","","","","","","","","","https://bio.acousti.ca/node/15942"
"15943","","PreservedSpecimen","NHMUK","BMNH(E)","010211355","","","","","","","","","","","","","","","","","https://bio.acousti.ca/node/15943"
"15944","","PreservedSpecimen","NHMUK","BMNH(E)","010211356","","","","","","","","","","","","","","","","","https://bio.acousti.ca/node/15944"
"15945","","PreservedSpecimen","NHMUK","BMNH(E)","010211357","","","","","","","","","","","","","","","","","https://bio.acousti.ca/node/15945"
"15946","","PreservedSpecimen","NHMUK","BMNH(E)","010211358","","","","","","","","","","","","","","","","","https://bio.acousti.ca/node/15946"
"15947","","PreservedSpecimen","NHMUK","BMNH(E)","010211359","","","","","","","","","","","","","","","","","https://bio.acousti.ca/node/15947"
"15949","","PreservedSpecimen","NHMUK","BMNH(E)","010211360","","","","","","","","","","","","","","","","","https://bio.acousti.ca/node/15949"
"15950","","PreservedSpecimen","NHMUK","BMNH(E)","010211361","","","","","","","","","","","","","","","","","https://bio.acousti.ca/node/15950"
"15953","","PreservedSpecimen","NHMUK","BMNH(E)","010211362","","","","","","","","","","","","","","","","","https://bio.acousti.ca/node/15953"
"15955","","PreservedSpecimen","NHMUK","BMNH(E)","010211363","","","","","","","","","","","","","","","","","https://bio.acousti.ca/node/15955"
"15956","","PreservedSpecimen","NHMUK","BMNH(E)","010211364","","","","","","","","","","","","","","","","","https://bio.acousti.ca/node/15956"
"15957","","PreservedSpecimen","NHMUK","BMNH(E)","010211365","","","","","","","","","","","","","","","","","https://bio.acousti.ca/node/15957"
"15958","","PreservedSpecimen","NHMUK","BMNH(E)","010211366","","","","","","","","","","","","","","","","","https://bio.acousti.ca/node/15958"
"15961","Stenobothrus nigromaculatus","PreservedSpecimen","NHMUK","BMNH(E)","010211367","","","Male","","","","","","","","","","","","","","https://bio.acousti.ca/node/15961"
"15962","Stenobothrus nigromaculatus","PreservedSpecimen","NHMUK","BMNH(E)","010211368","","","Female","","","","","","","","","","","","","","https://bio.acousti.ca/node/15962"
"15964","","PreservedSpecimen","NHMUK","BMNH(E)","010211369","","","","","","","","","","","","","","","","","https://bio.acousti.ca/node/15964"
"15965","","PreservedSpecimen","NHMUK","BMNH(E)","010211370","","","","","","","","","","","","","","","","","https://bio.acousti.ca/node/15965"
"15966","","PreservedSpecimen","NHMUK","BMNH(E)","010211371","","","","","","","","","","","","","","","","","https://bio.acousti.ca/node/15966"
"15967","","PreservedSpecimen","NHMUK","BMNH(E)","010211372","","","","","","","","","","","","","","","","","https://bio.acousti.ca/node/15967"
"15968","","PreservedSpecimen","NHMUK","BMNH(E)","010211373","","","","","","","","","","","","","","","","","https://bio.acousti.ca/node/15968"
"15969","","PreservedSpecimen","NHMUK","BMNH(E)","010211374","","","","","","","","","","","","","","","","","https://bio.acousti.ca/node/15969"
"15970","","PreservedSpecimen","NHMUK","BMNH(E)","010211375","","","","","","","","","","","","","","","","","https://bio.acousti.ca/node/15970"
"15971","","PreservedSpecimen","NHMUK","BMNH(E)","010211376","","","","","","","","","","","","","","","","","https://bio.acousti.ca/node/15971"
"15972","","PreservedSpecimen","NHMUK","BMNH(E)","010211377","","","","","","","","","","","","","","","","","https://bio.acousti.ca/node/15972"
"15973","","PreservedSpecimen","NHMUK","BMNH(E)","010211378","","","","","","","","","","","","","","","","","https://bio.acousti.ca/node/15973"
"15974","","PreservedSpecimen","NHMUK","BMNH(E)","010211379","","","","","","","","","","","","","","","","","https://bio.acousti.ca/node/15974"
"15975","","PreservedSpecimen","NHMUK","BMNH(E)","010211380","","","","","","","","","","","","","","","","","https://bio.acousti.ca/node/15975"
"15976","","PreservedSpecimen","NHMUK","BMNH(E)","010211381","","","","","","","","","","","","","","","","","https://bio.acousti.ca/node/15976"
"15977","","PreservedSpecimen","NHMUK","BMNH(E)","010211382","","","","","","","","","","","","","","","","","https://bio.acousti.ca/node/15977"
"15978","","PreservedSpecimen","NHMUK","BMNH(E)","010211384","","","","","","","","","","","","","","","","","https://bio.acousti.ca/node/15978"
"15979","","PreservedSpecimen","NHMUK","BMNH(E)","010211385","","","","","","","","","","","","","","","","","https://bio.acousti.ca/node/15979"
"15980","","PreservedSpecimen","NHMUK","BMNH(E)","010211386","","","","","","","","","","","","","","","","","https://bio.acousti.ca/node/15980"
"15982","","PreservedSpecimen","NHMUK","BMNH(E)","010211387","","","","","","","","","","","","","","","","","https://bio.acousti.ca/node/15982"
"15984","","PreservedSpecimen","NHMUK","BMNH(E)","010211388","","","","","","","","","","","","","","","","","https://bio.acousti.ca/node/15984"
"15985","","PreservedSpecimen","NHMUK","BMNH(E)","010211389","","","","","","","","","","","","","","","","","https://bio.acousti.ca/node/15985"
"15986","","PreservedSpecimen","NHMUK","BMNH(E)","010211390","","","","","","","","","","","","","","","","","https://bio.acousti.ca/node/15986"
"15987","Stenobothrus grammicus","PreservedSpecimen","NHMUK","BMNH(E)","010211391","","","Male","","","","","","","","","","","","","","https://bio.acousti.ca/node/15987"
"15988","Stenobothrus grammicus","PreservedSpecimen","NHMUK","BMNH(E)","010211392","","","Female","","","","","","","","","","","","","","https://bio.acousti.ca/node/15988"
"15990","","PreservedSpecimen","NHMUK","BMNH(E)","010211393","","","","","","","","","","","","","","","","","https://bio.acousti.ca/node/15990"
"15992","","PreservedSpecimen","NHMUK","BMNH(E)","010211394","","","","","","","","","","","","","","","","","https://bio.acousti.ca/node/15992"
"15994","","PreservedSpecimen","NHMUK","BMNH(E)","010211395","","","","","","","","","","","","","","","","","https://bio.acousti.ca/node/15994"
"15996","","PreservedSpecimen","NHMUK","BMNH(E)","010211396","","","","","","","","","","","","","","","","","https://bio.acousti.ca/node/15996"
"15998","","PreservedSpecimen","NHMUK","BMNH(E)","010211397","","","","","","","","","","","","","","","","","https://bio.acousti.ca/node/15998"
"15999","","PreservedSpecimen","NHMUK","BMNH(E)","010211398","","","","","","","","","","","","","","","","","https://bio.acousti.ca/node/15999"
"16002","","PreservedSpecimen","NHMUK","BMNH(E)","010211399","","","","","","","","","","","","","","","","","https://bio.acousti.ca/node/16002"
"16003","","PreservedSpecimen","NHMUK","BMNH(E)","010211400","","","","","","","","","","","","","","","","","https://bio.acousti.ca/node/16003"
"16004","","PreservedSpecimen","NHMUK","BMNH(E)","010211401","","","","","","","","","","","","","","","","","https://bio.acousti.ca/node/16004"
"16005","","PreservedSpecimen","NHMUK","BMNH(E)","010211402","","","","","","","","","","","","","","","","","https://bio.acousti.ca/node/16005"
"16006","","PreservedSpecimen","NHMUK","BMNH(E)","010211403","","","","","","","","","","","","","","","","","https://bio.acousti.ca/node/16006"
"16007","","PreservedSpecimen","NHMUK","BMNH(E)","010211404","","","","","","","","","","","","","","","","","https://bio.acousti.ca/node/16007"
"16008","","PreservedSpecimen","NHMUK","BMNH(E)","010211405","","","","","","","","","","","","","","","","","https://bio.acousti.ca/node/16008"
"16009","","PreservedSpecimen","NHMUK","BMNH(E)","010211406","","","","","","","","","","","","","","","","","https://bio.acousti.ca/node/16009"
"16010","","PreservedSpecimen","NHMUK","BMNH(E)","010211407","","","","","","","","","","","","","","","","","https://bio.acousti.ca/node/16010"
"16011","","PreservedSpecimen","NHMUK","BMNH(E)","010211408","","","","","","","","","","","","","","","","","https://bio.acousti.ca/node/16011"
"16012","","PreservedSpecimen","NHMUK","BMNH(E)","010211409","","","","","","","","","","","","","","","","","https://bio.acousti.ca/node/16012"
"16013","","PreservedSpecimen","NHMUK","BMNH(E)","010211410","","","","","","","","","","","","","","","","","https://bio.acousti.ca/node/16013"
"16014","","PreservedSpecimen","NHMUK","BMNH(E)","010211411","","","","","","","","","","","","","","","","","https://bio.acousti.ca/node/16014"
"16015","","PreservedSpecimen","NHMUK","BMNH(E)","010211412","","","","","","","","","","","","","","","","","https://bio.acousti.ca/node/16015"
"16016","","PreservedSpecimen","NHMUK","BMNH(E)","010211413","","","","","","","","","","","","","","","","","https://bio.acousti.ca/node/16016"
"16017","","PreservedSpecimen","NHMUK","BMNH(E)","010211414","","","","","","","","","","","","","","","","","https://bio.acousti.ca/node/16017"
"16018","","PreservedSpecimen","NHMUK","BMNH(E)","010211415","","","","","","","","","","","","","","","","","https://bio.acousti.ca/node/16018"
"16019","","PreservedSpecimen","NHMUK","BMNH(E)","010211416","","","","","","","","","","","","","","","","","https://bio.acousti.ca/node/16019"
"16020","","PreservedSpecimen","NHMUK","BMNH(E)","010211417","","","","","","","","","","","","","","","","","https://bio.acousti.ca/node/16020"
"16021","","PreservedSpecimen","NHMUK","BMNH(E)","010211418","","","","","","","","","","","","","","","","","https://bio.acousti.ca/node/16021"
"16022","","PreservedSpecimen","NHMUK","BMNH(E)","010211419","","","","","","","","","","","","","","","","","https://bio.acousti.ca/node/16022"
"16023","","PreservedSpecimen","NHMUK","BMNH(E)","010211420","","","","","","","","","","","","","","","","","https://bio.acousti.ca/node/16023"
"16024","","PreservedSpecimen","NHMUK","BMNH(E)","010211421","","","","","","","","","","","","","","","","","https://bio.acousti.ca/node/16024"
"16025","","PreservedSpecimen","NHMUK","BMNH(E)","010211422","","","","","","","","","","","","","","","","","https://bio.acousti.ca/node/16025"
"16026","","PreservedSpecimen","NHMUK","BMNH(E)","010211424","","","","","","","","","","","","","","","","","https://bio.acousti.ca/node/16026"
"16027","","PreservedSpecimen","NHMUK","BMNH(E)","010211425","","","","","","","","","","","","","","","","","https://bio.acousti.ca/node/16027"
"16028","","PreservedSpecimen","NHMUK","BMNH(E)","010211426","","","","","","","","","","","","","","","","","https://bio.acousti.ca/node/16028"
"16029","","PreservedSpecimen","NHMUK","BMNH(E)","010211427","","","","","","","","","","","","","","","","","https://bio.acousti.ca/node/16029"
"16030","","PreservedSpecimen","NHMUK","BMNH(E)","010211428","","","","","","","","","","","","","","","","","https://bio.acousti.ca/node/16030"
"16031","","PreservedSpecimen","NHMUK","BMNH(E)","010211429","","","","","","","","","","","","","","","","","https://bio.acousti.ca/node/16031"
"16032","","PreservedSpecimen","NHMUK","BMNH(E)","010211430","","","","","","","","","","","","","","","","","https://bio.acousti.ca/node/16032"
"16033","","PreservedSpecimen","NHMUK","BMNH(E)","010211431","","","","","","","","","","","","","","","","","https://bio.acousti.ca/node/16033"
"16034","","PreservedSpecimen","NHMUK","BMNH(E)","010211432","","","","","","","","","","","","","","","","","https://bio.acousti.ca/node/16034"
"16035","","PreservedSpecimen","NHMUK","BMNH(E)","010211433","","","","","","","","","","","","","","","","","https://bio.acousti.ca/node/16035"
"16036","","PreservedSpecimen","NHMUK","BMNH(E)","010211434","","","","","","","","","","","","","","","","","https://bio.acousti.ca/node/16036"
"16037","","PreservedSpecimen","NHMUK","BMNH(E)","010211435","","","","","","","","","","","","","","","","","https://bio.acousti.ca/node/16037"
"16038","","PreservedSpecimen","NHMUK","BMNH(E)","010211436","","","","","","","","","","","","","","","","","https://bio.acousti.ca/node/16038"
"16039","","PreservedSpecimen","NHMUK","BMNH(E)","010211437","","","","","","","","","","","","","","","","","https://bio.acousti.ca/node/16039"
"16040","","PreservedSpecimen","NHMUK","BMNH(E)","010211438","","","","","","","","","","","","","","","","","https://bio.acousti.ca/node/16040"
"16041","","PreservedSpecimen","NHMUK","BMNH(E)","010211439","","","","","","","","","","","","","","","","","https://bio.acousti.ca/node/16041"
"16042","","PreservedSpecimen","NHMUK","BMNH(E)","010211440","","","","","","","","","","","","","","","","","https://bio.acousti.ca/node/16042"
"16043","","PreservedSpecimen","NHMUK","BMNH(E)","010211441","","","","","","","","","","","","","","","","","https://bio.acousti.ca/node/16043"
"16044","","PreservedSpecimen","NHMUK","BMNH(E)","010211442","","","","","","","","","","","","","","","","","https://bio.acousti.ca/node/16044"
"16045","","PreservedSpecimen","NHMUK","BMNH(E)","010211443","","","","","","","","","","","","","","","","","https://bio.acousti.ca/node/16045"
"16046","","PreservedSpecimen","NHMUK","BMNH(E)","010211444","","","","","","","","","","","","","","","","","https://bio.acousti.ca/node/16046"
"16047","","PreservedSpecimen","NHMUK","BMNH(E)","010211445","","","","","","","","","","","","","","","","","https://bio.acousti.ca/node/16047"
"16048","","PreservedSpecimen","NHMUK","BMNH(E)","010211446","","","","","","","","","","","","","","","","","https://bio.acousti.ca/node/16048"
"16051","","PreservedSpecimen","NHMUK","BMNH(E)","010211447","","","","","","","","","","","","","","","","","https://bio.acousti.ca/node/16051"
"16053","","PreservedSpecimen","NHMUK","BMNH(E)","010211448","","","","","","","","","","","","","","","","","https://bio.acousti.ca/node/16053"
"16054","","PreservedSpecimen","NHMUK","BMNH(E)","010211449","","","","","","","","","","","","","","","","","https://bio.acousti.ca/node/16054"
"16055","","PreservedSpecimen","NHMUK","BMNH(E)","010211450","","","","","","","","","","","","","","","","","https://bio.acousti.ca/node/16055"
"16056","","PreservedSpecimen","NHMUK","BMNH(E)","010211451","","","","","","","","","","","","","","","","","https://bio.acousti.ca/node/16056"
"16057","","PreservedSpecimen","NHMUK","BMNH(E)","010211452","","","","","","","","","","","","","","","","","https://bio.acousti.ca/node/16057"
"16058","","PreservedSpecimen","NHMUK","BMNH(E)","010211453","","","","","","","","","","","","","","","","","https://bio.acousti.ca/node/16058"
"16059","","PreservedSpecimen","NHMUK","BMNH(E)","010211454","","","","","","","","","","","","","","","","","https://bio.acousti.ca/node/16059"
"16060","","PreservedSpecimen","NHMUK","BMNH(E)","010211455","","","","","","","","","","","","","","","","","https://bio.acousti.ca/node/16060"
"16061","","PreservedSpecimen","NHMUK","BMNH(E)","010211456","","","","","","","","","","","","","","","","","https://bio.acousti.ca/node/16061"
"16062","","PreservedSpecimen","NHMUK","BMNH(E)","010211457","","","","","","","","","","","","","","","","","https://bio.acousti.ca/node/16062"
"16063","","PreservedSpecimen","NHMUK","BMNH(E)","010211458","","","","","","","","","","","","","","","","","https://bio.acousti.ca/node/16063"
"16064","","PreservedSpecimen","NHMUK","BMNH(E)","010211459","","","","","","","","","","","","","","","","","https://bio.acousti.ca/node/16064"
"16065","","PreservedSpecimen","NHMUK","BMNH(E)","010211460","","","","","","","","","","","","","","","","","https://bio.acousti.ca/node/16065"
"16066","","PreservedSpecimen","NHMUK","BMNH(E)","010211461","","","","","","","","","","","","","","","","","https://bio.acousti.ca/node/16066"
"16068","","PreservedSpecimen","NHMUK","BMNH(E)","010211462","","","","","","","","","","","","","","","","","https://bio.acousti.ca/node/16068"
"16069","","PreservedSpecimen","NHMUK","BMNH(E)","010211464","","","","","","","","","","","","","","","","","https://bio.acousti.ca/node/16069"
"16071","","PreservedSpecimen","NHMUK","BMNH(E)","010211465","","","","","","","","","","","","","","","","","https://bio.acousti.ca/node/16071"
"16073","","PreservedSpecimen","NHMUK","BMNH(E)","010211466","","","","","","","","","","","","","","","","","https://bio.acousti.ca/node/16073"
"16075","","PreservedSpecimen","NHMUK","BMNH(E)","010211467","","","","","","","","","","","","","","","","","https://bio.acousti.ca/node/16075"
"16077","","PreservedSpecimen","NHMUK","BMNH(E)","010211468","","","","","","","","","","","","","","","","","https://bio.acousti.ca/node/16077"
"16079","","PreservedSpecimen","NHMUK","BMNH(E)","010211469","","","","","","","","","","","","","","","","","https://bio.acousti.ca/node/16079"
"16081","","PreservedSpecimen","NHMUK","BMNH(E)","010211470","","","","","","","","","","","","","","","","","https://bio.acousti.ca/node/16081"
"16083","","PreservedSpecimen","NHMUK","BMNH(E)","010211471","","","","","","","","","","","","","","","","","https://bio.acousti.ca/node/16083"
"16085","","PreservedSpecimen","NHMUK","BMNH(E)","010211472","","","","","","","","","","","","","","","","","https://bio.acousti.ca/node/16085"
"16087","","PreservedSpecimen","NHMUK","BMNH(E)","010211473","","","","","","","","","","","","","","","","","https://bio.acousti.ca/node/16087"
"16088","","PreservedSpecimen","NHMUK","BMNH(E)","010211474","","","","","","","","","","","","","","","","","https://bio.acousti.ca/node/16088"
"16089","","PreservedSpecimen","NHMUK","BMNH(E)","010211475","","","","","","","","","","","","","","","","","https://bio.acousti.ca/node/16089"
"16090","","PreservedSpecimen","NHMUK","BMNH(E)","010211476","","","","","","","","","","","","","","","","","https://bio.acousti.ca/node/16090"
"16092","","PreservedSpecimen","NHMUK","BMNH(E)","010211477","","","","","","","","","","","","","","","","","https://bio.acousti.ca/node/16092"
"16093","","PreservedSpecimen","NHMUK","BMNH(E)","010211478","","","","","","","","","","","","","","","","","https://bio.acousti.ca/node/16093"
"16094","","PreservedSpecimen","NHMUK","BMNH(E)","010211479","","","","","","","","","","","","","","","","","https://bio.acousti.ca/node/16094"
"16095","","PreservedSpecimen","NHMUK","BMNH(E)","010211480","","","","","","","","","","","","","","","","","https://bio.acousti.ca/node/16095"
"16096","","PreservedSpecimen","NHMUK","BMNH(E)","010211481","","","","","","","","","","","","","","","","","https://bio.acousti.ca/node/16096"
"16099","","PreservedSpecimen","NHMUK","BMNH(E)","010211482","","","","","","","","","","","","","","","","","https://bio.acousti.ca/node/16099"
"16101","","PreservedSpecimen","NHMUK","BMNH(E)","010211483","","","","","","","","","","","","","","","","","https://bio.acousti.ca/node/16101"
"16102","","PreservedSpecimen","NHMUK","BMNH(E)","010211484","","","","","","","","","","","","","","","","","https://bio.acousti.ca/node/16102"
"16103","","PreservedSpecimen","NHMUK","BMNH(E)","010211485","","","","","","","","","","","","","","","","","https://bio.acousti.ca/node/16103"
"16104","","PreservedSpecimen","NHMUK","BMNH(E)","010211486","","","","","","","","","","","","","","","","","https://bio.acousti.ca/node/16104"
"16105","","PreservedSpecimen","NHMUK","BMNH(E)","010211487","","","","","","","","","","","","","","","","","https://bio.acousti.ca/node/16105"
"16106","","PreservedSpecimen","NHMUK","BMNH(E)","0100211488","","","","","","","","","","","","","","","","","https://bio.acousti.ca/node/16106"
"16107","","PreservedSpecimen","NHMUK","BMNH(E)","010211489","","","","","","","","","","","","","","","","","https://bio.acousti.ca/node/16107"
"16108","","PreservedSpecimen","NHMUK","BMNH(E)","010211490","","","","","","","","","","","","","","","","","https://bio.acousti.ca/node/16108"
"16109","","PreservedSpecimen","NHMUK","BMNH(E)","010211491","","","","","","","","","","","","","","","","","https://bio.acousti.ca/node/16109"
"16112","","PreservedSpecimen","NHMUK","BMNH(E)","010211492","","","","","","","","","","","","","","","","","https://bio.acousti.ca/node/16112"
"16114","","PreservedSpecimen","NHMUK","BMNH(E)","010211493","","","","","","","","","","","","","","","","","https://bio.acousti.ca/node/16114"
"16116","","PreservedSpecimen","NHMUK","BMNH(E)","010211494","","","","","","","","","","","","","","","","","https://bio.acousti.ca/node/16116"
"16118","","PreservedSpecimen","NHMUK","BMNH(E)","010211495","","","","","","","","","","","","","","","","","https://bio.acousti.ca/node/16118"
"16120","","PreservedSpecimen","NHMUK","BMNH(E)","010211496","","","","","","","","","","","","","","","","","https://bio.acousti.ca/node/16120"
"16121","","PreservedSpecimen","NHMUK","BMNH(E)","010211497","","","","","","","","","","","","","","","","","https://bio.acousti.ca/node/16121"
"16122","","PreservedSpecimen","NHMUK","BMNH(E)","010211498","","","","","","","","","","","","","","","","","https://bio.acousti.ca/node/16122"
"16123","","PreservedSpecimen","NHMUK","BMNH(E)","010211499","","","","","","","","","","","","","","","","","https://bio.acousti.ca/node/16123"
"16124","","PreservedSpecimen","NHMUK","BMNH(E)","010211500","","","","","","","","","","","","","","","","","https://bio.acousti.ca/node/16124"
"16126","","PreservedSpecimen","NHMUK","BMNH(E)","010211501","","","","","","","","","","","","","","","","","https://bio.acousti.ca/node/16126"
"16127","","PreservedSpecimen","NHMUK","BMNH(E)","010211502","","","","","","","","","","","","","","","","","https://bio.acousti.ca/node/16127"
"16128","","PreservedSpecimen","NHMUK","BMNH(E)","010211504","","","","","","","","","","","","","","","","","https://bio.acousti.ca/node/16128"
"16130","Omocestus Dreuxius antigai","PreservedSpecimen","NHMUK","BMNH(E)","010211505","","","Male","","","","","","","","","","","","","","https://bio.acousti.ca/node/16130"
"16132","","PreservedSpecimen","NHMUK","BMNH(E)","010211506","","","","","","","","","","","","","","","","","https://bio.acousti.ca/node/16132"
"16134","","PreservedSpecimen","NHMUK","BMNH(E)","010211507","","","","","","","","","","","","","","","","","https://bio.acousti.ca/node/16134"
"16137","Omocestus Dreuxius antigai","PreservedSpecimen","NHMUK","BMNH(E)","010211508","","","Female","","","","","","","","","","","","","","https://bio.acousti.ca/node/16137"
"16138","","PreservedSpecimen","NHMUK","BMNH(E)","010211509","","","","","","","","","","","","","","","","","https://bio.acousti.ca/node/16138"
"16139","","PreservedSpecimen","NHMUK","BMNH(E)","010211510","","","","","","","","","","","","","","","","","https://bio.acousti.ca/node/16139"
"16140","","PreservedSpecimen","NHMUK","BMNH(E)","010211511","","","","","","","","","","","","","","","","","https://bio.acousti.ca/node/16140"
"16141","","PreservedSpecimen","NHMUK","BMNH(E)","010211512","","","","","","","","","","","","","","","","","https://bio.acousti.ca/node/16141"
"16142","","PreservedSpecimen","NHMUK","BMNH(E)","010211513","","","","","","","","","","","","","","","","","https://bio.acousti.ca/node/16142"
"16143","","PreservedSpecimen","NHMUK","BMNH(E)","010211514","","","","","","","","","","","","","","","","","https://bio.acousti.ca/node/16143"
"16144","","PreservedSpecimen","NHMUK","BMNH(E)","010211515","","","","","","","","","","","","","","","","","https://bio.acousti.ca/node/16144"
"16145","","PreservedSpecimen","NHMUK","BMNH(E)","010211516","","","","","","","","","","","","","","","","","https://bio.acousti.ca/node/16145"
"16146","","PreservedSpecimen","NHMUK","BMNH(E)","010211517","","","","","","","","","","","","","","","","","https://bio.acousti.ca/node/16146"
"16147","","PreservedSpecimen","NHMUK","BMNH(E)","010211518","","","","","","","","","","","","","","","","","https://bio.acousti.ca/node/16147"
"16148","","PreservedSpecimen","NHMUK","BMNH(E)","010211519","","","","","","","","","","","","","","","","","https://bio.acousti.ca/node/16148"
"16149","","PreservedSpecimen","NHMUK","BMNH(E)","010211520","","","","","","","","","","","","","","","","","https://bio.acousti.ca/node/16149"
"16160","","PreservedSpecimen","NHMUK","BMNH(E)","010211521","","","","","","","","","","","","","","","","","https://bio.acousti.ca/node/16160"
"16161","","PreservedSpecimen","NHMUK","BMNH(E)","010211522","","","","","","","","","","","","","","","","","https://bio.acousti.ca/node/16161"
"16162","","PreservedSpecimen","NHMUK","BMNH(E)","010211523","","","","","","","","","","","","","","","","","https://bio.acousti.ca/node/16162"
"16163","","PreservedSpecimen","NHMUK","BMNH(E)","010211524","","","","","","","","","","","","","","","","","https://bio.acousti.ca/node/16163"
"16164","","PreservedSpecimen","NHMUK","BMNH(E)","010211525","","","","","","","","","","","","","","","","","https://bio.acousti.ca/node/16164"
"16165","","PreservedSpecimen","NHMUK","BMNH(E)","010211526","","","","","","","","","","","","","","","","","https://bio.acousti.ca/node/16165"
"16166","","PreservedSpecimen","NHMUK","BMNH(E)","010211527","","","","","","","","","","","","","","","","","https://bio.acousti.ca/node/16166"
"16167","","PreservedSpecimen","NHMUK","BMNH(E)","010211528","","","","","","","","","","","","","","","","","https://bio.acousti.ca/node/16167"
"16170","","PreservedSpecimen","NHMUK","BMNH(E)","010211529","","","","","","","","","","","","","","","","","https://bio.acousti.ca/node/16170"
"16171","","PreservedSpecimen","NHMUK","BMNH(E)","010211530","","","","","","","","","","","","","","","","","https://bio.acousti.ca/node/16171"
"16173","","PreservedSpecimen","NHMUK","BMNH(E)","010211531","","","","","","","","","","","","","","","","","https://bio.acousti.ca/node/16173"
"16175","","PreservedSpecimen","NHMUK","BMNH(E)","010211532","","","","","","","","","","","","","","","","","https://bio.acousti.ca/node/16175"
"16177","","PreservedSpecimen","NHMUK","BMNH(E)","010211533","","","","","","","","","","","","","","","","","https://bio.acousti.ca/node/16177"
"16178","","PreservedSpecimen","NHMUK","BMNH(E)","010211534","","","","","","","","","","","","","","","","","https://bio.acousti.ca/node/16178"
"16179","","PreservedSpecimen","NHMUK","BMNH(E)","010211535","","","","","","","","","","","","","","","","","https://bio.acousti.ca/node/16179"
"16180","","PreservedSpecimen","NHMUK","BMNH(E)","010211536","","","","","","","","","","","","","","","","","https://bio.acousti.ca/node/16180"
"16181","","PreservedSpecimen","NHMUK","BMNH(E)","010211537","","","","","","","","","","","","","","","","","https://bio.acousti.ca/node/16181"
"16182","","PreservedSpecimen","NHMUK","BMNH(E)","010211538","","","","","","","","","","","","","","","","","https://bio.acousti.ca/node/16182"
"16183","","PreservedSpecimen","NHMUK","BMNH(E)","010211539","","","","","","","","","","","","","","","","","https://bio.acousti.ca/node/16183"
"16184","","PreservedSpecimen","NHMUK","BMNH(E)","010211540","","","","","","","","","","","","","","","","","https://bio.acousti.ca/node/16184"
"16185","","PreservedSpecimen","NHMUK","BMNH(E)","010211541","","","","","","","","","","","","","","","","","https://bio.acousti.ca/node/16185"
"16187","","PreservedSpecimen","NHMUK","BMNH(E)","010211542","","","","","","","","","","","","","","","","","https://bio.acousti.ca/node/16187"
"16188","","PreservedSpecimen","NHMUK","BMNH(E)","010211554","","","","","","","","","","","","","","","","","https://bio.acousti.ca/node/16188"
"16189","","PreservedSpecimen","NHMUK","BMNH(E)","010211555","","","","","","","","","","","","","","","","","https://bio.acousti.ca/node/16189"
"16191","","PreservedSpecimen","NHMUK","BMNH(E)","010211556","","","","","","","","","","","","","","","","","https://bio.acousti.ca/node/16191"
"16192","","PreservedSpecimen","NHMUK","BMNH(E)","010211557","","","","","","","","","","","","","","","","","https://bio.acousti.ca/node/16192"
"16193","","PreservedSpecimen","NHMUK","BMNH(E)","010211558","","","","","","","","","","","","","","","","","https://bio.acousti.ca/node/16193"
"16194","","PreservedSpecimen","NHMUK","BMNH(E)","010211559","","","","","","","","","","","","","","","","","https://bio.acousti.ca/node/16194"
"16195","","PreservedSpecimen","NHMUK","BMNH(E)","010211560","","","","","","","","","","","","","","","","","https://bio.acousti.ca/node/16195"
"16196","","PreservedSpecimen","NHMUK","BMNH(E)","010211561","","","","","","","","","","","","","","","","","https://bio.acousti.ca/node/16196"
"16197","","PreservedSpecimen","NHMUK","BMNH(E)","010211562","","","","","","","","","","","","","","","","","https://bio.acousti.ca/node/16197"
"16198","","PreservedSpecimen","NHMUK","BMNH(E)","010211563","","","","","","","","","","","","","","","","","https://bio.acousti.ca/node/16198"
"16200","","PreservedSpecimen","NHMUK","BMNH(E)","010211564","","","","","","","","","","","","","","","","","https://bio.acousti.ca/node/16200"
"16201","","PreservedSpecimen","NHMUK","BMNH(E)","010211565","","","","","","","","","","","","","","","","","https://bio.acousti.ca/node/16201"
"16202","","PreservedSpecimen","NHMUK","BMNH(E)","010211566","","","","","","","","","","","","","","","","","https://bio.acousti.ca/node/16202"
"16203","","PreservedSpecimen","NHMUK","BMNH(E)","010211567","","","","","","","","","","","","","","","","","https://bio.acousti.ca/node/16203"
"16204","","PreservedSpecimen","NHMUK","BMNH(E)","010211568","","","","","","","","","","","","","","","","","https://bio.acousti.ca/node/16204"
"16205","","PreservedSpecimen","NHMUK","BMNH(E)","010211569","","","","","","","","","","","","","","","","","https://bio.acousti.ca/node/16205"
"16206","","PreservedSpecimen","NHMUK","BMNH(E)","010211570","","","","","","","","","","","","","","","","","https://bio.acousti.ca/node/16206"
"16208","","PreservedSpecimen","NHMUK","BMNH(E)","010211571","","","","","","","","","","","","","","","","","https://bio.acousti.ca/node/16208"
"16209","","PreservedSpecimen","NHMUK","BMNH(E)","010211572","","","","","","","","","","","","","","","","","https://bio.acousti.ca/node/16209"
"16212","","PreservedSpecimen","NHMUK","BMNH(E)","010211573","","","","","","","","","","","","","","","","","https://bio.acousti.ca/node/16212"
"16214","","PreservedSpecimen","NHMUK","BMNH(E)","010211574","","","","","","","","","","","","","","","","","https://bio.acousti.ca/node/16214"
"16215","","PreservedSpecimen","NHMUK","BMNH(E)","010211575","","","","","","","","","","","","","","","","","https://bio.acousti.ca/node/16215"
"16216","","PreservedSpecimen","NHMUK","BMNH(E)","010211576","","","","","","","","","","","","","","","","","https://bio.acousti.ca/node/16216"
"16217","","PreservedSpecimen","NHMUK","BMNH(E)","010211577","","","","","","","","","","","","","","","","","https://bio.acousti.ca/node/16217"
"16218","","PreservedSpecimen","NHMUK","BMNH(E)","010211578","","","","","","","","","","","","","","","","","https://bio.acousti.ca/node/16218"
"16219","","PreservedSpecimen","NHMUK","BMNH(E)","010211579","","","","","","","","","","","","","","","","","https://bio.acousti.ca/node/16219"
"16220","","PreservedSpecimen","NHMUK","BMNH(E)","010211580","","","","","","","","","","","","","","","","","https://bio.acousti.ca/node/16220"
"16221","","PreservedSpecimen","NHMUK","BMNH(E)","010211581","","","","","","","","","","","","","","","","","https://bio.acousti.ca/node/16221"
"16222","","PreservedSpecimen","NHMUK","BMNH(E)","010211582","","","","","","","","","","","","","","","","","https://bio.acousti.ca/node/16222"
"16223","","PreservedSpecimen","NHMUK","BMNH(E)","010211583","","","","","","","","","","","","","","","","","https://bio.acousti.ca/node/16223"
"16224","","PreservedSpecimen","NHMUK","BMNH(E)","010211584","","","","","","","","","","","","","","","","","https://bio.acousti.ca/node/16224"
"16225","","PreservedSpecimen","NHMUK","BMNH(E)","010211585","","","","","","","","","","","","","","","","","https://bio.acousti.ca/node/16225"
"16226","","PreservedSpecimen","NHMUK","BMNH(E)","010211586","","","","","","","","","","","","","","","","","https://bio.acousti.ca/node/16226"
"16227","","PreservedSpecimen","NHMUK","BMNH(E)","010211587","","","","","","","","","","","","","","","","","https://bio.acousti.ca/node/16227"
"16228","","PreservedSpecimen","NHMUK","BMNH(E)","010211588","","","","","","","","","","","","","","","","","https://bio.acousti.ca/node/16228"
"16229","","PreservedSpecimen","NHMUK","BMNH(E)","010211589","","","","","","","","","","","","","","","","","https://bio.acousti.ca/node/16229"
"16230","","PreservedSpecimen","NHMUK","BMNH(E)","010211590","","","","","","","","","","","","","","","","","https://bio.acousti.ca/node/16230"
"16231","","PreservedSpecimen","NHMUK","BMNH(E)","010211591","","","","","","","","","","","","","","","","","https://bio.acousti.ca/node/16231"
"16232","","PreservedSpecimen","NHMUK","BMNH(E)","010211592","","","","","","","","","","","","","","","","","https://bio.acousti.ca/node/16232"
"16233","","PreservedSpecimen","NHMUK","BMNH(E)","010211593","","","","","","","","","","","","","","","","","https://bio.acousti.ca/node/16233"
"16234","","PreservedSpecimen","NHMUK","BMNH(E)","010211594","","","","","","","","","","","","","","","","","https://bio.acousti.ca/node/16234"
"16235","","PreservedSpecimen","NHMUK","BMNH(E)","010211595","","","","","","","","","","","","","","","","","https://bio.acousti.ca/node/16235"
"16236","","PreservedSpecimen","NHMUK","BMNH(E)","010211596","","","","","","","","","","","","","","","","","https://bio.acousti.ca/node/16236"
"16237","","PreservedSpecimen","NHMUK","BMNH(E)","010211597","","","","","","","","","","","","","","","","","https://bio.acousti.ca/node/16237"
"16238","","PreservedSpecimen","NHMUK","BMNH(E)","010211598","","","","","","","","","","","","","","","","","https://bio.acousti.ca/node/16238"
"16239","Chorthippus binotatus saulcyi","PreservedSpecimen","NHMUK","BMNH(E)","010211599","","","","","","","","","","","","","","","","","https://bio.acousti.ca/node/16239"
"16240","","PreservedSpecimen","NHMUK","BMNH(E)","010211600","","","","","","","","","","","","","","","","","https://bio.acousti.ca/node/16240"
"16241","","PreservedSpecimen","NHMUK","BMNH(E)","010211601","","","","","","","","","","","","","","","","","https://bio.acousti.ca/node/16241"
"16242","","PreservedSpecimen","NHMUK","BMNH(E)","010211602","","","","","","","","","","","","","","","","","https://bio.acousti.ca/node/16242"
"16243","","PreservedSpecimen","NHMUK","BMNH(E)","010211603","","","","","","","","","","","","","","","","","https://bio.acousti.ca/node/16243"
"16245","","PreservedSpecimen","NHMUK","BMNH(E)","010211604","","","","","","","","","","","","","","","","","https://bio.acousti.ca/node/16245"
"16246","","PreservedSpecimen","NHMUK","BMNH(E)","010211605","","","","","","","","","","","","","","","","","https://bio.acousti.ca/node/16246"
"16247","","PreservedSpecimen","NHMUK","BMNH(E)","010211606","","","","","","","","","","","","","","","","","https://bio.acousti.ca/node/16247"
"16248","","PreservedSpecimen","NHMUK","BMNH(E)","010211607","","","","","","","","","","","","","","","","","https://bio.acousti.ca/node/16248"
"16249","","PreservedSpecimen","NHMUK","BMNH(E)","010211608","","","","","","","","","","","","","","","","","https://bio.acousti.ca/node/16249"
"16250","","PreservedSpecimen","NHMUK","BMNH(E)","010211609","","","","","","","","","","","","","","","","","https://bio.acousti.ca/node/16250"
"16251","","PreservedSpecimen","NHMUK","BMNH(E)","010211610","","","","","","","","","","","","","","","","","https://bio.acousti.ca/node/16251"
"16252","","PreservedSpecimen","NHMUK","BMNH(E)","010211611","","","","","","","","","","","","","","","","","https://bio.acousti.ca/node/16252"
"16253","","PreservedSpecimen","NHMUK","BMNH(E)","010211612","","","","","","","","","","","","","","","","","https://bio.acousti.ca/node/16253"
"16254","","PreservedSpecimen","NHMUK","BMNH(E)","010211613","","","","","","","","","","","","","","","","","https://bio.acousti.ca/node/16254"
"16257","","PreservedSpecimen","NHMUK","BMNH(E)","010211614","","","","","","","","","","","","","","","","","https://bio.acousti.ca/node/16257"
"16259","","PreservedSpecimen","NHMUK","BMNH(E)","010211615","","","","","","","","","","","","","","","","","https://bio.acousti.ca/node/16259"
"16260","","PreservedSpecimen","NHMUK","BMNH(E)","010211616","","","","","","","","","","","","","","","","","https://bio.acousti.ca/node/16260"
"16263","","PreservedSpecimen","NHMUK","BMNH(E)","010211617","","","","","","","","","","","","","","","","","https://bio.acousti.ca/node/16263"
"16264","","PreservedSpecimen","NHMUK","BMNH(E)","010211618","","","","","","","","","","","","","","","","","https://bio.acousti.ca/node/16264"
"16265","","PreservedSpecimen","NHMUK","BMNH(E)","010211619","","","","","","","","","","","","","","","","","https://bio.acousti.ca/node/16265"
"16266","","PreservedSpecimen","NHMUK","BMNH(E)","010211620","","","","","","","","","","","","","","","","","https://bio.acousti.ca/node/16266"
"16267","","PreservedSpecimen","NHMUK","BMNH(E)","010211621","","","","","","","","","","","","","","","","","https://bio.acousti.ca/node/16267"
"16268","","PreservedSpecimen","NHMUK","BMNH(E)","010211622","","","","","","","","","","","","","","","","","https://bio.acousti.ca/node/16268"
"16269","","PreservedSpecimen","NHMUK","BMNH(E)","010211623","","","","","","","","","","","","","","","","","https://bio.acousti.ca/node/16269"
"16270","","PreservedSpecimen","NHMUK","BMNH(E)","010211624","","","","","","","","","","","","","","","","","https://bio.acousti.ca/node/16270"
"16271","","PreservedSpecimen","NHMUK","BMNH(E)","010211625","","","","","","","","","","","","","","","","","https://bio.acousti.ca/node/16271"
"16272","","PreservedSpecimen","NHMUK","BMNH(E)","010211626","","","","","","","","","","","","","","","","","https://bio.acousti.ca/node/16272"
"16273","","PreservedSpecimen","NHMUK","BMNH(E)","010211627","","","","","","","","","","","","","","","","","https://bio.acousti.ca/node/16273"
"16274","","PreservedSpecimen","NHMUK","BMNH(E)","010211628","","","","","","","","","","","","","","","","","https://bio.acousti.ca/node/16274"
"16275","","PreservedSpecimen","NHMUK","BMNH(E)","010211629","","","","","","","","","","","","","","","","","https://bio.acousti.ca/node/16275"
"16276","","PreservedSpecimen","NHMUK","BMNH(E)","010211630","","","","","","","","","","","","","","","","","https://bio.acousti.ca/node/16276"
"16277","","PreservedSpecimen","NHMUK","BMNH(E)","010211631","","","","","","","","","","","","","","","","","https://bio.acousti.ca/node/16277"
"16278","","PreservedSpecimen","NHMUK","BMNH(E)","010211632","","","","","","","","","","","","","","","","","https://bio.acousti.ca/node/16278"
"16279","","PreservedSpecimen","NHMUK","BMNH(E)","010211633","","","","","","","","","","","","","","","","","https://bio.acousti.ca/node/16279"
"16280","","PreservedSpecimen","NHMUK","BMNH(E)","010211634","","","","","","","","","","","","","","","","","https://bio.acousti.ca/node/16280"
"16281","","PreservedSpecimen","NHMUK","BMNH(E)","010211635","","","","","","","","","","","","","","","","","https://bio.acousti.ca/node/16281"
"16282","","PreservedSpecimen","NHMUK","BMNH(E)","010211636","","","","","","","","","","","","","","","","","https://bio.acousti.ca/node/16282"
"16283","","PreservedSpecimen","NHMUK","BMNH(E)","010211637","","","","","","","","","","","","","","","","","https://bio.acousti.ca/node/16283"
"16285","","PreservedSpecimen","NHMUK","BMNH(E)","010211638","","","","","","","","","","","","","","","","","https://bio.acousti.ca/node/16285"
"16287","","PreservedSpecimen","NHMUK","BMNH(E)","010211639","","","","","","","","","","","","","","","","","https://bio.acousti.ca/node/16287"
"16288","","PreservedSpecimen","NHMUK","BMNH(E)","010211640","","","","","","","","","","","","","","","","","https://bio.acousti.ca/node/16288"
"16289","","PreservedSpecimen","NHMUK","BMNH(E)","010211641","","","","","","","","","","","","","","","","","https://bio.acousti.ca/node/16289"
"16290","","PreservedSpecimen","NHMUK","BMNH(E)","010211642","","","","","","","","","","","","","","","","","https://bio.acousti.ca/node/16290"
"16291","","PreservedSpecimen","NHMUK","BMNH(E)","010211643","","","","","","","","","","","","","","","","","https://bio.acousti.ca/node/16291"
"16292","","PreservedSpecimen","NHMUK","BMNH(E)","010211644","","","","","","","","","","","","","","","","","https://bio.acousti.ca/node/16292"
"16294","","PreservedSpecimen","NHMUK","BMNH(E)","010211645","","","","","","","","","","","","","","","","","https://bio.acousti.ca/node/16294"
"16296","","PreservedSpecimen","NHMUK","BMNH(E)","010211646","","","","","","","","","","","","","","","","","https://bio.acousti.ca/node/16296"
"16298","","PreservedSpecimen","NHMUK","BMNH(E)","010211647","","","","","","","","","","","","","","","","","https://bio.acousti.ca/node/16298"
"16300","","PreservedSpecimen","NHMUK","BMNH(E)","010211648","","","","","","","","","","","","","","","","","https://bio.acousti.ca/node/16300"
"16302","","PreservedSpecimen","NHMUK","BMNH(E)","010211649","","","","","","","","","","","","","","","","","https://bio.acousti.ca/node/16302"
"16304","","PreservedSpecimen","NHMUK","BMNH(E)","010211650","","","","","","","","","","","","","","","","","https://bio.acousti.ca/node/16304"
"16306","","PreservedSpecimen","NHMUK","BMNH(E)","010211651","","","","","","","","","","","","","","","","","https://bio.acousti.ca/node/16306"
"16308","","PreservedSpecimen","NHMUK","BMNH(E)","010211652","","","","","","","","","","","","","","","","","https://bio.acousti.ca/node/16308"
"16309","","PreservedSpecimen","NHMUK","BMNH(E)","010211653","","","","","","","","","","","","","","","","","https://bio.acousti.ca/node/16309"
"16312","","PreservedSpecimen","NHMUK","BMNH(E)","010211654","","","","","","","","","","","","","","","","","https://bio.acousti.ca/node/16312"
"16314","","PreservedSpecimen","NHMUK","BMNH(E)","010211655","","","","","","","","","","","","","","","","","https://bio.acousti.ca/node/16314"
"16315","","PreservedSpecimen","NHMUK","BMNH(E)","010211656","","","","","","","","","","","","","","","","","https://bio.acousti.ca/node/16315"
"16316","","PreservedSpecimen","NHMUK","BMNH(E)","010211657","","","","","","","","","","","","","","","","","https://bio.acousti.ca/node/16316"
"16317","","PreservedSpecimen","NHMUK","BMNH(E)","010211658","","","","","","","","","","","","","","","","","https://bio.acousti.ca/node/16317"
"16318","","PreservedSpecimen","NHMUK","BMNH(E)","010211659","","","","","","","","","","","","","","","","","https://bio.acousti.ca/node/16318"
"16321","","PreservedSpecimen","NHMUK","BMNH(E)","010211660","","","","","","","","","","","","","","","","","https://bio.acousti.ca/node/16321"
"16322","","PreservedSpecimen","NHMUK","BMNH(E)","010211661","","","","","","","","","","","","","","","","","https://bio.acousti.ca/node/16322"
"16323","","PreservedSpecimen","NHMUK","BMNH(E)","010211662","","","","","","","","","","","","","","","","","https://bio.acousti.ca/node/16323"
"16324","","PreservedSpecimen","NHMUK","BMNH(E)","010211663","","","","","","","","","","","","","","","","","https://bio.acousti.ca/node/16324"
"16325","","PreservedSpecimen","NHMUK","BMNH(E)","010211664","","","","","","","","","","","","","","","","","https://bio.acousti.ca/node/16325"
"16326","","PreservedSpecimen","NHMUK","BMNH(E)","010211665","","","","","","","","","","","","","","","","","https://bio.acousti.ca/node/16326"
"16327","","PreservedSpecimen","NHMUK","BMNH(E)","010211666","","","","","","","","","","","","","","","","","https://bio.acousti.ca/node/16327"
"16328","","PreservedSpecimen","NHMUK","BMNH(E)","010211667","","","","","","","","","","","","","","","","","https://bio.acousti.ca/node/16328"
"16329","","PreservedSpecimen","NHMUK","BMNH(E)","010211668","","","","","","","","","","","","","","","","","https://bio.acousti.ca/node/16329"
"16330","","PreservedSpecimen","NHMUK","BMNH(E)","010211669","","","","","","","","","","","","","","","","","https://bio.acousti.ca/node/16330"
"16333","","PreservedSpecimen","NHMUK","BMNH(E)","010211670","","","","","","","","","","","","","","","","","https://bio.acousti.ca/node/16333"
"16334","","PreservedSpecimen","NHMUK","BMNH(E)","010211671","","","","","","","","","","","","","","","","","https://bio.acousti.ca/node/16334"
"16335","","PreservedSpecimen","NHMUK","BMNH(E)","010211672","","","","","","","","","","","","","","","","","https://bio.acousti.ca/node/16335"
"16336","","PreservedSpecimen","NHMUK","BMNH(E)","010211673","","","","","","","","","","","","","","","","","https://bio.acousti.ca/node/16336"
"16337","","PreservedSpecimen","NHMUK","BMNH(E)","010211674","","","","","","","","","","","","","","","","","https://bio.acousti.ca/node/16337"
"16338","","PreservedSpecimen","NHMUK","BMNH(E)","010211675","","","","","","","","","","","","","","","","","https://bio.acousti.ca/node/16338"
"16339","","PreservedSpecimen","NHMUK","BMNH(E)","010211676","","","","","","","","","","","","","","","","","https://bio.acousti.ca/node/16339"
"16340","","PreservedSpecimen","NHMUK","BMNH(E)","010211677","","","","","","","","","","","","","","","","","https://bio.acousti.ca/node/16340"
"16341","","PreservedSpecimen","NHMUK","BMNH(E)","010211678","","","","","","","","","","","","","","","","","https://bio.acousti.ca/node/16341"
"16342","","PreservedSpecimen","NHMUK","BMNH(E)","010211679","","","","","","","","","","","","","","","","","https://bio.acousti.ca/node/16342"
"16343","","PreservedSpecimen","NHMUK","BMNH(E)","010211680","","","","","","","","","","","","","","","","","https://bio.acousti.ca/node/16343"
"16344","","PreservedSpecimen","NHMUK","BMNH(E)","010211681","","","","","","","","","","","","","","","","","https://bio.acousti.ca/node/16344"
"16345","","PreservedSpecimen","NHMUK","BMNH(E)","010211682","","","","","","","","","","","","","","","","","https://bio.acousti.ca/node/16345"
"16346","","PreservedSpecimen","NHMUK","BMNH(E)","010211683","","","","","","","","","","","","","","","","","https://bio.acousti.ca/node/16346"
"16347","","PreservedSpecimen","NHMUK","BMNH(E)","010211684","","","","","","","","","","","","","","","","","https://bio.acousti.ca/node/16347"
"16348","","PreservedSpecimen","NHMUK","BMNH(E)","010211685","","","","","","","","","","","","","","","","","https://bio.acousti.ca/node/16348"
"16349","","PreservedSpecimen","NHMUK","BMNH(E)","010211686","","","","","","","","","","","","","","","","","https://bio.acousti.ca/node/16349"
"16350","","PreservedSpecimen","NHMUK","BMNH(E)","010211687","","","","","","","","","","","","","","","","","https://bio.acousti.ca/node/16350"
"16351","","PreservedSpecimen","NHMUK","BMNH(E)","010211688","","","","","","","","","","","","","","","","","https://bio.acousti.ca/node/16351"
"16352","","PreservedSpecimen","NHMUK","BMNH(E)","010211689","","","","","","","","","","","","","","","","","https://bio.acousti.ca/node/16352"
"16353","","PreservedSpecimen","NHMUK","BMNH(E)","010211690","","","","","","","","","","","","","","","","","https://bio.acousti.ca/node/16353"
"16354","","PreservedSpecimen","NHMUK","BMNH(E)","010211691","","","","","","","","","","","","","","","","","https://bio.acousti.ca/node/16354"
"16355","","PreservedSpecimen","NHMUK","BMNH(E)","010211692","","","","","","","","","","","","","","","","","https://bio.acousti.ca/node/16355"
"16356","","PreservedSpecimen","NHMUK","BMNH(E)","010211693","","","","","","","","","","","","","","","","","https://bio.acousti.ca/node/16356"
"16357","","PreservedSpecimen","NHMUK","BMNH(E)","010211694","","","","","","","","","","","","","","","","","https://bio.acousti.ca/node/16357"
"16358","","PreservedSpecimen","NHMUK","BMNH(E)","010211695","","","","","","","","","","","","","","","","","https://bio.acousti.ca/node/16358"
"16359","","PreservedSpecimen","NHMUK","BMNH(E)","010211696","","","","","","","","","","","","","","","","","https://bio.acousti.ca/node/16359"
"16360","","PreservedSpecimen","NHMUK","BMNH(E)","010211697","","","","","","","","","","","","","","","","","https://bio.acousti.ca/node/16360"
"16361","","PreservedSpecimen","NHMUK","BMNH(E)","010211698","","","","","","","","","","","","","","","","","https://bio.acousti.ca/node/16361"
"16362","","PreservedSpecimen","NHMUK","BMNH(E)","010211699","","","","","","","","","","","","","","","","","https://bio.acousti.ca/node/16362"
"16363","","PreservedSpecimen","NHMUK","BMNH(E)","010211700","","","","","","","","","","","","","","","","","https://bio.acousti.ca/node/16363"
"16364","","PreservedSpecimen","NHMUK","BMNH(E)","010211701","","","","","","","","","","","","","","","","","https://bio.acousti.ca/node/16364"
"16365","","PreservedSpecimen","NHMUK","BMNH(E)","010211702","","","","","","","","","","","","","","","","","https://bio.acousti.ca/node/16365"
"16366","","PreservedSpecimen","NHMUK","BMNH(E)","010211703","","","","","","","","","","","","","","","","","https://bio.acousti.ca/node/16366"
"16367","","PreservedSpecimen","NHMUK","BMNH(E)","010211704","","","","","","","","","","","","","","","","","https://bio.acousti.ca/node/16367"
"16368","","PreservedSpecimen","NHMUK","BMNH(E)","010211705","","","","","","","","","","","","","","","","","https://bio.acousti.ca/node/16368"
"16369","","PreservedSpecimen","NHMUK","BMNH(E)","010211706","","","","","","","","","","","","","","","","","https://bio.acousti.ca/node/16369"
"16370","","PreservedSpecimen","NHMUK","BMNH(E)","010211707","","","","","","","","","","","","","","","","","https://bio.acousti.ca/node/16370"
"16371","","PreservedSpecimen","NHMUK","BMNH(E)","010211708","","","","","","","","","","","","","","","","","https://bio.acousti.ca/node/16371"
"16372","","PreservedSpecimen","NHMUK","BMNH(E)","010211709","","","","","","","","","","","","","","","","","https://bio.acousti.ca/node/16372"
"16373","","PreservedSpecimen","NHMUK","BMNH(E)","010211710","","","","","","","","","","","","","","","","","https://bio.acousti.ca/node/16373"
"16374","","PreservedSpecimen","NHMUK","BMNH(E)","010211711","","","","","","","","","","","","","","","","","https://bio.acousti.ca/node/16374"
"16375","","PreservedSpecimen","NHMUK","BMNH(E)","010211712","","","","","","","","","","","","","","","","","https://bio.acousti.ca/node/16375"
"16376","","PreservedSpecimen","NHMUK","BMNH(E)","010211713","","","","","","","","","","","","","","","","","https://bio.acousti.ca/node/16376"
"16377","","PreservedSpecimen","NHMUK","BMNH(E)","010211714","","","","","","","","","","","","","","","","","https://bio.acousti.ca/node/16377"
"16378","","PreservedSpecimen","NHMUK","BMNH(E)","010211715","","","","","","","","","","","","","","","","","https://bio.acousti.ca/node/16378"
"16379","","PreservedSpecimen","NHMUK","BMNH(E)","010211716","","","","","","","","","","","","","","","","","https://bio.acousti.ca/node/16379"
"16380","","PreservedSpecimen","NHMUK","BMNH(E)","010211717","","","","","","","","","","","","","","","","","https://bio.acousti.ca/node/16380"
"16381","","PreservedSpecimen","NHMUK","BMNH(E)","010211718","","","","","","","","","","","","","","","","","https://bio.acousti.ca/node/16381"
"16382","","PreservedSpecimen","NHMUK","BMNH(E)","010211719","","","","","","","","","","","","","","","","","https://bio.acousti.ca/node/16382"
"16383","","PreservedSpecimen","NHMUK","BMNH(E)","010211720","","","","","","","","","","","","","","","","","https://bio.acousti.ca/node/16383"
"16384","","PreservedSpecimen","NHMUK","BMNH(E)","010211721","","","","","","","","","","","","","","","","","https://bio.acousti.ca/node/16384"
"16385","","PreservedSpecimen","NHMUK","BMNH(E)","010211722","","","","","","","","","","","","","","","","","https://bio.acousti.ca/node/16385"
"16386","","PreservedSpecimen","NHMUK","BMNH(E)","010211723","","","","","","","","","","","","","","","","","https://bio.acousti.ca/node/16386"
"16387","","PreservedSpecimen","NHMUK","BMNH(E)","010211724","","","","","","","","","","","","","","","","","https://bio.acousti.ca/node/16387"
"16388","","PreservedSpecimen","NHMUK","BMNH(E)","010211725","","","","","","","","","","","","","","","","","https://bio.acousti.ca/node/16388"
"16389","","PreservedSpecimen","NHMUK","BMNH(E)","010211726","","","","","","","","","","","","","","","","","https://bio.acousti.ca/node/16389"
"16390","","PreservedSpecimen","NHMUK","BMNH(E)","010211727","","","","","","","","","","","","","","","","","https://bio.acousti.ca/node/16390"
"16391","","PreservedSpecimen","NHMUK","BMNH(E)","010211728","","","","","","","","","","","","","","","","","https://bio.acousti.ca/node/16391"
"16392","","PreservedSpecimen","NHMUK","BMNH(E)","010211729","","","","","","","","","","","","","","","","","https://bio.acousti.ca/node/16392"
"16393","","PreservedSpecimen","NHMUK","BMNH(E)","010211730","","","","","","","","","","","","","","","","","https://bio.acousti.ca/node/16393"
"16394","","PreservedSpecimen","NHMUK","BMNH(E)","010211731","","","","","","","","","","","","","","","","","https://bio.acousti.ca/node/16394"
"16395","","PreservedSpecimen","NHMUK","BMNH(E)","010211732","","","","","","","","","","","","","","","","","https://bio.acousti.ca/node/16395"
"16396","","PreservedSpecimen","NHMUK","BMNH(E)","010211733","","","","","","","","","","","","","","","","","https://bio.acousti.ca/node/16396"
"16397","","PreservedSpecimen","NHMUK","BMNH(E)","010211734","","","","","","","","","","","","","","","","","https://bio.acousti.ca/node/16397"
"16398","","PreservedSpecimen","NHMUK","BMNH(E)","010211735","","","","","","","","","","","","","","","","","https://bio.acousti.ca/node/16398"
"16399","","PreservedSpecimen","NHMUK","BMNH(E)","010211736","","","","","","","","","","","","","","","","","https://bio.acousti.ca/node/16399"
"16400","","PreservedSpecimen","NHMUK","BMNH(E)","010211737","","","","","","","","","","","","","","","","","https://bio.acousti.ca/node/16400"
"16401","","PreservedSpecimen","NHMUK","BMNH(E)","010211738","","","","","","","","","","","","","","","","","https://bio.acousti.ca/node/16401"
"16402","","PreservedSpecimen","NHMUK","BMNH(E)","010211739","","","","","","","","","","","","","","","","","https://bio.acousti.ca/node/16402"
"16403","","PreservedSpecimen","NHMUK","BMNH(E)","010211740","","","","","","","","","","","","","","","","","https://bio.acousti.ca/node/16403"
"16404","","PreservedSpecimen","NHMUK","BMNH(E)","010211741","","","","","","","","","","","","","","","","","https://bio.acousti.ca/node/16404"
"16405","","PreservedSpecimen","NHMUK","BMNH(E)","010211742","","","","","","","","","","","","","","","","","https://bio.acousti.ca/node/16405"
"16406","","PreservedSpecimen","NHMUK","BMNH(E)","010211743","","","","","","","","","","","","","","","","","https://bio.acousti.ca/node/16406"
"16425","","PreservedSpecimen","NHMUK","BMNH(E)","010211744","","","","","","","","","","","","","","","","","https://bio.acousti.ca/node/16425"
"16426","","PreservedSpecimen","NHMUK","BMNH(E)","010211745","","","","","","","","","","","","","","","","","https://bio.acousti.ca/node/16426"
"16427","","PreservedSpecimen","NHMUK","BMNH(E)","010211746","","","","","","","","","","","","","","","","","https://bio.acousti.ca/node/16427"
"16428","","PreservedSpecimen","NHMUK","BMNH(E)","010211747","","","","","","","","","","","","","","","","","https://bio.acousti.ca/node/16428"
"16429","","PreservedSpecimen","NHMUK","BMNH(E)","010211748","","","","","","","","","","","","","","","","","https://bio.acousti.ca/node/16429"
"16430","","PreservedSpecimen","NHMUK","BMNH(E)","010211749","","","","","","","","","","","","","","","","","https://bio.acousti.ca/node/16430"
"16431","","PreservedSpecimen","NHMUK","BMNH(E)","010211750","","","","","","","","","","","","","","","","","https://bio.acousti.ca/node/16431"
"16432","","PreservedSpecimen","NHMUK","BMNH(E)","010211751","","","","","","","","","","","","","","","","","https://bio.acousti.ca/node/16432"
"16433","","PreservedSpecimen","NHMUK","BMNH(E)","010211752","","","","","","","","","","","","","","","","","https://bio.acousti.ca/node/16433"
"16434","","PreservedSpecimen","NHMUK","BMNH(E)","010211753","","","","","","","","","","","","","","","","","https://bio.acousti.ca/node/16434"
"16435","","PreservedSpecimen","NHMUK","BMNH(E)","010211754","","","","","","","","","","","","","","","","","https://bio.acousti.ca/node/16435"
"16436","","PreservedSpecimen","NHMUK","BMNH(E)","010211755","","","","","","","","","","","","","","","","","https://bio.acousti.ca/node/16436"
"16437","","PreservedSpecimen","NHMUK","BMNH(E)","010211756","","","","","","","","","","","","","","","","","https://bio.acousti.ca/node/16437"
"16438","","PreservedSpecimen","NHMUK","BMNH(E)","010211757","","","","","","","","","","","","","","","","","https://bio.acousti.ca/node/16438"
"16439","","PreservedSpecimen","NHMUK","BMNH(E)","010211758","","","","","","","","","","","","","","","","","https://bio.acousti.ca/node/16439"
"16440","","PreservedSpecimen","NHMUK","BMNH(E)","010211759","","","","","","","","","","","","","","","","","https://bio.acousti.ca/node/16440"
"16441","","PreservedSpecimen","NHMUK","BMNH(E)","010211760","","","","","","","","","","","","","","","","","https://bio.acousti.ca/node/16441"
"16442","","PreservedSpecimen","NHMUK","BMNH(E)","010211761","","","","","","","","","","","","","","","","","https://bio.acousti.ca/node/16442"
"16443","","PreservedSpecimen","NHMUK","BMNH(E)","010211762","","","","","","","","","","","","","","","","","https://bio.acousti.ca/node/16443"
"16444","","PreservedSpecimen","NHMUK","BMNH(E)","010211763","","","","","","","","","","","","","","","","","https://bio.acousti.ca/node/16444"
"16445","","PreservedSpecimen","NHMUK","BMNH(E)","010211764","","","","","","","","","","","","","","","","","https://bio.acousti.ca/node/16445"
"16446","","PreservedSpecimen","NHMUK","BMNH(E)","010211765","","","","","","","","","","","","","","","","","https://bio.acousti.ca/node/16446"
"16447","","PreservedSpecimen","NHMUK","BMNH(E)","010211766","","","","","","","","","","","","","","","","","https://bio.acousti.ca/node/16447"
"16448","","PreservedSpecimen","NHMUK","BMNH(E)","010211767","","","","","","","","","","","","","","","","","https://bio.acousti.ca/node/16448"
"16449","","PreservedSpecimen","NHMUK","BMNH(E)","010211768","","","","","","","","","","","","","","","","","https://bio.acousti.ca/node/16449"
"16450","","PreservedSpecimen","NHMUK","BMNH(E)","010211769","","","","","","","","","","","","","","","","","https://bio.acousti.ca/node/16450"
"16451","","PreservedSpecimen","NHMUK","BMNH(E)","010211770","","","","","","","","","","","","","","","","","https://bio.acousti.ca/node/16451"
"16452","","PreservedSpecimen","NHMUK","BMNH(E)","010211771","","","","","","","","","","","","","","","","","https://bio.acousti.ca/node/16452"
"16453","","PreservedSpecimen","NHMUK","BMNH(E)","010211772","","","","","","","","","","","","","","","","","https://bio.acousti.ca/node/16453"
"16454","","PreservedSpecimen","NHMUK","BMNH(E)","010211773","","","","","","","","","","","","","","","","","https://bio.acousti.ca/node/16454"
"16456","","PreservedSpecimen","NHMUK","BMNH(E)","010211774","","","","","","","","","","","","","","","","","https://bio.acousti.ca/node/16456"
"16458","","PreservedSpecimen","NHMUK","BMNH(E)","010211775","","","","","","","","","","","","","","","","","https://bio.acousti.ca/node/16458"
"16459","","PreservedSpecimen","NHMUK","BMNH(E)","010211776","","","","","","","","","","","","","","","","","https://bio.acousti.ca/node/16459"
"16460","","PreservedSpecimen","NHMUK","BMNH(E)","010211777","","","","","","","","","","","","","","","","","https://bio.acousti.ca/node/16460"
"16461","","PreservedSpecimen","NHMUK","BMNH(E)","010211778","","","","","","","","","","","","","","","","","https://bio.acousti.ca/node/16461"
"16474","","PreservedSpecimen","NHMUK","BMNH(E)","010211779","","","","","","","","","","","","","","","","","https://bio.acousti.ca/node/16474"
"16475","","PreservedSpecimen","NHMUK","BMNH(E)","010211780","","","","","","","","","","","","","","","","","https://bio.acousti.ca/node/16475"
"16476","","PreservedSpecimen","NHMUK","BMNH(E)","010211781","","","","","","","","","","","","","","","","","https://bio.acousti.ca/node/16476"
"16477","","PreservedSpecimen","NHMUK","BMNH(E)","010211786","","","","","","","","","","","","","","","","","https://bio.acousti.ca/node/16477"
"16478","","PreservedSpecimen","NHMUK","BMNH(E)","010211782","","","","","","","","","","","","","","","","","https://bio.acousti.ca/node/16478"
"16479","","PreservedSpecimen","NHMUK","BMNH(E)","010211823","","","","","","","","","","","","","","","","","https://bio.acousti.ca/node/16479"
"16480","","PreservedSpecimen","NHMUK","BMNH(E)","010211824","","","","","","","","","","","","","","","","","https://bio.acousti.ca/node/16480"
"16481","","PreservedSpecimen","NHMUK","BMNH(E)","010211825","","","","","","","","","","","","","","","","","https://bio.acousti.ca/node/16481"
"16482","","PreservedSpecimen","NHMUK","BMNH(E)","010211805","","","","","","","","","","","","","","","","","https://bio.acousti.ca/node/16482"
"16483","","PreservedSpecimen","NHMUK","BMNH(E)","010211826","","","","","","","","","","","","","","","","","https://bio.acousti.ca/node/16483"
"16484","","PreservedSpecimen","NHMUK","BMNH(E)","010211827","","","","","","","","","","","","","","","","","https://bio.acousti.ca/node/16484"
"16485","","PreservedSpecimen","NHMUK","BMNH(E)","010211813","","","","","","","","","","","","","","","","","https://bio.acousti.ca/node/16485"
"16486","","PreservedSpecimen","NHMUK","BMNH(E)","010211828","","","","","","","","","","","","","","","","","https://bio.acousti.ca/node/16486"
"16487","","PreservedSpecimen","NHMUK","BMNH(E)","010211830","","","","","","","","","","","","","","","","","https://bio.acousti.ca/node/16487"
"16488","","PreservedSpecimen","NHMUK","BMNH(E)","010211829","","","","","","","","","","","","","","","","","https://bio.acousti.ca/node/16488"
"16489","","PreservedSpecimen","NHMUK","BMNH(E)","010211831","","","","","","","","","","","","","","","","","https://bio.acousti.ca/node/16489"
"16490","","PreservedSpecimen","NHMUK","BMNH(E)","010211785","","","","","","","","","","","","","","","","","https://bio.acousti.ca/node/16490"
"16491","","PreservedSpecimen","NHMUK","BMNH(E)","010211790","","","","","","","","","","","","","","","","","https://bio.acousti.ca/node/16491"
"16492","","PreservedSpecimen","NHMUK","BMNH(E)","010211811","","","","","","","","","","","","","","","","","https://bio.acousti.ca/node/16492"
"16493","","PreservedSpecimen","NHMUK","BMNH(E)","010211821","","","","","","","","","","","","","","","","","https://bio.acousti.ca/node/16493"
"16494","","PreservedSpecimen","NHMUK","BMNH(E)","010211788","","","","","","","","","","","","","","","","","https://bio.acousti.ca/node/16494"
"16495","","PreservedSpecimen","NHMUK","BMNH(E)","010211796","","","","","","","","","","","","","","","","","https://bio.acousti.ca/node/16495"
"16496","","PreservedSpecimen","NHMUK","BMNH(E)","010211802","","","","","","","","","","","","","","","","","https://bio.acousti.ca/node/16496"
"16497","","PreservedSpecimen","NHMUK","BMNH(E)","010211787","","","","","","","","","","","","","","","","","https://bio.acousti.ca/node/16497"
"16498","","PreservedSpecimen","NHMUK","BMNH(E)","010211832","","","","","","","","","","","","","","","","","https://bio.acousti.ca/node/16498"
"16499","","PreservedSpecimen","NHMUK","BMNH(E)","010211815","","","","","","","","","","","","","","","","","https://bio.acousti.ca/node/16499"
"16500","","PreservedSpecimen","NHMUK","BMNH(E)","010211833","","","","","","","","","","","","","","","","","https://bio.acousti.ca/node/16500"
"16501","","PreservedSpecimen","NHMUK","BMNH(E)","010211834","","","","","","","","","","","","","","","","","https://bio.acousti.ca/node/16501"
"16502","","PreservedSpecimen","NHMUK","BMNH(E)","010211819","","","","","","","","","","","","","","","","","https://bio.acousti.ca/node/16502"
"16503","","PreservedSpecimen","NHMUK","BMNH(E)","010211816","","","","","","","","","","","","","","","","","https://bio.acousti.ca/node/16503"
"16504","","PreservedSpecimen","NHMUK","BMNH(E)","010211820","","","","","","","","","","","","","","","","","https://bio.acousti.ca/node/16504"
"16505","","PreservedSpecimen","NHMUK","BMNH(E)","010211817","","","","","","","","","","","","","","","","","https://bio.acousti.ca/node/16505"
"16507","","PreservedSpecimen","NHMUK","BMNH(E)","010211814","","","","","","","","","","","","","","","","","https://bio.acousti.ca/node/16507"
"16508","","PreservedSpecimen","NHMUK","BMNH(E)","010211784","","","","","","","","","","","","","","","","","https://bio.acousti.ca/node/16508"
"16509","","PreservedSpecimen","NHMUK","BMNH(E)","010211795","","","","","","","","","","","","","","","","","https://bio.acousti.ca/node/16509"
"16510","","PreservedSpecimen","NHMUK","BMNH(E)","010211809","","","","","","","","","","","","","","","","","https://bio.acousti.ca/node/16510"
"16511","","PreservedSpecimen","NHMUK","BMNH(E)","010211806","","","","","","","","","","","","","","","","","https://bio.acousti.ca/node/16511"
"16512","","PreservedSpecimen","NHMUK","BMNH(E)","010211810","","","","","","","","","","","","","","","","","https://bio.acousti.ca/node/16512"
"16513","","PreservedSpecimen","NHMUK","BMNH(E)","010211835","","","","","","","","","","","","","","","","","https://bio.acousti.ca/node/16513"
"16514","","PreservedSpecimen","NHMUK","BMNH(E)","010211804","","","","","","","","","","","","","","","","","https://bio.acousti.ca/node/16514"
"16515","","PreservedSpecimen","NHMUK","BMNH(E)","010211836","","","","","","","","","","","","","","","","","https://bio.acousti.ca/node/16515"
"16516","","PreservedSpecimen","NHMUK","BMNH(E)","010211800","","","","","","","","","","","","","","","","","https://bio.acousti.ca/node/16516"
"16517","","PreservedSpecimen","NHMUK","BMNH(E)","010211837","","","","","","","","","","","","","","","","","https://bio.acousti.ca/node/16517"
"16518","","PreservedSpecimen","NHMUK","BMNH(E)","010211838","","","","","","","","","","","","","","","","","https://bio.acousti.ca/node/16518"
"16519","","PreservedSpecimen","NHMUK","BMNH(E)","010211801","","","","","","","","","","","","","","","","","https://bio.acousti.ca/node/16519"
"16520","","PreservedSpecimen","NHMUK","BMNH(E)","010211862","","","","","","","","","","","","","","","","","https://bio.acousti.ca/node/16520"
"16521","","PreservedSpecimen","NHMUK","BMNH(E)","010211844","","","","","","","","","","","","","","","","","https://bio.acousti.ca/node/16521"
"16522","","PreservedSpecimen","NHMUK","BMNH(E)","010211797","","","","","","","","","","","","","","","","","https://bio.acousti.ca/node/16522"
"16523","","PreservedSpecimen","NHMUK","BMNH(E)","010211843","","","","","","","","","","","","","","","","","https://bio.acousti.ca/node/16523"
"16524","","PreservedSpecimen","NHMUK","BMNH(E)","010211852","","","","","","","","","","","","","","","","","https://bio.acousti.ca/node/16524"
"16525","","PreservedSpecimen","NHMUK","BMNH(E)","010211793","","","","","","","","","","","","","","","","","https://bio.acousti.ca/node/16525"
"16526","","PreservedSpecimen","NHMUK","BMNH(E)","010211850","","","","","","","","","","","","","","","","","https://bio.acousti.ca/node/16526"
"16527","","PreservedSpecimen","NHMUK","BMNH(E)","010211808","","","","","","","","","","","","","","","","","https://bio.acousti.ca/node/16527"
"16528","","PreservedSpecimen","NHMUK","BMNH(E)","010211847","","","","","","","","","","","","","","","","","https://bio.acousti.ca/node/16528"
"16529","","PreservedSpecimen","NHMUK","BMNH(E)","010211798","","","","","","","","","","","","","","","","","https://bio.acousti.ca/node/16529"
"16530","","PreservedSpecimen","NHMUK","BMNH(E)","010211848","","","","","","","","","","","","","","","","","https://bio.acousti.ca/node/16530"
"16531","","PreservedSpecimen","NHMUK","BMNH(E)","010211841","","","","","","","","","","","","","","","","","https://bio.acousti.ca/node/16531"
"16532","","PreservedSpecimen","NHMUK","BMNH(E)","010211803","","","","","","","","","","","","","","","","","https://bio.acousti.ca/node/16532"
"16533","","PreservedSpecimen","NHMUK","BMNH(E)","010211853","","","","","","","","","","","","","","","","","https://bio.acousti.ca/node/16533"
"16534","","PreservedSpecimen","NHMUK","BMNH(E)","010211840","","","","","","","","","","","","","","","","","https://bio.acousti.ca/node/16534"
"16535","","PreservedSpecimen","NHMUK","BMNH(E)","010211792","","","","","","","","","","","","","","","","","https://bio.acousti.ca/node/16535"
"16536","","PreservedSpecimen","NHMUK","BMNH(E)","010211839","","","","","","","","","","","","","","","","","https://bio.acousti.ca/node/16536"
"16537","","PreservedSpecimen","NHMUK","BMNH(E)","010211789","","","","","","","","","","","","","","","","","https://bio.acousti.ca/node/16537"
"16538","","PreservedSpecimen","NHMUK","BMNH(E)","010211856","","","","","","","","","","","","","","","","","https://bio.acousti.ca/node/16538"
"16539","","PreservedSpecimen","NHMUK","BMNH(E)","010211849","","","","","","","","","","","","","","","","","https://bio.acousti.ca/node/16539"
"16540","","PreservedSpecimen","NHMUK","BMNH(E)","010211799","","","","","","","","","","","","","","","","","https://bio.acousti.ca/node/16540"
"16541","","PreservedSpecimen","NHMUK","BMNH(E)","010211854","","","","","","","","","","","","","","","","","https://bio.acousti.ca/node/16541"
"16542","","PreservedSpecimen","NHMUK","BMNH(E)","010211807","","","","","","","","","","","","","","","","","https://bio.acousti.ca/node/16542"
"16543","","PreservedSpecimen","NHMUK","BMNH(E)","010211845","","","","","","","","","","","","","","","","","https://bio.acousti.ca/node/16543"
"16544","","PreservedSpecimen","NHMUK","BMNH(E)","010211858","","","","","","","","","","","","","","","","","https://bio.acousti.ca/node/16544"
"16545","","PreservedSpecimen","NHMUK","BMNH(E)","010211791","","","","","","","","","","","","","","","","","https://bio.acousti.ca/node/16545"
"16546","","PreservedSpecimen","NHMUK","BMNH(E)","010211855","","","","","","","","","","","","","","","","","https://bio.acousti.ca/node/16546"
"16547","","PreservedSpecimen","NHMUK","BMNH(E)","010211861","","","","","","","","","","","","","","","","","https://bio.acousti.ca/node/16547"
"16548","","PreservedSpecimen","NHMUK","BMNH(E)","010211822","","","","","","","","","","","","","","","","","https://bio.acousti.ca/node/16548"
"16549","","PreservedSpecimen","NHMUK","BMNH(E)","010211860","","","","","","","","","","","","","","","","","https://bio.acousti.ca/node/16549"
"16550","","PreservedSpecimen","NHMUK","BMNH(E)","010211842","","","","","","","","","","","","","","","","","https://bio.acousti.ca/node/16550"
"16551","","PreservedSpecimen","NHMUK","BMNH(E)","010211851","","","","","","","","","","","","","","","","","https://bio.acousti.ca/node/16551"
"16552","","PreservedSpecimen","NHMUK","BMNH(E)","010211857","","","","","","","","","","","","","","","","","https://bio.acousti.ca/node/16552"
"16553","","PreservedSpecimen","NHMUK","BMNH(E)","010211846","","","","","","","","","","","","","","","","","https://bio.acousti.ca/node/16553"
"16554","","PreservedSpecimen","NHMUK","BMNH(E)","010211794","","","","","","","","","","","","","","","","","https://bio.acousti.ca/node/16554"
"16555","","PreservedSpecimen","NHMUK","BMNH(E)","010211859","","","","","","","","","","","","","","","","","https://bio.acousti.ca/node/16555"
"16556","","PreservedSpecimen","NHMUK","BMNH(E)","010211812","","","","","","","","","","","","","","","","","https://bio.acousti.ca/node/16556"
"16557","","PreservedSpecimen","NHMUK","BMNH(E)","010211783","","","","","","","","","","","","","","","","","https://bio.acousti.ca/node/16557"
"16558","","PreservedSpecimen","NHMUK","BMNH(E)","010212303","","","","","","","","","","","","","","","","","https://bio.acousti.ca/node/16558"
"16559","","PreservedSpecimen","NHMUK","BMNH(E)","010211902","","","","","","","","","","","","","","","","","https://bio.acousti.ca/node/16559"
"16560","","PreservedSpecimen","NHMUK","BMNH(E)","010211867","","","","","","","","","","","","","","","","","https://bio.acousti.ca/node/16560"
"16561","","PreservedSpecimen","NHMUK","BMNH(E)","010211864","","","","","","","","","","","","","","","","","https://bio.acousti.ca/node/16561"
"16562","","PreservedSpecimen","NHMUK","BMNH(E)","010212331","","","","","","","","","","","","","","","","","https://bio.acousti.ca/node/16562"
"16563","","PreservedSpecimen","NHMUK","BMNH(E)","010211869","","","","","","","","","","","","","","","","","https://bio.acousti.ca/node/16563"
"16564","","PreservedSpecimen","NHMUK","BMNH(E)","010211870","","","","","","","","","","","","","","","","","https://bio.acousti.ca/node/16564"
"16565","","PreservedSpecimen","NHMUK","BMNH(E)","010212307","","","","","","","","","","","","","","","","","https://bio.acousti.ca/node/16565"
"16566","","PreservedSpecimen","NHMUK","BMNH(E)","010211863","","","","","","","","","","","","","","","","","https://bio.acousti.ca/node/16566"
"16567","","PreservedSpecimen","NHMUK","BMNH(E)","010211901","","","","","","","","","","","","","","","","","https://bio.acousti.ca/node/16567"
"16568","","PreservedSpecimen","NHMUK","BMNH(E)","010212304","","","","","","","","","","","","","","","","","https://bio.acousti.ca/node/16568"
"16569","","PreservedSpecimen","NHMUK","BMNH(E)","010211891","","","","","","","","","","","","","","","","","https://bio.acousti.ca/node/16569"
"16570","","PreservedSpecimen","NHMUK","BMNH(E)","010212309","","","","","","","","","","","","","","","","","https://bio.acousti.ca/node/16570"
"16571","","PreservedSpecimen","NHMUK","BMNH(E)","010211892","","","","","","","","","","","","","","","","","https://bio.acousti.ca/node/16571"
"16572","","PreservedSpecimen","NHMUK","BMNH(E)","010212305","","","","","","","","","","","","","","","","","https://bio.acousti.ca/node/16572"
"16573","","PreservedSpecimen","NHMUK","BMNH(E)","010211896","","","","","","","","","","","","","","","","","https://bio.acousti.ca/node/16573"
"16574","","PreservedSpecimen","NHMUK","BMNH(E)","010212325","","","","","","","","","","","","","","","","","https://bio.acousti.ca/node/16574"
"16575","","PreservedSpecimen","NHMUK","BMNH(E)","010211881","","","","","","","","","","","","","","","","","https://bio.acousti.ca/node/16575"
"16576","","PreservedSpecimen","NHMUK","BMNH(E)","010211893","","","","","","","","","","","","","","","","","https://bio.acousti.ca/node/16576"
"16577","","PreservedSpecimen","NHMUK","BMNH(E)","010212314","","","","","","","","","","","","","","","","","https://bio.acousti.ca/node/16577"
"16578","","PreservedSpecimen","NHMUK","BMNH(E)","010211898","","","","","","","","","","","","","","","","","https://bio.acousti.ca/node/16578"
"16579","","PreservedSpecimen","NHMUK","BMNH(E)","010211894","","","","","","","","","","","","","","","","","https://bio.acousti.ca/node/16579"
"16580","","PreservedSpecimen","NHMUK","BMNH(E)","010211899","","","","","","","","","","","","","","","","","https://bio.acousti.ca/node/16580"
"16581","","PreservedSpecimen","NHMUK","BMNH(E)","010211900","","","","","","","","","","","","","","","","","https://bio.acousti.ca/node/16581"
"16582","","PreservedSpecimen","NHMUK","BMNH(E)","010212318","","","","","","","","","","","","","","","","","https://bio.acousti.ca/node/16582"
"16583","","PreservedSpecimen","NHMUK","BMNH(E)","010211889","","","","","","","","","","","","","","","","","https://bio.acousti.ca/node/16583"
"16584","","PreservedSpecimen","NHMUK","BMNH(E)","010212340","","","","","","","","","","","","","","","","","https://bio.acousti.ca/node/16584"
"16585","","PreservedSpecimen","NHMUK","BMNH(E)","010211865","","","","","","","","","","","","","","","","","https://bio.acousti.ca/node/16585"
"16586","","PreservedSpecimen","NHMUK","BMNH(E)","010211872","","","","","","","","","","","","","","","","","https://bio.acousti.ca/node/16586"
"16587","","PreservedSpecimen","NHMUK","BMNH(E)","010211887","","","","","","","","","","","","","","","","","https://bio.acousti.ca/node/16587"
"16588","","PreservedSpecimen","NHMUK","BMNH(E)","010212341","","","","","","","","","","","","","","","","","https://bio.acousti.ca/node/16588"
"16589","","PreservedSpecimen","NHMUK","BMNH(E)","010212336","","","","","","","","","","","","","","","","","https://bio.acousti.ca/node/16589"
"16590","","PreservedSpecimen","NHMUK","BMNH(E)","010212332","","","","","","","","","","","","","","","","","https://bio.acousti.ca/node/16590"
"16591","","PreservedSpecimen","NHMUK","BMNH(E)","010212342","","","","","","","","","","","","","","","","","https://bio.acousti.ca/node/16591"
"16592","","PreservedSpecimen","NHMUK","BMNH(E)","010212316","","","","","","","","","","","","","","","","","https://bio.acousti.ca/node/16592"
"16594","","PreservedSpecimen","NHMUK","BMNH(E)","010212322","","","","","","","","","","","","","","","","","https://bio.acousti.ca/node/16594"
"16595","","PreservedSpecimen","NHMUK","BMNH(E)","010212334","","","","","","","","","","","","","","","","","https://bio.acousti.ca/node/16595"
"16597","","PreservedSpecimen","NHMUK","BMNH(E)","010212339","","","","","","","","","","","","","","","","","https://bio.acousti.ca/node/16597"
"16598","","PreservedSpecimen","NHMUK","BMNH(E)","010212312","","","","","","","","","","","","","","","","","https://bio.acousti.ca/node/16598"
"16599","","PreservedSpecimen","NHMUK","BMNH(E)","010211875","","","","","","","","","","","","","","","","","https://bio.acousti.ca/node/16599"
"16600","","PreservedSpecimen","NHMUK","BMNH(E)","010212310","","","","","","","","","","","","","","","","","https://bio.acousti.ca/node/16600"
"16601","","PreservedSpecimen","NHMUK","BMNH(E)","010211871","","","","","","","","","","","","","","","","","https://bio.acousti.ca/node/16601"
"16602","","PreservedSpecimen","NHMUK","BMNH(E)","010211882","","","","","","","","","","","","","","","","","https://bio.acousti.ca/node/16602"
"16603","","PreservedSpecimen","NHMUK","BMNH(E)","010212308","","","","","","","","","","","","","","","","","https://bio.acousti.ca/node/16603"
"16604","","PreservedSpecimen","NHMUK","BMNH(E)","010211877","","","","","","","","","","","","","","","","","https://bio.acousti.ca/node/16604"
"16605","","PreservedSpecimen","NHMUK","BMNH(E)","010211883","","","","","","","","","","","","","","","","","https://bio.acousti.ca/node/16605"
"16606","","PreservedSpecimen","NHMUK","BMNH(E)","010212323","","","","","","","","","","","","","","","","","https://bio.acousti.ca/node/16606"
"16607","","PreservedSpecimen","NHMUK","BMNH(E)","010211890","","","","","","","","","","","","","","","","","https://bio.acousti.ca/node/16607"
"16608","","PreservedSpecimen","NHMUK","BMNH(E)","010211874","","","","","","","","","","","","","","","","","https://bio.acousti.ca/node/16608"
"16609","","PreservedSpecimen","NHMUK","BMNH(E)","010212335","","","","","","","","","","","","","","","","","https://bio.acousti.ca/node/16609"
"16610","","PreservedSpecimen","NHMUK","BMNH(E)","010211886","","","","","","","","","","","","","","","","","https://bio.acousti.ca/node/16610"
"16611","","PreservedSpecimen","NHMUK","BMNH(E)","010211895","","","","","","","","","","","","","","","","","https://bio.acousti.ca/node/16611"
"16612","","PreservedSpecimen","NHMUK","BMNH(E)","010212337","","","","","","","","","","","","","","","","","https://bio.acousti.ca/node/16612"
"16613","","PreservedSpecimen","NHMUK","BMNH(E)","010211876","","","","","","","","","","","","","","","","","https://bio.acousti.ca/node/16613"
"16614","","PreservedSpecimen","NHMUK","BMNH(E)","010211880","","","","","","","","","","","","","","","","","https://bio.acousti.ca/node/16614"
"16615","","PreservedSpecimen","NHMUK","BMNH(E)","010212317","","","","","","","","","","","","","","","","","https://bio.acousti.ca/node/16615"
"16616","","PreservedSpecimen","NHMUK","BMNH(E)","010211873","","","","","","","","","","","","","","","","","https://bio.acousti.ca/node/16616"
"16617","","PreservedSpecimen","NHMUK","BMNH(E)","010212329","","","","","","","","","","","","","","","","","https://bio.acousti.ca/node/16617"
"16618","","PreservedSpecimen","NHMUK","BMNH(E)","010211868","","","","","","","","","","","","","","","","","https://bio.acousti.ca/node/16618"
"16619","","PreservedSpecimen","NHMUK","BMNH(E)","010211866","","","Female","","","","","","","","","","","","","","https://bio.acousti.ca/node/16619"
"16620","","PreservedSpecimen","NHMUK","BMNH(E)","010212327","","","","","","","","","","","","","","","","","https://bio.acousti.ca/node/16620"
"16621","","PreservedSpecimen","NHMUK","BMNH(E)","010211888","","","","","","","","","","","","","","","","","https://bio.acousti.ca/node/16621"
"16622","","PreservedSpecimen","NHMUK","BMNH(E)","010211897","","","","","","","","","","","","","","","","","https://bio.acousti.ca/node/16622"
"16623","","PreservedSpecimen","NHMUK","BMNH(E)","010211884","","","","","","","","","","","","","","","","","https://bio.acousti.ca/node/16623"
"16672","","PreservedSpecimen","NHMUK","BMNH(E)","010212313","","","","","","","","","","","","","","","","","https://bio.acousti.ca/node/16672"
"16674","","PreservedSpecimen","NHMUK","BMNH(E)","010212330","","","","","","","","","","","","","","","","","https://bio.acousti.ca/node/16674"
"16676","","PreservedSpecimen","NHMUK","BMNH(E)","010211879","","","","","","","","","","","","","","","","","https://bio.acousti.ca/node/16676"
"16678","","PreservedSpecimen","NHMUK","BMNH(E)","010211885","","","","","","","","","","","","","","","","","https://bio.acousti.ca/node/16678"
"16680","","PreservedSpecimen","NHMUK","BMNH(E)","010212321","","","","","","","","","","","","","","","","","https://bio.acousti.ca/node/16680"
"16682","","PreservedSpecimen","NHMUK","BMNH(E)","010211878","","","","","","","","","","","","","","","","","https://bio.acousti.ca/node/16682"
"16683","","PreservedSpecimen","NHMUK","BMNH(E)","010212306","","","","","","","","","","","","","","","","","https://bio.acousti.ca/node/16683"
"16684","","PreservedSpecimen","NHMUK","BMNH(E)","010212324","","","","","","","","","","","","","","","","","https://bio.acousti.ca/node/16684"
"16686","","PreservedSpecimen","NHMUK","BMNH(E)","010212320","","","","","","","","","","","","","","","","","https://bio.acousti.ca/node/16686"
"16688","","PreservedSpecimen","NHMUK","BMNH(E)","010212319","","","","","","","","","","","","","","","","","https://bio.acousti.ca/node/16688"
"16689","","PreservedSpecimen","NHMUK","BMNH(E)","010212328","","","","","","","","","","","","","","","","","https://bio.acousti.ca/node/16689"
"16690","","PreservedSpecimen","NHMUK","BMNH(E)","010212326","","","","","","","","","","","","","","","","","https://bio.acousti.ca/node/16690"
"16691","","PreservedSpecimen","NHMUK","BMNH(E)","010212311","","","","","","","","","","","","","","","","","https://bio.acousti.ca/node/16691"
"16692","","PreservedSpecimen","NHMUK","BMNH(E)","010212315","","","","","","","","","","","","","","","","","https://bio.acousti.ca/node/16692"
"16694","","PreservedSpecimen","NHMUK","BMNH(E)","010212333","","","","","","","","","","","","","","","","","https://bio.acousti.ca/node/16694"
"16696","","PreservedSpecimen","NHMUK","BMNH(E)","010212302","","","","","","","","","","","","","","","","","https://bio.acousti.ca/node/16696"
"16698","","PreservedSpecimen","NHMUK","BMNH(E)","010212300","","","","","","","","","","","","","","","","","https://bio.acousti.ca/node/16698"
"16700","","PreservedSpecimen","NHMUK","BMNH(E)","010212296","","","","","","","","","","","","","","","","","https://bio.acousti.ca/node/16700"
"16702","","PreservedSpecimen","NHMUK","BMNH(E)","010212292","","","","","","","","","","","","","","","","","https://bio.acousti.ca/node/16702"
"16704","","PreservedSpecimen","NHMUK","BMNH(E)","010212295","","","","","","","","","","","","","","","","","https://bio.acousti.ca/node/16704"
"16706","","PreservedSpecimen","NHMUK","BMNH(E)","010212294","","","","","","","","","","","","","","","","","https://bio.acousti.ca/node/16706"
"16708","","PreservedSpecimen","NHMUK","BMNH(E)","010212285","","","","","","","","","","","","","","","","","https://bio.acousti.ca/node/16708"
"16710","","PreservedSpecimen","NHMUK","BMNH(E)","010212283","","","","","","","","","","","","","","","","","https://bio.acousti.ca/node/16710"
"16711","","PreservedSpecimen","NHMUK","BMNH(E)","010212286","","","","","","","","","","","","","","","","","https://bio.acousti.ca/node/16711"
"16713","","PreservedSpecimen","NHMUK","BMNH(E)","010212277","","","","","","","","","","","","","","","","","https://bio.acousti.ca/node/16713"
"16715","","PreservedSpecimen","NHMUK","BMNH(E)","010212301","","","","","","","","","","","","","","","","","https://bio.acousti.ca/node/16715"
"16716","","PreservedSpecimen","NHMUK","BMNH(E)","010212279","","","","","","","","","","","","","","","","","https://bio.acousti.ca/node/16716"
"16717","","PreservedSpecimen","NHMUK","BMNH(E)","010212290","","","","","","","","","","","","","","","","","https://bio.acousti.ca/node/16717"
"16718","","PreservedSpecimen","NHMUK","BMNH(E)","010212299","","","","","","","","","","","","","","","","","https://bio.acousti.ca/node/16718"
"16719","","PreservedSpecimen","NHMUK","BMNH(E)","010212291","","","","","","","","","","","","","","","","","https://bio.acousti.ca/node/16719"
"16720","","PreservedSpecimen","NHMUK","BMNH(E)","010212275","","","","","","","","","","","","","","","","","https://bio.acousti.ca/node/16720"
"16721","","PreservedSpecimen","NHMUK","BMNH(E)","010212270","","","","","","","","","","","","","","","","","https://bio.acousti.ca/node/16721"
"16722","","PreservedSpecimen","NHMUK","BMNH(E)","010212274","","","","","","","","","","","","","","","","","https://bio.acousti.ca/node/16722"
"16723","","PreservedSpecimen","NHMUK","BMNH(E)","010212271","","","","","","","","","","","","","","","","","https://bio.acousti.ca/node/16723"
"16724","","PreservedSpecimen","NHMUK","BMNH(E)","010212273","","","","","","","","","","","","","","","","","https://bio.acousti.ca/node/16724"
"16725","","PreservedSpecimen","NHMUK","BMNH(E)","010212266","","","","","","","","","","","","","","","","","https://bio.acousti.ca/node/16725"
"16726","","PreservedSpecimen","NHMUK","BMNH(E)","010212276","","","","","","","","","","","","","","","","","https://bio.acousti.ca/node/16726"
"16727","","PreservedSpecimen","NHMUK","BMNH(E)","010212264","","","","","","","","","","","","","","","","","https://bio.acousti.ca/node/16727"
"16728","","PreservedSpecimen","NHMUK","BMNH(E)","010212278","","","","","","","","","","","","","","","","","https://bio.acousti.ca/node/16728"
"16730","","PreservedSpecimen","NHMUK","BMNH(E)","010212281","","","","","","","","","","","","","","","","","https://bio.acousti.ca/node/16730"
"16732","","PreservedSpecimen","NHMUK","BMNH(E)","010212280","","","","","","","","","","","","","","","","","https://bio.acousti.ca/node/16732"
"16734","","PreservedSpecimen","NHMUK","BMNH(E)","010212265","","","","","","","","","","","","","","","","","https://bio.acousti.ca/node/16734"
"16736","","PreservedSpecimen","NHMUK","BMNH(E)","010212269","","","","","","","","","","","","","","","","","https://bio.acousti.ca/node/16736"
"16738","","PreservedSpecimen","NHMUK","BMNH(E)","010212298","","","","","","","","","","","","","","","","","https://bio.acousti.ca/node/16738"
"16739","","PreservedSpecimen","NHMUK","BMNH(E)","010212282","","","","","","","","","","","","","","","","","https://bio.acousti.ca/node/16739"
"16740","","PreservedSpecimen","NHMUK","BMNH(E)","010212289","","","","","","","","","","","","","","","","","https://bio.acousti.ca/node/16740"
"16741","","PreservedSpecimen","NHMUK","BMNH(E)","010212297","","","","","","","","","","","","","","","","","https://bio.acousti.ca/node/16741"
"16742","","PreservedSpecimen","NHMUK","BMNH(E)","010212284","","","","","","","","","","","","","","","","","https://bio.acousti.ca/node/16742"
"16743","","PreservedSpecimen","NHMUK","BMNH(E)","010212267","","","","","","","","","","","","","","","","","https://bio.acousti.ca/node/16743"
"16744","","PreservedSpecimen","NHMUK","BMNH(E)","010212287","","","","","","","","","","","","","","","","","https://bio.acousti.ca/node/16744"
"16745","","PreservedSpecimen","NHMUK","BMNH(E)","010212293","","","","","","","","","","","","","","","","","https://bio.acousti.ca/node/16745"
"16955","","PreservedSpecimen","NHMUK","BMNH(E)","010212263","","","","","","","","","","","","","","","","","https://bio.acousti.ca/node/16955"
"16956","","PreservedSpecimen","NHMUK","BMNH(E)","010212268","","","","","","","","","","","","","","","","","https://bio.acousti.ca/node/16956"
"16957","","PreservedSpecimen","NHMUK","BMNH(E)","010212288","","","","","","","","","","","","","","","","","https://bio.acousti.ca/node/16957"
"16958","","PreservedSpecimen","NHMUK","BMNH(E)","010212272","","","","","","","","","","","","","","","","","https://bio.acousti.ca/node/16958"
"16960","","PreservedSpecimen","NHMUK","BMNH(E)","010212223","","","","","","","","","","","","","","","","","https://bio.acousti.ca/node/16960"
"16962","","PreservedSpecimen","NHMUK","BMNH(E)","010212227","","","","","","","","","","","","","","","","","https://bio.acousti.ca/node/16962"
"16963","","PreservedSpecimen","NHMUK","BMNH(E)","010212230","","","","","","","","","","","","","","","","","https://bio.acousti.ca/node/16963"
"16966","","PreservedSpecimen","NHMUK","BMNH(E)","010212233","","","","","","","","","","","","","","","","","https://bio.acousti.ca/node/16966"
"16967","","PreservedSpecimen","NHMUK","BMNH(E)","010212261","","","","","","","","","","","","","","","","","https://bio.acousti.ca/node/16967"
"16970","","PreservedSpecimen","NHMUK","BMNH(E)","010212238","","","","","","","","","","","","","","","","","https://bio.acousti.ca/node/16970"
"16972","","PreservedSpecimen","NHMUK","BMNH(E)","010212226","","","","","","","","","","","","","","","","","https://bio.acousti.ca/node/16972"
"16973","","PreservedSpecimen","NHMUK","BMNH(E)","010212235","","","","","","","","","","","","","","","","","https://bio.acousti.ca/node/16973"
"16974","","PreservedSpecimen","NHMUK","BMNH(E)","010212229","","","","","","","","","","","","","","","","","https://bio.acousti.ca/node/16974"
"16976","","PreservedSpecimen","NHMUK","BMNH(E)","010212241","","","","","","","","","","","","","","","","","https://bio.acousti.ca/node/16976"
"16977","","PreservedSpecimen","NHMUK","BMNH(E)","010212249","","","","","","","","","","","","","","","","","https://bio.acousti.ca/node/16977"
"16978","","PreservedSpecimen","NHMUK","BMNH(E)","010212258","","","","","","","","","","","","","","","","","https://bio.acousti.ca/node/16978"
"16979","","PreservedSpecimen","NHMUK","BMNH(E)","010212252","","","","","","","","","","","","","","","","","https://bio.acousti.ca/node/16979"
"16980","","PreservedSpecimen","NHMUK","BMNH(E)","010212259","","","","","","","","","","","","","","","","","https://bio.acousti.ca/node/16980"
"16981","","PreservedSpecimen","NHMUK","BMNH(E)","010212236","","","","","","","","","","","","","","","","","https://bio.acousti.ca/node/16981"
"16982","","PreservedSpecimen","NHMUK","BMNH(E)","010212234","","","","","","","","","","","","","","","","","https://bio.acousti.ca/node/16982"
"16983","","PreservedSpecimen","NHMUK","BMNH(E)","010212255","","","","","","","","","","","","","","","","","https://bio.acousti.ca/node/16983"
"16984","","PreservedSpecimen","NHMUK","BMNH(E)","010212245","","","","","","","","","","","","","","","","","https://bio.acousti.ca/node/16984"
"16985","","PreservedSpecimen","NHMUK","BMNH(E)","010212247","","","","","","","","","","","","","","","","","https://bio.acousti.ca/node/16985"
"16986","","PreservedSpecimen","NHMUK","BMNH(E)","010212231","","","","","","","","","","","","","","","","","https://bio.acousti.ca/node/16986"
"16987","","PreservedSpecimen","NHMUK","BMNH(E)","010212224","","","","","","","","","","","","","","","","","https://bio.acousti.ca/node/16987"
"16989","","PreservedSpecimen","NHMUK","BMNH(E)","010212262","","","","","","","","","","","","","","","","","https://bio.acousti.ca/node/16989"
"16991","","PreservedSpecimen","NHMUK","BMNH(E)","010212244","","","","","","","","","","","","","","","","","https://bio.acousti.ca/node/16991"
"16993","","PreservedSpecimen","NHMUK","BMNH(E)","010212237","","","","","","","","","","","","","","","","","https://bio.acousti.ca/node/16993"
"16996","","PreservedSpecimen","NHMUK","BMNH(E)","010212242","","","","","","","","","","","","","","","","","https://bio.acousti.ca/node/16996"
"16999","","PreservedSpecimen","NHMUK","BMNH(E)","010212251","","","","","","","","","","","","","","","","","https://bio.acousti.ca/node/16999"
"17000","","PreservedSpecimen","NHMUK","BMNH(E)","010212256","","","","","","","","","","","","","","","","","https://bio.acousti.ca/node/17000"
"17002","","PreservedSpecimen","NHMUK","BMNH(E)","010212246","","","","","","","","","","","","","","","","","https://bio.acousti.ca/node/17002"
"17004","","PreservedSpecimen","NHMUK","BMNH(E)","010212239","","","","","","","","","","","","","","","","","https://bio.acousti.ca/node/17004"
"17006","","PreservedSpecimen","NHMUK","BMNH(E)","010212228","","","","","","","","","","","","","","","","","https://bio.acousti.ca/node/17006"
"17008","","PreservedSpecimen","NHMUK","BMNH(E)","010212248","","","","","","","","","","","","","","","","","https://bio.acousti.ca/node/17008"
"17010","","PreservedSpecimen","NHMUK","BMNH(E)","010212257","","","","","","","","","","","","","","","","","https://bio.acousti.ca/node/17010"
"17012","","PreservedSpecimen","NHMUK","BMNH(E)","010212260","","","","","","","","","","","","","","","","","https://bio.acousti.ca/node/17012"
"17014","","PreservedSpecimen","NHMUK","BMNH(E)","010212253","","","","","","","","","","","","","","","","","https://bio.acousti.ca/node/17014"
"17015","","PreservedSpecimen","NHMUK","BMNH(E)","010212254","","","","","","","","","","","","","","","","","https://bio.acousti.ca/node/17015"
"17016","","PreservedSpecimen","NHMUK","BMNH(E)","010212232","","","","","","","","","","","","","","","","","https://bio.acousti.ca/node/17016"
"17017","","PreservedSpecimen","NHMUK","BMNH(E)","010212225","","","","","","","","","","","","","","","","","https://bio.acousti.ca/node/17017"
"17018","","PreservedSpecimen","NHMUK","BMNH(E)","010212243","","","","","","","","","","","","","","","","","https://bio.acousti.ca/node/17018"
"17019","","PreservedSpecimen","NHMUK","BMNH(E)","010212250","","","","","","","","","","","","","","","","","https://bio.acousti.ca/node/17019"
"17020","","PreservedSpecimen","NHMUK","BMNH(E)","010212240","","","","","","","","","","","","","","","","","https://bio.acousti.ca/node/17020"
"17021","","PreservedSpecimen","NHMUK","BMNH(E)","010212183","","","","","","","","","","","","","","","","","https://bio.acousti.ca/node/17021"
"17022","","PreservedSpecimen","NHMUK","BMNH(E)","010212196","","","","","","","","","","","","","","","","","https://bio.acousti.ca/node/17022"
"17023","","PreservedSpecimen","NHMUK","BMNH(E)","010212190","","","","","","","","","","","","","","","","","https://bio.acousti.ca/node/17023"
"17024","","PreservedSpecimen","NHMUK","BMNH(E)","010212184","","","","","","","","","","","","","","","","","https://bio.acousti.ca/node/17024"
"17025","","PreservedSpecimen","NHMUK","BMNH(E)","010212193","","","","","","","","","","","","","","","","","https://bio.acousti.ca/node/17025"
"17026","","PreservedSpecimen","NHMUK","BMNH(E)","010212191","","","","","","","","","","","","","","","","","https://bio.acousti.ca/node/17026"
"17027","","PreservedSpecimen","NHMUK","BMNH(E)","010212194","","","","","","","","","","","","","","","","","https://bio.acousti.ca/node/17027"
"17028","","PreservedSpecimen","NHMUK","BMNH(E)","010212192","","","","","","","","","","","","","","","","","https://bio.acousti.ca/node/17028"
"17029","","PreservedSpecimen","NHMUK","BMNH(E)","010212212","","","","","","","","","","","","","","","","","https://bio.acousti.ca/node/17029"
"17030","","PreservedSpecimen","NHMUK","BMNH(E)","010212198","","","","","","","","","","","","","","","","","https://bio.acousti.ca/node/17030"
"17031","","PreservedSpecimen","NHMUK","BMNH(E)","010212219","","","","","","","","","","","","","","","","","https://bio.acousti.ca/node/17031"
"17032","","PreservedSpecimen","NHMUK","BMNH(E)","010212207","","","","","","","","","","","","","","","","","https://bio.acousti.ca/node/17032"
"17033","","PreservedSpecimen","NHMUK","BMNH(E)","010212202","","","","","","","","","","","","","","","","","https://bio.acousti.ca/node/17033"
"17034","","PreservedSpecimen","NHMUK","BMNH(E)","010212199","","","","","","","","","","","","","","","","","https://bio.acousti.ca/node/17034"
"17036","","PreservedSpecimen","NHMUK","BMNH(E)","010212209","","","","","","","","","","","","","","","","","https://bio.acousti.ca/node/17036"
"17037","","PreservedSpecimen","NHMUK","BMNH(E)","010212208","","","","","","","","","","","","","","","","","https://bio.acousti.ca/node/17037"
"17039","","PreservedSpecimen","NHMUK","BMNH(E)","010212197","","","","","","","","","","","","","","","","","https://bio.acousti.ca/node/17039"
"17041","","PreservedSpecimen","NHMUK","BMNH(E)","010212205","","","","","","","","","","","","","","","","","https://bio.acousti.ca/node/17041"
"17043","","PreservedSpecimen","NHMUK","BMNH(E)","010212189","","","","","","","","","","","","","","","","","https://bio.acousti.ca/node/17043"
"17044","","PreservedSpecimen","NHMUK","BMNH(E)","010212188","","","","","","","","","","","","","","","","","https://bio.acousti.ca/node/17044"
"17045","","PreservedSpecimen","NHMUK","BMNH(E)","010212221","","","","","","","","","","","","","","","","","https://bio.acousti.ca/node/17045"
"17046","","PreservedSpecimen","NHMUK","BMNH(E)","010212185","","","","","","","","","","","","","","","","","https://bio.acousti.ca/node/17046"
"17047","","PreservedSpecimen","NHMUK","BMNH(E)","010212214","","","","","","","","","","","","","","","","","https://bio.acousti.ca/node/17047"
"17048","","PreservedSpecimen","NHMUK","BMNH(E)","010212215","","","","","","","","","","","","","","","","","https://bio.acousti.ca/node/17048"
"17049","","PreservedSpecimen","NHMUK","BMNH(E)","010212201","","","","","","","","","","","","","","","","","https://bio.acousti.ca/node/17049"
"17050","","PreservedSpecimen","NHMUK","BMNH(E)","010212206","","","","","","","","","","","","","","","","","https://bio.acousti.ca/node/17050"
"17051","","PreservedSpecimen","NHMUK","BMNH(E)","010212218","","","","","","","","","","","","","","","","","https://bio.acousti.ca/node/17051"
"17052","","PreservedSpecimen","NHMUK","BMNH(E)","010212210","","","","","","","","","","","","","","","","","https://bio.acousti.ca/node/17052"
"17053","","PreservedSpecimen","NHMUK","BMNH(E)","010212213","","","","","","","","","","","","","","","","","https://bio.acousti.ca/node/17053"
"17054","","PreservedSpecimen","NHMUK","BMNH(E)","010212211","","","","","","","","","","","","","","","","","https://bio.acousti.ca/node/17054"
"17055","","PreservedSpecimen","NHMUK","BMNH(E)","010212187","","","","","","","","","","","","","","","","","https://bio.acousti.ca/node/17055"
"17056","","PreservedSpecimen","NHMUK","BMNH(E)","010212217","","","","","","","","","","","","","","","","","https://bio.acousti.ca/node/17056"
"17057","","PreservedSpecimen","NHMUK","BMNH(E)","010212195","","","","","","","","","","","","","","","","","https://bio.acousti.ca/node/17057"
"17058","","PreservedSpecimen","NHMUK","BMNH(E)","010212222","","","","","","","","","","","","","","","","","https://bio.acousti.ca/node/17058"
"17060","","PreservedSpecimen","NHMUK","BMNH(E)","010212216","","","","","","","","","","","","","","","","","https://bio.acousti.ca/node/17060"
"17062","","PreservedSpecimen","NHMUK","BMNH(E)","010212200","","","","","","","","","","","","","","","","","https://bio.acousti.ca/node/17062"
"17063","","PreservedSpecimen","NHMUK","BMNH(E)","010212204","","","","","","","","","","","","","","","","","https://bio.acousti.ca/node/17063"
"17064","","PreservedSpecimen","NHMUK","BMNH(E)","010212220","","","","","","","","","","","","","","","","","https://bio.acousti.ca/node/17064"
"17065","Dociostaurus Kazakia  jagoi occidentalis","PreservedSpecimen","NHMUK","BMNH(E)","010212203","","paratype","","","","","","","","","","","","","","","https://bio.acousti.ca/node/17065"
"17067","","PreservedSpecimen","NHMUK","BMNH(E)","010212186","","","","","","","","","","","","","","","","","https://bio.acousti.ca/node/17067"
"17068","","PreservedSpecimen","NHMUK","BMNH(E)","010212143","","","","","","","","","","","","","","","","","https://bio.acousti.ca/node/17068"
"17069","","PreservedSpecimen","NHMUK","BMNH(E)","010212161","","","","","","","","","","","","","","","","","https://bio.acousti.ca/node/17069"
"17070","","PreservedSpecimen","NHMUK","BMNH(E)","010212163","","","","","","","","","","","","","","","","","https://bio.acousti.ca/node/17070"
"17071","","PreservedSpecimen","NHMUK","BMNH(E)","010212159","","","","","","","","","","","","","","","","","https://bio.acousti.ca/node/17071"
"17072","","PreservedSpecimen","NHMUK","BMNH(E)","010212166","","","","","","","","","","","","","","","","","https://bio.acousti.ca/node/17072"
"17073","","PreservedSpecimen","NHMUK","BMNH(E)","010212173","","","","","","","","","","","","","","","","","https://bio.acousti.ca/node/17073"
"17074","","PreservedSpecimen","NHMUK","BMNH(E)","010212168","","","","","","","","","","","","","","","","","https://bio.acousti.ca/node/17074"
"17075","","PreservedSpecimen","NHMUK","BMNH(E)","010212146","","","","","","","","","","","","","","","","","https://bio.acousti.ca/node/17075"
"17076","","PreservedSpecimen","NHMUK","BMNH(E)","010212153","","","","","","","","","","","","","","","","","https://bio.acousti.ca/node/17076"
"17077","","PreservedSpecimen","NHMUK","BMNH(E)","010212167","","","","","","","","","","","","","","","","","https://bio.acousti.ca/node/17077"
"17079","","PreservedSpecimen","NHMUK","BMNH(E)","010212151","","","","","","","","","","","","","","","","","https://bio.acousti.ca/node/17079"
"17080","","PreservedSpecimen","NHMUK","BMNH(E)","010212178","","","","","","","","","","","","","","","","","https://bio.acousti.ca/node/17080"
"17082","","PreservedSpecimen","NHMUK","BMNH(E)","010212176","","","","","","","","","","","","","","","","","https://bio.acousti.ca/node/17082"
"17083","","PreservedSpecimen","NHMUK","BMNH(E)","010212181","","","","","","","","","","","","","","","","","https://bio.acousti.ca/node/17083"
"17084","","PreservedSpecimen","NHMUK","BMNH(E)","010212148","","","","","","","","","","","","","","","","","https://bio.acousti.ca/node/17084"
"17085","","PreservedSpecimen","NHMUK","BMNH(E)","010212162","","","","","","","","","","","","","","","","","https://bio.acousti.ca/node/17085"
"17086","","PreservedSpecimen","NHMUK","BMNH(E)","010212154","","","","","","","","","","","","","","","","","https://bio.acousti.ca/node/17086"
"17087","","PreservedSpecimen","NHMUK","BMNH(E)","010212158","","","","","","","","","","","","","","","","","https://bio.acousti.ca/node/17087"
"17089","","PreservedSpecimen","NHMUK","BMNH(E)","010212147","","","","","","","","","","","","","","","","","https://bio.acousti.ca/node/17089"
"17090","","PreservedSpecimen","NHMUK","BMNH(E)","010212171","","","","","","","","","","","","","","","","","https://bio.acousti.ca/node/17090"
"17091","","PreservedSpecimen","NHMUK","BMNH(E)","010212156","","","","","","","","","","","","","","","","","https://bio.acousti.ca/node/17091"
"17092","","PreservedSpecimen","NHMUK","BMNH(E)","010212150","","","","","","","","","","","","","","","","","https://bio.acousti.ca/node/17092"
"17093","","PreservedSpecimen","NHMUK","BMNH(E)","010212149","","","","","","","","","","","","","","","","","https://bio.acousti.ca/node/17093"
"17094","","PreservedSpecimen","NHMUK","BMNH(E)","010212174","","","","","","","","","","","","","","","","","https://bio.acousti.ca/node/17094"
"17096","","PreservedSpecimen","NHMUK","BMNH(E)","010212155","","","","","","","","","","","","","","","","","https://bio.acousti.ca/node/17096"
"17097","","PreservedSpecimen","NHMUK","BMNH(E)","010212164","","","","","","","","","","","","","","","","","https://bio.acousti.ca/node/17097"
"17098","","PreservedSpecimen","NHMUK","BMNH(E)","010212160","","","","","","","","","","","","","","","","","https://bio.acousti.ca/node/17098"
"17100","","PreservedSpecimen","NHMUK","BMNH(E)","010212165","","","","","","","","","","","","","","","","","https://bio.acousti.ca/node/17100"
"17101","","PreservedSpecimen","NHMUK","BMNH(E)","010212170","","","","","","","","","","","","","","","","","https://bio.acousti.ca/node/17101"
"17103","","PreservedSpecimen","NHMUK","BMNH(E)","010212144","","","","","","","","","","","","","","","","","https://bio.acousti.ca/node/17103"
"17105","","PreservedSpecimen","NHMUK","BMNH(E)","010212169","","","","","","","","","","","","","","","","","https://bio.acousti.ca/node/17105"
"17106","","PreservedSpecimen","NHMUK","BMNH(E)","010212177","","","","","","","","","","","","","","","","","https://bio.acousti.ca/node/17106"
"17109","","PreservedSpecimen","NHMUK","BMNH(E)","010212172","","","","","","","","","","","","","","","","","https://bio.acousti.ca/node/17109"
"17110","","PreservedSpecimen","NHMUK","BMNH(E)","010212145","","","","","","","","","","","","","","","","","https://bio.acousti.ca/node/17110"
"17111","","PreservedSpecimen","NHMUK","BMNH(E)","010212152","","","","","","","","","","","","","","","","","https://bio.acousti.ca/node/17111"
"17112","","PreservedSpecimen","NHMUK","BMNH(E)","010212179","","","","","","","","","","","","","","","","","https://bio.acousti.ca/node/17112"
"17113","","PreservedSpecimen","NHMUK","BMNH(E)","010212157","","","","","","","","","","","","","","","","","https://bio.acousti.ca/node/17113"
"17115","","PreservedSpecimen","NHMUK","BMNH(E)","010212180","","","","","","","","","","","","","","","","","https://bio.acousti.ca/node/17115"
"17116","","PreservedSpecimen","NHMUK","BMNH(E)","010212175","","","","","","","","","","","","","","","","","https://bio.acousti.ca/node/17116"
"17118","","PreservedSpecimen","NHMUK","BMNH(E)","010212103","","","","","","","","","","","","","","","","","https://bio.acousti.ca/node/17118"
"17119","","PreservedSpecimen","NHMUK","BMNH(E)","010212104","","","","","","","","","","","","","","","","","https://bio.acousti.ca/node/17119"
"17124","Ectopistidectes viridis","LivingSpecimen","BioAcoustica","Rentz","1","","","","","","","","","","","","","AU","-23.77","149.11","","https://bio.acousti.ca/node/17124"
"17127","Chlorodectes baldersoni","PreservedSpecimen","BioAcoustica","Rentz","2","","holotype","","","","","","","","","","","AU","-34.27","149.93","","https://bio.acousti.ca/node/17127"
"17130","Chlorodectes ligaenus","PreservedSpecimen","BioAcoustica","Rentz","3","","holotype","","","","","","","","","","","AU","-33.06","151.66","","https://bio.acousti.ca/node/17130"
"17133","Chlorodectes loquax","PreservedSpecimen","BioAcoustica","Rentz","4","","paratype","","","","","","","","","","","AU","-35.07","150.64","","https://bio.acousti.ca/node/17133"
"17136","Chlorodectes montanus","PreservedSpecimen","BioAcoustica","Rentz","5","","","","","","","","","","","","","","-35.75","148.52","","https://bio.acousti.ca/node/17136"
"17139","Metaballus sagaeformis","LivingSpecimen","BioAcoustica","Rentz","6","","","","","","","","","","","","","AU","-37.29","142.312","","https://bio.acousti.ca/node/17139"
"17142","Metaballus brevipennis","LivingSpecimen","BioAcoustica","Rentz","7","","","","","","","","","","","","","AU","-31.56","138.57","","https://bio.acousti.ca/node/17142"
"17145","Metaballus alatus","LivingSpecimen","BioAcoustica","Rentz","8","","","","","","","","","","","","","AU","-33.47","136.11","","https://bio.acousti.ca/node/17145"
"17148","Metaballus anchigyus","PreservedSpecimen","BioAcoustica","Rentz","9","","holotype","","","","","","","","","","","AU","-35.03","136.94","","https://bio.acousti.ca/node/17148"
"17151","Metaballus anchigyus","LivingSpecimen","BioAcoustica","Rentz","10","","","","","","","","","","","","","AU","-34.62","135.49","","https://bio.acousti.ca/node/17151"
"17154","Metaballus decticoides","LivingSpecimen","BioAcoustica","Rentz","11","","","","","","","","","","","","","AU","-32.66","121.48","","https://bio.acousti.ca/node/17154"
"47348","Ancylecha fenestrata","PreservedSpecimen","NMS","Z","2017.104.1","Bioacoustica-Baker-5","","Female","Adult","1","","","Edward Baker","","","","","","","","<p>Reared by Ed Baker - culture stock Malaysia</p>
<p>ID by black Sharpie marker dot on prothorax</p>
","https://bio.acousti.ca/node/47348"
"47353","Leptophyes punctatissima","LivingSpecimen","BioAcoustica","Baker","6","","","Male","Adult","1","Delf Jon","","Delf Jon","","","","","","","","<p>Probably a first generation product of a group of late instar nymphs that were collected on the 27th July 2015 from the coastal path just past Carreg y Defaid at the north end of Llandbedrog Bay on the llyn Peninsular.</p>
","https://bio.acousti.ca/node/47353"
"47731","","PreservedSpecimen","BioAcoustica","Baker","8","","","","","","","","","","","","","","","","","https://bio.acousti.ca/node/47731"
"47751","Gryllotalpa gryllotalpa","LivingSpecimen","BioAcoustica","Brock","1","","","Male","Adult","1","Paul D. Brock; Helen Brock; Martin Noble","2016-05-08T00:00:00","Paul D. Brock","2016-05-08T00:00:00","","","","GB","50.8579767081207","-1.61567687988281","","https://bio.acousti.ca/node/47751"
"47916","Eumodicogryllus bordigalensis","LivingSpecimen","BioAcoustica","Holuša et al 2007","1","","","","Adult","1","","2006-07-17T00:00:00","","","","","","CZ","48.825683","16.494066","","https://bio.acousti.ca/node/47916"
"48040","Oecanthus pictus","PreservedSpecimen","MZUSP","Oecanthus pictus","W11","","paratype","Male","Adult","1","Neutzling A. S.; D.R.  Redü; G.L. Oliveira","2011-03-26T00:00:00","","","","","São Lourenço do Su","BR","-31.29429","-52.15077","","https://bio.acousti.ca/node/48040"
"48042","Oecanthus pictus","PreservedSpecimen","MZUSP","Oecanthus pictus","W14","","paratype","Male","Adult","1","Neutzling A. S.; D.R.  Redü; G.L. Oliveira","2011-03-26T00:00:00","","","","","São Lourenço do Su","BR","-31.29429","-52.15077","","https://bio.acousti.ca/node/48042"
"48044","Oecanthus pictus","PreservedSpecimen","MZUSP","Oecanthus pictus","W12","","paratype","Male","Adult","1","Neutzling A. S.; D.R.  Redü; G.L. Oliveira","2011-03-26T00:00:00","","","","","São Lourenço do Su","BR","-31.29429","-52.15077","","https://bio.acousti.ca/node/48044"
"48046","Oecanthus pictus","PreservedSpecimen","MZUSP","Oecanthus pictus","W10","","paratype","Male","Adult","1","Neutzling A. S.; D.R.  Redü; G.L. Oliveira","2011-03-26T00:00:00","","","","","São Lourenço do Su","BR","-31.29429","-52.15077","","https://bio.acousti.ca/node/48046"
"48048","Oecanthus pictus","PreservedSpecimen","MZUSP","Oecanthus pictus","W09","","paratype","Male","Adult","1","Neutzling A. S.; D.R.  Redü; G.L. Oliveira","2011-03-26T00:00:00","","","","","São Lourenço do Su","BR","-31.29429","-52.15077","","https://bio.acousti.ca/node/48048"
"48050","Oecanthus pictus","PreservedSpecimen","MZUSP","Oecanthus pictus","W08","","paratype","Male","Adult","1","Neutzling A. S.; D.R.  Redü; G.L. Oliveira","2011-03-26T00:00:00","","","","","São Lourenço do Su","BR","-31.29429","-52.15077","","https://bio.acousti.ca/node/48050"
"48052","Oecanthus pictus","PreservedSpecimen","MZUSP","Oecanthus pictus","W07","","paratype","Male","Adult","1","Neutzling A. S.; D.R.  Redü; G.L. Oliveira","2011-03-26T00:00:00","","","","","São Lourenço do Su","BR","-31.29429","-52.15077","","https://bio.acousti.ca/node/48052"
"48054","Oecanthus pictus","PreservedSpecimen","MZUSP","Oecanthus pictus","W06","","paratype","Male","Adult","1","Neutzling A. S.; D.R.  Redü; G.L. Oliveira","2011-03-26T00:00:00","","","","","São Lourenço do Su","BR","-31.29429","-52.15077","","https://bio.acousti.ca/node/48054"
"48056","Oecanthus pictus","PreservedSpecimen","MZUSP","Oecanthus pictus","W04","","paratype","Male","Adult","1","Neutzling A. S.; D.R.  Redü; G.L. Oliveira","2011-03-26T00:00:00","","","","","São Lourenço do Su","BR","-31.29429","-52.15077","","https://bio.acousti.ca/node/48056"
"48058","Oecanthus pictus","PreservedSpecimen","MZUSP","Oecanthus pictus","W03","","paratype","Male","Adult","1","Neutzling A. S.; D.R.  Redü; G.L. Oliveira","2011-03-26T00:00:00","","","","","São Lourenço do Su","BR","-31.29429","-52.15077","","https://bio.acousti.ca/node/48058"
"48060","Oecanthus pictus","PreservedSpecimen","MZUSP","Oecanthus pictus","W02","","paratype","Male","Adult","1","Neutzling A. S.; D.R.  Redü; G.L. Oliveira","2011-03-26T00:00:00","","","","","São Lourenço do Su","BR","-31.29429","-52.15077","","https://bio.acousti.ca/node/48060"
"48062","Oecanthus pictus","PreservedSpecimen","MZUSP","Oecanthus pictus","W01","","paratype","Male","Adult","1","Neutzling A. S.; D.R.  Redü; G.L. Oliveira","2011-03-26T00:00:00","","","","","São Lourenço do Su","BR","-31.29429","-52.15077","","https://bio.acousti.ca/node/48062"
"48064","Oecanthus pictus","PreservedSpecimen","MZUSP","Oecanthus pictus","R29","","paratype","Male","Adult","1","Neutzling A. S.; D.R.  Redü; G.L. Oliveira","2011-03-20T00:00:00","","","","","São Lourenço do Su","BR","-31.29429","-52.15077","","https://bio.acousti.ca/node/48064"
"48066","Oecanthus pictus","PreservedSpecimen","MZUSP","Oecanthus pictus","R26","","paratype","Male","Adult","1","Neutzling A. S.; D.R.  Redü; G.L. Oliveira","2011-03-20T00:00:00","","","","","São Lourenço do Su","BR","-31.29429","-52.15077","","https://bio.acousti.ca/node/48066"
"48068","Oecanthus pictus","PreservedSpecimen","MZUSP","Oecanthus pictus","R25","","paratype","Male","Adult","1","Neutzling A. S.; D.R.  Redü; G.L. Oliveira","2011-03-20T00:00:00","","","","","São Lourenço do Su","BR","-31.29429","-52.15077","","https://bio.acousti.ca/node/48068"
"48070","Oecanthus pictus","PreservedSpecimen","MZUSP","Oecanthus pictus","R22","","paratype","Male","Adult","1","Neutzling A. S.; D.R.  Redü; G.L. Oliveira","2011-03-20T00:00:00","","","","","São Lourenço do Su","BR","-31.29429","-52.15077","","https://bio.acousti.ca/node/48070"
"48072","Oecanthus pictus","PreservedSpecimen","MZUSP","Oecanthus pictus","R21","","paratype","Male","Adult","1","Neutzling A. S.; D.R.  Redü; G.L. Oliveira","2011-03-20T00:00:00","","","","","São Lourenço do Su","BR","-31.29429","-52.15077","","https://bio.acousti.ca/node/48072"
"48074","Oecanthus pictus","PreservedSpecimen","MZUSP","Oecanthus pictus","R20","","paratype","Male","Adult","1","Neutzling A. S.; D.R.  Redü; G.L. Oliveira","2011-03-20T00:00:00","","","","","São Lourenço do Su","BR","-31.29429","-52.15077","","https://bio.acousti.ca/node/48074"
"48076","Oecanthus pictus","PreservedSpecimen","MZUSP","Oecanthus pictus","R19","","paratype","Male","Adult","1","Neutzling A. S.; D.R.  Redü; G.L. Oliveira","2011-03-20T00:00:00","","","","","São Lourenço do Su","BR","-31.29429","-52.15077","","https://bio.acousti.ca/node/48076"
"48078","Oecanthus pictus","PreservedSpecimen","MZUSP","Oecanthus pictus","R18","","paratype","Male","Adult","1","Neutzling A. S.; D.R.  Redü; G.L. Oliveira","2011-03-20T00:00:00","","","","","São Lourenço do Su","BR","-31.29429","-52.15077","","https://bio.acousti.ca/node/48078"
"48080","Oecanthus pictus","PreservedSpecimen","MZUSP","Oecanthus pictus","R17","","paratype","Male","Adult","1","Neutzling A. S.; D.R.  Redü; G.L. Oliveira","2011-03-20T00:00:00","","","","","São Lourenço do Su","BR","-31.29429","-52.15077","","https://bio.acousti.ca/node/48080"
"48082","Oecanthus pictus","PreservedSpecimen","MZUSP","Oecanthus pictus","R15","","paratype","Male","Adult","1","Neutzling A. S.; D.R.  Redü; G.L. Oliveira","2011-03-20T00:00:00","","","","","São Lourenço do Su","BR","-31.29429","-52.15077","","https://bio.acousti.ca/node/48082"
"48084","Oecanthus pictus","PreservedSpecimen","MZUSP","Oecanthus pictus","R14","","paratype","Male","Adult","1","Neutzling A. S.; D.R.  Redü; G.L. Oliveira","2011-03-19T00:00:00","","","","","São Lourenço do Su","BR","-31.29429","-52.15077","","https://bio.acousti.ca/node/48084"
"48086","Oecanthus pictus","PreservedSpecimen","MZUSP","Oecanthus pictus","R13","","paratype","Male","Adult","1","Neutzling A. S.; D.R.  Redü; G.L. Oliveira","2011-03-19T00:00:00","","","","","São Lourenço do Su","BR","-31.29429","-52.15077","","https://bio.acousti.ca/node/48086"
"48088","Oecanthus pictus","PreservedSpecimen","MZUSP","Oecanthus pictus","R12","","paratype","Male","Adult","1","Neutzling A. S.; D.R.  Redü; G.L. Oliveira","2011-03-19T00:00:00","","","","","São Lourenço do Su","BR","-31.29429","-52.15077","","https://bio.acousti.ca/node/48088"
"48090","Oecanthus pictus","PreservedSpecimen","MZUSP","Oecanthus pictus","R11","","paratype","Male","Adult","1","Neutzling A. S.; D.R.  Redü; G.L. Oliveira","2011-03-19T00:00:00","","","","","São Lourenço do Su","BR","-31.29429","-52.15077","","https://bio.acousti.ca/node/48090"
"48092","Oecanthus pictus","PreservedSpecimen","MZUSP","Oecanthus pictus","R09","","paratype","Male","Adult","1","Neutzling A. S.; D.R.  Redü; G.L. Oliveira","2011-03-19T00:00:00","","","","","São Lourenço do Su","BR","-31.29429","-52.15077","","https://bio.acousti.ca/node/48092"
"48094","Oecanthus pictus","PreservedSpecimen","MZUSP","Oecanthus pictus","R08","","paratype","Male","Adult","1","Neutzling A. S.; D.R.  Redü; G.L. Oliveira","2011-03-19T00:00:00","","","","","São Lourenço do Su","BR","-31.29429","-52.15077","","https://bio.acousti.ca/node/48094"
"48096","Oecanthus pictus","PreservedSpecimen","MZUSP","Oecanthus pictus","R07","","holotype","Male","Adult","1","Neutzling A. S.; D.R.  Redü; G.L. Oliveira","2011-03-19T00:00:00","","","","","São Lourenço do Su","BR","-31.29429","-52.15077","","https://bio.acousti.ca/node/48096"
"48098","Oecanthus pictus","PreservedSpecimen","MZUSP","Oecanthus pictus","R06","","paratype","Male","Adult","1","Neutzling A. S.; D.R.  Redü; G.L. Oliveira","2011-03-19T00:00:00","","","","","São Lourenço do Su","BR","-31.29429","-52.15077","","https://bio.acousti.ca/node/48098"
"48100","Oecanthus pictus","PreservedSpecimen","MZUSP","Oecanthus pictus","R05","","paratype","Male","Adult","1","Neutzling A. S.; D.R.  Redü; G.L. Oliveira","2011-03-19T00:00:00","","","","","São Lourenço do Su","BR","-31.29429","-52.15077","","https://bio.acousti.ca/node/48100"
"48102","Oecanthus pictus","PreservedSpecimen","MZUSP","Oecanthus pictus","R04","","paratype","Male","Adult","1","Neutzling A. S.; D.R.  Redü; G.L. Oliveira","2011-03-19T00:00:00","","","","","São Lourenço do Su","BR","-31.29429","-52.15077","","https://bio.acousti.ca/node/48102"
"48103","Oecanthus pictus","PreservedSpecimen","MZUSP","Oecanthus pictus","R01","","paratype","Male","Adult","1","Neutzling A. S.; D.R.  Redü; G.L. Oliveira","2011-03-19T00:00:00","","","","","São Lourenço do Su","BR","-31.29429","-52.15077","","https://bio.acousti.ca/node/48103"
"48106","Oecanthus pictus","PreservedSpecimen","MZUSP","Oecanthus pictus","GG14","","paratype","Male","Adult","1","Neutzling A. S.; D.R.  Redü; G.L. Oliveira","2011-03-20T00:00:00","","","","","São Lourenço do Su","BR","-31.29429","-52.15077","","https://bio.acousti.ca/node/48106"
"48108","Oecanthus pictus","PreservedSpecimen","MZUSP","Oecanthus pictus","GG12","","paratype","Male","Adult","1","Neutzling A. S.; D.R.  Redü; G.L. Oliveira","2011-03-20T00:00:00","","","","","São Lourenço do Su","BR","-31.29429","-52.15077","","https://bio.acousti.ca/node/48108"
"48110","Oecanthus pictus","PreservedSpecimen","MZUSP","Oecanthus pictus","GG11","","paratype","Male","Adult","1","Neutzling A. S.; D.R.  Redü; G.L. Oliveira","2011-03-20T00:00:00","","","","","São Lourenço do Su","BR","-31.29429","-52.15077","","https://bio.acousti.ca/node/48110"
"48112","Oecanthus pictus","PreservedSpecimen","MZUSP","Oecanthus pictus","GG10","","paratype","Male","Adult","1","Neutzling A. S.; D.R.  Redü; G.L. Oliveira","2011-03-20T00:00:00","","","","","São Lourenço do Su","BR","-31.29429","-52.15077","","https://bio.acousti.ca/node/48112"
"48114","Oecanthus pictus","PreservedSpecimen","MZUSP","Oecanthus pictus","GG09","","paratype","Male","Adult","1","Neutzling A. S.; D.R.  Redü; G.L. Oliveira","2011-03-20T00:00:00","","","","","São Lourenço do Su","BR","-31.29429","-52.15077","","https://bio.acousti.ca/node/48114"
"48116","Oecanthus pictus","PreservedSpecimen","MZUSP","Oecanthus pictus","GG07","","paratype","Male","Adult","1","Neutzling A. S.; D.R.  Redü; G.L. Oliveira","2011-03-20T00:00:00","","","","","São Lourenço do Su","BR","-31.29429","-52.15077","","https://bio.acousti.ca/node/48116"
"48118","Oecanthus pictus","PreservedSpecimen","MZUSP","Oecanthus pictus","GG06","","paratype","Male","Adult","1","Neutzling A. S.; D.R.  Redü; G.L. Oliveira","2011-03-20T00:00:00","","","","","São Lourenço do Su","BR","-31.29429","-52.15077","","https://bio.acousti.ca/node/48118"
"48120","Oecanthus pictus","PreservedSpecimen","MZUSP","Oecanthus pictus","GG05","","paratype","Male","Adult","1","Neutzling A. S.; D.R.  Redü; G.L. Oliveira","2011-03-20T00:00:00","","","","","São Lourenço do Su","BR","-31.29429","-52.15077","","https://bio.acousti.ca/node/48120"
"51449","Tettigoniidae","PreservedSpecimen","BioAcoustica","Warner","4","BioAcoustica-Warner-4","","Male","Adult","1","Hillery Bennett Warner","2017-08-13T00:00:00","","","","","","US","38.222279968938","-79.1768400371075","","https://bio.acousti.ca/node/51449"
"51451","Gryllidae","PreservedSpecimen","BioAcoustica","Warner","5","","","Male","Adult","1","Hillery Bennett Warner","2017-08-13T00:00:00","","","","","","US","38.222279968938","-79.1768400371075","","https://bio.acousti.ca/node/51451"
"51453","Gryllidae","LivingSpecimen","BioAcoustica","Warner","6","","","Male","Adult","1","Hillery Bennett Warner","2017-08-14T00:00:00","","","","","","US","38.222279968938","-79.1768400371075","","https://bio.acousti.ca/node/51453"
"51455","Tettigoniidae","PreservedSpecimen","BioAcoustica","Warner","7","BioAcoustica-Waner-7","","Male","Adult","1","Hillery Bennett Warner","2017-08-14T00:00:00","","","","","","US","38.222279968938","-79.1768400371075","","https://bio.acousti.ca/node/51455"
"51457","Tettigoniidae","PreservedSpecimen","BioAcoustica","Warner","8","BioAcoustica-Warner-8","","Male","Adult","1","Hillery Bennett Warner","2017-08-14T00:00:00","","","","","","US","38.2223821674495","-79.1766066849232","","https://bio.acousti.ca/node/51457"
"51461","Tettigoniidae","LivingSpecimen","BioAcoustica","Warner","10","","","Male","Adult","1","Hillery Bennett Warner","2017-08-18T00:00:00","","","","","","US","36.2","-75.759","","https://bio.acousti.ca/node/51461"
"52673","Teleogryllus","PreservedSpecimen","NHMUK","BMNH(E)","010212075","","","","","","","","","","","","","","","","","https://bio.acousti.ca/node/52673"
"52784","Aerotegmina vociferator","PreservedSpecimen","BioAcoustica","Hemp","1","","","Male","Adult","1","Claudia Hemp","2017-02-01T00:00:00","Claudia Hemp","","","","Nguru Mountains, forest above Turiani, canopy of closed forest","TZ","-6.1","37.6","","https://bio.acousti.ca/node/52784"
"52826","Turdus merula","LivingSpecimen","BioAcoustica","Baker","50","","","Male","Adult","1","Edward Baker","2018-04-20T00:00:00","Edward Baker","2018-04-20T00:00:00","","","Holgate","GB","53.9525438423227","-1.10745191574097","","https://bio.acousti.ca/node/52826"
"52874","Typhaeus typhoeus","PreservedSpecimen","BioAcoustica","Baker","TEMP","","","Female","Adult","1","Edward Baker","2018-05-30T00:00:00","Edward Baker","2018-05-30T00:00:00","","","","GB","","","","https://bio.acousti.ca/node/52874"
"52936","Lasius niger","LivingSpecimen","University of York","Electronics","1","","","Female","Queen","1","Edward Baker","2018-07-17T00:00:00","Edward Baker","2018-07-17T00:00:00","","","University of York","GB","53.9456115635752","-1.05453267241933","","https://bio.acousti.ca/node/52936"
"52952","Paraplangia sinespeculo","LivingSpecimen","Bioacoustica","Heller","14","","","Multiple","Adult","","","2014-01-01T00:00:00","","","","","","MG","-18.95","48.21667","","https://bio.acousti.ca/node/52952"
"52955","Myopsalta albiventris","PreservedSpecimen","Bioacoustica","Ewart","1","","","","","","A Ewart","","","","","","","AU","-25.07","148.25","","https://bio.acousti.ca/node/52955"
"52957","Myopsalta albiventris","PreservedSpecimen","Bioacoustica","Popple","285-0010","","","","","","Lindsay Popple","","","","","","","AU","-28.02","152.65","","https://bio.acousti.ca/node/52957"
"52959","Myopsalta albiventris","PreservedSpecimen","Bioacoustica","Popple","285-0009","","","","","","Lindsay Popple","","","","","","","AU","-25.87","148.25","","https://bio.acousti.ca/node/52959"
"52961","Myopsalta albiventris","PreservedSpecimen","Bioacoustica","Ewart","2","","","","","","A Ewart","","","","","","","AU","-25.22","148.98","","https://bio.acousti.ca/node/52961"
"52963","Myopsalta bassiana","LivingSpecimen","Bioacoustica","Popple","1","","","","","","Lindsay Popple","","","","","","","AU","-35.27","149.12","","https://bio.acousti.ca/node/52963"
"52965","Myopsalta bassiana","PreservedSpecimen","Bioacoustica","Popple","286-0012","","","","","","Lindsay Popple","","","","","","","AU","-32.88","149.93","","https://bio.acousti.ca/node/52965"
"52967","Myopsalta crucifera","LivingSpecimen","Bioacoustica","Popple","2","","","","","","Lindsay Popple","","","","","","","AU","-26.88","152.22","","https://bio.acousti.ca/node/52967"
"52969","Myopsalta crucifera","LivingSpecimen","Bioacoustica","Popple","3","","","","","","Lindsay Popple","","","","","","","AU","-23.62","148.22","","https://bio.acousti.ca/node/52969"
"52971","Myopsalta crucifera","PreservedSpecimen","Bioacoustica","Popple","284-0025","","","","","","Lindsay Popple","","","","","","","AU","-17.38","145.35","","https://bio.acousti.ca/node/52971"
"52973","Myopsalta crucifera","PreservedSpecimen","QM","Entomology","T236564","","","Male","Adult","","Lindsay Popple","","","","","","","AU","-15.5","144.83","","https://bio.acousti.ca/node/52973"
"52975","Myopsalta crucifera","PreservedSpecimen","Bioacoustica","Popple","284-0013","","","Male","Adult","1","Lindsay Popple","","","","","","","AU","-27.82","152.73","","https://bio.acousti.ca/node/52975"
"52977","Myopsalta crucifera","LivingSpecimen","Bioacoustica","Popple","4","","","Male","Adult","1","Lindsay Popple","","","","","","","AU","-25.06","152.55","","https://bio.acousti.ca/node/52977"
"52979","Myopsalta gordoni","LivingSpecimen","Bioacoustica","Popple","5","","","Male","Adult","1","Lindsay Popple","","","","","","","AU","-27.2","149.65","","https://bio.acousti.ca/node/52979"
"53072","Microcebus murinus","LivingSpecimen","Bioacoustica","Kessler et al, 2014","28-09","F37","","Female","","","","","","","","","","","","","","https://bio.acousti.ca/node/53072"
"53075","Microcebus murinus","LivingSpecimen","Bioacoustica","Kessler et al, 2014","06-09","F39","","Female","","","","","","","","","","","","","","https://bio.acousti.ca/node/53075"
"53079","Microcebus murinus","LivingSpecimen","Bioacoustica","Kessler et al, 2014","46-11","F39","","Female","","","","","","","","","","","","","","https://bio.acousti.ca/node/53079"
"53119","Myopsalta leona","LivingSpecimen","Bioacoustica","Popple","6","","","Male","Adult","1","Lindsay Popple","","Lindsay Popple","","","","","AU","-25.53","151.43","","https://bio.acousti.ca/node/53119"
"53122","Myopsalta leona","LivingSpecimen","Bioacoustica","Popple","7","","","Male","Adult","1","Lindsay Popple","","Lindsay Popple","","","","","AU","-33.85","148.08","","https://bio.acousti.ca/node/53122"
"53158","Myopsalta leona","LivingSpecimen","Bioacoustica","Ewart","3","","","Male","Adult","1","A Ewart","","","","","","","AU","-23.17","138.23","","https://bio.acousti.ca/node/53158"
"53160","Myopsalta leona","PreservedSpecimen","Bioacoustica","Popple","282-0020","","","Male","Adult","1","Lindsay Popple","","","","","","","AU","-25.37","151.13","","https://bio.acousti.ca/node/53160"
"53162","Myopsalta leona","LivingSpecimen","Bioacoustica","Popple","8","","","Male","Adult","1","Lindsay Popple","","","","","","","AU","-28.08","150.73","","https://bio.acousti.ca/node/53162"
"53164","Myopsalta leona","PreservedSpecimen","Bioacoustica","Popple","282-0002","","","Male","Adult","1","Lindsay Popple","","","","","","","AU","-28.18","152.05","","https://bio.acousti.ca/node/53164"
"53166","Myopsalta leona","PreservedSpecimen","Bioacoustica","Popple","9","","","Male","Adult","1","Lindsay Popple","","","","","","","","","","","https://bio.acousti.ca/node/53166"
"53168","Myopsalta longicauda","LivingSpecimen","Bioacoustica","Popple","10","","","Male","Adult","1","Lindsay Popple","","","","","","","AU","-27.41","152","","https://bio.acousti.ca/node/53168"
"53169","Myopsalta longicauda","LivingSpecimen","Bioacoustica","Popple","11","","","Male","Adult","1","Lindsay Popple","","","","","","","AU","-27.2","149.65","","https://bio.acousti.ca/node/53169"
"53171","Myopsalta longicauda","LivingSpecimen","Bioacoustica","Popple","12","","","Male","Adult","1","Lindsay Popple","","","","","","","AU","-26.51","150.21","","https://bio.acousti.ca/node/53171"
"53173","Myopsalta longicauda","LivingSpecimen","Bioacoustica","Popple","13","","","Male","Adult","1","Lindsay Popple","","","","","","","AU","-34.49","147.99","","https://bio.acousti.ca/node/53173"
"53175","Myopsalta mackinlayi","PreservedSpecimen","QM","Entomology","ToCheck1","","","Male","Adult","1","A Ewart","","","","","","","AU","-27.07","151.5","","https://bio.acousti.ca/node/53175"
"53177","Myopsalta mackinlayi","PreservedSpecimen","QM","Entomology","ToCheck2","","","Male","Adult","1","A Ewart","","","","","","","AU","-23.2","149.01","","https://bio.acousti.ca/node/53177"
"53179","Myopsalta mackinlayi","PreservedSpecimen","QM","Entomology","ToCheck3","","","Male","Adult","1","A Ewart","","","","","","","AU","-24.8","149.76","","https://bio.acousti.ca/node/53179"
"53181","Myopsalta mackinlayi","LivingSpecimen","Bioacoustica","Popple","14","","","Male","Adult","1","Lindsay Popple","","","","","","","AU","-25.28","151.14","","https://bio.acousti.ca/node/53181"
"53183","Myopsalta mackinlayi","LivingSpecimen","Bioacoustica","Popple","15","","","Male","Adult","1","Lindsay Popple","","","","","","","AU","-32.9","49.94","","https://bio.acousti.ca/node/53183"
"53185","Myopsalta mackinlayi","LivingSpecimen","Bioacoustica","Popple","16","","","Male","Adult","1","Lindsay Popple","","","","","","","AU","-31.99","148.53","","https://bio.acousti.ca/node/53185"
"53187","Myopsalta mackinlayi","LivingSpecimen","Bioacoustica","Popple","17","","","Male","Adult","1","Lindsay Popple","","","","","","","AU","-28.83","151.94","","https://bio.acousti.ca/node/53187"
"53189","Myopsalta majurae","PreservedSpecimen","CSIRO","ANIC","20-014381","","","Male","Adult","1","Lindsay Popple","","","","","","","AU","-35.24","149.18","","https://bio.acousti.ca/node/53189"
"53191","Myopsalta melanobasis","PreservedSpecimen","QM","Entomology","T239569","","","Male","Adult","1","A Ewart","","","","","","","AU","-26.64","149.83","","https://bio.acousti.ca/node/53191"
"53193","Myopsalta melanobasis","LivingSpecimen","Bioacoustica","Popple","18","","","Male","Adult","1","Lindsay Popple","","","","","","","AU","-25.78","149.87","","https://bio.acousti.ca/node/53193"
"53195","Myopsalta melanobasis","LivingSpecimen","Bioacoustica","Ewart","4","","","Male","Adult","1","A Ewart","","","","","","","AU","-27","150.8","","https://bio.acousti.ca/node/53195"
"53197","Myopsalta melanobasis","LivingSpecimen","Bioacoustica","Popple","19","","","Male","Adult","1","Lindsay Popple","","","","","","","AU","-27.08","151.63","","https://bio.acousti.ca/node/53197"
"53199","Myopsalta melanobasis","PreservedSpecimen","Bioacoustica","Popple","283-0001","","","Male","Adult","1","Lindsay Popple","","","","","","","AU","-27.81","150.09","","https://bio.acousti.ca/node/53199"
"53200","Myopsalta platyptera","PreservedSpecimen","QM","Entomology","T242315","","","Male","Adult","1","A Ewart","","","","","","","AU","-24.8","149.76","","https://bio.acousti.ca/node/53200"
"53201","Myopsalta parvula","LivingSpecimen","Bioacoustica","Popple","20","","","Male","Adult","1","Lindsay Popple","","","","","","","AU","-35.27","149.12","","https://bio.acousti.ca/node/53201"
"53203","Myopsalta riverina","LivingSpecimen","Bioacoustica","Popple","21","","","Male","Adult","1","Lindsay Popple","","","","","","","AU","-33.92","45.94","","https://bio.acousti.ca/node/53203"
"53205","Myopsalta septa","LivingSpecimen","Bioacoustica","Popple","22","","","Male","Adult","1","Lindsay Popple","","","","","","","AU","-27.58","151.88","","https://bio.acousti.ca/node/53205"
"53207","Myopsalta septa","PreservedSpecimen","Bioacoustica","Popple","288-0006","","","Male","Adult","1","Lindsay Popple","","","","","","","AU","-28.22","151.92","","https://bio.acousti.ca/node/53207"
"53209","Myopsalta septa","PreservedSpecimen","Bioacoustica","Popple","288-0001","","","Male","Adult","1","Lindsay Popple","","","","","","","AU","-28.28","152.25","","https://bio.acousti.ca/node/53209"
"53211","Myopsalta umbra","PreservedSpecimen","QM","Entomology","T242326","","","Male","Adult","1","A Ewart","","","","","","","AU","-24.9","151.08","","https://bio.acousti.ca/node/53211"
"53213","Myopsalta umbra","LivingSpecimen","Bioacoustica","Popple","23","","","Male","Adult","1","Lindsay Popple","","","","","","","AU","-28","152.62","","https://bio.acousti.ca/node/53213"
"53215","Myopsalta umbra","LivingSpecimen","Bioacoustica","Popple","24","","","Male","Adult","1","Lindsay Popple","","","","","","","AU","-26.82","151.95","","https://bio.acousti.ca/node/53215"
"53217","Myopsalta xerograsidia","PreservedSpecimen","QM","Entomology","T242441","","","Male","Adult","1","A Ewart","","","","","","","AU","-23.7","133.8","","https://bio.acousti.ca/node/53217"
"53218","Myopsalta xerograsidia","LivingSpecimen","Bioacoustica","Ewart","5","","","Male","Adult","1","A Ewart","","","","","","","AU","-23.17","138.23","","https://bio.acousti.ca/node/53218"
"53220","Myopsalta xerograsidia","PreservedSpecimen","Bioacoustica","Popple","291-0004","","","Male","Adult","1","Lindsay Popple","","","","","","","AU","-17.35","145.42","","https://bio.acousti.ca/node/53220"
"53222","Myopsalta xerograsidia","PreservedSpecimen","QM","Entomology","ToCheck4","","","Male","Adult","1","Lindsay Popple","","","","","","","AU","-15.58","144.45","","https://bio.acousti.ca/node/53222"
"53224","Myopsalta xerograsidia","PreservedSpecimen","QM","Entomology","ToCheck5","","","Male","Adult","1","A Ewart","","","","","","","AU","-18.62","137.98","","https://bio.acousti.ca/node/53224"
"53226","Myopsalta xerograsidia","PreservedSpecimen","Bioacoustica","Popple","291-0001","","","Male","Adult","1","Lindsay Popple","","","","","","","AU","-27.15","149.07","","https://bio.acousti.ca/node/53226"
"53596","Gryllotalpa","LivingSpecimen","BioAcoustica","Baker","Morocco1","","","Male","Adult","","Edward Baker","2019-03-25T00:00:00","Edward Baker","2019-03-25T00:00:00","","","Flowerbed by beach walkway.","MA","30.3974","-9.6","","https://bio.acousti.ca/node/53596"
